season,round,race_name,date,driver_id,driver_code,driver_name,constructor_id,constructor,number,grid,position,points,laps,status,fastest_lap_rank,fastest_lap_speed,fastest_lap_time
2010,1,Bahrain Grand Prix,2010-03-14,alonso,ALO,Fernando Alonso,ferrari,Ferrari,8,3,1,25.0,49,Finished,1.0,191.706,
2010,1,Bahrain Grand Prix,2010-03-14,massa,MAS,Felipe Massa,ferrari,Ferrari,7,2,2,18.0,49,Finished,5.0,189.392,
2010,1,Bahrain Grand Prix,2010-03-14,hamilton,HAM,Lewis Hamilton,mclaren,McLaren,2,4,3,15.0,49,Finished,4.0,189.665,
2010,1,Bahrain Grand Prix,2010-03-14,vettel,VET,Sebastian Vettel,red_bull,Red Bull,5,1,4,12.0,49,Finished,12.0,188.627,
2010,1,Bahrain Grand Prix,2010-03-14,rosberg,ROS,Nico Rosberg,mercedes,Mercedes,4,5,5,10.0,49,Finished,13.0,188.599,
2010,1,Bahrain Grand Prix,2010-03-14,michael_schumacher,MSC,Michael Schumacher,mercedes,Mercedes,3,7,6,8.0,49,Finished,11.0,188.649,
2010,1,Bahrain Grand Prix,2010-03-14,button,BUT,Jenson Button,mclaren,McLaren,1,8,7,6.0,49,Finished,9.0,189.017,
2010,1,Bahrain Grand Prix,2010-03-14,webber,WEB,Mark Webber,red_bull,Red Bull,6,6,8,4.0,49,Finished,3.0,189.781,
2010,1,Bahrain Grand Prix,2010-03-14,liuzzi,LIU,Vitantonio Liuzzi,force_india,Force India,15,12,9,2.0,49,Finished,7.0,189.118,
2010,1,Bahrain Grand Prix,2010-03-14,barrichello,BAR,Rubens Barrichello,williams,Williams,9,11,10,1.0,49,Finished,6.0,189.233,
2010,1,Bahrain Grand Prix,2010-03-14,kubica,KUB,Robert Kubica,renault,Renault,11,9,11,0.0,49,Finished,14.0,188.226,
2010,1,Bahrain Grand Prix,2010-03-14,sutil,SUT,Adrian Sutil,force_india,Force India,14,10,12,0.0,49,Finished,2.0,189.93,
2010,1,Bahrain Grand Prix,2010-03-14,alguersuari,ALG,Jaime Alguersuari,toro_rosso,Toro Rosso,17,18,13,0.0,49,Finished,8.0,189.026,
2010,1,Bahrain Grand Prix,2010-03-14,hulkenberg,HUL,Nico Hülkenberg,williams,Williams,10,13,14,0.0,48,+1 Lap,15.0,186.789,
2010,1,Bahrain Grand Prix,2010-03-14,kovalainen,KOV,Heikki Kovalainen,lotus_racing,Lotus,19,21,15,0.0,47,+2 Laps,17.0,184.81,
2010,1,Bahrain Grand Prix,2010-03-14,buemi,BUE,Sébastien Buemi,toro_rosso,Toro Rosso,16,15,16,0.0,46,Electrical,10.0,188.844,
2010,1,Bahrain Grand Prix,2010-03-14,trulli,TRU,Jarno Trulli,lotus_racing,Lotus,18,20,17,0.0,46,Hydraulics,18.0,184.465,
2010,1,Bahrain Grand Prix,2010-03-14,rosa,DLR,Pedro de la Rosa,sauber,Sauber,22,14,18,0.0,28,Hydraulics,16.0,186.406,
2010,1,Bahrain Grand Prix,2010-03-14,bruno_senna,SEN,Bruno Senna,hrt,HRT,21,23,19,0.0,17,Overheating,22.0,175.613,
2010,1,Bahrain Grand Prix,2010-03-14,glock,GLO,Timo Glock,virgin,Virgin,24,19,20,0.0,16,Gearbox,21.0,178.467,
2010,1,Bahrain Grand Prix,2010-03-14,petrov,PET,Vitaly Petrov,renault,Renault,12,17,21,0.0,13,Suspension,19.0,182.422,
2010,1,Bahrain Grand Prix,2010-03-14,kobayashi,KOB,Kamui Kobayashi,sauber,Sauber,23,16,22,0.0,11,Hydraulics,20.0,181.347,
2010,1,Bahrain Grand Prix,2010-03-14,grassi,DIG,Lucas di Grassi,virgin,Virgin,25,22,23,0.0,2,Hydraulics,23.0,175.295,
2010,1,Bahrain Grand Prix,2010-03-14,chandhok,CHA,Karun Chandhok,hrt,HRT,20,24,24,0.0,1,Accident,,,
2010,2,Australian Grand Prix,2010-03-28,button,BUT,Jenson Button,mclaren,McLaren,1,4,1,25.0,58,Finished,6.0,213.804,
2010,2,Australian Grand Prix,2010-03-28,kubica,KUB,Robert Kubica,renault,Renault,11,9,2,18.0,58,Finished,8.0,213.138,
2010,2,Australian Grand Prix,2010-03-28,massa,MAS,Felipe Massa,ferrari,Ferrari,7,5,3,15.0,58,Finished,7.0,213.216,
2010,2,Australian Grand Prix,2010-03-28,alonso,ALO,Fernando Alonso,ferrari,Ferrari,8,3,4,12.0,58,Finished,10.0,212.812,
2010,2,Australian Grand Prix,2010-03-28,rosberg,ROS,Nico Rosberg,mercedes,Mercedes,4,6,5,10.0,58,Finished,2.0,215.742,
2010,2,Australian Grand Prix,2010-03-28,hamilton,HAM,Lewis Hamilton,mclaren,McLaren,2,11,6,8.0,58,Finished,3.0,215.7,
2010,2,Australian Grand Prix,2010-03-28,liuzzi,LIU,Vitantonio Liuzzi,force_india,Force India,15,13,7,6.0,58,Finished,9.0,212.865,
2010,2,Australian Grand Prix,2010-03-28,barrichello,BAR,Rubens Barrichello,williams,Williams,9,8,8,4.0,58,Finished,5.0,213.998,
2010,2,Australian Grand Prix,2010-03-28,webber,WEB,Mark Webber,red_bull,Red Bull,6,2,9,2.0,58,Finished,1.0,216.061,
2010,2,Australian Grand Prix,2010-03-28,michael_schumacher,MSC,Michael Schumacher,mercedes,Mercedes,3,7,10,1.0,58,Finished,4.0,214.058,
2010,2,Australian Grand Prix,2010-03-28,alguersuari,ALG,Jaime Alguersuari,toro_rosso,Toro Rosso,17,17,11,0.0,58,Finished,11.0,212.798,
2010,2,Australian Grand Prix,2010-03-28,rosa,DLR,Pedro de la Rosa,sauber,Sauber,22,14,12,0.0,58,Finished,12.0,210.745,
2010,2,Australian Grand Prix,2010-03-28,kovalainen,KOV,Heikki Kovalainen,lotus_racing,Lotus,19,19,13,0.0,56,+2 Laps,14.0,203.878,
2010,2,Australian Grand Prix,2010-03-28,chandhok,CHA,Karun Chandhok,hrt,HRT,20,22,14,0.0,53,+5 Laps,16.0,200.86,
2010,2,Australian Grand Prix,2010-03-28,glock,GLO,Timo Glock,virgin,Virgin,24,23,15,0.0,41,Suspension,15.0,202.597,
2010,2,Australian Grand Prix,2010-03-28,grassi,DIG,Lucas di Grassi,virgin,Virgin,25,24,16,0.0,26,Hydraulics,17.0,197.613,
2010,2,Australian Grand Prix,2010-03-28,vettel,VET,Sebastian Vettel,red_bull,Red Bull,5,1,17,0.0,25,Wheel,13.0,208.515,
2010,2,Australian Grand Prix,2010-03-28,sutil,SUT,Adrian Sutil,force_india,Force India,14,10,18,0.0,9,Engine,19.0,184.947,
2010,2,Australian Grand Prix,2010-03-28,petrov,PET,Vitaly Petrov,renault,Renault,12,18,19,0.0,9,Spun off,18.0,185.11,
2010,2,Australian Grand Prix,2010-03-28,bruno_senna,SEN,Bruno Senna,hrt,HRT,21,21,20,0.0,4,Hydraulics,20.0,129.626,
2010,2,Australian Grand Prix,2010-03-28,buemi,BUE,Sébastien Buemi,toro_rosso,Toro Rosso,16,12,21,0.0,0,Collision,,,
2010,2,Australian Grand Prix,2010-03-28,hulkenberg,HUL,Nico Hülkenberg,williams,Williams,10,15,22,0.0,0,Collision,,,
2010,2,Australian Grand Prix,2010-03-28,kobayashi,KOB,Kamui Kobayashi,sauber,Sauber,23,16,23,0.0,0,Collision,,,
2010,2,Australian Grand Prix,2010-03-28,trulli,TRU,Jarno Trulli,lotus_racing,Lotus,18,20,24,0.0,0,Hydraulics,,,
2010,3,Malaysian Grand Prix,2010-04-04,vettel,VET,Sebastian Vettel,red_bull,Red Bull,5,3,1,25.0,56,Finished,6.0,204.009,
2010,3,Malaysian Grand Prix,2010-04-04,webber,WEB,Mark Webber,red_bull,Red Bull,6,1,2,18.0,56,Finished,1.0,205.605,
2010,3,Malaysian Grand Prix,2010-04-04,rosberg,ROS,Nico Rosberg,mercedes,Mercedes,4,2,3,15.0,56,Finished,8.0,203.352,
2010,3,Malaysian Grand Prix,2010-04-04,kubica,KUB,Robert Kubica,renault,Renault,11,6,4,12.0,56,Finished,7.0,203.466,
2010,3,Malaysian Grand Prix,2010-04-04,sutil,SUT,Adrian Sutil,force_india,Force India,14,4,5,10.0,56,Finished,9.0,203.288,
2010,3,Malaysian Grand Prix,2010-04-04,hamilton,HAM,Lewis Hamilton,mclaren,McLaren,2,20,6,8.0,56,Finished,4.0,204.151,
2010,3,Malaysian Grand Prix,2010-04-04,massa,MAS,Felipe Massa,ferrari,Ferrari,7,21,7,6.0,56,Finished,5.0,204.07,
2010,3,Malaysian Grand Prix,2010-04-04,button,BUT,Jenson Button,mclaren,McLaren,1,17,8,4.0,56,Finished,10.0,202.584,
2010,3,Malaysian Grand Prix,2010-04-04,alguersuari,ALG,Jaime Alguersuari,toro_rosso,Toro Rosso,17,14,9,2.0,56,Finished,13.0,200.572,
2010,3,Malaysian Grand Prix,2010-04-04,hulkenberg,HUL,Nico Hülkenberg,williams,Williams,10,5,10,1.0,56,Finished,11.0,201.311,
2010,3,Malaysian Grand Prix,2010-04-04,buemi,BUE,Sébastien Buemi,toro_rosso,Toro Rosso,16,13,11,0.0,56,Finished,3.0,204.433,
2010,3,Malaysian Grand Prix,2010-04-04,barrichello,BAR,Rubens Barrichello,williams,Williams,9,7,12,0.0,55,+1 Lap,12.0,200.695,
2010,3,Malaysian Grand Prix,2010-04-04,alonso,ALO,Fernando Alonso,ferrari,Ferrari,8,19,13,0.0,54,Engine,2.0,205.23,
2010,3,Malaysian Grand Prix,2010-04-04,grassi,DIG,Lucas di Grassi,virgin,Virgin,25,24,14,0.0,53,+3 Laps,18.0,193.315,
2010,3,Malaysian Grand Prix,2010-04-04,chandhok,CHA,Karun Chandhok,hrt,HRT,20,22,15,0.0,53,+3 Laps,21.0,190.426,
2010,3,Malaysian Grand Prix,2010-04-04,bruno_senna,SEN,Bruno Senna,hrt,HRT,21,23,16,0.0,52,+4 Laps,22.0,189.443,
2010,3,Malaysian Grand Prix,2010-04-04,trulli,TRU,Jarno Trulli,lotus_racing,Lotus,18,18,17,0.0,51,+5 Laps,20.0,192.329,
2010,3,Malaysian Grand Prix,2010-04-04,kovalainen,KOV,Heikki Kovalainen,lotus_racing,Lotus,19,15,18,0.0,46,+10 Laps,17.0,194.299,
2010,3,Malaysian Grand Prix,2010-04-04,petrov,PET,Vitaly Petrov,renault,Renault,12,11,19,0.0,32,Gearbox,14.0,198.174,
2010,3,Malaysian Grand Prix,2010-04-04,liuzzi,LIU,Vitantonio Liuzzi,force_india,Force India,15,10,20,0.0,12,Throttle,16.0,194.502,
2010,3,Malaysian Grand Prix,2010-04-04,michael_schumacher,MSC,Michael Schumacher,mercedes,Mercedes,3,8,21,0.0,9,Wheel,15.0,195.474,
2010,3,Malaysian Grand Prix,2010-04-04,kobayashi,KOB,Kamui Kobayashi,sauber,Sauber,23,9,22,0.0,8,Engine,19.0,193.098,
2010,3,Malaysian Grand Prix,2010-04-04,glock,GLO,Timo Glock,virgin,Virgin,24,16,23,0.0,2,Spun off,23.0,187.566,
2010,3,Malaysian Grand Prix,2010-04-04,rosa,DLR,Pedro de la Rosa,sauber,Sauber,22,12,24,0.0,0,Engine,,,
2010,4,Chinese Grand Prix,2010-04-18,button,BUT,Jenson Button,mclaren,McLaren,1,5,1,25.0,56,Finished,4.0,190.731,
2010,4,Chinese Grand Prix,2010-04-18,hamilton,HAM,Lewis Hamilton,mclaren,McLaren,2,6,2,18.0,56,Finished,1.0,192.273,
2010,4,Chinese Grand Prix,2010-04-18,rosberg,ROS,Nico Rosberg,mercedes,Mercedes,4,4,3,15.0,56,Finished,5.0,190.068,
2010,4,Chinese Grand Prix,2010-04-18,alonso,ALO,Fernando Alonso,ferrari,Ferrari,8,3,4,12.0,56,Finished,9.0,188.445,
2010,4,Chinese Grand Prix,2010-04-18,kubica,KUB,Robert Kubica,renault,Renault,11,8,5,10.0,56,Finished,6.0,189.362,
2010,4,Chinese Grand Prix,2010-04-18,vettel,VET,Sebastian Vettel,red_bull,Red Bull,5,1,6,8.0,56,Finished,2.0,191.715,
2010,4,Chinese Grand Prix,2010-04-18,petrov,PET,Vitaly Petrov,renault,Renault,12,14,7,6.0,56,Finished,8.0,189.05,
2010,4,Chinese Grand Prix,2010-04-18,webber,WEB,Mark Webber,red_bull,Red Bull,6,2,8,4.0,56,Finished,3.0,191.246,
2010,4,Chinese Grand Prix,2010-04-18,massa,MAS,Felipe Massa,ferrari,Ferrari,7,7,9,2.0,56,Finished,13.0,187.616,
2010,4,Chinese Grand Prix,2010-04-18,michael_schumacher,MSC,Michael Schumacher,mercedes,Mercedes,3,9,10,1.0,56,Finished,10.0,188.149,
2010,4,Chinese Grand Prix,2010-04-18,sutil,SUT,Adrian Sutil,force_india,Force India,14,10,11,0.0,56,Finished,11.0,188.03,
2010,4,Chinese Grand Prix,2010-04-18,barrichello,BAR,Rubens Barrichello,williams,Williams,9,11,12,0.0,56,Finished,14.0,185.901,
2010,4,Chinese Grand Prix,2010-04-18,alguersuari,ALG,Jaime Alguersuari,toro_rosso,Toro Rosso,17,12,13,0.0,56,Finished,7.0,189.134,
2010,4,Chinese Grand Prix,2010-04-18,kovalainen,KOV,Heikki Kovalainen,lotus_racing,Lotus,19,21,14,0.0,55,+1 Lap,15.0,183.156,
2010,4,Chinese Grand Prix,2010-04-18,hulkenberg,HUL,Nico Hülkenberg,williams,Williams,10,16,15,0.0,55,+1 Lap,12.0,187.697,
2010,4,Chinese Grand Prix,2010-04-18,bruno_senna,SEN,Bruno Senna,hrt,HRT,21,23,16,0.0,54,+2 Laps,17.0,181.337,
2010,4,Chinese Grand Prix,2010-04-18,chandhok,CHA,Karun Chandhok,hrt,HRT,20,24,17,0.0,52,+4 Laps,18.0,180.383,
2010,4,Chinese Grand Prix,2010-04-18,trulli,TRU,Jarno Trulli,lotus_racing,Lotus,18,20,18,0.0,26,Hydraulics,19.0,178.925,
2010,4,Chinese Grand Prix,2010-04-18,grassi,DIG,Lucas di Grassi,virgin,Virgin,25,22,19,0.0,8,Clutch,20.0,173.376,
2010,4,Chinese Grand Prix,2010-04-18,rosa,DLR,Pedro de la Rosa,sauber,Sauber,22,17,20,0.0,7,Technical,16.0,182.14,
2010,4,Chinese Grand Prix,2010-04-18,buemi,BUE,Sébastien Buemi,toro_rosso,Toro Rosso,16,13,21,0.0,0,Accident,,,
2010,4,Chinese Grand Prix,2010-04-18,kobayashi,KOB,Kamui Kobayashi,sauber,Sauber,23,15,22,0.0,0,Accident,,,
2010,4,Chinese Grand Prix,2010-04-18,liuzzi,LIU,Vitantonio Liuzzi,force_india,Force India,15,18,23,0.0,0,Accident,,,
2010,4,Chinese Grand Prix,2010-04-18,glock,GLO,Timo Glock,virgin,Virgin,24,19,24,0.0,0,Engine,,,
2010,5,Spanish Grand Prix,2010-05-09,webber,WEB,Mark Webber,red_bull,Red Bull,6,1,1,25.0,66,Finished,2.0,197.552,
2010,5,Spanish Grand Prix,2010-05-09,alonso,ALO,Fernando Alonso,ferrari,Ferrari,8,4,2,18.0,66,Finished,3.0,197.51,
2010,5,Spanish Grand Prix,2010-05-09,vettel,VET,Sebastian Vettel,red_bull,Red Bull,5,2,3,15.0,66,Finished,5.0,196.745,
2010,5,Spanish Grand Prix,2010-05-09,michael_schumacher,MSC,Michael Schumacher,mercedes,Mercedes,3,6,4,12.0,66,Finished,10.0,195.933,
2010,5,Spanish Grand Prix,2010-05-09,button,BUT,Jenson Button,mclaren,McLaren,1,5,5,10.0,66,Finished,4.0,196.768,
2010,5,Spanish Grand Prix,2010-05-09,massa,MAS,Felipe Massa,ferrari,Ferrari,7,9,6,8.0,66,Finished,9.0,196.006,
2010,5,Spanish Grand Prix,2010-05-09,sutil,SUT,Adrian Sutil,force_india,Force India,14,11,7,6.0,66,Finished,13.0,195.212,
2010,5,Spanish Grand Prix,2010-05-09,kubica,KUB,Robert Kubica,renault,Renault,11,7,8,4.0,66,Finished,7.0,196.077,
2010,5,Spanish Grand Prix,2010-05-09,barrichello,BAR,Rubens Barrichello,williams,Williams,9,17,9,2.0,65,+1 Lap,12.0,195.478,
2010,5,Spanish Grand Prix,2010-05-09,alguersuari,ALG,Jaime Alguersuari,toro_rosso,Toro Rosso,17,15,10,1.0,65,+1 Lap,11.0,195.645,
2010,5,Spanish Grand Prix,2010-05-09,petrov,PET,Vitaly Petrov,renault,Renault,12,19,11,0.0,65,+1 Lap,8.0,196.068,
2010,5,Spanish Grand Prix,2010-05-09,kobayashi,KOB,Kamui Kobayashi,sauber,Sauber,23,10,12,0.0,65,+1 Lap,15.0,194.672,
2010,5,Spanish Grand Prix,2010-05-09,rosberg,ROS,Nico Rosberg,mercedes,Mercedes,4,8,13,0.0,65,+1 Lap,6.0,196.103,
2010,5,Spanish Grand Prix,2010-05-09,hamilton,HAM,Lewis Hamilton,mclaren,McLaren,2,3,14,0.0,64,Puncture,1.0,198.655,
2010,5,Spanish Grand Prix,2010-05-09,liuzzi,LIU,Vitantonio Liuzzi,force_india,Force India,15,16,15,0.0,64,Engine,14.0,195.032,
2010,5,Spanish Grand Prix,2010-05-09,hulkenberg,HUL,Nico Hülkenberg,williams,Williams,10,13,16,0.0,64,+2 Laps,17.0,192.924,
2010,5,Spanish Grand Prix,2010-05-09,trulli,TRU,Jarno Trulli,lotus_racing,Lotus,18,18,17,0.0,63,+3 Laps,18.0,187.106,
2010,5,Spanish Grand Prix,2010-05-09,glock,GLO,Timo Glock,virgin,Virgin,24,22,18,0.0,63,+3 Laps,19.0,186.664,
2010,5,Spanish Grand Prix,2010-05-09,grassi,DIG,Lucas di Grassi,virgin,Virgin,25,23,19,0.0,62,+4 Laps,20.0,186.398,
2010,5,Spanish Grand Prix,2010-05-09,buemi,BUE,Sébastien Buemi,toro_rosso,Toro Rosso,16,14,20,0.0,42,Hydraulics,16.0,193.233,
2010,5,Spanish Grand Prix,2010-05-09,chandhok,CHA,Karun Chandhok,hrt,HRT,20,24,21,0.0,27,Suspension,22.0,182.071,
2010,5,Spanish Grand Prix,2010-05-09,rosa,DLR,Pedro de la Rosa,sauber,Sauber,22,12,22,0.0,18,Collision,21.0,185.353,
2010,5,Spanish Grand Prix,2010-05-09,bruno_senna,SEN,Bruno Senna,hrt,HRT,21,21,23,0.0,0,Accident,,,
2010,5,Spanish Grand Prix,2010-05-09,kovalainen,KOV,Heikki Kovalainen,lotus_racing,Lotus,19,20,24,0.0,0,Gearbox,,,
2010,6,Monaco Grand Prix,2010-05-16,webber,WEB,Mark Webber,red_bull,Red Bull,6,1,1,25.0,78,Finished,2.0,159.643,
2010,6,Monaco Grand Prix,2010-05-16,vettel,VET,Sebastian Vettel,red_bull,Red Bull,5,3,2,18.0,78,Finished,1.0,159.91,
2010,6,Monaco Grand Prix,2010-05-16,kubica,KUB,Robert Kubica,renault,Renault,11,2,3,15.0,78,Finished,3.0,159.568,
2010,6,Monaco Grand Prix,2010-05-16,massa,MAS,Felipe Massa,ferrari,Ferrari,7,4,4,12.0,78,Finished,4.0,159.251,
2010,6,Monaco Grand Prix,2010-05-16,hamilton,HAM,Lewis Hamilton,mclaren,McLaren,2,5,5,10.0,78,Finished,10.0,157.755,
2010,6,Monaco Grand Prix,2010-05-16,alonso,ALO,Fernando Alonso,ferrari,Ferrari,8,24,6,8.0,78,Finished,6.0,158.408,
2010,6,Monaco Grand Prix,2010-05-16,rosberg,ROS,Nico Rosberg,mercedes,Mercedes,4,6,7,6.0,78,Finished,7.0,158.295,
2010,6,Monaco Grand Prix,2010-05-16,sutil,SUT,Adrian Sutil,force_india,Force India,14,12,8,4.0,78,Finished,8.0,158.287,
2010,6,Monaco Grand Prix,2010-05-16,liuzzi,LIU,Vitantonio Liuzzi,force_india,Force India,15,10,9,2.0,78,Finished,9.0,157.915,
2010,6,Monaco Grand Prix,2010-05-16,buemi,BUE,Sébastien Buemi,toro_rosso,Toro Rosso,16,13,10,1.0,78,Finished,13.0,157.19,
2010,6,Monaco Grand Prix,2010-05-16,alguersuari,ALG,Jaime Alguersuari,toro_rosso,Toro Rosso,17,17,11,0.0,78,Finished,11.0,157.421,
2010,6,Monaco Grand Prix,2010-05-16,michael_schumacher,MSC,Michael Schumacher,mercedes,Mercedes,3,7,12,0.0,78,Finished,5.0,159.089,
2010,6,Monaco Grand Prix,2010-05-16,petrov,PET,Vitaly Petrov,renault,Renault,12,14,13,0.0,73,Brakes,12.0,157.371,
2010,6,Monaco Grand Prix,2010-05-16,chandhok,CHA,Karun Chandhok,hrt,HRT,20,23,14,0.0,70,Collision,19.0,151.144,
2010,6,Monaco Grand Prix,2010-05-16,trulli,TRU,Jarno Trulli,lotus_racing,Lotus,18,19,15,0.0,70,Collision,18.0,151.55,
2010,6,Monaco Grand Prix,2010-05-16,kovalainen,KOV,Heikki Kovalainen,lotus_racing,Lotus,19,18,16,0.0,58,Steering,14.0,153.365,
2010,6,Monaco Grand Prix,2010-05-16,bruno_senna,SEN,Bruno Senna,hrt,HRT,21,22,17,0.0,58,Hydraulics,20.0,150.056,
2010,6,Monaco Grand Prix,2010-05-16,barrichello,BAR,Rubens Barrichello,williams,Williams,9,9,18,0.0,30,Suspension,16.0,152.06,
2010,6,Monaco Grand Prix,2010-05-16,kobayashi,KOB,Kamui Kobayashi,sauber,Sauber,23,16,19,0.0,26,Gearbox,15.0,152.637,
2010,6,Monaco Grand Prix,2010-05-16,grassi,DIG,Lucas di Grassi,virgin,Virgin,25,21,20,0.0,25,Wheel,22.0,146.179,
2010,6,Monaco Grand Prix,2010-05-16,glock,GLO,Timo Glock,virgin,Virgin,24,20,21,0.0,22,Track rod,21.0,148.857,
2010,6,Monaco Grand Prix,2010-05-16,rosa,DLR,Pedro de la Rosa,sauber,Sauber,22,15,22,0.0,21,Hydraulics,17.0,151.684,
2010,6,Monaco Grand Prix,2010-05-16,button,BUT,Jenson Button,mclaren,McLaren,1,8,23,0.0,2,Engine,23.0,89.54,
2010,6,Monaco Grand Prix,2010-05-16,hulkenberg,HUL,Nico Hülkenberg,williams,Williams,10,11,24,0.0,0,Front wing,,,
2010,7,Turkish Grand Prix,2010-05-30,hamilton,HAM,Lewis Hamilton,mclaren,McLaren,2,2,1,25.0,58,Finished,12.0,213.342,
2010,7,Turkish Grand Prix,2010-05-30,button,BUT,Jenson Button,mclaren,McLaren,1,4,2,18.0,58,Finished,7.0,213.769,
2010,7,Turkish Grand Prix,2010-05-30,webber,WEB,Mark Webber,red_bull,Red Bull,6,1,3,15.0,58,Finished,2.0,215.447,
2010,7,Turkish Grand Prix,2010-05-30,michael_schumacher,MSC,Michael Schumacher,mercedes,Mercedes,3,5,4,12.0,58,Finished,6.0,213.971,
2010,7,Turkish Grand Prix,2010-05-30,rosberg,ROS,Nico Rosberg,mercedes,Mercedes,4,6,5,10.0,58,Finished,9.0,213.574,
2010,7,Turkish Grand Prix,2010-05-30,kubica,KUB,Robert Kubica,renault,Renault,11,7,6,8.0,58,Finished,4.0,214.521,
2010,7,Turkish Grand Prix,2010-05-30,massa,MAS,Felipe Massa,ferrari,Ferrari,7,8,7,6.0,58,Finished,10.0,213.529,
2010,7,Turkish Grand Prix,2010-05-30,alonso,ALO,Fernando Alonso,ferrari,Ferrari,8,12,8,4.0,58,Finished,11.0,213.493,
2010,7,Turkish Grand Prix,2010-05-30,sutil,SUT,Adrian Sutil,force_india,Force India,14,11,9,2.0,58,Finished,8.0,213.617,
2010,7,Turkish Grand Prix,2010-05-30,kobayashi,KOB,Kamui Kobayashi,sauber,Sauber,23,10,10,1.0,58,Finished,16.0,211.426,
2010,7,Turkish Grand Prix,2010-05-30,rosa,DLR,Pedro de la Rosa,sauber,Sauber,22,13,11,0.0,58,Finished,14.0,212.525,
2010,7,Turkish Grand Prix,2010-05-30,alguersuari,ALG,Jaime Alguersuari,toro_rosso,Toro Rosso,17,16,12,0.0,58,Finished,3.0,214.628,
2010,7,Turkish Grand Prix,2010-05-30,liuzzi,LIU,Vitantonio Liuzzi,force_india,Force India,15,18,13,0.0,57,+1 Lap,18.0,210.201,
2010,7,Turkish Grand Prix,2010-05-30,barrichello,BAR,Rubens Barrichello,williams,Williams,9,15,14,0.0,57,+1 Lap,17.0,211.329,
2010,7,Turkish Grand Prix,2010-05-30,petrov,PET,Vitaly Petrov,renault,Renault,12,9,15,0.0,57,+1 Lap,1.0,215.519,
2010,7,Turkish Grand Prix,2010-05-30,buemi,BUE,Sébastien Buemi,toro_rosso,Toro Rosso,16,14,16,0.0,57,+1 Lap,5.0,214.501,
2010,7,Turkish Grand Prix,2010-05-30,hulkenberg,HUL,Nico Hülkenberg,williams,Williams,10,17,17,0.0,57,+1 Lap,15.0,212.059,
2010,7,Turkish Grand Prix,2010-05-30,glock,GLO,Timo Glock,virgin,Virgin,24,21,18,0.0,55,+3 Laps,19.0,208.278,
2010,7,Turkish Grand Prix,2010-05-30,grassi,DIG,Lucas di Grassi,virgin,Virgin,25,23,19,0.0,55,+3 Laps,20.0,206.062,
2010,7,Turkish Grand Prix,2010-05-30,chandhok,CHA,Karun Chandhok,hrt,HRT,20,24,20,0.0,52,Fuel pump,24.0,203.169,
2010,7,Turkish Grand Prix,2010-05-30,bruno_senna,SEN,Bruno Senna,hrt,HRT,21,22,21,0.0,46,Fuel pressure,21.0,203.898,
2010,7,Turkish Grand Prix,2010-05-30,vettel,VET,Sebastian Vettel,red_bull,Red Bull,5,3,22,0.0,39,Collision,13.0,213.091,
2010,7,Turkish Grand Prix,2010-05-30,kovalainen,KOV,Heikki Kovalainen,lotus_racing,Lotus,19,20,23,0.0,33,Hydraulics,22.0,203.647,
2010,7,Turkish Grand Prix,2010-05-30,trulli,TRU,Jarno Trulli,lotus_racing,Lotus,18,19,24,0.0,32,Hydraulics,23.0,203.432,
2010,8,Canadian Grand Prix,2010-06-13,hamilton,HAM,Lewis Hamilton,mclaren,McLaren,2,1,1,25.0,70,Finished,2.0,201.778,
2010,8,Canadian Grand Prix,2010-06-13,button,BUT,Jenson Button,mclaren,McLaren,1,4,2,18.0,70,Finished,4.0,200.906,
2010,8,Canadian Grand Prix,2010-06-13,alonso,ALO,Fernando Alonso,ferrari,Ferrari,8,3,3,15.0,70,Finished,6.0,200.744,
2010,8,Canadian Grand Prix,2010-06-13,vettel,VET,Sebastian Vettel,red_bull,Red Bull,5,2,4,12.0,70,Finished,8.0,200.206,
2010,8,Canadian Grand Prix,2010-06-13,webber,WEB,Mark Webber,red_bull,Red Bull,6,7,5,10.0,70,Finished,5.0,200.895,
2010,8,Canadian Grand Prix,2010-06-13,rosberg,ROS,Nico Rosberg,mercedes,Mercedes,4,10,6,8.0,70,Finished,3.0,201.711,
2010,8,Canadian Grand Prix,2010-06-13,kubica,KUB,Robert Kubica,renault,Renault,11,8,7,6.0,70,Finished,1.0,203.965,
2010,8,Canadian Grand Prix,2010-06-13,buemi,BUE,Sébastien Buemi,toro_rosso,Toro Rosso,16,15,8,4.0,69,+1 Lap,15.0,196.776,
2010,8,Canadian Grand Prix,2010-06-13,liuzzi,LIU,Vitantonio Liuzzi,force_india,Force India,15,5,9,2.0,69,+1 Lap,11.0,197.855,
2010,8,Canadian Grand Prix,2010-06-13,sutil,SUT,Adrian Sutil,force_india,Force India,14,9,10,1.0,69,+1 Lap,13.0,197.404,
2010,8,Canadian Grand Prix,2010-06-13,michael_schumacher,MSC,Michael Schumacher,mercedes,Mercedes,3,13,11,0.0,69,+1 Lap,14.0,197.288,
2010,8,Canadian Grand Prix,2010-06-13,alguersuari,ALG,Jaime Alguersuari,toro_rosso,Toro Rosso,17,16,12,0.0,69,+1 Lap,16.0,196.633,
2010,8,Canadian Grand Prix,2010-06-13,hulkenberg,HUL,Nico Hülkenberg,williams,Williams,10,12,13,0.0,69,+1 Lap,9.0,198.95,
2010,8,Canadian Grand Prix,2010-06-13,barrichello,BAR,Rubens Barrichello,williams,Williams,9,11,14,0.0,69,+1 Lap,10.0,198.289,
2010,8,Canadian Grand Prix,2010-06-13,massa,MAS,Felipe Massa,ferrari,Ferrari,7,6,15,0.0,69,+1 Lap,7.0,200.441,
2010,8,Canadian Grand Prix,2010-06-13,kovalainen,KOV,Heikki Kovalainen,lotus_racing,Lotus,19,19,16,0.0,68,+2 Laps,18.0,194.653,
2010,8,Canadian Grand Prix,2010-06-13,petrov,PET,Vitaly Petrov,renault,Renault,12,14,17,0.0,68,+2 Laps,12.0,197.596,
2010,8,Canadian Grand Prix,2010-06-13,chandhok,CHA,Karun Chandhok,hrt,HRT,20,24,18,0.0,66,+4 Laps,21.0,191.729,
2010,8,Canadian Grand Prix,2010-06-13,grassi,DIG,Lucas di Grassi,virgin,Virgin,25,23,19,0.0,65,+5 Laps,22.0,191.605,
2010,8,Canadian Grand Prix,2010-06-13,glock,GLO,Timo Glock,virgin,Virgin,24,21,20,0.0,55,Mechanical,20.0,192.234,
2010,8,Canadian Grand Prix,2010-06-13,trulli,TRU,Jarno Trulli,lotus_racing,Lotus,18,20,21,0.0,47,Brakes,19.0,194.323,
2010,8,Canadian Grand Prix,2010-06-13,rosa,DLR,Pedro de la Rosa,sauber,Sauber,22,17,22,0.0,31,Engine,17.0,194.846,
2010,8,Canadian Grand Prix,2010-06-13,bruno_senna,SEN,Bruno Senna,hrt,HRT,21,22,23,0.0,14,Hydraulics,23.0,185.741,
2010,8,Canadian Grand Prix,2010-06-13,kobayashi,KOB,Kamui Kobayashi,sauber,Sauber,23,18,24,0.0,1,Accident,,,
2010,9,European Grand Prix,2010-06-27,vettel,VET,Sebastian Vettel,red_bull,Red Bull,5,1,1,25.0,57,Finished,3.0,196.774,
2010,9,European Grand Prix,2010-06-27,hamilton,HAM,Lewis Hamilton,mclaren,McLaren,2,3,2,18.0,57,Finished,4.0,196.744,
2010,9,European Grand Prix,2010-06-27,button,BUT,Jenson Button,mclaren,McLaren,1,7,3,15.0,57,Finished,1.0,197.521,
2010,9,European Grand Prix,2010-06-27,barrichello,BAR,Rubens Barrichello,williams,Williams,9,9,4,12.0,57,Finished,5.0,196.085,
2010,9,European Grand Prix,2010-06-27,kubica,KUB,Robert Kubica,renault,Renault,11,6,5,10.0,57,Finished,7.0,195.981,
2010,9,European Grand Prix,2010-06-27,sutil,SUT,Adrian Sutil,force_india,Force India,14,13,6,8.0,57,Finished,8.0,195.469,
2010,9,European Grand Prix,2010-06-27,kobayashi,KOB,Kamui Kobayashi,sauber,Sauber,23,18,7,6.0,57,Finished,6.0,196.03,
2010,9,European Grand Prix,2010-06-27,alonso,ALO,Fernando Alonso,ferrari,Ferrari,8,4,8,4.0,57,Finished,10.0,195.3,
2010,9,European Grand Prix,2010-06-27,buemi,BUE,Sébastien Buemi,toro_rosso,Toro Rosso,16,11,9,2.0,57,Finished,11.0,194.92,
2010,9,European Grand Prix,2010-06-27,rosberg,ROS,Nico Rosberg,mercedes,Mercedes,4,12,10,1.0,57,Finished,9.0,195.322,
2010,9,European Grand Prix,2010-06-27,massa,MAS,Felipe Massa,ferrari,Ferrari,7,5,11,0.0,57,Finished,13.0,194.679,
2010,9,European Grand Prix,2010-06-27,rosa,DLR,Pedro de la Rosa,sauber,Sauber,22,16,12,0.0,57,Finished,16.0,194.248,
2010,9,European Grand Prix,2010-06-27,alguersuari,ALG,Jaime Alguersuari,toro_rosso,Toro Rosso,17,17,13,0.0,57,Finished,15.0,194.448,
2010,9,European Grand Prix,2010-06-27,petrov,PET,Vitaly Petrov,renault,Renault,12,10,14,0.0,57,Finished,12.0,194.889,
2010,9,European Grand Prix,2010-06-27,michael_schumacher,MSC,Michael Schumacher,mercedes,Mercedes,3,15,15,0.0,57,Finished,2.0,197.118,
2010,9,European Grand Prix,2010-06-27,liuzzi,LIU,Vitantonio Liuzzi,force_india,Force India,15,14,16,0.0,57,Finished,14.0,194.49,
2010,9,European Grand Prix,2010-06-27,grassi,DIG,Lucas di Grassi,virgin,Virgin,25,21,17,0.0,56,+1 Lap,20.0,190.485,
2010,9,European Grand Prix,2010-06-27,chandhok,CHA,Karun Chandhok,hrt,HRT,20,23,18,0.0,55,+2 Laps,22.0,187.905,
2010,9,European Grand Prix,2010-06-27,glock,GLO,Timo Glock,virgin,Virgin,24,22,19,0.0,55,+2 Laps,19.0,190.662,
2010,9,European Grand Prix,2010-06-27,bruno_senna,SEN,Bruno Senna,hrt,HRT,21,24,20,0.0,55,+2 Laps,21.0,189.536,
2010,9,European Grand Prix,2010-06-27,trulli,TRU,Jarno Trulli,lotus_racing,Lotus,18,19,21,0.0,53,+4 Laps,18.0,191.691,
2010,9,European Grand Prix,2010-06-27,hulkenberg,HUL,Nico Hülkenberg,williams,Williams,10,8,22,0.0,49,Exhaust,17.0,193.554,
2010,9,European Grand Prix,2010-06-27,kovalainen,KOV,Heikki Kovalainen,lotus_racing,Lotus,19,20,23,0.0,8,Collision,24.0,183.816,
2010,9,European Grand Prix,2010-06-27,webber,WEB,Mark Webber,red_bull,Red Bull,6,2,24,0.0,8,Collision,23.0,187.465,
2010,10,British Grand Prix,2010-07-11,webber,WEB,Mark Webber,red_bull,Red Bull,6,2,1,25.0,52,Finished,4.0,229.608,
2010,10,British Grand Prix,2010-07-11,hamilton,HAM,Lewis Hamilton,mclaren,McLaren,2,4,2,18.0,52,Finished,6.0,228.633,
2010,10,British Grand Prix,2010-07-11,rosberg,ROS,Nico Rosberg,mercedes,Mercedes,4,5,3,15.0,52,Finished,7.0,228.156,
2010,10,British Grand Prix,2010-07-11,button,BUT,Jenson Button,mclaren,McLaren,1,14,4,12.0,52,Finished,9.0,228.031,
2010,10,British Grand Prix,2010-07-11,barrichello,BAR,Rubens Barrichello,williams,Williams,9,8,5,10.0,52,Finished,11.0,226.54,
2010,10,British Grand Prix,2010-07-11,kobayashi,KOB,Kamui Kobayashi,sauber,Sauber,23,12,6,8.0,52,Finished,10.0,226.678,
2010,10,British Grand Prix,2010-07-11,vettel,VET,Sebastian Vettel,red_bull,Red Bull,5,1,7,6.0,52,Finished,3.0,230.6,
2010,10,British Grand Prix,2010-07-11,sutil,SUT,Adrian Sutil,force_india,Force India,14,11,8,4.0,52,Finished,16.0,224.806,
2010,10,British Grand Prix,2010-07-11,michael_schumacher,MSC,Michael Schumacher,mercedes,Mercedes,3,10,9,2.0,52,Finished,15.0,225.203,
2010,10,British Grand Prix,2010-07-11,hulkenberg,HUL,Nico Hülkenberg,williams,Williams,10,13,10,1.0,52,Finished,13.0,225.639,
2010,10,British Grand Prix,2010-07-11,liuzzi,LIU,Vitantonio Liuzzi,force_india,Force India,15,20,11,0.0,52,Finished,14.0,225.569,
2010,10,British Grand Prix,2010-07-11,buemi,BUE,Sébastien Buemi,toro_rosso,Toro Rosso,16,16,12,0.0,52,Finished,8.0,228.087,
2010,10,British Grand Prix,2010-07-11,petrov,PET,Vitaly Petrov,renault,Renault,12,15,13,0.0,52,Finished,5.0,229.311,
2010,10,British Grand Prix,2010-07-11,alonso,ALO,Fernando Alonso,ferrari,Ferrari,8,3,14,0.0,52,Finished,1.0,233.373,
2010,10,British Grand Prix,2010-07-11,massa,MAS,Felipe Massa,ferrari,Ferrari,7,7,15,0.0,52,Finished,2.0,231.407,
2010,10,British Grand Prix,2010-07-11,trulli,TRU,Jarno Trulli,lotus_racing,Lotus,18,21,16,0.0,51,+1 Lap,20.0,219.724,
2010,10,British Grand Prix,2010-07-11,kovalainen,KOV,Heikki Kovalainen,lotus_racing,Lotus,19,18,17,0.0,51,+1 Lap,18.0,220.336,
2010,10,British Grand Prix,2010-07-11,glock,GLO,Timo Glock,virgin,Virgin,24,19,18,0.0,50,+2 Laps,19.0,219.961,
2010,10,British Grand Prix,2010-07-11,chandhok,CHA,Karun Chandhok,hrt,HRT,20,23,19,0.0,50,+2 Laps,23.0,214.656,
2010,10,British Grand Prix,2010-07-11,yamamoto,YAM,Sakon Yamamoto,hrt,HRT,21,24,20,0.0,50,+2 Laps,22.0,215.723,
2010,10,British Grand Prix,2010-07-11,alguersuari,ALG,Jaime Alguersuari,toro_rosso,Toro Rosso,17,17,21,0.0,44,Brakes,12.0,226.219,
2010,10,British Grand Prix,2010-07-11,rosa,DLR,Pedro de la Rosa,sauber,Sauber,22,9,22,0.0,29,Collision,17.0,221.182,
2010,10,British Grand Prix,2010-07-11,kubica,KUB,Robert Kubica,renault,Renault,11,6,23,0.0,19,Driveshaft,21.0,218.982,
2010,10,British Grand Prix,2010-07-11,grassi,DIG,Lucas di Grassi,virgin,Virgin,25,22,24,0.0,9,Hydraulics,24.0,210.725,
2010,11,German Grand Prix,2010-07-25,alonso,ALO,Fernando Alonso,ferrari,Ferrari,8,2,1,25.0,67,Finished,2.0,217.005,
2010,11,German Grand Prix,2010-07-25,massa,MAS,Felipe Massa,ferrari,Ferrari,7,3,2,18.0,67,Finished,3.0,216.386,
2010,11,German Grand Prix,2010-07-25,vettel,VET,Sebastian Vettel,red_bull,Red Bull,5,1,3,15.0,67,Finished,1.0,217.166,
2010,11,German Grand Prix,2010-07-25,hamilton,HAM,Lewis Hamilton,mclaren,McLaren,2,6,4,12.0,67,Finished,5.0,215.238,
2010,11,German Grand Prix,2010-07-25,button,BUT,Jenson Button,mclaren,McLaren,1,5,5,10.0,67,Finished,4.0,215.385,
2010,11,German Grand Prix,2010-07-25,webber,WEB,Mark Webber,red_bull,Red Bull,6,4,6,8.0,67,Finished,9.0,214.747,
2010,11,German Grand Prix,2010-07-25,kubica,KUB,Robert Kubica,renault,Renault,11,7,7,6.0,66,+1 Lap,16.0,213.389,
2010,11,German Grand Prix,2010-07-25,rosberg,ROS,Nico Rosberg,mercedes,Mercedes,4,9,8,4.0,66,+1 Lap,8.0,214.94,
2010,11,German Grand Prix,2010-07-25,michael_schumacher,MSC,Michael Schumacher,mercedes,Mercedes,3,11,9,2.0,66,+1 Lap,14.0,213.605,
2010,11,German Grand Prix,2010-07-25,petrov,PET,Vitaly Petrov,renault,Renault,12,13,10,1.0,66,+1 Lap,17.0,213.3,
2010,11,German Grand Prix,2010-07-25,kobayashi,KOB,Kamui Kobayashi,sauber,Sauber,23,12,11,0.0,66,+1 Lap,15.0,213.571,
2010,11,German Grand Prix,2010-07-25,barrichello,BAR,Rubens Barrichello,williams,Williams,9,8,12,0.0,66,+1 Lap,13.0,213.768,
2010,11,German Grand Prix,2010-07-25,hulkenberg,HUL,Nico Hülkenberg,williams,Williams,10,10,13,0.0,66,+1 Lap,11.0,214.305,
2010,11,German Grand Prix,2010-07-25,rosa,DLR,Pedro de la Rosa,sauber,Sauber,22,14,14,0.0,66,+1 Lap,6.0,215.171,
2010,11,German Grand Prix,2010-07-25,alguersuari,ALG,Jaime Alguersuari,toro_rosso,Toro Rosso,17,15,15,0.0,66,+1 Lap,12.0,213.929,
2010,11,German Grand Prix,2010-07-25,liuzzi,LIU,Vitantonio Liuzzi,force_india,Force India,15,21,16,0.0,65,+2 Laps,7.0,214.977,
2010,11,German Grand Prix,2010-07-25,sutil,SUT,Adrian Sutil,force_india,Force India,14,19,17,0.0,65,+2 Laps,10.0,214.722,
2010,11,German Grand Prix,2010-07-25,glock,GLO,Timo Glock,virgin,Virgin,24,23,18,0.0,64,+3 Laps,18.0,210.538,
2010,11,German Grand Prix,2010-07-25,bruno_senna,SEN,Bruno Senna,hrt,HRT,21,20,19,0.0,63,+4 Laps,21.0,203.638,
2010,11,German Grand Prix,2010-07-25,kovalainen,KOV,Heikki Kovalainen,lotus_racing,Lotus,19,18,20,0.0,56,Collision,19.0,204.135,
2010,11,German Grand Prix,2010-07-25,grassi,DIG,Lucas di Grassi,virgin,Virgin,25,24,21,0.0,50,Gearbox,20.0,204.037,
2010,11,German Grand Prix,2010-07-25,yamamoto,YAM,Sakon Yamamoto,hrt,HRT,20,22,22,0.0,19,Engine,22.0,197.105,
2010,11,German Grand Prix,2010-07-25,trulli,TRU,Jarno Trulli,lotus_racing,Lotus,18,17,23,0.0,3,Gearbox,23.0,122.47,
2010,11,German Grand Prix,2010-07-25,buemi,BUE,Sébastien Buemi,toro_rosso,Toro Rosso,16,16,24,0.0,1,Collision,,,
2010,12,Hungarian Grand Prix,2010-08-01,webber,WEB,Mark Webber,red_bull,Red Bull,6,2,1,25.0,70,Finished,2.0,190.821,
2010,12,Hungarian Grand Prix,2010-08-01,alonso,ALO,Fernando Alonso,ferrari,Ferrari,8,3,2,18.0,70,Finished,4.0,189.573,
2010,12,Hungarian Grand Prix,2010-08-01,vettel,VET,Sebastian Vettel,red_bull,Red Bull,5,1,3,15.0,70,Finished,1.0,191.491,
2010,12,Hungarian Grand Prix,2010-08-01,massa,MAS,Felipe Massa,ferrari,Ferrari,7,4,4,12.0,70,Finished,5.0,189.269,
2010,12,Hungarian Grand Prix,2010-08-01,petrov,PET,Vitaly Petrov,renault,Renault,12,7,5,10.0,70,Finished,6.0,188.207,
2010,12,Hungarian Grand Prix,2010-08-01,hulkenberg,HUL,Nico Hülkenberg,williams,Williams,10,10,6,8.0,70,Finished,7.0,187.302,
2010,12,Hungarian Grand Prix,2010-08-01,rosa,DLR,Pedro de la Rosa,sauber,Sauber,22,9,7,6.0,69,+1 Lap,10.0,186.995,
2010,12,Hungarian Grand Prix,2010-08-01,button,BUT,Jenson Button,mclaren,McLaren,1,11,8,4.0,69,+1 Lap,8.0,187.3,
2010,12,Hungarian Grand Prix,2010-08-01,kobayashi,KOB,Kamui Kobayashi,sauber,Sauber,23,23,9,2.0,69,+1 Lap,9.0,187.128,
2010,12,Hungarian Grand Prix,2010-08-01,barrichello,BAR,Rubens Barrichello,williams,Williams,9,12,10,1.0,69,+1 Lap,3.0,190.452,
2010,12,Hungarian Grand Prix,2010-08-01,michael_schumacher,MSC,Michael Schumacher,mercedes,Mercedes,3,14,11,0.0,69,+1 Lap,12.0,184.739,
2010,12,Hungarian Grand Prix,2010-08-01,buemi,BUE,Sébastien Buemi,toro_rosso,Toro Rosso,16,15,12,0.0,69,+1 Lap,13.0,184.573,
2010,12,Hungarian Grand Prix,2010-08-01,liuzzi,LIU,Vitantonio Liuzzi,force_india,Force India,15,16,13,0.0,69,+1 Lap,11.0,184.77,
2010,12,Hungarian Grand Prix,2010-08-01,kovalainen,KOV,Heikki Kovalainen,lotus_racing,Lotus,19,19,14,0.0,67,+3 Laps,18.0,180.335,
2010,12,Hungarian Grand Prix,2010-08-01,trulli,TRU,Jarno Trulli,lotus_racing,Lotus,18,20,15,0.0,67,+3 Laps,17.0,180.393,
2010,12,Hungarian Grand Prix,2010-08-01,glock,GLO,Timo Glock,virgin,Virgin,24,18,16,0.0,67,+3 Laps,19.0,179.889,
2010,12,Hungarian Grand Prix,2010-08-01,bruno_senna,SEN,Bruno Senna,hrt,HRT,21,22,17,0.0,67,+3 Laps,21.0,179.033,
2010,12,Hungarian Grand Prix,2010-08-01,grassi,DIG,Lucas di Grassi,virgin,Virgin,25,21,18,0.0,66,+4 Laps,16.0,180.686,
2010,12,Hungarian Grand Prix,2010-08-01,yamamoto,YAM,Sakon Yamamoto,hrt,HRT,20,24,19,0.0,66,+4 Laps,23.0,176.657,
2010,12,Hungarian Grand Prix,2010-08-01,hamilton,HAM,Lewis Hamilton,mclaren,McLaren,2,5,20,0.0,23,Gearbox,14.0,182.842,
2010,12,Hungarian Grand Prix,2010-08-01,kubica,KUB,Robert Kubica,renault,Renault,11,8,21,0.0,23,Retired,15.0,181.648,
2010,12,Hungarian Grand Prix,2010-08-01,rosberg,ROS,Nico Rosberg,mercedes,Mercedes,4,6,22,0.0,15,Wheel,20.0,179.316,
2010,12,Hungarian Grand Prix,2010-08-01,sutil,SUT,Adrian Sutil,force_india,Force India,14,13,23,0.0,15,Collision,22.0,178.862,
2010,12,Hungarian Grand Prix,2010-08-01,alguersuari,ALG,Jaime Alguersuari,toro_rosso,Toro Rosso,17,17,24,0.0,1,Engine,,,
2010,13,Belgian Grand Prix,2010-08-29,hamilton,HAM,Lewis Hamilton,mclaren,McLaren,2,2,1,25.0,44,Finished,1.0,231.178,
2010,13,Belgian Grand Prix,2010-08-29,webber,WEB,Mark Webber,red_bull,Red Bull,6,1,2,18.0,44,Finished,2.0,230.489,
2010,13,Belgian Grand Prix,2010-08-29,kubica,KUB,Robert Kubica,renault,Renault,11,3,3,15.0,44,Finished,3.0,229.624,
2010,13,Belgian Grand Prix,2010-08-29,massa,MAS,Felipe Massa,ferrari,Ferrari,7,6,4,12.0,44,Finished,4.0,228.99,
2010,13,Belgian Grand Prix,2010-08-29,sutil,SUT,Adrian Sutil,force_india,Force India,14,8,5,10.0,44,Finished,5.0,228.232,
2010,13,Belgian Grand Prix,2010-08-29,rosberg,ROS,Nico Rosberg,mercedes,Mercedes,4,14,6,8.0,44,Finished,10.0,225.757,
2010,13,Belgian Grand Prix,2010-08-29,michael_schumacher,MSC,Michael Schumacher,mercedes,Mercedes,3,21,7,6.0,44,Finished,13.0,225.301,
2010,13,Belgian Grand Prix,2010-08-29,kobayashi,KOB,Kamui Kobayashi,sauber,Sauber,23,17,8,4.0,44,Finished,11.0,225.634,
2010,13,Belgian Grand Prix,2010-08-29,petrov,PET,Vitaly Petrov,renault,Renault,12,23,9,2.0,44,Finished,7.0,226.799,
2010,13,Belgian Grand Prix,2010-08-29,liuzzi,LIU,Vitantonio Liuzzi,force_india,Force India,15,12,10,1.0,44,Finished,14.0,224.593,
2010,13,Belgian Grand Prix,2010-08-29,rosa,DLR,Pedro de la Rosa,sauber,Sauber,22,24,11,0.0,44,Finished,15.0,224.054,
2010,13,Belgian Grand Prix,2010-08-29,buemi,BUE,Sébastien Buemi,toro_rosso,Toro Rosso,16,16,12,0.0,44,Finished,17.0,223.203,
2010,13,Belgian Grand Prix,2010-08-29,alguersuari,ALG,Jaime Alguersuari,toro_rosso,Toro Rosso,17,11,13,0.0,44,Finished,9.0,225.984,
2010,13,Belgian Grand Prix,2010-08-29,hulkenberg,HUL,Nico Hülkenberg,williams,Williams,10,9,14,0.0,43,+1 Lap,12.0,225.402,
2010,13,Belgian Grand Prix,2010-08-29,vettel,VET,Sebastian Vettel,red_bull,Red Bull,5,4,15,0.0,43,+1 Lap,6.0,227.427,
2010,13,Belgian Grand Prix,2010-08-29,kovalainen,KOV,Heikki Kovalainen,lotus_racing,Lotus,19,13,16,0.0,43,+1 Lap,22.0,217.746,
2010,13,Belgian Grand Prix,2010-08-29,grassi,DIG,Lucas di Grassi,virgin,Virgin,25,22,17,0.0,43,+1 Lap,21.0,217.919,
2010,13,Belgian Grand Prix,2010-08-29,glock,GLO,Timo Glock,virgin,Virgin,24,20,18,0.0,43,+1 Lap,19.0,218.745,
2010,13,Belgian Grand Prix,2010-08-29,trulli,TRU,Jarno Trulli,lotus_racing,Lotus,18,15,19,0.0,43,+1 Lap,18.0,219.059,
2010,13,Belgian Grand Prix,2010-08-29,yamamoto,YAM,Sakon Yamamoto,hrt,HRT,20,19,20,0.0,42,+2 Laps,20.0,218.336,
2010,13,Belgian Grand Prix,2010-08-29,alonso,ALO,Fernando Alonso,ferrari,Ferrari,8,10,21,0.0,37,Accident,8.0,226.393,
2010,13,Belgian Grand Prix,2010-08-29,button,BUT,Jenson Button,mclaren,McLaren,1,5,22,0.0,15,Collision,16.0,223.375,
2010,13,Belgian Grand Prix,2010-08-29,bruno_senna,SEN,Bruno Senna,hrt,HRT,21,18,23,0.0,5,Retired,23.0,179.844,
2010,13,Belgian Grand Prix,2010-08-29,barrichello,BAR,Rubens Barrichello,williams,Williams,9,7,24,0.0,0,Collision,,,
2010,14,Italian Grand Prix,2010-09-12,alonso,ALO,Fernando Alonso,ferrari,Ferrari,8,1,1,25.0,53,Finished,1.0,247.861,
2010,14,Italian Grand Prix,2010-09-12,button,BUT,Jenson Button,mclaren,McLaren,1,2,2,18.0,53,Finished,8.0,246.516,
2010,14,Italian Grand Prix,2010-09-12,massa,MAS,Felipe Massa,ferrari,Ferrari,7,3,3,15.0,53,Finished,6.0,246.583,
2010,14,Italian Grand Prix,2010-09-12,vettel,VET,Sebastian Vettel,red_bull,Red Bull,5,6,4,12.0,53,Finished,4.0,246.822,
2010,14,Italian Grand Prix,2010-09-12,rosberg,ROS,Nico Rosberg,mercedes,Mercedes,4,7,5,10.0,53,Finished,3.0,246.828,
2010,14,Italian Grand Prix,2010-09-12,webber,WEB,Mark Webber,red_bull,Red Bull,6,4,6,8.0,53,Finished,2.0,247.452,
2010,14,Italian Grand Prix,2010-09-12,hulkenberg,HUL,Nico Hülkenberg,williams,Williams,10,8,7,6.0,53,Finished,7.0,246.58,
2010,14,Italian Grand Prix,2010-09-12,kubica,KUB,Robert Kubica,renault,Renault,11,9,8,4.0,53,Finished,5.0,246.627,
2010,14,Italian Grand Prix,2010-09-12,michael_schumacher,MSC,Michael Schumacher,mercedes,Mercedes,3,12,9,2.0,53,Finished,11.0,245.503,
2010,14,Italian Grand Prix,2010-09-12,barrichello,BAR,Rubens Barrichello,williams,Williams,9,10,10,1.0,53,Finished,14.0,244.662,
2010,14,Italian Grand Prix,2010-09-12,buemi,BUE,Sébastien Buemi,toro_rosso,Toro Rosso,16,14,11,0.0,53,Finished,13.0,244.705,
2010,14,Italian Grand Prix,2010-09-12,liuzzi,LIU,Vitantonio Liuzzi,force_india,Force India,15,19,12,0.0,53,Finished,12.0,245.056,
2010,14,Italian Grand Prix,2010-09-12,petrov,PET,Vitaly Petrov,renault,Renault,12,20,13,0.0,53,Finished,9.0,246.382,
2010,14,Italian Grand Prix,2010-09-12,rosa,DLR,Pedro de la Rosa,sauber,Sauber,22,16,14,0.0,52,+1 Lap,16.0,241.584,
2010,14,Italian Grand Prix,2010-09-12,alguersuari,ALG,Jaime Alguersuari,toro_rosso,Toro Rosso,17,15,15,0.0,52,+1 Lap,15.0,243.995,
2010,14,Italian Grand Prix,2010-09-12,sutil,SUT,Adrian Sutil,force_india,Force India,14,11,16,0.0,52,+1 Lap,10.0,245.532,
2010,14,Italian Grand Prix,2010-09-12,glock,GLO,Timo Glock,virgin,Virgin,24,24,17,0.0,51,+2 Laps,17.0,237.62,
2010,14,Italian Grand Prix,2010-09-12,kovalainen,KOV,Heikki Kovalainen,lotus_racing,Lotus,19,18,18,0.0,51,+2 Laps,18.0,237.466,
2010,14,Italian Grand Prix,2010-09-12,yamamoto,YAM,Sakon Yamamoto,hrt,HRT,20,23,19,0.0,51,+2 Laps,20.0,234.653,
2010,14,Italian Grand Prix,2010-09-12,grassi,DIG,Lucas di Grassi,virgin,Virgin,25,21,20,0.0,50,+3 Laps,19.0,236.526,
2010,14,Italian Grand Prix,2010-09-12,trulli,TRU,Jarno Trulli,lotus_racing,Lotus,18,17,21,0.0,46,Engine,21.0,234.278,
2010,14,Italian Grand Prix,2010-09-12,bruno_senna,SEN,Bruno Senna,hrt,HRT,21,22,22,0.0,11,Retired,22.0,229.476,
2010,14,Italian Grand Prix,2010-09-12,hamilton,HAM,Lewis Hamilton,mclaren,McLaren,2,5,23,0.0,0,Collision,,,
2010,14,Italian Grand Prix,2010-09-12,kobayashi,KOB,Kamui Kobayashi,sauber,Sauber,23,13,24,0.0,0,Gearbox,,,
2010,15,Singapore Grand Prix,2010-09-26,alonso,ALO,Fernando Alonso,ferrari,Ferrari,8,1,1,25.0,61,Finished,1.0,169.137,
2010,15,Singapore Grand Prix,2010-09-26,vettel,VET,Sebastian Vettel,red_bull,Red Bull,5,2,2,18.0,61,Finished,2.0,168.879,
2010,15,Singapore Grand Prix,2010-09-26,webber,WEB,Mark Webber,red_bull,Red Bull,6,5,3,15.0,61,Finished,5.0,166.47,
2010,15,Singapore Grand Prix,2010-09-26,button,BUT,Jenson Button,mclaren,McLaren,1,4,4,12.0,61,Finished,7.0,166.462,
2010,15,Singapore Grand Prix,2010-09-26,rosberg,ROS,Nico Rosberg,mercedes,Mercedes,4,7,5,10.0,61,Finished,8.0,165.837,
2010,15,Singapore Grand Prix,2010-09-26,barrichello,BAR,Rubens Barrichello,williams,Williams,9,6,6,8.0,61,Finished,9.0,165.522,
2010,15,Singapore Grand Prix,2010-09-26,kubica,KUB,Robert Kubica,renault,Renault,11,8,7,6.0,61,Finished,3.0,167.157,
2010,15,Singapore Grand Prix,2010-09-26,massa,MAS,Felipe Massa,ferrari,Ferrari,7,24,8,4.0,61,Finished,12.0,162.945,
2010,15,Singapore Grand Prix,2010-09-26,sutil,SUT,Adrian Sutil,force_india,Force India,14,15,9,2.0,61,Finished,15.0,162.374,
2010,15,Singapore Grand Prix,2010-09-26,hulkenberg,HUL,Nico Hülkenberg,williams,Williams,10,17,10,1.0,61,Finished,13.0,162.751,
2010,15,Singapore Grand Prix,2010-09-26,petrov,PET,Vitaly Petrov,renault,Renault,12,12,11,0.0,60,+1 Lap,11.0,163.202,
2010,15,Singapore Grand Prix,2010-09-26,alguersuari,ALG,Jaime Alguersuari,toro_rosso,Toro Rosso,17,11,12,0.0,60,+1 Lap,14.0,162.577,
2010,15,Singapore Grand Prix,2010-09-26,michael_schumacher,MSC,Michael Schumacher,mercedes,Mercedes,3,9,13,0.0,60,+1 Lap,4.0,166.509,
2010,15,Singapore Grand Prix,2010-09-26,buemi,BUE,Sébastien Buemi,toro_rosso,Toro Rosso,16,13,14,0.0,60,+1 Lap,6.0,166.464,
2010,15,Singapore Grand Prix,2010-09-26,grassi,DIG,Lucas di Grassi,virgin,Virgin,25,20,15,0.0,59,+2 Laps,17.0,162.317,
2010,15,Singapore Grand Prix,2010-09-26,kovalainen,KOV,Heikki Kovalainen,lotus_racing,Lotus,19,19,16,0.0,58,Engine,18.0,161.544,
2010,15,Singapore Grand Prix,2010-09-26,glock,GLO,Timo Glock,virgin,Virgin,24,18,17,0.0,49,Hydraulics,19.0,160.822,
2010,15,Singapore Grand Prix,2010-09-26,heidfeld,HEI,Nick Heidfeld,sauber,Sauber,22,14,18,0.0,36,Collision,16.0,162.372,
2010,15,Singapore Grand Prix,2010-09-26,hamilton,HAM,Lewis Hamilton,mclaren,McLaren,2,3,19,0.0,35,Collision,10.0,164.901,
2010,15,Singapore Grand Prix,2010-09-26,klien,KLI,Christian Klien,hrt,HRT,20,22,20,0.0,31,Hydraulics,22.0,155.077,
2010,15,Singapore Grand Prix,2010-09-26,kobayashi,KOB,Kamui Kobayashi,sauber,Sauber,23,10,21,0.0,30,Accident,20.0,160.26,
2010,15,Singapore Grand Prix,2010-09-26,bruno_senna,SEN,Bruno Senna,hrt,HRT,21,23,22,0.0,29,Accident,23.0,154.819,
2010,15,Singapore Grand Prix,2010-09-26,trulli,TRU,Jarno Trulli,lotus_racing,Lotus,18,21,23,0.0,27,Hydraulics,21.0,156.915,
2010,15,Singapore Grand Prix,2010-09-26,liuzzi,LIU,Vitantonio Liuzzi,force_india,Force India,15,16,24,0.0,1,Collision,,,
2010,16,Japanese Grand Prix,2010-10-10,vettel,VET,Sebastian Vettel,red_bull,Red Bull,5,1,1,25.0,53,Finished,3.0,223.219,
2010,16,Japanese Grand Prix,2010-10-10,webber,WEB,Mark Webber,red_bull,Red Bull,6,2,2,18.0,53,Finished,1.0,223.647,
2010,16,Japanese Grand Prix,2010-10-10,alonso,ALO,Fernando Alonso,ferrari,Ferrari,8,4,3,15.0,53,Finished,4.0,222.815,
2010,16,Japanese Grand Prix,2010-10-10,button,BUT,Jenson Button,mclaren,McLaren,1,5,4,12.0,53,Finished,2.0,223.515,
2010,16,Japanese Grand Prix,2010-10-10,hamilton,HAM,Lewis Hamilton,mclaren,McLaren,2,8,5,10.0,53,Finished,9.0,219.633,
2010,16,Japanese Grand Prix,2010-10-10,michael_schumacher,MSC,Michael Schumacher,mercedes,Mercedes,3,10,6,8.0,53,Finished,7.0,220.395,
2010,16,Japanese Grand Prix,2010-10-10,kobayashi,KOB,Kamui Kobayashi,sauber,Sauber,23,14,7,6.0,53,Finished,6.0,221.251,
2010,16,Japanese Grand Prix,2010-10-10,heidfeld,HEI,Nick Heidfeld,sauber,Sauber,22,11,8,4.0,53,Finished,10.0,218.854,
2010,16,Japanese Grand Prix,2010-10-10,barrichello,BAR,Rubens Barrichello,williams,Williams,9,7,9,2.0,53,Finished,11.0,218.68,
2010,16,Japanese Grand Prix,2010-10-10,buemi,BUE,Sébastien Buemi,toro_rosso,Toro Rosso,16,18,10,1.0,53,Finished,8.0,219.786,
2010,16,Japanese Grand Prix,2010-10-10,alguersuari,ALG,Jaime Alguersuari,toro_rosso,Toro Rosso,17,16,11,0.0,52,+1 Lap,5.0,221.535,
2010,16,Japanese Grand Prix,2010-10-10,kovalainen,KOV,Heikki Kovalainen,lotus_racing,Lotus,19,20,12,0.0,52,+1 Lap,14.0,214.148,
2010,16,Japanese Grand Prix,2010-10-10,trulli,TRU,Jarno Trulli,lotus_racing,Lotus,18,19,13,0.0,51,+2 Laps,15.0,209.66,
2010,16,Japanese Grand Prix,2010-10-10,glock,GLO,Timo Glock,virgin,Virgin,24,22,14,0.0,51,+2 Laps,17.0,209.443,
2010,16,Japanese Grand Prix,2010-10-10,bruno_senna,SEN,Bruno Senna,hrt,HRT,21,23,15,0.0,51,+2 Laps,18.0,208.366,
2010,16,Japanese Grand Prix,2010-10-10,yamamoto,YAM,Sakon Yamamoto,hrt,HRT,20,24,16,0.0,50,+3 Laps,16.0,209.458,
2010,16,Japanese Grand Prix,2010-10-10,rosberg,ROS,Nico Rosberg,mercedes,Mercedes,4,6,17,0.0,47,Suspension,12.0,217.517,
2010,16,Japanese Grand Prix,2010-10-10,sutil,SUT,Adrian Sutil,force_india,Force India,14,15,18,0.0,44,Oil leak,13.0,217.041,
2010,16,Japanese Grand Prix,2010-10-10,kubica,KUB,Robert Kubica,renault,Renault,11,3,19,0.0,2,Wheel,19.0,129.541,
2010,16,Japanese Grand Prix,2010-10-10,hulkenberg,HUL,Nico Hülkenberg,williams,Williams,10,9,20,0.0,0,Accident,,,
2010,16,Japanese Grand Prix,2010-10-10,massa,MAS,Felipe Massa,ferrari,Ferrari,7,12,21,0.0,0,Accident,,,
2010,16,Japanese Grand Prix,2010-10-10,petrov,PET,Vitaly Petrov,renault,Renault,12,13,22,0.0,0,Accident,,,
2010,16,Japanese Grand Prix,2010-10-10,liuzzi,LIU,Vitantonio Liuzzi,force_india,Force India,15,17,23,0.0,0,Accident,,,
2010,16,Japanese Grand Prix,2010-10-10,grassi,DIG,Lucas di Grassi,virgin,Virgin,25,21,24,0.0,0,Suspension,,,
2010,17,Korean Grand Prix,2010-10-24,alonso,ALO,Fernando Alonso,ferrari,Ferrari,8,3,1,25.0,55,Finished,1.0,183.335,
2010,17,Korean Grand Prix,2010-10-24,hamilton,HAM,Lewis Hamilton,mclaren,McLaren,2,4,2,18.0,55,Finished,3.0,183.048,
2010,17,Korean Grand Prix,2010-10-24,massa,MAS,Felipe Massa,ferrari,Ferrari,7,6,3,15.0,55,Finished,4.0,182.928,
2010,17,Korean Grand Prix,2010-10-24,michael_schumacher,MSC,Michael Schumacher,mercedes,Mercedes,3,9,4,12.0,55,Finished,8.0,180.748,
2010,17,Korean Grand Prix,2010-10-24,kubica,KUB,Robert Kubica,renault,Renault,11,8,5,10.0,55,Finished,7.0,181.122,
2010,17,Korean Grand Prix,2010-10-24,liuzzi,LIU,Vitantonio Liuzzi,force_india,Force India,15,17,6,8.0,55,Finished,5.0,181.501,
2010,17,Korean Grand Prix,2010-10-24,barrichello,BAR,Rubens Barrichello,williams,Williams,9,10,7,6.0,55,Finished,6.0,181.187,
2010,17,Korean Grand Prix,2010-10-24,kobayashi,KOB,Kamui Kobayashi,sauber,Sauber,23,12,8,4.0,55,Finished,14.0,178.748,
2010,17,Korean Grand Prix,2010-10-24,heidfeld,HEI,Nick Heidfeld,sauber,Sauber,22,13,9,2.0,55,Finished,15.0,178.469,
2010,17,Korean Grand Prix,2010-10-24,hulkenberg,HUL,Nico Hülkenberg,williams,Williams,10,11,10,1.0,55,Finished,10.0,180.511,
2010,17,Korean Grand Prix,2010-10-24,alguersuari,ALG,Jaime Alguersuari,toro_rosso,Toro Rosso,17,15,11,0.0,55,Finished,9.0,180.543,
2010,17,Korean Grand Prix,2010-10-24,button,BUT,Jenson Button,mclaren,McLaren,1,7,12,0.0,55,Finished,11.0,180.171,
2010,17,Korean Grand Prix,2010-10-24,kovalainen,KOV,Heikki Kovalainen,lotus_racing,Lotus,19,21,13,0.0,54,+1 Lap,16.0,175.746,
2010,17,Korean Grand Prix,2010-10-24,bruno_senna,SEN,Bruno Senna,hrt,HRT,21,24,14,0.0,53,+2 Laps,20.0,169.452,
2010,17,Korean Grand Prix,2010-10-24,yamamoto,YAM,Sakon Yamamoto,hrt,HRT,20,23,15,0.0,53,+2 Laps,19.0,170.851,
2010,17,Korean Grand Prix,2010-10-24,sutil,SUT,Adrian Sutil,force_india,Force India,14,14,16,0.0,46,Collision,12.0,179.518,
2010,17,Korean Grand Prix,2010-10-24,vettel,VET,Sebastian Vettel,red_bull,Red Bull,5,1,17,0.0,45,Engine,2.0,183.139,
2010,17,Korean Grand Prix,2010-10-24,petrov,PET,Vitaly Petrov,renault,Renault,12,20,18,0.0,39,Accident,13.0,178.835,
2010,17,Korean Grand Prix,2010-10-24,glock,GLO,Timo Glock,virgin,Virgin,24,19,19,0.0,31,Collision,18.0,171.157,
2010,17,Korean Grand Prix,2010-10-24,buemi,BUE,Sébastien Buemi,toro_rosso,Toro Rosso,16,16,20,0.0,30,Collision,17.0,173.112,
2010,17,Korean Grand Prix,2010-10-24,grassi,DIG,Lucas di Grassi,virgin,Virgin,25,22,21,0.0,25,Accident,23.0,164.83,
2010,17,Korean Grand Prix,2010-10-24,trulli,TRU,Jarno Trulli,lotus_racing,Lotus,18,18,22,0.0,25,Hydraulics,24.0,161.503,
2010,17,Korean Grand Prix,2010-10-24,webber,WEB,Mark Webber,red_bull,Red Bull,6,2,23,0.0,18,Accident,21.0,168.414,
2010,17,Korean Grand Prix,2010-10-24,rosberg,ROS,Nico Rosberg,mercedes,Mercedes,4,5,24,0.0,18,Collision,22.0,167.539,
2010,18,Brazilian Grand Prix,2010-11-07,vettel,VET,Sebastian Vettel,red_bull,Red Bull,5,2,1,25.0,71,Finished,6.0,208.828,
2010,18,Brazilian Grand Prix,2010-11-07,webber,WEB,Mark Webber,red_bull,Red Bull,6,3,2,18.0,71,Finished,4.0,209.493,
2010,18,Brazilian Grand Prix,2010-11-07,alonso,ALO,Fernando Alonso,ferrari,Ferrari,8,5,3,15.0,71,Finished,2.0,210.038,
2010,18,Brazilian Grand Prix,2010-11-07,hamilton,HAM,Lewis Hamilton,mclaren,McLaren,2,4,4,12.0,71,Finished,1.0,210.049,
2010,18,Brazilian Grand Prix,2010-11-07,button,BUT,Jenson Button,mclaren,McLaren,1,11,5,10.0,71,Finished,3.0,209.819,
2010,18,Brazilian Grand Prix,2010-11-07,rosberg,ROS,Nico Rosberg,mercedes,Mercedes,4,13,6,8.0,71,Finished,5.0,209.107,
2010,18,Brazilian Grand Prix,2010-11-07,michael_schumacher,MSC,Michael Schumacher,mercedes,Mercedes,3,8,7,6.0,71,Finished,12.0,206.229,
2010,18,Brazilian Grand Prix,2010-11-07,hulkenberg,HUL,Nico Hülkenberg,williams,Williams,10,1,8,4.0,70,+1 Lap,8.0,206.873,
2010,18,Brazilian Grand Prix,2010-11-07,kubica,KUB,Robert Kubica,renault,Renault,11,7,9,2.0,70,+1 Lap,11.0,206.388,
2010,18,Brazilian Grand Prix,2010-11-07,kobayashi,KOB,Kamui Kobayashi,sauber,Sauber,23,12,10,1.0,70,+1 Lap,7.0,207.529,
2010,18,Brazilian Grand Prix,2010-11-07,alguersuari,ALG,Jaime Alguersuari,toro_rosso,Toro Rosso,17,14,11,0.0,70,+1 Lap,16.0,204.932,
2010,18,Brazilian Grand Prix,2010-11-07,sutil,SUT,Adrian Sutil,force_india,Force India,14,22,12,0.0,70,+1 Lap,9.0,206.84,
2010,18,Brazilian Grand Prix,2010-11-07,buemi,BUE,Sébastien Buemi,toro_rosso,Toro Rosso,16,19,13,0.0,70,+1 Lap,17.0,204.285,
2010,18,Brazilian Grand Prix,2010-11-07,barrichello,BAR,Rubens Barrichello,williams,Williams,9,6,14,0.0,70,+1 Lap,13.0,206.207,
2010,18,Brazilian Grand Prix,2010-11-07,massa,MAS,Felipe Massa,ferrari,Ferrari,7,9,15,0.0,70,+1 Lap,14.0,205.925,
2010,18,Brazilian Grand Prix,2010-11-07,petrov,PET,Vitaly Petrov,renault,Renault,12,10,16,0.0,70,+1 Lap,15.0,205.503,
2010,18,Brazilian Grand Prix,2010-11-07,heidfeld,HEI,Nick Heidfeld,sauber,Sauber,22,15,17,0.0,70,+1 Lap,10.0,206.644,
2010,18,Brazilian Grand Prix,2010-11-07,kovalainen,KOV,Heikki Kovalainen,lotus_racing,Lotus,19,20,18,0.0,69,+2 Laps,20.0,201.039,
2010,18,Brazilian Grand Prix,2010-11-07,trulli,TRU,Jarno Trulli,lotus_racing,Lotus,18,18,19,0.0,69,+2 Laps,21.0,200.636,
2010,18,Brazilian Grand Prix,2010-11-07,glock,GLO,Timo Glock,virgin,Virgin,24,17,20,0.0,69,+2 Laps,23.0,199.657,
2010,18,Brazilian Grand Prix,2010-11-07,bruno_senna,SEN,Bruno Senna,hrt,HRT,21,24,21,0.0,69,+2 Laps,24.0,199.565,
2010,18,Brazilian Grand Prix,2010-11-07,klien,KLI,Christian Klien,hrt,HRT,20,23,22,0.0,65,+6 Laps,22.0,199.67,
2010,18,Brazilian Grand Prix,2010-11-07,grassi,DIG,Lucas di Grassi,virgin,Virgin,25,21,23,0.0,62,+9 Laps,18.0,202.071,
2010,18,Brazilian Grand Prix,2010-11-07,liuzzi,LIU,Vitantonio Liuzzi,force_india,Force India,15,16,24,0.0,49,Accident,19.0,201.616,
2010,19,Abu Dhabi Grand Prix,2010-11-14,vettel,VET,Sebastian Vettel,red_bull,Red Bull,5,1,1,25.0,55,Finished,4.0,196.526,
2010,19,Abu Dhabi Grand Prix,2010-11-14,hamilton,HAM,Lewis Hamilton,mclaren,McLaren,2,2,2,18.0,55,Finished,1.0,197.428,
2010,19,Abu Dhabi Grand Prix,2010-11-14,button,BUT,Jenson Button,mclaren,McLaren,1,4,3,15.0,55,Finished,2.0,196.725,
2010,19,Abu Dhabi Grand Prix,2010-11-14,rosberg,ROS,Nico Rosberg,mercedes,Mercedes,4,9,4,12.0,55,Finished,3.0,196.58,
2010,19,Abu Dhabi Grand Prix,2010-11-14,kubica,KUB,Robert Kubica,renault,Renault,11,11,5,10.0,55,Finished,5.0,196.499,
2010,19,Abu Dhabi Grand Prix,2010-11-14,petrov,PET,Vitaly Petrov,renault,Renault,12,10,6,8.0,55,Finished,8.0,195.427,
2010,19,Abu Dhabi Grand Prix,2010-11-14,alonso,ALO,Fernando Alonso,ferrari,Ferrari,8,3,7,6.0,55,Finished,7.0,195.588,
2010,19,Abu Dhabi Grand Prix,2010-11-14,webber,WEB,Mark Webber,red_bull,Red Bull,6,5,8,4.0,55,Finished,6.0,195.647,
2010,19,Abu Dhabi Grand Prix,2010-11-14,alguersuari,ALG,Jaime Alguersuari,toro_rosso,Toro Rosso,17,17,9,2.0,55,Finished,15.0,194.636,
2010,19,Abu Dhabi Grand Prix,2010-11-14,massa,MAS,Felipe Massa,ferrari,Ferrari,7,6,10,1.0,55,Finished,14.0,194.64,
2010,19,Abu Dhabi Grand Prix,2010-11-14,heidfeld,HEI,Nick Heidfeld,sauber,Sauber,22,14,11,0.0,55,Finished,12.0,194.738,
2010,19,Abu Dhabi Grand Prix,2010-11-14,barrichello,BAR,Rubens Barrichello,williams,Williams,9,7,12,0.0,55,Finished,11.0,194.746,
2010,19,Abu Dhabi Grand Prix,2010-11-14,sutil,SUT,Adrian Sutil,force_india,Force India,14,13,13,0.0,55,Finished,13.0,194.696,
2010,19,Abu Dhabi Grand Prix,2010-11-14,kobayashi,KOB,Kamui Kobayashi,sauber,Sauber,23,12,14,0.0,55,Finished,16.0,194.624,
2010,19,Abu Dhabi Grand Prix,2010-11-14,buemi,BUE,Sébastien Buemi,toro_rosso,Toro Rosso,16,18,15,0.0,55,Finished,10.0,194.928,
2010,19,Abu Dhabi Grand Prix,2010-11-14,hulkenberg,HUL,Nico Hülkenberg,williams,Williams,10,15,16,0.0,55,Finished,9.0,195.263,
2010,19,Abu Dhabi Grand Prix,2010-11-14,kovalainen,KOV,Heikki Kovalainen,lotus_racing,Lotus,19,20,17,0.0,54,+1 Lap,17.0,189.739,
2010,19,Abu Dhabi Grand Prix,2010-11-14,grassi,DIG,Lucas di Grassi,virgin,Virgin,25,22,18,0.0,53,+2 Laps,19.0,188.402,
2010,19,Abu Dhabi Grand Prix,2010-11-14,bruno_senna,SEN,Bruno Senna,hrt,HRT,21,23,19,0.0,53,+2 Laps,20.0,188.173,
2010,19,Abu Dhabi Grand Prix,2010-11-14,klien,KLI,Christian Klien,hrt,HRT,20,24,20,0.0,53,+2 Laps,21.0,187.483,
2010,19,Abu Dhabi Grand Prix,2010-11-14,trulli,TRU,Jarno Trulli,lotus_racing,Lotus,18,19,21,0.0,51,Rear wing,18.0,188.663,
2010,19,Abu Dhabi Grand Prix,2010-11-14,glock,GLO,Timo Glock,virgin,Virgin,24,21,22,0.0,43,Gearbox,22.0,187.148,
2010,19,Abu Dhabi Grand Prix,2010-11-14,michael_schumacher,MSC,Michael Schumacher,mercedes,Mercedes,3,8,23,0.0,0,Collision,,,
2010,19,Abu Dhabi Grand Prix,2010-11-14,liuzzi,LIU,Vitantonio Liuzzi,force_india,Force India,15,16,24,0.0,0,Collision,,,
2011,1,Australian Grand Prix,2011-03-27,vettel,VET,Sebastian Vettel,red_bull,Red Bull,1,1,1,25.0,58,Finished,4.0,,212.488
2011,1,Australian Grand Prix,2011-03-27,hamilton,HAM,Lewis Hamilton,mclaren,McLaren,3,2,2,18.0,58,Finished,8.0,,211.382
2011,1,Australian Grand Prix,2011-03-27,petrov,PET,Vitaly Petrov,renault,Renault,10,6,3,15.0,58,Finished,7.0,,211.969
2011,1,Australian Grand Prix,2011-03-27,alonso,ALO,Fernando Alonso,ferrari,Ferrari,5,5,4,12.0,58,Finished,2.0,,213.336
2011,1,Australian Grand Prix,2011-03-27,webber,WEB,Mark Webber,red_bull,Red Bull,2,3,5,10.0,58,Finished,3.0,,213.066
2011,1,Australian Grand Prix,2011-03-27,button,BUT,Jenson Button,mclaren,McLaren,4,4,6,8.0,58,Finished,5.0,,212.396
2011,1,Australian Grand Prix,2011-03-27,massa,MAS,Felipe Massa,ferrari,Ferrari,6,8,7,6.0,58,Finished,1.0,,214.631
2011,1,Australian Grand Prix,2011-03-27,buemi,BUE,Sébastien Buemi,toro_rosso,Toro Rosso,18,10,8,4.0,57,+1 Lap,11.0,,210.167
2011,1,Australian Grand Prix,2011-03-27,sutil,SUT,Adrian Sutil,force_india,Force India,14,16,9,2.0,57,+1 Lap,13.0,,208.583
2011,1,Australian Grand Prix,2011-03-27,resta,DIR,Paul di Resta,force_india,Force India,15,14,10,1.0,57,+1 Lap,14.0,,207.641
2011,1,Australian Grand Prix,2011-03-27,alguersuari,ALG,Jaime Alguersuari,toro_rosso,Toro Rosso,19,12,11,0.0,57,+1 Lap,10.0,,211.025
2011,1,Australian Grand Prix,2011-03-27,heidfeld,HEI,Nick Heidfeld,renault,Renault,9,18,12,0.0,57,+1 Lap,15.0,,206.661
2011,1,Australian Grand Prix,2011-03-27,trulli,TRU,Jarno Trulli,lotus_racing,Lotus,21,20,13,0.0,56,+2 Laps,16.0,,206.275
2011,1,Australian Grand Prix,2011-03-27,ambrosio,DAM,Jérôme d'Ambrosio,virgin,Virgin,25,22,14,0.0,54,+4 Laps,19.0,,201.969
2011,1,Australian Grand Prix,2011-03-27,glock,GLO,Timo Glock,virgin,Virgin,24,21,15,0.0,49,+9 Laps,22.0,,199.3
2011,1,Australian Grand Prix,2011-03-27,barrichello,BAR,Rubens Barrichello,williams,Williams,11,17,16,0.0,48,Transmission,12.0,,208.861
2011,1,Australian Grand Prix,2011-03-27,rosberg,ROS,Nico Rosberg,mercedes,Mercedes,8,7,17,0.0,22,Collision,17.0,,204.173
2011,1,Australian Grand Prix,2011-03-27,kovalainen,KOV,Heikki Kovalainen,lotus_racing,Lotus,20,19,18,0.0,19,Water leak,20.0,,201.129
2011,1,Australian Grand Prix,2011-03-27,michael_schumacher,MSC,Michael Schumacher,mercedes,Mercedes,7,11,19,0.0,19,Collision,21.0,,200.283
2011,1,Australian Grand Prix,2011-03-27,maldonado,MAL,Pastor Maldonado,williams,Williams,12,15,20,0.0,9,Transmission,18.0,,202.873
2011,1,Australian Grand Prix,2011-03-27,kobayashi,KOB,Kamui Kobayashi,sauber,Sauber,16,9,21,0.0,58,Disqualified,9.0,,211.218
2011,1,Australian Grand Prix,2011-03-27,perez,PER,Sergio Pérez,sauber,Sauber,17,13,22,0.0,58,Disqualified,6.0,,212.209
2011,2,Malaysian Grand Prix,2011-04-10,vettel,VET,Sebastian Vettel,red_bull,Red Bull,1,1,1,25.0,56,Finished,6.0,,196.523
2011,2,Malaysian Grand Prix,2011-04-10,button,BUT,Jenson Button,mclaren,McLaren,4,4,2,18.0,56,Finished,4.0,,197.057
2011,2,Malaysian Grand Prix,2011-04-10,heidfeld,HEI,Nick Heidfeld,renault,Renault,9,6,3,15.0,56,Finished,7.0,,196.508
2011,2,Malaysian Grand Prix,2011-04-10,webber,WEB,Mark Webber,red_bull,Red Bull,2,3,4,12.0,56,Finished,1.0,,198.415
2011,2,Malaysian Grand Prix,2011-04-10,massa,MAS,Felipe Massa,ferrari,Ferrari,6,7,5,10.0,56,Finished,9.0,,195.637
2011,2,Malaysian Grand Prix,2011-04-10,alonso,ALO,Fernando Alonso,ferrari,Ferrari,5,5,6,8.0,56,Finished,2.0,,198.127
2011,2,Malaysian Grand Prix,2011-04-10,kobayashi,KOB,Kamui Kobayashi,sauber,Sauber,16,10,7,6.0,56,Finished,10.0,,195.453
2011,2,Malaysian Grand Prix,2011-04-10,hamilton,HAM,Lewis Hamilton,mclaren,McLaren,3,2,8,4.0,56,Finished,5.0,,196.575
2011,2,Malaysian Grand Prix,2011-04-10,michael_schumacher,MSC,Michael Schumacher,mercedes,Mercedes,7,11,9,2.0,56,Finished,11.0,,194.698
2011,2,Malaysian Grand Prix,2011-04-10,resta,DIR,Paul di Resta,force_india,Force India,15,14,10,1.0,56,Finished,13.0,,193.956
2011,2,Malaysian Grand Prix,2011-04-10,sutil,SUT,Adrian Sutil,force_india,Force India,14,17,11,0.0,55,+1 Lap,14.0,,193.786
2011,2,Malaysian Grand Prix,2011-04-10,rosberg,ROS,Nico Rosberg,mercedes,Mercedes,8,9,12,0.0,55,+1 Lap,8.0,,196.062
2011,2,Malaysian Grand Prix,2011-04-10,buemi,BUE,Sébastien Buemi,toro_rosso,Toro Rosso,18,12,13,0.0,55,+1 Lap,12.0,,194.379
2011,2,Malaysian Grand Prix,2011-04-10,alguersuari,ALG,Jaime Alguersuari,toro_rosso,Toro Rosso,19,13,14,0.0,55,+1 Lap,17.0,,192.346
2011,2,Malaysian Grand Prix,2011-04-10,kovalainen,KOV,Heikki Kovalainen,lotus_racing,Lotus,20,19,15,0.0,55,+1 Lap,16.0,,192.47
2011,2,Malaysian Grand Prix,2011-04-10,glock,GLO,Timo Glock,virgin,Virgin,24,21,16,0.0,54,+2 Laps,20.0,,189.401
2011,2,Malaysian Grand Prix,2011-04-10,petrov,PET,Vitaly Petrov,renault,Renault,10,8,17,0.0,52,Accident,3.0,,197.466
2011,2,Malaysian Grand Prix,2011-04-10,liuzzi,LIU,Vitantonio Liuzzi,hrt,HRT,23,23,18,0.0,46,+10 Laps,23.0,,187.332
2011,2,Malaysian Grand Prix,2011-04-10,ambrosio,DAM,Jérôme d'Ambrosio,virgin,Virgin,25,22,19,0.0,42,Accident,19.0,,189.421
2011,2,Malaysian Grand Prix,2011-04-10,trulli,TRU,Jarno Trulli,lotus_racing,Lotus,21,20,20,0.0,31,Clutch,18.0,,189.54
2011,2,Malaysian Grand Prix,2011-04-10,perez,PER,Sergio Pérez,sauber,Sauber,17,16,21,0.0,23,Accident,15.0,,193.177
2011,2,Malaysian Grand Prix,2011-04-10,barrichello,BAR,Rubens Barrichello,williams,Williams,11,15,22,0.0,22,Gearbox,21.0,,189.116
2011,2,Malaysian Grand Prix,2011-04-10,karthikeyan,KAR,Narain Karthikeyan,hrt,HRT,22,24,23,0.0,14,+42 Laps,24.0,,182.427
2011,2,Malaysian Grand Prix,2011-04-10,maldonado,MAL,Pastor Maldonado,williams,Williams,12,18,24,0.0,8,Engine misfire,22.0,,188.806
2011,3,Chinese Grand Prix,2011-04-17,hamilton,HAM,Lewis Hamilton,mclaren,McLaren,3,3,1,25.0,56,Finished,2.0,,195.424
2011,3,Chinese Grand Prix,2011-04-17,vettel,VET,Sebastian Vettel,red_bull,Red Bull,1,1,2,18.0,56,Finished,8.0,,193.677
2011,3,Chinese Grand Prix,2011-04-17,webber,WEB,Mark Webber,red_bull,Red Bull,2,18,3,15.0,56,Finished,1.0,,198.232
2011,3,Chinese Grand Prix,2011-04-17,button,BUT,Jenson Button,mclaren,McLaren,4,2,4,12.0,56,Finished,3.0,,195.021
2011,3,Chinese Grand Prix,2011-04-17,rosberg,ROS,Nico Rosberg,mercedes,Mercedes,8,4,5,10.0,56,Finished,5.0,,193.974
2011,3,Chinese Grand Prix,2011-04-17,massa,MAS,Felipe Massa,ferrari,Ferrari,6,6,6,8.0,56,Finished,10.0,,192.997
2011,3,Chinese Grand Prix,2011-04-17,alonso,ALO,Fernando Alonso,ferrari,Ferrari,5,5,7,6.0,56,Finished,15.0,,192.256
2011,3,Chinese Grand Prix,2011-04-17,michael_schumacher,MSC,Michael Schumacher,mercedes,Mercedes,7,14,8,4.0,56,Finished,6.0,,193.88
2011,3,Chinese Grand Prix,2011-04-17,petrov,PET,Vitaly Petrov,renault,Renault,10,10,9,2.0,56,Finished,7.0,,193.792
2011,3,Chinese Grand Prix,2011-04-17,kobayashi,KOB,Kamui Kobayashi,sauber,Sauber,16,13,10,1.0,56,Finished,17.0,,191.306
2011,3,Chinese Grand Prix,2011-04-17,resta,DIR,Paul di Resta,force_india,Force India,15,8,11,0.0,56,Finished,18.0,,191.237
2011,3,Chinese Grand Prix,2011-04-17,heidfeld,HEI,Nick Heidfeld,renault,Renault,9,16,12,0.0,56,Finished,16.0,,191.625
2011,3,Chinese Grand Prix,2011-04-17,barrichello,BAR,Rubens Barrichello,williams,Williams,11,15,13,0.0,56,Finished,13.0,,192.329
2011,3,Chinese Grand Prix,2011-04-17,buemi,BUE,Sébastien Buemi,toro_rosso,Toro Rosso,18,9,14,0.0,56,Finished,11.0,,192.963
2011,3,Chinese Grand Prix,2011-04-17,sutil,SUT,Adrian Sutil,force_india,Force India,14,11,15,0.0,55,+1 Lap,4.0,,193.991
2011,3,Chinese Grand Prix,2011-04-17,kovalainen,KOV,Heikki Kovalainen,lotus_racing,Lotus,20,19,16,0.0,55,+1 Lap,19.0,,191.129
2011,3,Chinese Grand Prix,2011-04-17,perez,PER,Sergio Pérez,sauber,Sauber,17,12,17,0.0,55,+1 Lap,9.0,,193.063
2011,3,Chinese Grand Prix,2011-04-17,maldonado,MAL,Pastor Maldonado,williams,Williams,12,17,18,0.0,55,+1 Lap,12.0,,192.951
2011,3,Chinese Grand Prix,2011-04-17,trulli,TRU,Jarno Trulli,lotus_racing,Lotus,21,20,19,0.0,55,+1 Lap,14.0,,192.29
2011,3,Chinese Grand Prix,2011-04-17,ambrosio,DAM,Jérôme d'Ambrosio,virgin,Virgin,25,21,20,0.0,54,+2 Laps,22.0,,187.237
2011,3,Chinese Grand Prix,2011-04-17,glock,GLO,Timo Glock,virgin,Virgin,24,22,21,0.0,54,+2 Laps,21.0,,187.999
2011,3,Chinese Grand Prix,2011-04-17,liuzzi,LIU,Vitantonio Liuzzi,hrt,HRT,23,23,22,0.0,54,+2 Laps,20.0,,189.812
2011,3,Chinese Grand Prix,2011-04-17,karthikeyan,KAR,Narain Karthikeyan,hrt,HRT,22,24,23,0.0,54,+2 Laps,24.0,,184.986
2011,3,Chinese Grand Prix,2011-04-17,alguersuari,ALG,Jaime Alguersuari,toro_rosso,Toro Rosso,19,7,24,0.0,9,Wheel,23.0,,185.653
2011,4,Turkish Grand Prix,2011-05-08,vettel,VET,Sebastian Vettel,red_bull,Red Bull,1,1,1,25.0,58,Finished,3.0,,213.669
2011,4,Turkish Grand Prix,2011-05-08,webber,WEB,Mark Webber,red_bull,Red Bull,2,2,2,18.0,58,Finished,1.0,,214.226
2011,4,Turkish Grand Prix,2011-05-08,alonso,ALO,Fernando Alonso,ferrari,Ferrari,5,5,3,15.0,58,Finished,6.0,,212.86
2011,4,Turkish Grand Prix,2011-05-08,hamilton,HAM,Lewis Hamilton,mclaren,McLaren,3,4,4,12.0,58,Finished,4.0,,213.264
2011,4,Turkish Grand Prix,2011-05-08,rosberg,ROS,Nico Rosberg,mercedes,Mercedes,8,3,5,10.0,58,Finished,7.0,,212.169
2011,4,Turkish Grand Prix,2011-05-08,button,BUT,Jenson Button,mclaren,McLaren,4,6,6,8.0,58,Finished,13.0,,210.786
2011,4,Turkish Grand Prix,2011-05-08,heidfeld,HEI,Nick Heidfeld,renault,Renault,9,9,7,6.0,58,Finished,5.0,,213.145
2011,4,Turkish Grand Prix,2011-05-08,petrov,PET,Vitaly Petrov,renault,Renault,10,7,8,4.0,58,Finished,8.0,,212.063
2011,4,Turkish Grand Prix,2011-05-08,buemi,BUE,Sébastien Buemi,toro_rosso,Toro Rosso,18,16,9,2.0,58,Finished,14.0,,210.341
2011,4,Turkish Grand Prix,2011-05-08,kobayashi,KOB,Kamui Kobayashi,sauber,Sauber,16,24,10,1.0,58,Finished,10.0,,211.085
2011,4,Turkish Grand Prix,2011-05-08,massa,MAS,Felipe Massa,ferrari,Ferrari,6,10,11,0.0,58,Finished,11.0,,210.9
2011,4,Turkish Grand Prix,2011-05-08,michael_schumacher,MSC,Michael Schumacher,mercedes,Mercedes,7,8,12,0.0,58,Finished,12.0,,210.819
2011,4,Turkish Grand Prix,2011-05-08,sutil,SUT,Adrian Sutil,force_india,Force India,14,12,13,0.0,57,+1 Lap,16.0,,208.719
2011,4,Turkish Grand Prix,2011-05-08,perez,PER,Sergio Pérez,sauber,Sauber,17,15,14,0.0,57,+1 Lap,9.0,,211.645
2011,4,Turkish Grand Prix,2011-05-08,barrichello,BAR,Rubens Barrichello,williams,Williams,11,11,15,0.0,57,+1 Lap,17.0,,208.699
2011,4,Turkish Grand Prix,2011-05-08,alguersuari,ALG,Jaime Alguersuari,toro_rosso,Toro Rosso,19,17,16,0.0,57,+1 Lap,2.0,,213.771
2011,4,Turkish Grand Prix,2011-05-08,maldonado,MAL,Pastor Maldonado,williams,Williams,12,14,17,0.0,57,+1 Lap,15.0,,208.778
2011,4,Turkish Grand Prix,2011-05-08,trulli,TRU,Jarno Trulli,lotus_racing,Lotus,21,19,18,0.0,57,+1 Lap,20.0,,206.939
2011,4,Turkish Grand Prix,2011-05-08,kovalainen,KOV,Heikki Kovalainen,lotus_racing,Lotus,20,18,19,0.0,56,+2 Laps,19.0,,207.312
2011,4,Turkish Grand Prix,2011-05-08,ambrosio,DAM,Jérôme d'Ambrosio,virgin,Virgin,25,23,20,0.0,56,+2 Laps,23.0,,202.343
2011,4,Turkish Grand Prix,2011-05-08,karthikeyan,KAR,Narain Karthikeyan,hrt,HRT,22,22,21,0.0,55,+3 Laps,21.0,,204.547
2011,4,Turkish Grand Prix,2011-05-08,liuzzi,LIU,Vitantonio Liuzzi,hrt,HRT,23,20,22,0.0,53,+5 Laps,22.0,,202.925
2011,4,Turkish Grand Prix,2011-05-08,resta,DIR,Paul di Resta,force_india,Force India,15,13,23,0.0,44,Retired,18.0,,207.706
2011,4,Turkish Grand Prix,2011-05-08,glock,GLO,Timo Glock,virgin,Virgin,24,21,24,0.0,0,Gearbox,,,
2011,5,Spanish Grand Prix,2011-05-22,vettel,VET,Sebastian Vettel,red_bull,Red Bull,1,2,1,25.0,66,Finished,4.0,,192.262
2011,5,Spanish Grand Prix,2011-05-22,hamilton,HAM,Lewis Hamilton,mclaren,McLaren,3,3,2,18.0,66,Finished,1.0,,193.227
2011,5,Spanish Grand Prix,2011-05-22,button,BUT,Jenson Button,mclaren,McLaren,4,5,3,15.0,66,Finished,7.0,,191.48
2011,5,Spanish Grand Prix,2011-05-22,webber,WEB,Mark Webber,red_bull,Red Bull,2,1,4,12.0,66,Finished,5.0,,192.207
2011,5,Spanish Grand Prix,2011-05-22,alonso,ALO,Fernando Alonso,ferrari,Ferrari,5,4,5,10.0,65,+1 Lap,9.0,,188.85
2011,5,Spanish Grand Prix,2011-05-22,michael_schumacher,MSC,Michael Schumacher,mercedes,Mercedes,7,10,6,8.0,65,+1 Lap,15.0,,187.317
2011,5,Spanish Grand Prix,2011-05-22,rosberg,ROS,Nico Rosberg,mercedes,Mercedes,8,7,7,6.0,65,+1 Lap,13.0,,187.964
2011,5,Spanish Grand Prix,2011-05-22,heidfeld,HEI,Nick Heidfeld,renault,Renault,9,24,8,4.0,65,+1 Lap,3.0,,192.713
2011,5,Spanish Grand Prix,2011-05-22,perez,PER,Sergio Pérez,sauber,Sauber,17,12,9,2.0,65,+1 Lap,6.0,,192.075
2011,5,Spanish Grand Prix,2011-05-22,kobayashi,KOB,Kamui Kobayashi,sauber,Sauber,16,14,10,1.0,65,+1 Lap,8.0,,191.268
2011,5,Spanish Grand Prix,2011-05-22,petrov,PET,Vitaly Petrov,renault,Renault,10,6,11,0.0,65,+1 Lap,17.0,,187.047
2011,5,Spanish Grand Prix,2011-05-22,resta,DIR,Paul di Resta,force_india,Force India,15,16,12,0.0,65,+1 Lap,16.0,,187.305
2011,5,Spanish Grand Prix,2011-05-22,sutil,SUT,Adrian Sutil,force_india,Force India,14,17,13,0.0,65,+1 Lap,10.0,,188.735
2011,5,Spanish Grand Prix,2011-05-22,buemi,BUE,Sébastien Buemi,toro_rosso,Toro Rosso,18,11,14,0.0,65,+1 Lap,18.0,,186.098
2011,5,Spanish Grand Prix,2011-05-22,maldonado,MAL,Pastor Maldonado,williams,Williams,12,9,15,0.0,65,+1 Lap,14.0,,187.468
2011,5,Spanish Grand Prix,2011-05-22,alguersuari,ALG,Jaime Alguersuari,toro_rosso,Toro Rosso,19,13,16,0.0,64,+2 Laps,12.0,,188.013
2011,5,Spanish Grand Prix,2011-05-22,barrichello,BAR,Rubens Barrichello,williams,Williams,11,19,17,0.0,64,+2 Laps,2.0,,192.862
2011,5,Spanish Grand Prix,2011-05-22,trulli,TRU,Jarno Trulli,lotus_racing,Lotus,21,18,18,0.0,64,+2 Laps,20.0,,184.594
2011,5,Spanish Grand Prix,2011-05-22,glock,GLO,Timo Glock,virgin,Virgin,24,20,19,0.0,63,+3 Laps,21.0,,182.877
2011,5,Spanish Grand Prix,2011-05-22,ambrosio,DAM,Jérôme d'Ambrosio,virgin,Virgin,25,23,20,0.0,62,+4 Laps,22.0,,181.071
2011,5,Spanish Grand Prix,2011-05-22,karthikeyan,KAR,Narain Karthikeyan,hrt,HRT,22,22,21,0.0,61,+5 Laps,23.0,,180.488
2011,5,Spanish Grand Prix,2011-05-22,massa,MAS,Felipe Massa,ferrari,Ferrari,6,8,22,0.0,58,Gearbox,11.0,,188.12
2011,5,Spanish Grand Prix,2011-05-22,kovalainen,KOV,Heikki Kovalainen,lotus_racing,Lotus,20,15,23,0.0,48,Accident,19.0,,184.93
2011,5,Spanish Grand Prix,2011-05-22,liuzzi,LIU,Vitantonio Liuzzi,hrt,HRT,23,21,24,0.0,28,Gearbox,24.0,,178.496
2011,6,Monaco Grand Prix,2011-05-29,vettel,VET,Sebastian Vettel,red_bull,Red Bull,1,1,1,25.0,78,Finished,2.0,,157.656
2011,6,Monaco Grand Prix,2011-05-29,alonso,ALO,Fernando Alonso,ferrari,Ferrari,5,4,2,18.0,78,Finished,4.0,,157.236
2011,6,Monaco Grand Prix,2011-05-29,button,BUT,Jenson Button,mclaren,McLaren,4,2,3,15.0,78,Finished,3.0,,157.252
2011,6,Monaco Grand Prix,2011-05-29,webber,WEB,Mark Webber,red_bull,Red Bull,2,3,4,12.0,78,Finished,1.0,,157.724
2011,6,Monaco Grand Prix,2011-05-29,kobayashi,KOB,Kamui Kobayashi,sauber,Sauber,16,12,5,10.0,78,Finished,7.0,,153.547
2011,6,Monaco Grand Prix,2011-05-29,hamilton,HAM,Lewis Hamilton,mclaren,McLaren,3,9,6,8.0,78,Finished,5.0,,154.456
2011,6,Monaco Grand Prix,2011-05-29,sutil,SUT,Adrian Sutil,force_india,Force India,14,14,7,6.0,77,+1 Lap,13.0,,152.449
2011,6,Monaco Grand Prix,2011-05-29,heidfeld,HEI,Nick Heidfeld,renault,Renault,9,15,8,4.0,77,+1 Lap,6.0,,154.436
2011,6,Monaco Grand Prix,2011-05-29,barrichello,BAR,Rubens Barrichello,williams,Williams,11,11,9,2.0,77,+1 Lap,8.0,,153.008
2011,6,Monaco Grand Prix,2011-05-29,buemi,BUE,Sébastien Buemi,toro_rosso,Toro Rosso,18,16,10,1.0,77,+1 Lap,12.0,,152.526
2011,6,Monaco Grand Prix,2011-05-29,rosberg,ROS,Nico Rosberg,mercedes,Mercedes,8,7,11,0.0,76,+2 Laps,10.0,,152.784
2011,6,Monaco Grand Prix,2011-05-29,resta,DIR,Paul di Resta,force_india,Force India,15,13,12,0.0,76,+2 Laps,11.0,,152.736
2011,6,Monaco Grand Prix,2011-05-29,trulli,TRU,Jarno Trulli,lotus_racing,Lotus,21,18,13,0.0,76,+2 Laps,19.0,,147.938
2011,6,Monaco Grand Prix,2011-05-29,kovalainen,KOV,Heikki Kovalainen,lotus_racing,Lotus,20,17,14,0.0,76,+2 Laps,18.0,,149.036
2011,6,Monaco Grand Prix,2011-05-29,ambrosio,DAM,Jérôme d'Ambrosio,virgin,Virgin,25,21,15,0.0,75,+3 Laps,20.0,,147.731
2011,6,Monaco Grand Prix,2011-05-29,liuzzi,LIU,Vitantonio Liuzzi,hrt,HRT,23,23,16,0.0,75,+3 Laps,21.0,,147.414
2011,6,Monaco Grand Prix,2011-05-29,karthikeyan,KAR,Narain Karthikeyan,hrt,HRT,22,22,17,0.0,74,+4 Laps,23.0,,145.338
2011,6,Monaco Grand Prix,2011-05-29,maldonado,MAL,Pastor Maldonado,williams,Williams,12,8,18,0.0,73,Accident,14.0,,152.387
2011,6,Monaco Grand Prix,2011-05-29,petrov,PET,Vitaly Petrov,renault,Renault,10,10,19,0.0,67,Collision,16.0,,150.191
2011,6,Monaco Grand Prix,2011-05-29,alguersuari,ALG,Jaime Alguersuari,toro_rosso,Toro Rosso,19,19,20,0.0,66,Collision,9.0,,152.961
2011,6,Monaco Grand Prix,2011-05-29,massa,MAS,Felipe Massa,ferrari,Ferrari,6,6,21,0.0,32,Accident,17.0,,149.921
2011,6,Monaco Grand Prix,2011-05-29,michael_schumacher,MSC,Michael Schumacher,mercedes,Mercedes,7,5,22,0.0,32,Engine,15.0,,150.674
2011,6,Monaco Grand Prix,2011-05-29,glock,GLO,Timo Glock,virgin,Virgin,24,20,23,0.0,30,Suspension,22.0,,146.451
2011,6,Monaco Grand Prix,2011-05-29,perez,PER,Sergio Pérez,sauber,Sauber,17,0,24,0.0,0,Injury,,,
2011,7,Canadian Grand Prix,2011-06-12,button,BUT,Jenson Button,mclaren,McLaren,4,7,1,25.0,70,Finished,1.0,,204.007
2011,7,Canadian Grand Prix,2011-06-12,vettel,VET,Sebastian Vettel,red_bull,Red Bull,1,1,2,18.0,70,Finished,2.0,,203.317
2011,7,Canadian Grand Prix,2011-06-12,webber,WEB,Mark Webber,red_bull,Red Bull,2,4,3,15.0,70,Finished,8.0,,197.3
2011,7,Canadian Grand Prix,2011-06-12,michael_schumacher,MSC,Michael Schumacher,mercedes,Mercedes,7,8,4,12.0,70,Finished,4.0,,198.382
2011,7,Canadian Grand Prix,2011-06-12,petrov,PET,Vitaly Petrov,renault,Renault,10,10,5,10.0,70,Finished,3.0,,198.593
2011,7,Canadian Grand Prix,2011-06-12,massa,MAS,Felipe Massa,ferrari,Ferrari,6,3,6,8.0,70,Finished,5.0,,198.357
2011,7,Canadian Grand Prix,2011-06-12,kobayashi,KOB,Kamui Kobayashi,sauber,Sauber,16,13,7,6.0,70,Finished,10.0,,195.723
2011,7,Canadian Grand Prix,2011-06-12,alguersuari,ALG,Jaime Alguersuari,toro_rosso,Toro Rosso,19,24,8,4.0,70,Finished,13.0,,195.339
2011,7,Canadian Grand Prix,2011-06-12,barrichello,BAR,Rubens Barrichello,williams,Williams,11,16,9,2.0,70,Finished,11.0,,195.472
2011,7,Canadian Grand Prix,2011-06-12,buemi,BUE,Sébastien Buemi,toro_rosso,Toro Rosso,18,15,10,1.0,70,Finished,7.0,,197.461
2011,7,Canadian Grand Prix,2011-06-12,rosberg,ROS,Nico Rosberg,mercedes,Mercedes,8,6,11,0.0,70,Finished,9.0,,196.07
2011,7,Canadian Grand Prix,2011-06-12,rosa,DLR,Pedro de la Rosa,sauber,Sauber,17,17,12,0.0,70,Finished,12.0,,195.343
2011,7,Canadian Grand Prix,2011-06-12,liuzzi,LIU,Vitantonio Liuzzi,hrt,HRT,23,20,13,0.0,69,+1 Lap,17.0,,188.201
2011,7,Canadian Grand Prix,2011-06-12,ambrosio,DAM,Jérôme d'Ambrosio,virgin,Virgin,25,23,14,0.0,69,+1 Lap,15.0,,190.309
2011,7,Canadian Grand Prix,2011-06-12,glock,GLO,Timo Glock,virgin,Virgin,24,21,15,0.0,69,+1 Lap,19.0,,185.596
2011,7,Canadian Grand Prix,2011-06-12,trulli,TRU,Jarno Trulli,lotus_racing,Lotus,21,18,16,0.0,69,+1 Lap,14.0,,190.916
2011,7,Canadian Grand Prix,2011-06-12,karthikeyan,KAR,Narain Karthikeyan,hrt,HRT,22,22,17,0.0,69,+1 Lap,16.0,,188.887
2011,7,Canadian Grand Prix,2011-06-12,resta,DIR,Paul di Resta,force_india,Force India,15,11,18,0.0,67,Accident,6.0,,197.74
2011,7,Canadian Grand Prix,2011-06-12,maldonado,MAL,Pastor Maldonado,williams,Williams,12,12,19,0.0,61,Retired,18.0,,186.312
2011,7,Canadian Grand Prix,2011-06-12,heidfeld,HEI,Nick Heidfeld,renault,Renault,9,9,20,0.0,55,Accident,20.0,,184.408
2011,7,Canadian Grand Prix,2011-06-12,sutil,SUT,Adrian Sutil,force_india,Force India,14,14,21,0.0,49,Accident,21.0,,174.109
2011,7,Canadian Grand Prix,2011-06-12,alonso,ALO,Fernando Alonso,ferrari,Ferrari,5,2,22,0.0,36,Collision,22.0,,166.621
2011,7,Canadian Grand Prix,2011-06-12,kovalainen,KOV,Heikki Kovalainen,lotus_racing,Lotus,20,19,23,0.0,28,Transmission,24.0,,159.451
2011,7,Canadian Grand Prix,2011-06-12,hamilton,HAM,Lewis Hamilton,mclaren,McLaren,3,5,24,0.0,7,Collision,23.0,,160.591
2011,8,European Grand Prix,2011-06-26,vettel,VET,Sebastian Vettel,red_bull,Red Bull,1,1,1,25.0,57,Finished,1.0,,191.536
2011,8,European Grand Prix,2011-06-26,alonso,ALO,Fernando Alonso,ferrari,Ferrari,5,4,2,18.0,57,Finished,2.0,,190.683
2011,8,European Grand Prix,2011-06-26,webber,WEB,Mark Webber,red_bull,Red Bull,2,2,3,15.0,57,Finished,4.0,,190.262
2011,8,European Grand Prix,2011-06-26,hamilton,HAM,Lewis Hamilton,mclaren,McLaren,3,3,4,12.0,57,Finished,6.0,,189.499
2011,8,European Grand Prix,2011-06-26,massa,MAS,Felipe Massa,ferrari,Ferrari,6,5,5,10.0,57,Finished,5.0,,189.945
2011,8,European Grand Prix,2011-06-26,button,BUT,Jenson Button,mclaren,McLaren,4,6,6,8.0,57,Finished,3.0,,190.623
2011,8,European Grand Prix,2011-06-26,rosberg,ROS,Nico Rosberg,mercedes,Mercedes,8,7,7,6.0,57,Finished,12.0,,188.215
2011,8,European Grand Prix,2011-06-26,alguersuari,ALG,Jaime Alguersuari,toro_rosso,Toro Rosso,19,18,8,4.0,56,+1 Lap,11.0,,188.343
2011,8,European Grand Prix,2011-06-26,sutil,SUT,Adrian Sutil,force_india,Force India,14,10,9,2.0,56,+1 Lap,10.0,,188.439
2011,8,European Grand Prix,2011-06-26,heidfeld,HEI,Nick Heidfeld,renault,Renault,9,9,10,1.0,56,+1 Lap,14.0,,187.759
2011,8,European Grand Prix,2011-06-26,perez,PER,Sergio Pérez,sauber,Sauber,17,16,11,0.0,56,+1 Lap,15.0,,187.672
2011,8,European Grand Prix,2011-06-26,barrichello,BAR,Rubens Barrichello,williams,Williams,11,13,12,0.0,56,+1 Lap,17.0,,187.344
2011,8,European Grand Prix,2011-06-26,buemi,BUE,Sébastien Buemi,toro_rosso,Toro Rosso,18,17,13,0.0,56,+1 Lap,16.0,,187.395
2011,8,European Grand Prix,2011-06-26,resta,DIR,Paul di Resta,force_india,Force India,15,12,14,0.0,56,+1 Lap,13.0,,187.849
2011,8,European Grand Prix,2011-06-26,petrov,PET,Vitaly Petrov,renault,Renault,10,11,15,0.0,56,+1 Lap,8.0,,189.124
2011,8,European Grand Prix,2011-06-26,kobayashi,KOB,Kamui Kobayashi,sauber,Sauber,16,14,16,0.0,56,+1 Lap,9.0,,188.456
2011,8,European Grand Prix,2011-06-26,michael_schumacher,MSC,Michael Schumacher,mercedes,Mercedes,7,8,17,0.0,56,+1 Lap,18.0,,186.544
2011,8,European Grand Prix,2011-06-26,maldonado,MAL,Pastor Maldonado,williams,Williams,12,15,18,0.0,56,+1 Lap,7.0,,189.155
2011,8,European Grand Prix,2011-06-26,kovalainen,KOV,Heikki Kovalainen,lotus_racing,Lotus,20,19,19,0.0,55,+2 Laps,19.0,,185.697
2011,8,European Grand Prix,2011-06-26,trulli,TRU,Jarno Trulli,lotus_racing,Lotus,21,20,20,0.0,55,+2 Laps,20.0,,183.681
2011,8,European Grand Prix,2011-06-26,glock,GLO,Timo Glock,virgin,Virgin,24,21,21,0.0,55,+2 Laps,21.0,,182.957
2011,8,European Grand Prix,2011-06-26,ambrosio,DAM,Jérôme d'Ambrosio,virgin,Virgin,25,23,22,0.0,55,+2 Laps,22.0,,182.042
2011,8,European Grand Prix,2011-06-26,liuzzi,LIU,Vitantonio Liuzzi,hrt,HRT,23,22,23,0.0,54,+3 Laps,23.0,,181.612
2011,8,European Grand Prix,2011-06-26,karthikeyan,KAR,Narain Karthikeyan,hrt,HRT,22,24,24,0.0,54,+3 Laps,24.0,,181.123
2011,9,British Grand Prix,2011-07-10,alonso,ALO,Fernando Alonso,ferrari,Ferrari,5,3,1,25.0,52,Finished,1.0,,223.454
2011,9,British Grand Prix,2011-07-10,vettel,VET,Sebastian Vettel,red_bull,Red Bull,1,2,2,18.0,52,Finished,3.0,,221.918
2011,9,British Grand Prix,2011-07-10,webber,WEB,Mark Webber,red_bull,Red Bull,2,1,3,15.0,52,Finished,4.0,,221.686
2011,9,British Grand Prix,2011-07-10,hamilton,HAM,Lewis Hamilton,mclaren,McLaren,3,10,4,12.0,52,Finished,5.0,,220.499
2011,9,British Grand Prix,2011-07-10,massa,MAS,Felipe Massa,ferrari,Ferrari,6,4,5,10.0,52,Finished,2.0,,222.129
2011,9,British Grand Prix,2011-07-10,rosberg,ROS,Nico Rosberg,mercedes,Mercedes,8,9,6,8.0,52,Finished,13.0,,218.47
2011,9,British Grand Prix,2011-07-10,perez,PER,Sergio Pérez,sauber,Sauber,17,12,7,6.0,52,Finished,7.0,,219.413
2011,9,British Grand Prix,2011-07-10,heidfeld,HEI,Nick Heidfeld,renault,Renault,9,16,8,4.0,52,Finished,14.0,,218.371
2011,9,British Grand Prix,2011-07-10,michael_schumacher,MSC,Michael Schumacher,mercedes,Mercedes,7,13,9,2.0,52,Finished,11.0,,218.558
2011,9,British Grand Prix,2011-07-10,alguersuari,ALG,Jaime Alguersuari,toro_rosso,Toro Rosso,19,18,10,1.0,52,Finished,15.0,,218.275
2011,9,British Grand Prix,2011-07-10,sutil,SUT,Adrian Sutil,force_india,Force India,14,11,11,0.0,52,Finished,9.0,,219.213
2011,9,British Grand Prix,2011-07-10,petrov,PET,Vitaly Petrov,renault,Renault,10,14,12,0.0,52,Finished,6.0,,220.206
2011,9,British Grand Prix,2011-07-10,barrichello,BAR,Rubens Barrichello,williams,Williams,11,15,13,0.0,51,+1 Lap,8.0,,219.238
2011,9,British Grand Prix,2011-07-10,maldonado,MAL,Pastor Maldonado,williams,Williams,12,7,14,0.0,51,+1 Lap,12.0,,218.553
2011,9,British Grand Prix,2011-07-10,resta,DIR,Paul di Resta,force_india,Force India,15,6,15,0.0,51,+1 Lap,16.0,,216.545
2011,9,British Grand Prix,2011-07-10,glock,GLO,Timo Glock,virgin,Virgin,24,20,16,0.0,50,+2 Laps,17.0,,212.477
2011,9,British Grand Prix,2011-07-10,ambrosio,DAM,Jérôme d'Ambrosio,virgin,Virgin,25,22,17,0.0,50,+2 Laps,20.0,,210.894
2011,9,British Grand Prix,2011-07-10,liuzzi,LIU,Vitantonio Liuzzi,hrt,HRT,23,23,18,0.0,50,+2 Laps,19.0,,210.97
2011,9,British Grand Prix,2011-07-10,ricciardo,RIC,Daniel Ricciardo,hrt,HRT,22,24,19,0.0,49,+3 Laps,22.0,,210.163
2011,9,British Grand Prix,2011-07-10,button,BUT,Jenson Button,mclaren,McLaren,4,5,20,0.0,39,Wheel nut,10.0,,218.675
2011,9,British Grand Prix,2011-07-10,buemi,BUE,Sébastien Buemi,toro_rosso,Toro Rosso,18,19,21,0.0,25,Accident,18.0,,211.602
2011,9,British Grand Prix,2011-07-10,kobayashi,KOB,Kamui Kobayashi,sauber,Sauber,16,8,22,0.0,23,Engine,21.0,,210.595
2011,9,British Grand Prix,2011-07-10,trulli,TRU,Jarno Trulli,lotus_racing,Lotus,21,21,23,0.0,10,Oil leak,23.0,,183.629
2011,9,British Grand Prix,2011-07-10,kovalainen,KOV,Heikki Kovalainen,lotus_racing,Lotus,20,17,24,0.0,2,Gearbox,24.0,,162.629
2011,10,German Grand Prix,2011-07-24,hamilton,HAM,Lewis Hamilton,mclaren,McLaren,3,2,1,25.0,60,Finished,1.0,,196.526
2011,10,German Grand Prix,2011-07-24,alonso,ALO,Fernando Alonso,ferrari,Ferrari,5,4,2,18.0,60,Finished,5.0,,195.853
2011,10,German Grand Prix,2011-07-24,webber,WEB,Mark Webber,red_bull,Red Bull,2,1,3,15.0,60,Finished,2.0,,196.18
2011,10,German Grand Prix,2011-07-24,vettel,VET,Sebastian Vettel,red_bull,Red Bull,1,3,4,12.0,60,Finished,3.0,,195.933
2011,10,German Grand Prix,2011-07-24,massa,MAS,Felipe Massa,ferrari,Ferrari,6,5,5,10.0,60,Finished,4.0,,195.888
2011,10,German Grand Prix,2011-07-24,sutil,SUT,Adrian Sutil,force_india,Force India,14,8,6,8.0,60,Finished,10.0,,191.745
2011,10,German Grand Prix,2011-07-24,rosberg,ROS,Nico Rosberg,mercedes,Mercedes,8,6,7,6.0,59,+1 Lap,7.0,,192.686
2011,10,German Grand Prix,2011-07-24,michael_schumacher,MSC,Michael Schumacher,mercedes,Mercedes,7,10,8,4.0,59,+1 Lap,6.0,,193.8
2011,10,German Grand Prix,2011-07-24,kobayashi,KOB,Kamui Kobayashi,sauber,Sauber,16,17,9,2.0,59,+1 Lap,11.0,,191.733
2011,10,German Grand Prix,2011-07-24,petrov,PET,Vitaly Petrov,renault,Renault,10,9,10,1.0,59,+1 Lap,8.0,,192.676
2011,10,German Grand Prix,2011-07-24,perez,PER,Sergio Pérez,sauber,Sauber,17,15,11,0.0,59,+1 Lap,13.0,,190.994
2011,10,German Grand Prix,2011-07-24,alguersuari,ALG,Jaime Alguersuari,toro_rosso,Toro Rosso,19,16,12,0.0,59,+1 Lap,14.0,,190.245
2011,10,German Grand Prix,2011-07-24,resta,DIR,Paul di Resta,force_india,Force India,15,12,13,0.0,59,+1 Lap,12.0,,191.622
2011,10,German Grand Prix,2011-07-24,maldonado,MAL,Pastor Maldonado,williams,Williams,12,13,14,0.0,59,+1 Lap,15.0,,189.947
2011,10,German Grand Prix,2011-07-24,buemi,BUE,Sébastien Buemi,toro_rosso,Toro Rosso,18,24,15,0.0,59,+1 Lap,16.0,,189.374
2011,10,German Grand Prix,2011-07-24,kovalainen,KOV,Heikki Kovalainen,lotus_racing,Lotus,20,18,16,0.0,58,+2 Laps,17.0,,187.105
2011,10,German Grand Prix,2011-07-24,glock,GLO,Timo Glock,virgin,Virgin,24,19,17,0.0,57,+3 Laps,21.0,,185.361
2011,10,German Grand Prix,2011-07-24,ambrosio,DAM,Jérôme d'Ambrosio,virgin,Virgin,25,21,18,0.0,57,+3 Laps,20.0,,185.723
2011,10,German Grand Prix,2011-07-24,ricciardo,RIC,Daniel Ricciardo,hrt,HRT,22,22,19,0.0,57,+3 Laps,23.0,,184.426
2011,10,German Grand Prix,2011-07-24,chandhok,CHA,Karun Chandhok,lotus_racing,Lotus,21,20,20,0.0,56,+4 Laps,22.0,,184.525
2011,10,German Grand Prix,2011-07-24,liuzzi,LIU,Vitantonio Liuzzi,hrt,HRT,23,23,21,0.0,37,Electrical,24.0,,184.07
2011,10,German Grand Prix,2011-07-24,button,BUT,Jenson Button,mclaren,McLaren,4,7,22,0.0,35,Hydraulics,9.0,,192.532
2011,10,German Grand Prix,2011-07-24,barrichello,BAR,Rubens Barrichello,williams,Williams,11,14,23,0.0,16,Oil leak,19.0,,185.924
2011,10,German Grand Prix,2011-07-24,heidfeld,HEI,Nick Heidfeld,renault,Renault,9,11,24,0.0,9,Collision,18.0,,186.349
2011,11,Hungarian Grand Prix,2011-07-31,button,BUT,Jenson Button,mclaren,McLaren,4,3,1,25.0,70,Finished,6.0,,187.898
2011,11,Hungarian Grand Prix,2011-07-31,vettel,VET,Sebastian Vettel,red_bull,Red Bull,1,1,2,18.0,70,Finished,5.0,,188.036
2011,11,Hungarian Grand Prix,2011-07-31,alonso,ALO,Fernando Alonso,ferrari,Ferrari,5,5,3,15.0,70,Finished,3.0,,188.405
2011,11,Hungarian Grand Prix,2011-07-31,hamilton,HAM,Lewis Hamilton,mclaren,McLaren,3,2,4,12.0,70,Finished,2.0,,188.517
2011,11,Hungarian Grand Prix,2011-07-31,webber,WEB,Mark Webber,red_bull,Red Bull,2,6,5,10.0,70,Finished,4.0,,188.389
2011,11,Hungarian Grand Prix,2011-07-31,massa,MAS,Felipe Massa,ferrari,Ferrari,6,4,6,8.0,70,Finished,1.0,,189.073
2011,11,Hungarian Grand Prix,2011-07-31,resta,DIR,Paul di Resta,force_india,Force India,15,11,7,6.0,69,+1 Lap,14.0,,183.529
2011,11,Hungarian Grand Prix,2011-07-31,buemi,BUE,Sébastien Buemi,toro_rosso,Toro Rosso,18,23,8,4.0,69,+1 Lap,15.0,,183.439
2011,11,Hungarian Grand Prix,2011-07-31,rosberg,ROS,Nico Rosberg,mercedes,Mercedes,8,7,9,2.0,69,+1 Lap,9.0,,185.86
2011,11,Hungarian Grand Prix,2011-07-31,alguersuari,ALG,Jaime Alguersuari,toro_rosso,Toro Rosso,19,16,10,1.0,69,+1 Lap,16.0,,183.337
2011,11,Hungarian Grand Prix,2011-07-31,kobayashi,KOB,Kamui Kobayashi,sauber,Sauber,16,13,11,0.0,69,+1 Lap,7.0,,186.284
2011,11,Hungarian Grand Prix,2011-07-31,petrov,PET,Vitaly Petrov,renault,Renault,10,12,12,0.0,69,+1 Lap,8.0,,186.284
2011,11,Hungarian Grand Prix,2011-07-31,barrichello,BAR,Rubens Barrichello,williams,Williams,11,15,13,0.0,68,+2 Laps,11.0,,185.508
2011,11,Hungarian Grand Prix,2011-07-31,sutil,SUT,Adrian Sutil,force_india,Force India,14,8,14,0.0,68,+2 Laps,12.0,,184.292
2011,11,Hungarian Grand Prix,2011-07-31,perez,PER,Sergio Pérez,sauber,Sauber,17,10,15,0.0,68,+2 Laps,10.0,,185.55
2011,11,Hungarian Grand Prix,2011-07-31,maldonado,MAL,Pastor Maldonado,williams,Williams,12,17,16,0.0,68,+2 Laps,13.0,,183.981
2011,11,Hungarian Grand Prix,2011-07-31,glock,GLO,Timo Glock,virgin,Virgin,24,20,17,0.0,66,+4 Laps,18.0,,179.177
2011,11,Hungarian Grand Prix,2011-07-31,ricciardo,RIC,Daniel Ricciardo,hrt,HRT,22,22,18,0.0,66,+4 Laps,19.0,,177.456
2011,11,Hungarian Grand Prix,2011-07-31,ambrosio,DAM,Jérôme d'Ambrosio,virgin,Virgin,25,24,19,0.0,65,+5 Laps,20.0,,177.073
2011,11,Hungarian Grand Prix,2011-07-31,liuzzi,LIU,Vitantonio Liuzzi,hrt,HRT,23,21,20,0.0,65,+5 Laps,21.0,,176.795
2011,11,Hungarian Grand Prix,2011-07-31,kovalainen,KOV,Heikki Kovalainen,lotus_racing,Lotus,20,18,21,0.0,55,Water leak,17.0,,180.972
2011,11,Hungarian Grand Prix,2011-07-31,michael_schumacher,MSC,Michael Schumacher,mercedes,Mercedes,7,9,22,0.0,26,Gearbox,22.0,,175.667
2011,11,Hungarian Grand Prix,2011-07-31,heidfeld,HEI,Nick Heidfeld,renault,Renault,9,14,23,0.0,23,Heat shield fire,23.0,,173.646
2011,11,Hungarian Grand Prix,2011-07-31,trulli,TRU,Jarno Trulli,lotus_racing,Lotus,21,19,24,0.0,17,Oil leak,24.0,,165.577
2011,12,Belgian Grand Prix,2011-08-28,vettel,VET,Sebastian Vettel,red_bull,Red Bull,1,1,1,25.0,44,Finished,4.0,,228.285
2011,12,Belgian Grand Prix,2011-08-28,webber,WEB,Mark Webber,red_bull,Red Bull,2,3,2,18.0,44,Finished,1.0,,229.465
2011,12,Belgian Grand Prix,2011-08-28,button,BUT,Jenson Button,mclaren,McLaren,4,13,3,15.0,44,Finished,2.0,,229.092
2011,12,Belgian Grand Prix,2011-08-28,alonso,ALO,Fernando Alonso,ferrari,Ferrari,5,8,4,12.0,44,Finished,5.0,,226.937
2011,12,Belgian Grand Prix,2011-08-28,michael_schumacher,MSC,Michael Schumacher,mercedes,Mercedes,7,24,5,10.0,44,Finished,6.0,,226.876
2011,12,Belgian Grand Prix,2011-08-28,rosberg,ROS,Nico Rosberg,mercedes,Mercedes,8,5,6,8.0,44,Finished,8.0,,224.601
2011,12,Belgian Grand Prix,2011-08-28,sutil,SUT,Adrian Sutil,force_india,Force India,14,15,7,6.0,44,Finished,10.0,,223.946
2011,12,Belgian Grand Prix,2011-08-28,massa,MAS,Felipe Massa,ferrari,Ferrari,6,4,8,4.0,44,Finished,7.0,,226.008
2011,12,Belgian Grand Prix,2011-08-28,petrov,PET,Vitaly Petrov,renault,Renault,10,10,9,2.0,44,Finished,9.0,,224.263
2011,12,Belgian Grand Prix,2011-08-28,maldonado,MAL,Pastor Maldonado,williams,Williams,12,21,10,1.0,44,Finished,12.0,,222.423
2011,12,Belgian Grand Prix,2011-08-28,resta,DIR,Paul di Resta,force_india,Force India,15,17,11,0.0,44,Finished,11.0,,222.696
2011,12,Belgian Grand Prix,2011-08-28,kobayashi,KOB,Kamui Kobayashi,sauber,Sauber,16,12,12,0.0,44,Finished,14.0,,221.429
2011,12,Belgian Grand Prix,2011-08-28,bruno_senna,SEN,Bruno Senna,renault,Renault,9,7,13,0.0,44,Finished,13.0,,221.987
2011,12,Belgian Grand Prix,2011-08-28,trulli,TRU,Jarno Trulli,lotus_racing,Lotus,21,18,14,0.0,43,+1 Lap,17.0,,220.076
2011,12,Belgian Grand Prix,2011-08-28,kovalainen,KOV,Heikki Kovalainen,lotus_racing,Lotus,20,16,15,0.0,43,+1 Lap,15.0,,221.08
2011,12,Belgian Grand Prix,2011-08-28,barrichello,BAR,Rubens Barrichello,williams,Williams,11,14,16,0.0,43,+1 Lap,3.0,,228.341
2011,12,Belgian Grand Prix,2011-08-28,ambrosio,DAM,Jérôme d'Ambrosio,virgin,Virgin,25,20,17,0.0,43,+1 Lap,19.0,,216.769
2011,12,Belgian Grand Prix,2011-08-28,glock,GLO,Timo Glock,virgin,Virgin,24,19,18,0.0,43,+1 Lap,20.0,,216.358
2011,12,Belgian Grand Prix,2011-08-28,liuzzi,LIU,Vitantonio Liuzzi,hrt,HRT,23,22,19,0.0,43,+1 Lap,22.0,,213.57
2011,12,Belgian Grand Prix,2011-08-28,perez,PER,Sergio Pérez,sauber,Sauber,17,9,20,0.0,27,Suspension,16.0,,220.706
2011,12,Belgian Grand Prix,2011-08-28,ricciardo,RIC,Daniel Ricciardo,hrt,HRT,22,23,21,0.0,13,Engine,23.0,,210.416
2011,12,Belgian Grand Prix,2011-08-28,hamilton,HAM,Lewis Hamilton,mclaren,McLaren,3,2,22,0.0,12,Collision,18.0,,218.029
2011,12,Belgian Grand Prix,2011-08-28,buemi,BUE,Sébastien Buemi,toro_rosso,Toro Rosso,18,11,23,0.0,6,Rear wing,21.0,,215.895
2011,12,Belgian Grand Prix,2011-08-28,alguersuari,ALG,Jaime Alguersuari,toro_rosso,Toro Rosso,19,6,24,0.0,0,Collision,,,
2011,13,Italian Grand Prix,2011-09-11,vettel,VET,Sebastian Vettel,red_bull,Red Bull,1,1,1,25.0,53,Finished,3.0,,240.937
2011,13,Italian Grand Prix,2011-09-11,button,BUT,Jenson Button,mclaren,McLaren,4,3,2,18.0,53,Finished,2.0,,241.915
2011,13,Italian Grand Prix,2011-09-11,alonso,ALO,Fernando Alonso,ferrari,Ferrari,5,4,3,15.0,53,Finished,6.0,,239.185
2011,13,Italian Grand Prix,2011-09-11,hamilton,HAM,Lewis Hamilton,mclaren,McLaren,3,2,4,12.0,53,Finished,1.0,,241.971
2011,13,Italian Grand Prix,2011-09-11,michael_schumacher,MSC,Michael Schumacher,mercedes,Mercedes,7,8,5,10.0,53,Finished,7.0,,238.607
2011,13,Italian Grand Prix,2011-09-11,massa,MAS,Felipe Massa,ferrari,Ferrari,6,6,6,8.0,53,Finished,5.0,,239.919
2011,13,Italian Grand Prix,2011-09-11,alguersuari,ALG,Jaime Alguersuari,toro_rosso,Toro Rosso,19,18,7,6.0,52,+1 Lap,10.0,,236.028
2011,13,Italian Grand Prix,2011-09-11,resta,DIR,Paul di Resta,force_india,Force India,15,11,8,4.0,52,+1 Lap,8.0,,236.841
2011,13,Italian Grand Prix,2011-09-11,bruno_senna,SEN,Bruno Senna,renault,Renault,9,10,9,2.0,52,+1 Lap,4.0,,240.0
2011,13,Italian Grand Prix,2011-09-11,buemi,BUE,Sébastien Buemi,toro_rosso,Toro Rosso,18,16,10,1.0,52,+1 Lap,9.0,,236.443
2011,13,Italian Grand Prix,2011-09-11,maldonado,MAL,Pastor Maldonado,williams,Williams,12,14,11,0.0,52,+1 Lap,12.0,,234.497
2011,13,Italian Grand Prix,2011-09-11,barrichello,BAR,Rubens Barrichello,williams,Williams,11,13,12,0.0,52,+1 Lap,11.0,,235.975
2011,13,Italian Grand Prix,2011-09-11,kovalainen,KOV,Heikki Kovalainen,lotus_racing,Lotus,20,20,13,0.0,51,+2 Laps,14.0,,232.653
2011,13,Italian Grand Prix,2011-09-11,trulli,TRU,Jarno Trulli,lotus_racing,Lotus,21,19,14,0.0,51,+2 Laps,15.0,,232.171
2011,13,Italian Grand Prix,2011-09-11,glock,GLO,Timo Glock,virgin,Virgin,24,21,15,0.0,51,+2 Laps,17.0,,229.721
2011,13,Italian Grand Prix,2011-09-11,ricciardo,RIC,Daniel Ricciardo,hrt,HRT,22,23,16,0.0,39,+14 Laps,20.0,,226.65
2011,13,Italian Grand Prix,2011-09-11,perez,PER,Sergio Pérez,sauber,Sauber,17,15,17,0.0,32,Gearbox,13.0,,233.267
2011,13,Italian Grand Prix,2011-09-11,kobayashi,KOB,Kamui Kobayashi,sauber,Sauber,16,17,18,0.0,21,Gearbox,16.0,,231.72
2011,13,Italian Grand Prix,2011-09-11,sutil,SUT,Adrian Sutil,force_india,Force India,14,12,19,0.0,9,Hydraulics,19.0,,228.033
2011,13,Italian Grand Prix,2011-09-11,webber,WEB,Mark Webber,red_bull,Red Bull,2,5,20,0.0,4,Accident,18.0,,229.188
2011,13,Italian Grand Prix,2011-09-11,ambrosio,DAM,Jérôme d'Ambrosio,virgin,Virgin,25,22,21,0.0,1,Gearbox,,,
2011,13,Italian Grand Prix,2011-09-11,petrov,PET,Vitaly Petrov,renault,Renault,10,7,22,0.0,0,Collision,,,
2011,13,Italian Grand Prix,2011-09-11,rosberg,ROS,Nico Rosberg,mercedes,Mercedes,8,9,23,0.0,0,Collision,,,
2011,13,Italian Grand Prix,2011-09-11,liuzzi,LIU,Vitantonio Liuzzi,hrt,HRT,23,24,24,0.0,0,Collision,,,
2011,14,Singapore Grand Prix,2011-09-25,vettel,VET,Sebastian Vettel,red_bull,Red Bull,1,1,1,25.0,61,Finished,2.0,,168.029
2011,14,Singapore Grand Prix,2011-09-25,button,BUT,Jenson Button,mclaren,McLaren,4,3,2,18.0,61,Finished,1.0,,168.392
2011,14,Singapore Grand Prix,2011-09-25,webber,WEB,Mark Webber,red_bull,Red Bull,2,2,3,15.0,61,Finished,3.0,,165.892
2011,14,Singapore Grand Prix,2011-09-25,alonso,ALO,Fernando Alonso,ferrari,Ferrari,5,5,4,12.0,61,Finished,5.0,,164.691
2011,14,Singapore Grand Prix,2011-09-25,hamilton,HAM,Lewis Hamilton,mclaren,McLaren,3,4,5,10.0,61,Finished,4.0,,164.779
2011,14,Singapore Grand Prix,2011-09-25,resta,DIR,Paul di Resta,force_india,Force India,15,10,6,8.0,61,Finished,15.0,,159.864
2011,14,Singapore Grand Prix,2011-09-25,rosberg,ROS,Nico Rosberg,mercedes,Mercedes,8,7,7,6.0,60,+1 Lap,16.0,,159.663
2011,14,Singapore Grand Prix,2011-09-25,sutil,SUT,Adrian Sutil,force_india,Force India,14,9,8,4.0,60,+1 Lap,17.0,,159.411
2011,14,Singapore Grand Prix,2011-09-25,massa,MAS,Felipe Massa,ferrari,Ferrari,6,6,9,2.0,60,+1 Lap,8.0,,162.263
2011,14,Singapore Grand Prix,2011-09-25,perez,PER,Sergio Pérez,sauber,Sauber,17,11,10,1.0,60,+1 Lap,18.0,,159.34
2011,14,Singapore Grand Prix,2011-09-25,maldonado,MAL,Pastor Maldonado,williams,Williams,12,13,11,0.0,60,+1 Lap,10.0,,161.335
2011,14,Singapore Grand Prix,2011-09-25,buemi,BUE,Sébastien Buemi,toro_rosso,Toro Rosso,18,14,12,0.0,60,+1 Lap,7.0,,162.774
2011,14,Singapore Grand Prix,2011-09-25,barrichello,BAR,Rubens Barrichello,williams,Williams,11,12,13,0.0,60,+1 Lap,19.0,,158.483
2011,14,Singapore Grand Prix,2011-09-25,kobayashi,KOB,Kamui Kobayashi,sauber,Sauber,16,17,14,0.0,59,+2 Laps,6.0,,164.043
2011,14,Singapore Grand Prix,2011-09-25,bruno_senna,SEN,Bruno Senna,renault,Renault,9,15,15,0.0,59,+2 Laps,12.0,,160.518
2011,14,Singapore Grand Prix,2011-09-25,kovalainen,KOV,Heikki Kovalainen,lotus_racing,Lotus,20,19,16,0.0,59,+2 Laps,13.0,,160.111
2011,14,Singapore Grand Prix,2011-09-25,petrov,PET,Vitaly Petrov,renault,Renault,10,18,17,0.0,59,+2 Laps,14.0,,159.913
2011,14,Singapore Grand Prix,2011-09-25,ambrosio,DAM,Jérôme d'Ambrosio,virgin,Virgin,25,22,18,0.0,59,+2 Laps,22.0,,153.817
2011,14,Singapore Grand Prix,2011-09-25,ricciardo,RIC,Daniel Ricciardo,hrt,HRT,22,23,19,0.0,57,+4 Laps,23.0,,153.386
2011,14,Singapore Grand Prix,2011-09-25,liuzzi,LIU,Vitantonio Liuzzi,hrt,HRT,23,24,20,0.0,57,+4 Laps,21.0,,154.399
2011,14,Singapore Grand Prix,2011-09-25,alguersuari,ALG,Jaime Alguersuari,toro_rosso,Toro Rosso,19,16,21,0.0,56,Accident,11.0,,160.656
2011,14,Singapore Grand Prix,2011-09-25,trulli,TRU,Jarno Trulli,lotus_racing,Lotus,21,20,22,0.0,47,Gearbox,20.0,,155.924
2011,14,Singapore Grand Prix,2011-09-25,michael_schumacher,MSC,Michael Schumacher,mercedes,Mercedes,7,8,23,0.0,28,Accident,9.0,,161.48
2011,14,Singapore Grand Prix,2011-09-25,glock,GLO,Timo Glock,virgin,Virgin,24,21,24,0.0,9,Accident,24.0,,151.669
2011,15,Japanese Grand Prix,2011-10-09,button,BUT,Jenson Button,mclaren,McLaren,4,2,1,25.0,53,Finished,1.0,,216.481
2011,15,Japanese Grand Prix,2011-10-09,alonso,ALO,Fernando Alonso,ferrari,Ferrari,5,5,2,18.0,53,Finished,4.0,,216.226
2011,15,Japanese Grand Prix,2011-10-09,vettel,VET,Sebastian Vettel,red_bull,Red Bull,1,1,3,15.0,53,Finished,6.0,,215.704
2011,15,Japanese Grand Prix,2011-10-09,webber,WEB,Mark Webber,red_bull,Red Bull,2,6,4,12.0,53,Finished,5.0,,215.9
2011,15,Japanese Grand Prix,2011-10-09,hamilton,HAM,Lewis Hamilton,mclaren,McLaren,3,3,5,10.0,53,Finished,9.0,,214.093
2011,15,Japanese Grand Prix,2011-10-09,michael_schumacher,MSC,Michael Schumacher,mercedes,Mercedes,7,8,6,8.0,53,Finished,12.0,,213.501
2011,15,Japanese Grand Prix,2011-10-09,massa,MAS,Felipe Massa,ferrari,Ferrari,6,4,7,6.0,53,Finished,11.0,,213.754
2011,15,Japanese Grand Prix,2011-10-09,perez,PER,Sergio Pérez,sauber,Sauber,17,17,8,4.0,53,Finished,2.0,,216.479
2011,15,Japanese Grand Prix,2011-10-09,petrov,PET,Vitaly Petrov,renault,Renault,10,10,9,2.0,53,Finished,7.0,,215.399
2011,15,Japanese Grand Prix,2011-10-09,rosberg,ROS,Nico Rosberg,mercedes,Mercedes,8,23,10,1.0,53,Finished,3.0,,216.378
2011,15,Japanese Grand Prix,2011-10-09,sutil,SUT,Adrian Sutil,force_india,Force India,14,11,11,0.0,53,Finished,14.0,,213.029
2011,15,Japanese Grand Prix,2011-10-09,resta,DIR,Paul di Resta,force_india,Force India,15,12,12,0.0,53,Finished,13.0,,213.383
2011,15,Japanese Grand Prix,2011-10-09,kobayashi,KOB,Kamui Kobayashi,sauber,Sauber,16,7,13,0.0,53,Finished,19.0,,209.63
2011,15,Japanese Grand Prix,2011-10-09,maldonado,MAL,Pastor Maldonado,williams,Williams,12,14,14,0.0,53,Finished,10.0,,214.093
2011,15,Japanese Grand Prix,2011-10-09,alguersuari,ALG,Jaime Alguersuari,toro_rosso,Toro Rosso,19,16,15,0.0,53,Finished,8.0,,214.608
2011,15,Japanese Grand Prix,2011-10-09,bruno_senna,SEN,Bruno Senna,renault,Renault,9,9,16,0.0,53,Finished,15.0,,212.436
2011,15,Japanese Grand Prix,2011-10-09,barrichello,BAR,Rubens Barrichello,williams,Williams,11,13,17,0.0,53,Finished,16.0,,210.993
2011,15,Japanese Grand Prix,2011-10-09,kovalainen,KOV,Heikki Kovalainen,lotus_racing,Lotus,20,18,18,0.0,53,Finished,17.0,,210.532
2011,15,Japanese Grand Prix,2011-10-09,trulli,TRU,Jarno Trulli,lotus_racing,Lotus,21,19,19,0.0,53,Finished,18.0,,209.973
2011,15,Japanese Grand Prix,2011-10-09,glock,GLO,Timo Glock,virgin,Virgin,24,21,20,0.0,51,+2 Laps,21.0,,205.549
2011,15,Japanese Grand Prix,2011-10-09,ambrosio,DAM,Jérôme d'Ambrosio,virgin,Virgin,25,20,21,0.0,51,+2 Laps,22.0,,205.367
2011,15,Japanese Grand Prix,2011-10-09,ricciardo,RIC,Daniel Ricciardo,hrt,HRT,22,22,22,0.0,51,+2 Laps,20.0,,206.09
2011,15,Japanese Grand Prix,2011-10-09,liuzzi,LIU,Vitantonio Liuzzi,hrt,HRT,23,24,23,0.0,50,+3 Laps,24.0,,204.134
2011,15,Japanese Grand Prix,2011-10-09,buemi,BUE,Sébastien Buemi,toro_rosso,Toro Rosso,18,15,24,0.0,11,Wheel,23.0,,204.738
2011,16,Korean Grand Prix,2011-10-16,vettel,VET,Sebastian Vettel,red_bull,Red Bull,1,2,1,25.0,55,Finished,1.0,,202.941
2011,16,Korean Grand Prix,2011-10-16,hamilton,HAM,Lewis Hamilton,mclaren,McLaren,3,1,2,18.0,55,Finished,3.0,,201.216
2011,16,Korean Grand Prix,2011-10-16,webber,WEB,Mark Webber,red_bull,Red Bull,2,4,3,15.0,55,Finished,2.0,,201.547
2011,16,Korean Grand Prix,2011-10-16,button,BUT,Jenson Button,mclaren,McLaren,4,3,4,12.0,55,Finished,7.0,,200.716
2011,16,Korean Grand Prix,2011-10-16,alonso,ALO,Fernando Alonso,ferrari,Ferrari,5,6,5,10.0,55,Finished,6.0,,201.04
2011,16,Korean Grand Prix,2011-10-16,massa,MAS,Felipe Massa,ferrari,Ferrari,6,5,6,8.0,55,Finished,5.0,,201.052
2011,16,Korean Grand Prix,2011-10-16,alguersuari,ALG,Jaime Alguersuari,toro_rosso,Toro Rosso,19,11,7,6.0,55,Finished,8.0,,200.257
2011,16,Korean Grand Prix,2011-10-16,rosberg,ROS,Nico Rosberg,mercedes,Mercedes,8,7,8,4.0,55,Finished,9.0,,198.624
2011,16,Korean Grand Prix,2011-10-16,buemi,BUE,Sébastien Buemi,toro_rosso,Toro Rosso,18,13,9,2.0,55,Finished,4.0,,201.06
2011,16,Korean Grand Prix,2011-10-16,resta,DIR,Paul di Resta,force_india,Force India,15,9,10,1.0,55,Finished,12.0,,197.978
2011,16,Korean Grand Prix,2011-10-16,sutil,SUT,Adrian Sutil,force_india,Force India,14,10,11,0.0,55,Finished,10.0,,198.149
2011,16,Korean Grand Prix,2011-10-16,barrichello,BAR,Rubens Barrichello,williams,Williams,11,18,12,0.0,55,Finished,13.0,,197.458
2011,16,Korean Grand Prix,2011-10-16,bruno_senna,SEN,Bruno Senna,renault,Renault,9,15,13,0.0,54,+1 Lap,16.0,,197.115
2011,16,Korean Grand Prix,2011-10-16,kovalainen,KOV,Heikki Kovalainen,lotus_racing,Lotus,20,19,14,0.0,54,+1 Lap,15.0,,197.294
2011,16,Korean Grand Prix,2011-10-16,kobayashi,KOB,Kamui Kobayashi,sauber,Sauber,16,14,15,0.0,54,+1 Lap,11.0,,198.021
2011,16,Korean Grand Prix,2011-10-16,perez,PER,Sergio Pérez,sauber,Sauber,17,17,16,0.0,54,+1 Lap,14.0,,197.354
2011,16,Korean Grand Prix,2011-10-16,trulli,TRU,Jarno Trulli,lotus_racing,Lotus,21,20,17,0.0,54,+1 Lap,17.0,,196.235
2011,16,Korean Grand Prix,2011-10-16,glock,GLO,Timo Glock,virgin,Virgin,24,21,18,0.0,54,+1 Lap,18.0,,193.368
2011,16,Korean Grand Prix,2011-10-16,ricciardo,RIC,Daniel Ricciardo,hrt,HRT,22,24,19,0.0,54,+1 Lap,21.0,,192.752
2011,16,Korean Grand Prix,2011-10-16,ambrosio,DAM,Jérôme d'Ambrosio,virgin,Virgin,25,22,20,0.0,54,+1 Lap,20.0,,192.981
2011,16,Korean Grand Prix,2011-10-16,liuzzi,LIU,Vitantonio Liuzzi,hrt,HRT,23,23,21,0.0,52,+3 Laps,24.0,,190.387
2011,16,Korean Grand Prix,2011-10-16,maldonado,MAL,Pastor Maldonado,williams,Williams,12,16,22,0.0,30,Clutch,19.0,,193.086
2011,16,Korean Grand Prix,2011-10-16,petrov,PET,Vitaly Petrov,renault,Renault,10,8,23,0.0,16,Collision,23.0,,191.658
2011,16,Korean Grand Prix,2011-10-16,michael_schumacher,MSC,Michael Schumacher,mercedes,Mercedes,7,12,24,0.0,15,Collision,22.0,,191.916
2011,17,Indian Grand Prix,2011-10-30,vettel,VET,Sebastian Vettel,red_bull,Red Bull,1,1,1,25.0,60,Finished,1.0,,211.463
2011,17,Indian Grand Prix,2011-10-30,button,BUT,Jenson Button,mclaren,McLaren,4,4,2,18.0,60,Finished,4.0,,209.737
2011,17,Indian Grand Prix,2011-10-30,alonso,ALO,Fernando Alonso,ferrari,Ferrari,5,3,3,15.0,60,Finished,3.0,,209.771
2011,17,Indian Grand Prix,2011-10-30,webber,WEB,Mark Webber,red_bull,Red Bull,2,2,4,12.0,60,Finished,2.0,,210.808
2011,17,Indian Grand Prix,2011-10-30,michael_schumacher,MSC,Michael Schumacher,mercedes,Mercedes,7,11,5,10.0,60,Finished,5.0,,208.359
2011,17,Indian Grand Prix,2011-10-30,rosberg,ROS,Nico Rosberg,mercedes,Mercedes,8,7,6,8.0,60,Finished,6.0,,208.239
2011,17,Indian Grand Prix,2011-10-30,hamilton,HAM,Lewis Hamilton,mclaren,McLaren,3,5,7,6.0,60,Finished,9.0,,207.955
2011,17,Indian Grand Prix,2011-10-30,alguersuari,ALG,Jaime Alguersuari,toro_rosso,Toro Rosso,19,10,8,4.0,59,+1 Lap,10.0,,206.748
2011,17,Indian Grand Prix,2011-10-30,sutil,SUT,Adrian Sutil,force_india,Force India,14,8,9,2.0,59,+1 Lap,12.0,,206.632
2011,17,Indian Grand Prix,2011-10-30,perez,PER,Sergio Pérez,sauber,Sauber,17,20,10,1.0,59,+1 Lap,14.0,,206.502
2011,17,Indian Grand Prix,2011-10-30,petrov,PET,Vitaly Petrov,renault,Renault,10,16,11,0.0,59,+1 Lap,11.0,,206.632
2011,17,Indian Grand Prix,2011-10-30,bruno_senna,SEN,Bruno Senna,renault,Renault,9,14,12,0.0,59,+1 Lap,13.0,,206.583
2011,17,Indian Grand Prix,2011-10-30,resta,DIR,Paul di Resta,force_india,Force India,15,12,13,0.0,59,+1 Lap,8.0,,208.053
2011,17,Indian Grand Prix,2011-10-30,kovalainen,KOV,Heikki Kovalainen,lotus_racing,Lotus,20,18,14,0.0,58,+2 Laps,16.0,,204.332
2011,17,Indian Grand Prix,2011-10-30,barrichello,BAR,Rubens Barrichello,williams,Williams,11,15,15,0.0,58,+2 Laps,7.0,,208.157
2011,17,Indian Grand Prix,2011-10-30,ambrosio,DAM,Jérôme d'Ambrosio,virgin,Virgin,25,21,16,0.0,57,+3 Laps,21.0,,200.565
2011,17,Indian Grand Prix,2011-10-30,karthikeyan,KAR,Narain Karthikeyan,hrt,HRT,22,24,17,0.0,57,+3 Laps,20.0,,200.569
2011,17,Indian Grand Prix,2011-10-30,ricciardo,RIC,Daniel Ricciardo,hrt,HRT,23,23,18,0.0,57,+3 Laps,18.0,,201.256
2011,17,Indian Grand Prix,2011-10-30,trulli,TRU,Jarno Trulli,lotus_racing,Lotus,21,19,19,0.0,55,+5 Laps,19.0,,201.219
2011,17,Indian Grand Prix,2011-10-30,massa,MAS,Felipe Massa,ferrari,Ferrari,6,6,20,0.0,32,Suspension,15.0,,204.447
2011,17,Indian Grand Prix,2011-10-30,buemi,BUE,Sébastien Buemi,toro_rosso,Toro Rosso,18,9,21,0.0,24,Engine,17.0,,202.845
2011,17,Indian Grand Prix,2011-10-30,maldonado,MAL,Pastor Maldonado,williams,Williams,12,13,22,0.0,12,Gearbox,22.0,,197.172
2011,17,Indian Grand Prix,2011-10-30,glock,GLO,Timo Glock,virgin,Virgin,24,22,23,0.0,2,Collision,23.0,,143.014
2011,17,Indian Grand Prix,2011-10-30,kobayashi,KOB,Kamui Kobayashi,sauber,Sauber,16,17,24,0.0,0,Collision,,,
2011,18,Abu Dhabi Grand Prix,2011-11-13,hamilton,HAM,Lewis Hamilton,mclaren,McLaren,3,2,1,25.0,55,Finished,3.0,,193.255
2011,18,Abu Dhabi Grand Prix,2011-11-13,alonso,ALO,Fernando Alonso,ferrari,Ferrari,5,5,2,18.0,55,Finished,6.0,,192.412
2011,18,Abu Dhabi Grand Prix,2011-11-13,button,BUT,Jenson Button,mclaren,McLaren,4,3,3,15.0,55,Finished,2.0,,193.83
2011,18,Abu Dhabi Grand Prix,2011-11-13,webber,WEB,Mark Webber,red_bull,Red Bull,2,4,4,12.0,55,Finished,1.0,,194.854
2011,18,Abu Dhabi Grand Prix,2011-11-13,massa,MAS,Felipe Massa,ferrari,Ferrari,6,6,5,10.0,55,Finished,10.0,,191.722
2011,18,Abu Dhabi Grand Prix,2011-11-13,rosberg,ROS,Nico Rosberg,mercedes,Mercedes,8,7,6,8.0,55,Finished,7.0,,192.266
2011,18,Abu Dhabi Grand Prix,2011-11-13,michael_schumacher,MSC,Michael Schumacher,mercedes,Mercedes,7,8,7,6.0,55,Finished,15.0,,190.575
2011,18,Abu Dhabi Grand Prix,2011-11-13,sutil,SUT,Adrian Sutil,force_india,Force India,14,9,8,4.0,55,Finished,14.0,,190.952
2011,18,Abu Dhabi Grand Prix,2011-11-13,resta,DIR,Paul di Resta,force_india,Force India,15,10,9,2.0,55,Finished,9.0,,192.032
2011,18,Abu Dhabi Grand Prix,2011-11-13,kobayashi,KOB,Kamui Kobayashi,sauber,Sauber,16,16,10,1.0,54,+1 Lap,4.0,,193.143
2011,18,Abu Dhabi Grand Prix,2011-11-13,perez,PER,Sergio Pérez,sauber,Sauber,17,11,11,0.0,54,+1 Lap,12.0,,191.213
2011,18,Abu Dhabi Grand Prix,2011-11-13,barrichello,BAR,Rubens Barrichello,williams,Williams,11,24,12,0.0,54,+1 Lap,11.0,,191.447
2011,18,Abu Dhabi Grand Prix,2011-11-13,petrov,PET,Vitaly Petrov,renault,Renault,10,12,13,0.0,54,+1 Lap,5.0,,192.86
2011,18,Abu Dhabi Grand Prix,2011-11-13,maldonado,MAL,Pastor Maldonado,williams,Williams,12,23,14,0.0,54,+1 Lap,13.0,,191.099
2011,18,Abu Dhabi Grand Prix,2011-11-13,alguersuari,ALG,Jaime Alguersuari,toro_rosso,Toro Rosso,19,15,15,0.0,54,+1 Lap,8.0,,192.082
2011,18,Abu Dhabi Grand Prix,2011-11-13,bruno_senna,SEN,Bruno Senna,renault,Renault,9,14,16,0.0,54,+1 Lap,16.0,,188.359
2011,18,Abu Dhabi Grand Prix,2011-11-13,kovalainen,KOV,Heikki Kovalainen,lotus_racing,Lotus,20,17,17,0.0,54,+1 Lap,17.0,,187.547
2011,18,Abu Dhabi Grand Prix,2011-11-13,trulli,TRU,Jarno Trulli,lotus_racing,Lotus,21,18,18,0.0,53,+2 Laps,19.0,,186.091
2011,18,Abu Dhabi Grand Prix,2011-11-13,glock,GLO,Timo Glock,virgin,Virgin,24,19,19,0.0,53,+2 Laps,20.0,,184.987
2011,18,Abu Dhabi Grand Prix,2011-11-13,liuzzi,LIU,Vitantonio Liuzzi,hrt,HRT,23,22,20,0.0,53,+2 Laps,22.0,,183.028
2011,18,Abu Dhabi Grand Prix,2011-11-13,ricciardo,RIC,Daniel Ricciardo,hrt,HRT,22,20,21,0.0,48,Mechanical,21.0,,184.664
2011,18,Abu Dhabi Grand Prix,2011-11-13,buemi,BUE,Sébastien Buemi,toro_rosso,Toro Rosso,18,13,22,0.0,19,Hydraulics,18.0,,186.699
2011,18,Abu Dhabi Grand Prix,2011-11-13,ambrosio,DAM,Jérôme d'Ambrosio,virgin,Virgin,25,21,23,0.0,18,Brakes,23.0,,179.812
2011,18,Abu Dhabi Grand Prix,2011-11-13,vettel,VET,Sebastian Vettel,red_bull,Red Bull,1,1,24,0.0,1,Puncture,,,
2011,19,Brazilian Grand Prix,2011-11-27,webber,WEB,Mark Webber,red_bull,Red Bull,2,2,1,25.0,71,Finished,1.0,,205.942
2011,19,Brazilian Grand Prix,2011-11-27,vettel,VET,Sebastian Vettel,red_bull,Red Bull,1,1,2,18.0,71,Finished,3.0,,203.906
2011,19,Brazilian Grand Prix,2011-11-27,button,BUT,Jenson Button,mclaren,McLaren,4,3,3,15.0,71,Finished,2.0,,205.244
2011,19,Brazilian Grand Prix,2011-11-27,alonso,ALO,Fernando Alonso,ferrari,Ferrari,5,5,4,12.0,71,Finished,4.0,,203.625
2011,19,Brazilian Grand Prix,2011-11-27,massa,MAS,Felipe Massa,ferrari,Ferrari,6,7,5,10.0,71,Finished,12.0,,200.753
2011,19,Brazilian Grand Prix,2011-11-27,sutil,SUT,Adrian Sutil,force_india,Force India,14,8,6,8.0,70,+1 Lap,8.0,,201.039
2011,19,Brazilian Grand Prix,2011-11-27,rosberg,ROS,Nico Rosberg,mercedes,Mercedes,8,6,7,6.0,70,+1 Lap,10.0,,200.919
2011,19,Brazilian Grand Prix,2011-11-27,resta,DIR,Paul di Resta,force_india,Force India,15,11,8,4.0,70,+1 Lap,14.0,,200.284
2011,19,Brazilian Grand Prix,2011-11-27,kobayashi,KOB,Kamui Kobayashi,sauber,Sauber,16,16,9,2.0,70,+1 Lap,15.0,,199.788
2011,19,Brazilian Grand Prix,2011-11-27,petrov,PET,Vitaly Petrov,renault,Renault,10,15,10,1.0,70,+1 Lap,7.0,,201.43
2011,19,Brazilian Grand Prix,2011-11-27,alguersuari,ALG,Jaime Alguersuari,toro_rosso,Toro Rosso,19,13,11,0.0,70,+1 Lap,9.0,,201.036
2011,19,Brazilian Grand Prix,2011-11-27,buemi,BUE,Sébastien Buemi,toro_rosso,Toro Rosso,18,14,12,0.0,70,+1 Lap,13.0,,200.346
2011,19,Brazilian Grand Prix,2011-11-27,perez,PER,Sergio Pérez,sauber,Sauber,17,17,13,0.0,70,+1 Lap,16.0,,199.439
2011,19,Brazilian Grand Prix,2011-11-27,barrichello,BAR,Rubens Barrichello,williams,Williams,11,12,14,0.0,70,+1 Lap,6.0,,202.289
2011,19,Brazilian Grand Prix,2011-11-27,michael_schumacher,MSC,Michael Schumacher,mercedes,Mercedes,7,10,15,0.0,70,+1 Lap,5.0,,202.297
2011,19,Brazilian Grand Prix,2011-11-27,kovalainen,KOV,Heikki Kovalainen,lotus_racing,Lotus,20,19,16,0.0,69,+2 Laps,17.0,,198.818
2011,19,Brazilian Grand Prix,2011-11-27,bruno_senna,SEN,Bruno Senna,renault,Renault,9,9,17,0.0,69,+2 Laps,18.0,,198.18
2011,19,Brazilian Grand Prix,2011-11-27,trulli,TRU,Jarno Trulli,lotus_racing,Lotus,21,20,18,0.0,69,+2 Laps,19.0,,197.368
2011,19,Brazilian Grand Prix,2011-11-27,ambrosio,DAM,Jérôme d'Ambrosio,virgin,Virgin,25,23,19,0.0,68,+3 Laps,22.0,,194.142
2011,19,Brazilian Grand Prix,2011-11-27,ricciardo,RIC,Daniel Ricciardo,hrt,HRT,22,22,20,0.0,68,+3 Laps,20.0,,194.759
2011,19,Brazilian Grand Prix,2011-11-27,liuzzi,LIU,Vitantonio Liuzzi,hrt,HRT,23,21,21,0.0,61,Retired,23.0,,192.346
2011,19,Brazilian Grand Prix,2011-11-27,hamilton,HAM,Lewis Hamilton,mclaren,McLaren,3,4,22,0.0,46,Gearbox,11.0,,200.914
2011,19,Brazilian Grand Prix,2011-11-27,maldonado,MAL,Pastor Maldonado,williams,Williams,12,18,23,0.0,26,Retired,21.0,,194.62
2011,19,Brazilian Grand Prix,2011-11-27,glock,GLO,Timo Glock,virgin,Virgin,24,24,24,0.0,21,Retired,24.0,,189.7
2012,1,Australian Grand Prix,2012-03-18,button,BUT,Jenson Button,mclaren,McLaren,3,2,1,25.0,58,Finished,1.0,214.053,
2012,1,Australian Grand Prix,2012-03-18,vettel,VET,Sebastian Vettel,red_bull,Red Bull,1,6,2,18.0,58,Finished,2.0,213.503,
2012,1,Australian Grand Prix,2012-03-18,hamilton,HAM,Lewis Hamilton,mclaren,McLaren,4,1,3,15.0,58,Finished,4.0,213.214,
2012,1,Australian Grand Prix,2012-03-18,webber,WEB,Mark Webber,red_bull,Red Bull,2,5,4,12.0,58,Finished,3.0,213.452,
2012,1,Australian Grand Prix,2012-03-18,alonso,ALO,Fernando Alonso,ferrari,Ferrari,5,12,5,10.0,58,Finished,7.0,211.469,
2012,1,Australian Grand Prix,2012-03-18,kobayashi,KOB,Kamui Kobayashi,sauber,Sauber,14,13,6,8.0,58,Finished,10.0,210.668,
2012,1,Australian Grand Prix,2012-03-18,raikkonen,RAI,Kimi Räikkönen,lotus_f1,Lotus F1,9,17,7,6.0,58,Finished,11.0,210.346,
2012,1,Australian Grand Prix,2012-03-18,perez,PER,Sergio Pérez,sauber,Sauber,15,22,8,4.0,58,Finished,12.0,210.151,
2012,1,Australian Grand Prix,2012-03-18,ricciardo,RIC,Daniel Ricciardo,toro_rosso,Toro Rosso,16,10,9,2.0,58,Finished,8.0,210.733,
2012,1,Australian Grand Prix,2012-03-18,resta,DIR,Paul di Resta,force_india,Force India,11,15,10,1.0,58,Finished,9.0,210.703,
2012,1,Australian Grand Prix,2012-03-18,vergne,VER,Jean-Éric Vergne,toro_rosso,Toro Rosso,17,11,11,0.0,58,Finished,6.0,211.476,
2012,1,Australian Grand Prix,2012-03-18,rosberg,ROS,Nico Rosberg,mercedes,Mercedes,8,7,12,0.0,58,Finished,14.0,209.948,
2012,1,Australian Grand Prix,2012-03-18,maldonado,MAL,Pastor Maldonado,williams,Williams,18,8,13,0.0,57,Accident,5.0,211.523,
2012,1,Australian Grand Prix,2012-03-18,glock,GLO,Timo Glock,marussia,Marussia,24,20,14,0.0,57,+1 Lap,19.0,202.548,
2012,1,Australian Grand Prix,2012-03-18,pic,PIC,Charles Pic,marussia,Marussia,25,21,15,0.0,53,+5 Laps,20.0,200.932,
2012,1,Australian Grand Prix,2012-03-18,bruno_senna,SEN,Bruno Senna,williams,Williams,19,14,16,0.0,52,Collision,13.0,210.123,
2012,1,Australian Grand Prix,2012-03-18,massa,MAS,Felipe Massa,ferrari,Ferrari,6,16,17,0.0,46,Collision,15.0,207.644,
2012,1,Australian Grand Prix,2012-03-18,kovalainen,KOV,Heikki Kovalainen,caterham,Caterham,20,18,18,0.0,38,Suspension,17.0,203.759,
2012,1,Australian Grand Prix,2012-03-18,petrov,PET,Vitaly Petrov,caterham,Caterham,21,19,19,0.0,34,Steering,16.0,204.806,
2012,1,Australian Grand Prix,2012-03-18,michael_schumacher,MSC,Michael Schumacher,mercedes,Mercedes,7,4,20,0.0,10,Gearbox,18.0,203.048,
2012,1,Australian Grand Prix,2012-03-18,grosjean,GRO,Romain Grosjean,lotus_f1,Lotus F1,10,3,21,0.0,1,Collision,,,
2012,1,Australian Grand Prix,2012-03-18,hulkenberg,HUL,Nico Hülkenberg,force_india,Force India,12,9,22,0.0,0,Collision,,,
2012,2,Malaysian Grand Prix,2012-03-25,alonso,ALO,Fernando Alonso,ferrari,Ferrari,5,8,1,25.0,56,Finished,7.0,196.25,
2012,2,Malaysian Grand Prix,2012-03-25,perez,PER,Sergio Pérez,sauber,Sauber,15,9,2,18.0,56,Finished,3.0,197.531,
2012,2,Malaysian Grand Prix,2012-03-25,hamilton,HAM,Lewis Hamilton,mclaren,McLaren,4,1,3,15.0,56,Finished,6.0,196.523,
2012,2,Malaysian Grand Prix,2012-03-25,webber,WEB,Mark Webber,red_bull,Red Bull,2,4,4,12.0,56,Finished,2.0,197.539,
2012,2,Malaysian Grand Prix,2012-03-25,raikkonen,RAI,Kimi Räikkönen,lotus_f1,Lotus F1,9,10,5,10.0,56,Finished,1.0,198.117,
2012,2,Malaysian Grand Prix,2012-03-25,bruno_senna,SEN,Bruno Senna,williams,Williams,19,13,6,8.0,56,Finished,5.0,196.785,
2012,2,Malaysian Grand Prix,2012-03-25,resta,DIR,Paul di Resta,force_india,Force India,11,14,7,6.0,56,Finished,10.0,195.983,
2012,2,Malaysian Grand Prix,2012-03-25,vergne,VER,Jean-Éric Vergne,toro_rosso,Toro Rosso,17,18,8,4.0,56,Finished,12.0,195.785,
2012,2,Malaysian Grand Prix,2012-03-25,hulkenberg,HUL,Nico Hülkenberg,force_india,Force India,12,16,9,2.0,56,Finished,15.0,195.304,
2012,2,Malaysian Grand Prix,2012-03-25,michael_schumacher,MSC,Michael Schumacher,mercedes,Mercedes,7,3,10,1.0,56,Finished,9.0,196.096,
2012,2,Malaysian Grand Prix,2012-03-25,vettel,VET,Sebastian Vettel,red_bull,Red Bull,1,5,11,0.0,56,Finished,4.0,196.905,
2012,2,Malaysian Grand Prix,2012-03-25,ricciardo,RIC,Daniel Ricciardo,toro_rosso,Toro Rosso,16,15,12,0.0,56,Finished,8.0,196.104,
2012,2,Malaysian Grand Prix,2012-03-25,rosberg,ROS,Nico Rosberg,mercedes,Mercedes,8,7,13,0.0,56,Finished,11.0,195.898,
2012,2,Malaysian Grand Prix,2012-03-25,button,BUT,Jenson Button,mclaren,McLaren,3,2,14,0.0,56,Finished,14.0,195.443,
2012,2,Malaysian Grand Prix,2012-03-25,massa,MAS,Felipe Massa,ferrari,Ferrari,6,12,15,0.0,56,Finished,13.0,195.537,
2012,2,Malaysian Grand Prix,2012-03-25,petrov,PET,Vitaly Petrov,caterham,Caterham,21,19,16,0.0,55,+1 Lap,17.0,192.775,
2012,2,Malaysian Grand Prix,2012-03-25,glock,GLO,Timo Glock,marussia,Marussia,24,20,17,0.0,55,+1 Lap,20.0,190.486,
2012,2,Malaysian Grand Prix,2012-03-25,kovalainen,KOV,Heikki Kovalainen,caterham,Caterham,20,24,18,0.0,55,+1 Lap,18.0,192.237,
2012,2,Malaysian Grand Prix,2012-03-25,maldonado,MAL,Pastor Maldonado,williams,Williams,18,11,19,0.0,54,Engine,16.0,195.181,
2012,2,Malaysian Grand Prix,2012-03-25,pic,PIC,Charles Pic,marussia,Marussia,25,21,20,0.0,54,+2 Laps,21.0,190.384,
2012,2,Malaysian Grand Prix,2012-03-25,karthikeyan,KAR,Narain Karthikeyan,hrt,HRT,23,23,21,0.0,54,+2 Laps,22.0,188.414,
2012,2,Malaysian Grand Prix,2012-03-25,rosa,DLR,Pedro de la Rosa,hrt,HRT,22,22,22,0.0,54,+2 Laps,23.0,187.82,
2012,2,Malaysian Grand Prix,2012-03-25,kobayashi,KOB,Kamui Kobayashi,sauber,Sauber,14,17,23,0.0,46,Retired,19.0,191.501,
2012,2,Malaysian Grand Prix,2012-03-25,grosjean,GRO,Romain Grosjean,lotus_f1,Lotus F1,10,6,24,0.0,3,Collision,24.0,155.333,
2012,3,Chinese Grand Prix,2012-04-15,rosberg,ROS,Nico Rosberg,mercedes,Mercedes,8,1,1,25.0,56,Finished,8.0,194.356,
2012,3,Chinese Grand Prix,2012-04-15,button,BUT,Jenson Button,mclaren,McLaren,3,5,2,18.0,56,Finished,3.0,195.411,
2012,3,Chinese Grand Prix,2012-04-15,hamilton,HAM,Lewis Hamilton,mclaren,McLaren,4,7,3,15.0,56,Finished,6.0,195.201,
2012,3,Chinese Grand Prix,2012-04-15,webber,WEB,Mark Webber,red_bull,Red Bull,2,6,4,12.0,56,Finished,5.0,195.279,
2012,3,Chinese Grand Prix,2012-04-15,vettel,VET,Sebastian Vettel,red_bull,Red Bull,1,11,5,10.0,56,Finished,7.0,195.063,
2012,3,Chinese Grand Prix,2012-04-15,grosjean,GRO,Romain Grosjean,lotus_f1,Lotus F1,10,10,6,8.0,56,Finished,11.0,194.062,
2012,3,Chinese Grand Prix,2012-04-15,bruno_senna,SEN,Bruno Senna,williams,Williams,19,14,7,6.0,56,Finished,16.0,193.731,
2012,3,Chinese Grand Prix,2012-04-15,maldonado,MAL,Pastor Maldonado,williams,Williams,18,13,8,4.0,56,Finished,4.0,195.294,
2012,3,Chinese Grand Prix,2012-04-15,alonso,ALO,Fernando Alonso,ferrari,Ferrari,5,9,9,2.0,56,Finished,12.0,194.001,
2012,3,Chinese Grand Prix,2012-04-15,kobayashi,KOB,Kamui Kobayashi,sauber,Sauber,14,3,10,1.0,56,Finished,1.0,196.314,
2012,3,Chinese Grand Prix,2012-04-15,perez,PER,Sergio Pérez,sauber,Sauber,15,8,11,0.0,56,Finished,10.0,194.156,
2012,3,Chinese Grand Prix,2012-04-15,resta,DIR,Paul di Resta,force_india,Force India,11,15,12,0.0,56,Finished,17.0,193.339,
2012,3,Chinese Grand Prix,2012-04-15,massa,MAS,Felipe Massa,ferrari,Ferrari,6,12,13,0.0,56,Finished,14.0,193.832,
2012,3,Chinese Grand Prix,2012-04-15,raikkonen,RAI,Kimi Räikkönen,lotus_f1,Lotus F1,9,4,14,0.0,56,Finished,18.0,192.777,
2012,3,Chinese Grand Prix,2012-04-15,hulkenberg,HUL,Nico Hülkenberg,force_india,Force India,12,16,15,0.0,56,Finished,9.0,194.337,
2012,3,Chinese Grand Prix,2012-04-15,vergne,VER,Jean-Éric Vergne,toro_rosso,Toro Rosso,17,24,16,0.0,56,Finished,2.0,196.198,
2012,3,Chinese Grand Prix,2012-04-15,ricciardo,RIC,Daniel Ricciardo,toro_rosso,Toro Rosso,16,17,17,0.0,56,Finished,15.0,193.811,
2012,3,Chinese Grand Prix,2012-04-15,petrov,PET,Vitaly Petrov,caterham,Caterham,21,19,18,0.0,55,+1 Lap,19.0,191.664,
2012,3,Chinese Grand Prix,2012-04-15,glock,GLO,Timo Glock,marussia,Marussia,24,20,19,0.0,55,+1 Lap,21.0,190.987,
2012,3,Chinese Grand Prix,2012-04-15,pic,PIC,Charles Pic,marussia,Marussia,25,21,20,0.0,55,+1 Lap,20.0,191.224,
2012,3,Chinese Grand Prix,2012-04-15,rosa,DLR,Pedro de la Rosa,hrt,HRT,22,22,21,0.0,55,+1 Lap,22.0,189.398,
2012,3,Chinese Grand Prix,2012-04-15,karthikeyan,KAR,Narain Karthikeyan,hrt,HRT,23,23,22,0.0,54,+2 Laps,23.0,188.806,
2012,3,Chinese Grand Prix,2012-04-15,kovalainen,KOV,Heikki Kovalainen,caterham,Caterham,20,18,23,0.0,53,+3 Laps,13.0,193.928,
2012,3,Chinese Grand Prix,2012-04-15,michael_schumacher,MSC,Michael Schumacher,mercedes,Mercedes,7,2,24,0.0,12,Wheel nut,24.0,188.49,
2012,4,Bahrain Grand Prix,2012-04-22,vettel,VET,Sebastian Vettel,red_bull,Red Bull,1,1,1,25.0,57,Finished,1.0,202.151,
2012,4,Bahrain Grand Prix,2012-04-22,raikkonen,RAI,Kimi Räikkönen,lotus_f1,Lotus F1,9,11,2,18.0,57,Finished,5.0,200.617,
2012,4,Bahrain Grand Prix,2012-04-22,grosjean,GRO,Romain Grosjean,lotus_f1,Lotus F1,10,7,3,15.0,57,Finished,3.0,201.006,
2012,4,Bahrain Grand Prix,2012-04-22,webber,WEB,Mark Webber,red_bull,Red Bull,2,3,4,12.0,57,Finished,6.0,199.956,
2012,4,Bahrain Grand Prix,2012-04-22,rosberg,ROS,Nico Rosberg,mercedes,Mercedes,8,5,5,10.0,57,Finished,10.0,198.646,
2012,4,Bahrain Grand Prix,2012-04-22,resta,DIR,Paul di Resta,force_india,Force India,11,10,6,8.0,57,Finished,18.0,198.056,
2012,4,Bahrain Grand Prix,2012-04-22,alonso,ALO,Fernando Alonso,ferrari,Ferrari,5,9,7,6.0,57,Finished,15.0,198.397,
2012,4,Bahrain Grand Prix,2012-04-22,hamilton,HAM,Lewis Hamilton,mclaren,McLaren,4,2,8,4.0,57,Finished,7.0,199.351,
2012,4,Bahrain Grand Prix,2012-04-22,massa,MAS,Felipe Massa,ferrari,Ferrari,6,14,9,2.0,57,Finished,12.0,198.558,
2012,4,Bahrain Grand Prix,2012-04-22,michael_schumacher,MSC,Michael Schumacher,mercedes,Mercedes,7,22,10,1.0,57,Finished,13.0,198.548,
2012,4,Bahrain Grand Prix,2012-04-22,perez,PER,Sergio Pérez,sauber,Sauber,15,8,11,0.0,57,Finished,14.0,198.512,
2012,4,Bahrain Grand Prix,2012-04-22,hulkenberg,HUL,Nico Hülkenberg,force_india,Force India,12,13,12,0.0,57,Finished,17.0,198.177,
2012,4,Bahrain Grand Prix,2012-04-22,kobayashi,KOB,Kamui Kobayashi,sauber,Sauber,14,12,13,0.0,57,Finished,2.0,201.48,
2012,4,Bahrain Grand Prix,2012-04-22,vergne,VER,Jean-Éric Vergne,toro_rosso,Toro Rosso,17,17,14,0.0,57,Finished,4.0,200.737,
2012,4,Bahrain Grand Prix,2012-04-22,ricciardo,RIC,Daniel Ricciardo,toro_rosso,Toro Rosso,16,6,15,0.0,56,+1 Lap,8.0,199.005,
2012,4,Bahrain Grand Prix,2012-04-22,petrov,PET,Vitaly Petrov,caterham,Caterham,21,18,16,0.0,56,+1 Lap,16.0,198.191,
2012,4,Bahrain Grand Prix,2012-04-22,kovalainen,KOV,Heikki Kovalainen,caterham,Caterham,20,16,17,0.0,56,+1 Lap,19.0,197.917,
2012,4,Bahrain Grand Prix,2012-04-22,button,BUT,Jenson Button,mclaren,McLaren,3,4,18,0.0,55,Exhaust,9.0,198.714,
2012,4,Bahrain Grand Prix,2012-04-22,glock,GLO,Timo Glock,marussia,Marussia,24,23,19,0.0,55,+2 Laps,23.0,194.204,
2012,4,Bahrain Grand Prix,2012-04-22,rosa,DLR,Pedro de la Rosa,hrt,HRT,22,20,20,0.0,55,+2 Laps,22.0,194.371,
2012,4,Bahrain Grand Prix,2012-04-22,karthikeyan,KAR,Narain Karthikeyan,hrt,HRT,23,24,21,0.0,55,+2 Laps,20.0,195.326,
2012,4,Bahrain Grand Prix,2012-04-22,bruno_senna,SEN,Bruno Senna,williams,Williams,19,15,22,0.0,54,Vibrations,11.0,198.631,
2012,4,Bahrain Grand Prix,2012-04-22,maldonado,MAL,Pastor Maldonado,williams,Williams,18,21,23,0.0,25,Puncture,21.0,195.073,
2012,4,Bahrain Grand Prix,2012-04-22,pic,PIC,Charles Pic,marussia,Marussia,25,19,24,0.0,24,Engine,24.0,191.916,
2012,5,Spanish Grand Prix,2012-05-13,maldonado,MAL,Pastor Maldonado,williams,Williams,18,1,1,25.0,66,Finished,6.0,190.635,
2012,5,Spanish Grand Prix,2012-05-13,alonso,ALO,Fernando Alonso,ferrari,Ferrari,5,2,2,18.0,66,Finished,3.0,191.761,
2012,5,Spanish Grand Prix,2012-05-13,raikkonen,RAI,Kimi Räikkönen,lotus_f1,Lotus F1,9,4,3,15.0,66,Finished,2.0,192.758,
2012,5,Spanish Grand Prix,2012-05-13,grosjean,GRO,Romain Grosjean,lotus_f1,Lotus F1,10,3,4,12.0,66,Finished,1.0,194.295,
2012,5,Spanish Grand Prix,2012-05-13,kobayashi,KOB,Kamui Kobayashi,sauber,Sauber,14,9,5,10.0,66,Finished,8.0,189.857,
2012,5,Spanish Grand Prix,2012-05-13,vettel,VET,Sebastian Vettel,red_bull,Red Bull,1,7,6,8.0,66,Finished,4.0,190.935,
2012,5,Spanish Grand Prix,2012-05-13,rosberg,ROS,Nico Rosberg,mercedes,Mercedes,8,6,7,6.0,66,Finished,7.0,190.107,
2012,5,Spanish Grand Prix,2012-05-13,hamilton,HAM,Lewis Hamilton,mclaren,McLaren,4,24,8,4.0,66,Finished,18.0,188.465,
2012,5,Spanish Grand Prix,2012-05-13,button,BUT,Jenson Button,mclaren,McLaren,3,10,9,2.0,66,Finished,14.0,189.09,
2012,5,Spanish Grand Prix,2012-05-13,hulkenberg,HUL,Nico Hülkenberg,force_india,Force India,12,13,10,1.0,65,+1 Lap,17.0,188.478,
2012,5,Spanish Grand Prix,2012-05-13,webber,WEB,Mark Webber,red_bull,Red Bull,2,11,11,0.0,65,+1 Lap,5.0,190.741,
2012,5,Spanish Grand Prix,2012-05-13,vergne,VER,Jean-Éric Vergne,toro_rosso,Toro Rosso,17,14,12,0.0,65,+1 Lap,9.0,189.767,
2012,5,Spanish Grand Prix,2012-05-13,ricciardo,RIC,Daniel Ricciardo,toro_rosso,Toro Rosso,16,15,13,0.0,65,+1 Lap,12.0,189.169,
2012,5,Spanish Grand Prix,2012-05-13,resta,DIR,Paul di Resta,force_india,Force India,11,12,14,0.0,65,+1 Lap,10.0,189.756,
2012,5,Spanish Grand Prix,2012-05-13,massa,MAS,Felipe Massa,ferrari,Ferrari,6,16,15,0.0,65,+1 Lap,11.0,189.467,
2012,5,Spanish Grand Prix,2012-05-13,kovalainen,KOV,Heikki Kovalainen,caterham,Caterham,20,19,16,0.0,65,+1 Lap,15.0,188.897,
2012,5,Spanish Grand Prix,2012-05-13,petrov,PET,Vitaly Petrov,caterham,Caterham,21,18,17,0.0,65,+1 Lap,16.0,188.773,
2012,5,Spanish Grand Prix,2012-05-13,glock,GLO,Timo Glock,marussia,Marussia,24,21,18,0.0,64,+2 Laps,19.0,187.033,
2012,5,Spanish Grand Prix,2012-05-13,rosa,DLR,Pedro de la Rosa,hrt,HRT,22,22,19,0.0,63,+3 Laps,20.0,184.718,
2012,5,Spanish Grand Prix,2012-05-13,perez,PER,Sergio Pérez,sauber,Sauber,15,5,20,0.0,37,Wheel nut,13.0,189.131,
2012,5,Spanish Grand Prix,2012-05-13,pic,PIC,Charles Pic,marussia,Marussia,25,20,21,0.0,35,Mechanical,22.0,183.879,
2012,5,Spanish Grand Prix,2012-05-13,karthikeyan,KAR,Narain Karthikeyan,hrt,HRT,23,23,22,0.0,22,Mechanical,24.0,180.381,
2012,5,Spanish Grand Prix,2012-05-13,bruno_senna,SEN,Bruno Senna,williams,Williams,19,17,23,0.0,12,Collision,23.0,182.505,
2012,5,Spanish Grand Prix,2012-05-13,michael_schumacher,MSC,Michael Schumacher,mercedes,Mercedes,7,8,24,0.0,12,Collision,21.0,183.973,
2012,6,Monaco Grand Prix,2012-05-27,webber,WEB,Mark Webber,red_bull,Red Bull,2,1,1,25.0,78,Finished,3.0,152.579,
2012,6,Monaco Grand Prix,2012-05-27,rosberg,ROS,Nico Rosberg,mercedes,Mercedes,8,2,2,18.0,78,Finished,7.0,152.246,
2012,6,Monaco Grand Prix,2012-05-27,alonso,ALO,Fernando Alonso,ferrari,Ferrari,5,5,3,15.0,78,Finished,5.0,152.478,
2012,6,Monaco Grand Prix,2012-05-27,vettel,VET,Sebastian Vettel,red_bull,Red Bull,1,9,4,12.0,78,Finished,9.0,152.056,
2012,6,Monaco Grand Prix,2012-05-27,hamilton,HAM,Lewis Hamilton,mclaren,McLaren,4,3,5,10.0,78,Finished,4.0,152.577,
2012,6,Monaco Grand Prix,2012-05-27,massa,MAS,Felipe Massa,ferrari,Ferrari,6,7,6,8.0,78,Finished,10.0,152.008,
2012,6,Monaco Grand Prix,2012-05-27,resta,DIR,Paul di Resta,force_india,Force India,11,14,7,6.0,78,Finished,17.0,150.757,
2012,6,Monaco Grand Prix,2012-05-27,hulkenberg,HUL,Nico Hülkenberg,force_india,Force India,12,10,8,4.0,78,Finished,2.0,153.322,
2012,6,Monaco Grand Prix,2012-05-27,raikkonen,RAI,Kimi Räikkönen,lotus_f1,Lotus F1,9,8,9,2.0,78,Finished,12.0,151.73,
2012,6,Monaco Grand Prix,2012-05-27,bruno_senna,SEN,Bruno Senna,williams,Williams,19,13,10,1.0,78,Finished,11.0,151.843,
2012,6,Monaco Grand Prix,2012-05-27,perez,PER,Sergio Pérez,sauber,Sauber,15,23,11,0.0,77,+1 Lap,1.0,155.557,
2012,6,Monaco Grand Prix,2012-05-27,vergne,VER,Jean-Éric Vergne,toro_rosso,Toro Rosso,17,16,12,0.0,77,+1 Lap,8.0,152.177,
2012,6,Monaco Grand Prix,2012-05-27,kovalainen,KOV,Heikki Kovalainen,caterham,Caterham,20,17,13,0.0,77,+1 Lap,13.0,151.617,
2012,6,Monaco Grand Prix,2012-05-27,glock,GLO,Timo Glock,marussia,Marussia,24,19,14,0.0,77,+1 Lap,15.0,150.985,
2012,6,Monaco Grand Prix,2012-05-27,karthikeyan,KAR,Narain Karthikeyan,hrt,HRT,23,22,15,0.0,76,+2 Laps,19.0,149.764,
2012,6,Monaco Grand Prix,2012-05-27,button,BUT,Jenson Button,mclaren,McLaren,3,12,16,0.0,70,Collision,18.0,150.444,
2012,6,Monaco Grand Prix,2012-05-27,ricciardo,RIC,Daniel Ricciardo,toro_rosso,Toro Rosso,16,15,17,0.0,65,Retired,16.0,150.767,
2012,6,Monaco Grand Prix,2012-05-27,pic,PIC,Charles Pic,marussia,Marussia,25,21,18,0.0,64,Retired,14.0,151.047,
2012,6,Monaco Grand Prix,2012-05-27,michael_schumacher,MSC,Michael Schumacher,mercedes,Mercedes,7,6,19,0.0,63,Fuel pressure,6.0,152.387,
2012,6,Monaco Grand Prix,2012-05-27,petrov,PET,Vitaly Petrov,caterham,Caterham,21,18,20,0.0,15,Electrical,20.0,148.765,
2012,6,Monaco Grand Prix,2012-05-27,kobayashi,KOB,Kamui Kobayashi,sauber,Sauber,14,11,21,0.0,5,Accident,21.0,140.664,
2012,6,Monaco Grand Prix,2012-05-27,rosa,DLR,Pedro de la Rosa,hrt,HRT,22,20,22,0.0,0,Accident,,,
2012,6,Monaco Grand Prix,2012-05-27,maldonado,MAL,Pastor Maldonado,williams,Williams,18,24,23,0.0,0,Accident,,,
2012,6,Monaco Grand Prix,2012-05-27,grosjean,GRO,Romain Grosjean,lotus_f1,Lotus F1,10,4,24,0.0,0,Accident,,,
2012,7,Canadian Grand Prix,2012-06-10,hamilton,HAM,Lewis Hamilton,mclaren,McLaren,4,2,1,25.0,70,Finished,6.0,203.837,
2012,7,Canadian Grand Prix,2012-06-10,grosjean,GRO,Romain Grosjean,lotus_f1,Lotus F1,10,7,2,18.0,70,Finished,11.0,203.194,
2012,7,Canadian Grand Prix,2012-06-10,perez,PER,Sergio Pérez,sauber,Sauber,15,15,3,15.0,70,Finished,3.0,205.454,
2012,7,Canadian Grand Prix,2012-06-10,vettel,VET,Sebastian Vettel,red_bull,Red Bull,1,1,4,12.0,70,Finished,1.0,207.249,
2012,7,Canadian Grand Prix,2012-06-10,alonso,ALO,Fernando Alonso,ferrari,Ferrari,5,3,5,10.0,70,Finished,15.0,201.742,
2012,7,Canadian Grand Prix,2012-06-10,rosberg,ROS,Nico Rosberg,mercedes,Mercedes,8,5,6,8.0,70,Finished,7.0,203.732,
2012,7,Canadian Grand Prix,2012-06-10,webber,WEB,Mark Webber,red_bull,Red Bull,2,4,7,6.0,70,Finished,8.0,203.544,
2012,7,Canadian Grand Prix,2012-06-10,raikkonen,RAI,Kimi Räikkönen,lotus_f1,Lotus F1,9,12,8,4.0,70,Finished,5.0,204.517,
2012,7,Canadian Grand Prix,2012-06-10,kobayashi,KOB,Kamui Kobayashi,sauber,Sauber,14,11,9,2.0,70,Finished,12.0,202.669,
2012,7,Canadian Grand Prix,2012-06-10,massa,MAS,Felipe Massa,ferrari,Ferrari,6,6,10,1.0,70,Finished,2.0,206.08,
2012,7,Canadian Grand Prix,2012-06-10,resta,DIR,Paul di Resta,force_india,Force India,11,8,11,0.0,70,Finished,10.0,203.312,
2012,7,Canadian Grand Prix,2012-06-10,hulkenberg,HUL,Nico Hülkenberg,force_india,Force India,12,13,12,0.0,70,Finished,9.0,203.357,
2012,7,Canadian Grand Prix,2012-06-10,maldonado,MAL,Pastor Maldonado,williams,Williams,18,22,13,0.0,70,Finished,13.0,202.604,
2012,7,Canadian Grand Prix,2012-06-10,ricciardo,RIC,Daniel Ricciardo,toro_rosso,Toro Rosso,16,14,14,0.0,70,Finished,4.0,204.931,
2012,7,Canadian Grand Prix,2012-06-10,vergne,VER,Jean-Éric Vergne,toro_rosso,Toro Rosso,17,19,15,0.0,69,+1 Lap,17.0,201.6,
2012,7,Canadian Grand Prix,2012-06-10,button,BUT,Jenson Button,mclaren,McLaren,3,10,16,0.0,69,+1 Lap,16.0,201.682,
2012,7,Canadian Grand Prix,2012-06-10,bruno_senna,SEN,Bruno Senna,williams,Williams,19,16,17,0.0,69,+1 Lap,14.0,201.75,
2012,7,Canadian Grand Prix,2012-06-10,kovalainen,KOV,Heikki Kovalainen,caterham,Caterham,20,17,18,0.0,69,+1 Lap,19.0,200.947,
2012,7,Canadian Grand Prix,2012-06-10,petrov,PET,Vitaly Petrov,caterham,Caterham,21,18,19,0.0,69,+1 Lap,18.0,201.037,
2012,7,Canadian Grand Prix,2012-06-10,pic,PIC,Charles Pic,marussia,Marussia,25,23,20,0.0,69,+3 Laps,21.0,194.706,
2012,7,Canadian Grand Prix,2012-06-10,glock,GLO,Timo Glock,marussia,Marussia,24,21,21,0.0,56,Suspension,22.0,193.745,
2012,7,Canadian Grand Prix,2012-06-10,michael_schumacher,MSC,Michael Schumacher,mercedes,Mercedes,7,9,22,0.0,43,Rear wing,20.0,200.165,
2012,7,Canadian Grand Prix,2012-06-10,rosa,DLR,Pedro de la Rosa,hrt,HRT,22,20,23,0.0,24,Brakes,23.0,192.55,
2012,7,Canadian Grand Prix,2012-06-10,karthikeyan,KAR,Narain Karthikeyan,hrt,HRT,23,24,24,0.0,22,Suspension,24.0,191.355,
2012,8,European Grand Prix,2012-06-24,alonso,ALO,Fernando Alonso,ferrari,Ferrari,5,11,1,25.0,57,Finished,5.0,188.185,
2012,8,European Grand Prix,2012-06-24,raikkonen,RAI,Kimi Räikkönen,lotus_f1,Lotus F1,9,5,2,18.0,57,Finished,7.0,188.148,
2012,8,European Grand Prix,2012-06-24,michael_schumacher,MSC,Michael Schumacher,mercedes,Mercedes,7,12,3,15.0,57,Finished,3.0,189.22,
2012,8,European Grand Prix,2012-06-24,webber,WEB,Mark Webber,red_bull,Red Bull,2,19,4,12.0,57,Finished,2.0,189.923,
2012,8,European Grand Prix,2012-06-24,hulkenberg,HUL,Nico Hülkenberg,force_india,Force India,12,8,5,10.0,57,Finished,13.0,187.174,
2012,8,European Grand Prix,2012-06-24,rosberg,ROS,Nico Rosberg,mercedes,Mercedes,8,6,6,8.0,57,Finished,1.0,190.953,
2012,8,European Grand Prix,2012-06-24,resta,DIR,Paul di Resta,force_india,Force India,11,10,7,6.0,57,Finished,11.0,187.398,
2012,8,European Grand Prix,2012-06-24,button,BUT,Jenson Button,mclaren,McLaren,3,9,8,4.0,57,Finished,17.0,186.138,
2012,8,European Grand Prix,2012-06-24,perez,PER,Sergio Pérez,sauber,Sauber,15,15,9,2.0,57,Finished,4.0,188.439,
2012,8,European Grand Prix,2012-06-24,bruno_senna,SEN,Bruno Senna,williams,Williams,19,14,10,1.0,57,Finished,12.0,187.38,
2012,8,European Grand Prix,2012-06-24,ricciardo,RIC,Daniel Ricciardo,toro_rosso,Toro Rosso,16,17,11,0.0,57,Finished,6.0,188.17,
2012,8,European Grand Prix,2012-06-24,maldonado,MAL,Pastor Maldonado,williams,Williams,18,3,12,0.0,57,Finished,10.0,187.465,
2012,8,European Grand Prix,2012-06-24,petrov,PET,Vitaly Petrov,caterham,Caterham,21,20,13,0.0,57,Finished,14.0,187.125,
2012,8,European Grand Prix,2012-06-24,kovalainen,KOV,Heikki Kovalainen,caterham,Caterham,20,16,14,0.0,57,Finished,19.0,185.275,
2012,8,European Grand Prix,2012-06-24,pic,PIC,Charles Pic,marussia,Marussia,25,23,15,0.0,57,Finished,22.0,182.832,
2012,8,European Grand Prix,2012-06-24,massa,MAS,Felipe Massa,ferrari,Ferrari,6,13,16,0.0,56,+1 Lap,15.0,186.806,
2012,8,European Grand Prix,2012-06-24,rosa,DLR,Pedro de la Rosa,hrt,HRT,22,21,17,0.0,56,+1 Lap,23.0,182.664,
2012,8,European Grand Prix,2012-06-24,karthikeyan,KAR,Narain Karthikeyan,hrt,HRT,23,22,18,0.0,56,+1 Lap,21.0,183.37,
2012,8,European Grand Prix,2012-06-24,hamilton,HAM,Lewis Hamilton,mclaren,McLaren,4,2,19,0.0,55,Collision,9.0,187.568,
2012,8,European Grand Prix,2012-06-24,grosjean,GRO,Romain Grosjean,lotus_f1,Lotus F1,10,4,20,0.0,40,Electronics,8.0,188.007,
2012,8,European Grand Prix,2012-06-24,vettel,VET,Sebastian Vettel,red_bull,Red Bull,1,1,21,0.0,33,Gearbox,16.0,186.585,
2012,8,European Grand Prix,2012-06-24,kobayashi,KOB,Kamui Kobayashi,sauber,Sauber,14,7,22,0.0,33,Collision,18.0,185.649,
2012,8,European Grand Prix,2012-06-24,vergne,VER,Jean-Éric Vergne,toro_rosso,Toro Rosso,17,18,23,0.0,26,Collision,20.0,184.929,
2012,8,European Grand Prix,2012-06-24,glock,GLO,Timo Glock,marussia,Marussia,24,0,24,0.0,0,Withdrew,,,
2012,9,British Grand Prix,2012-07-08,webber,WEB,Mark Webber,red_bull,Red Bull,2,2,1,25.0,52,Finished,4.0,223.393,
2012,9,British Grand Prix,2012-07-08,alonso,ALO,Fernando Alonso,ferrari,Ferrari,5,1,2,18.0,52,Finished,7.0,222.336,
2012,9,British Grand Prix,2012-07-08,vettel,VET,Sebastian Vettel,red_bull,Red Bull,1,4,3,15.0,52,Finished,3.0,223.48,
2012,9,British Grand Prix,2012-07-08,massa,MAS,Felipe Massa,ferrari,Ferrari,6,5,4,12.0,52,Finished,5.0,223.141,
2012,9,British Grand Prix,2012-07-08,raikkonen,RAI,Kimi Räikkönen,lotus_f1,Lotus F1,9,6,5,10.0,52,Finished,1.0,224.037,
2012,9,British Grand Prix,2012-07-08,grosjean,GRO,Romain Grosjean,lotus_f1,Lotus F1,10,9,6,8.0,52,Finished,2.0,223.51,
2012,9,British Grand Prix,2012-07-08,michael_schumacher,MSC,Michael Schumacher,mercedes,Mercedes,7,3,7,6.0,52,Finished,6.0,222.789,
2012,9,British Grand Prix,2012-07-08,hamilton,HAM,Lewis Hamilton,mclaren,McLaren,4,8,8,4.0,52,Finished,15.0,220.515,
2012,9,British Grand Prix,2012-07-08,bruno_senna,SEN,Bruno Senna,williams,Williams,19,13,9,2.0,52,Finished,12.0,221.228,
2012,9,British Grand Prix,2012-07-08,button,BUT,Jenson Button,mclaren,McLaren,3,16,10,1.0,52,Finished,14.0,220.714,
2012,9,British Grand Prix,2012-07-08,kobayashi,KOB,Kamui Kobayashi,sauber,Sauber,14,17,11,0.0,52,Finished,9.0,222.12,
2012,9,British Grand Prix,2012-07-08,hulkenberg,HUL,Nico Hülkenberg,force_india,Force India,12,14,12,0.0,52,Finished,13.0,220.956,
2012,9,British Grand Prix,2012-07-08,ricciardo,RIC,Daniel Ricciardo,toro_rosso,Toro Rosso,16,12,13,0.0,52,Finished,8.0,222.19,
2012,9,British Grand Prix,2012-07-08,vergne,VER,Jean-Éric Vergne,toro_rosso,Toro Rosso,17,23,14,0.0,52,Finished,10.0,222.036,
2012,9,British Grand Prix,2012-07-08,rosberg,ROS,Nico Rosberg,mercedes,Mercedes,8,11,15,0.0,52,Finished,11.0,221.489,
2012,9,British Grand Prix,2012-07-08,maldonado,MAL,Pastor Maldonado,williams,Williams,18,7,16,0.0,51,+1 Lap,17.0,217.48,
2012,9,British Grand Prix,2012-07-08,kovalainen,KOV,Heikki Kovalainen,caterham,Caterham,20,19,17,0.0,51,+1 Lap,19.0,216.293,
2012,9,British Grand Prix,2012-07-08,glock,GLO,Timo Glock,marussia,Marussia,24,20,18,0.0,51,+1 Lap,16.0,217.687,
2012,9,British Grand Prix,2012-07-08,pic,PIC,Charles Pic,marussia,Marussia,25,24,19,0.0,51,+1 Lap,18.0,216.386,
2012,9,British Grand Prix,2012-07-08,rosa,DLR,Pedro de la Rosa,hrt,HRT,22,21,20,0.0,50,+2 Laps,21.0,212.889,
2012,9,British Grand Prix,2012-07-08,karthikeyan,KAR,Narain Karthikeyan,hrt,HRT,23,22,21,0.0,50,+2 Laps,20.0,215.658,
2012,9,British Grand Prix,2012-07-08,perez,PER,Sergio Pérez,sauber,Sauber,15,15,22,0.0,11,Collision,22.0,212.541,
2012,9,British Grand Prix,2012-07-08,resta,DIR,Paul di Resta,force_india,Force India,11,10,23,0.0,2,Collision,,,
2012,9,British Grand Prix,2012-07-08,petrov,PET,Vitaly Petrov,caterham,Caterham,21,18,24,0.0,0,Engine,,,
2012,10,German Grand Prix,2012-07-22,alonso,ALO,Fernando Alonso,ferrari,Ferrari,5,1,1,25.0,67,Finished,2.0,208.319,
2012,10,German Grand Prix,2012-07-22,button,BUT,Jenson Button,mclaren,McLaren,3,6,2,18.0,67,Finished,8.0,207.205,
2012,10,German Grand Prix,2012-07-22,raikkonen,RAI,Kimi Räikkönen,lotus_f1,Lotus F1,9,10,3,15.0,67,Finished,13.0,206.555,
2012,10,German Grand Prix,2012-07-22,kobayashi,KOB,Kamui Kobayashi,sauber,Sauber,14,12,4,12.0,67,Finished,9.0,207.163,
2012,10,German Grand Prix,2012-07-22,vettel,VET,Sebastian Vettel,red_bull,Red Bull,1,2,5,10.0,67,Finished,4.0,208.011,
2012,10,German Grand Prix,2012-07-22,perez,PER,Sergio Pérez,sauber,Sauber,15,17,6,8.0,67,Finished,6.0,207.725,
2012,10,German Grand Prix,2012-07-22,michael_schumacher,MSC,Michael Schumacher,mercedes,Mercedes,7,3,7,6.0,67,Finished,1.0,209.163,
2012,10,German Grand Prix,2012-07-22,webber,WEB,Mark Webber,red_bull,Red Bull,2,8,8,4.0,67,Finished,14.0,206.361,
2012,10,German Grand Prix,2012-07-22,hulkenberg,HUL,Nico Hülkenberg,force_india,Force India,12,4,9,2.0,67,Finished,7.0,207.458,
2012,10,German Grand Prix,2012-07-22,rosberg,ROS,Nico Rosberg,mercedes,Mercedes,8,21,10,1.0,67,Finished,3.0,208.158,
2012,10,German Grand Prix,2012-07-22,resta,DIR,Paul di Resta,force_india,Force India,11,9,11,0.0,67,Finished,12.0,206.56,
2012,10,German Grand Prix,2012-07-22,massa,MAS,Felipe Massa,ferrari,Ferrari,6,13,12,0.0,67,Finished,5.0,207.843,
2012,10,German Grand Prix,2012-07-22,ricciardo,RIC,Daniel Ricciardo,toro_rosso,Toro Rosso,16,11,13,0.0,67,Finished,18.0,205.66,
2012,10,German Grand Prix,2012-07-22,vergne,VER,Jean-Éric Vergne,toro_rosso,Toro Rosso,17,15,14,0.0,67,Finished,11.0,206.747,
2012,10,German Grand Prix,2012-07-22,maldonado,MAL,Pastor Maldonado,williams,Williams,18,5,15,0.0,66,+1 Lap,10.0,206.846,
2012,10,German Grand Prix,2012-07-22,petrov,PET,Vitaly Petrov,caterham,Caterham,21,18,16,0.0,66,+1 Lap,16.0,205.837,
2012,10,German Grand Prix,2012-07-22,bruno_senna,SEN,Bruno Senna,williams,Williams,19,14,17,0.0,66,+1 Lap,15.0,206.103,
2012,10,German Grand Prix,2012-07-22,grosjean,GRO,Romain Grosjean,lotus_f1,Lotus F1,10,19,18,0.0,66,+1 Lap,17.0,205.796,
2012,10,German Grand Prix,2012-07-22,kovalainen,KOV,Heikki Kovalainen,caterham,Caterham,20,16,19,0.0,65,+2 Laps,20.0,204.307,
2012,10,German Grand Prix,2012-07-22,pic,PIC,Charles Pic,marussia,Marussia,25,20,20,0.0,65,+2 Laps,21.0,201.416,
2012,10,German Grand Prix,2012-07-22,rosa,DLR,Pedro de la Rosa,hrt,HRT,22,23,21,0.0,64,+3 Laps,23.0,199.817,
2012,10,German Grand Prix,2012-07-22,glock,GLO,Timo Glock,marussia,Marussia,24,22,22,0.0,64,+3 Laps,24.0,198.922,
2012,10,German Grand Prix,2012-07-22,karthikeyan,KAR,Narain Karthikeyan,hrt,HRT,23,24,23,0.0,64,+3 Laps,22.0,201.33,
2012,10,German Grand Prix,2012-07-22,hamilton,HAM,Lewis Hamilton,mclaren,McLaren,4,7,24,0.0,56,Puncture,19.0,205.596,
2012,11,Hungarian Grand Prix,2012-07-29,hamilton,HAM,Lewis Hamilton,mclaren,McLaren,4,1,1,25.0,69,Finished,4.0,184.082,
2012,11,Hungarian Grand Prix,2012-07-29,raikkonen,RAI,Kimi Räikkönen,lotus_f1,Lotus F1,9,5,2,18.0,69,Finished,6.0,183.972,
2012,11,Hungarian Grand Prix,2012-07-29,grosjean,GRO,Romain Grosjean,lotus_f1,Lotus F1,10,2,3,15.0,69,Finished,13.0,183.284,
2012,11,Hungarian Grand Prix,2012-07-29,vettel,VET,Sebastian Vettel,red_bull,Red Bull,1,3,4,12.0,69,Finished,1.0,187.453,
2012,11,Hungarian Grand Prix,2012-07-29,alonso,ALO,Fernando Alonso,ferrari,Ferrari,5,6,5,10.0,69,Finished,7.0,183.951,
2012,11,Hungarian Grand Prix,2012-07-29,button,BUT,Jenson Button,mclaren,McLaren,3,4,6,8.0,69,Finished,10.0,183.751,
2012,11,Hungarian Grand Prix,2012-07-29,bruno_senna,SEN,Bruno Senna,williams,Williams,19,9,7,6.0,69,Finished,16.0,182.863,
2012,11,Hungarian Grand Prix,2012-07-29,webber,WEB,Mark Webber,red_bull,Red Bull,2,11,8,4.0,69,Finished,3.0,184.674,
2012,11,Hungarian Grand Prix,2012-07-29,massa,MAS,Felipe Massa,ferrari,Ferrari,6,7,9,2.0,69,Finished,11.0,183.561,
2012,11,Hungarian Grand Prix,2012-07-29,rosberg,ROS,Nico Rosberg,mercedes,Mercedes,8,13,10,1.0,69,Finished,9.0,183.753,
2012,11,Hungarian Grand Prix,2012-07-29,hulkenberg,HUL,Nico Hülkenberg,force_india,Force India,12,10,11,0.0,69,Finished,15.0,183.235,
2012,11,Hungarian Grand Prix,2012-07-29,resta,DIR,Paul di Resta,force_india,Force India,11,12,12,0.0,69,Finished,12.0,183.441,
2012,11,Hungarian Grand Prix,2012-07-29,maldonado,MAL,Pastor Maldonado,williams,Williams,18,8,13,0.0,69,Finished,5.0,183.983,
2012,11,Hungarian Grand Prix,2012-07-29,perez,PER,Sergio Pérez,sauber,Sauber,15,14,14,0.0,69,Finished,2.0,185.073,
2012,11,Hungarian Grand Prix,2012-07-29,ricciardo,RIC,Daniel Ricciardo,toro_rosso,Toro Rosso,16,18,15,0.0,68,+1 Lap,17.0,182.313,
2012,11,Hungarian Grand Prix,2012-07-29,vergne,VER,Jean-Éric Vergne,toro_rosso,Toro Rosso,17,16,16,0.0,68,+1 Lap,14.0,183.26,
2012,11,Hungarian Grand Prix,2012-07-29,kovalainen,KOV,Heikki Kovalainen,caterham,Caterham,20,19,17,0.0,68,+1 Lap,18.0,182.13,
2012,11,Hungarian Grand Prix,2012-07-29,kobayashi,KOB,Kamui Kobayashi,sauber,Sauber,14,15,18,0.0,67,+2 Laps,8.0,183.936,
2012,11,Hungarian Grand Prix,2012-07-29,petrov,PET,Vitaly Petrov,caterham,Caterham,21,20,19,0.0,67,+2 Laps,20.0,179.981,
2012,11,Hungarian Grand Prix,2012-07-29,pic,PIC,Charles Pic,marussia,Marussia,25,21,20,0.0,67,+2 Laps,22.0,177.754,
2012,11,Hungarian Grand Prix,2012-07-29,glock,GLO,Timo Glock,marussia,Marussia,24,22,21,0.0,66,+3 Laps,21.0,178.316,
2012,11,Hungarian Grand Prix,2012-07-29,rosa,DLR,Pedro de la Rosa,hrt,HRT,22,23,22,0.0,66,+3 Laps,23.0,177.678,
2012,11,Hungarian Grand Prix,2012-07-29,karthikeyan,KAR,Narain Karthikeyan,hrt,HRT,23,24,23,0.0,60,Suspension,24.0,176.207,
2012,11,Hungarian Grand Prix,2012-07-29,michael_schumacher,MSC,Michael Schumacher,mercedes,Mercedes,7,17,24,0.0,58,+11 Laps,19.0,181.746,
2012,12,Belgian Grand Prix,2012-09-02,button,BUT,Jenson Button,mclaren,McLaren,3,1,1,25.0,44,Finished,10.0,220.611,
2012,12,Belgian Grand Prix,2012-09-02,vettel,VET,Sebastian Vettel,red_bull,Red Bull,1,10,2,18.0,44,Finished,9.0,220.795,
2012,12,Belgian Grand Prix,2012-09-02,raikkonen,RAI,Kimi Räikkönen,lotus_f1,Lotus F1,9,3,3,15.0,44,Finished,5.0,221.879,
2012,12,Belgian Grand Prix,2012-09-02,hulkenberg,HUL,Nico Hülkenberg,force_india,Force India,12,11,4,12.0,44,Finished,6.0,221.645,
2012,12,Belgian Grand Prix,2012-09-02,massa,MAS,Felipe Massa,ferrari,Ferrari,6,14,5,10.0,44,Finished,3.0,222.223,
2012,12,Belgian Grand Prix,2012-09-02,webber,WEB,Mark Webber,red_bull,Red Bull,2,12,6,8.0,44,Finished,7.0,221.629,
2012,12,Belgian Grand Prix,2012-09-02,michael_schumacher,MSC,Michael Schumacher,mercedes,Mercedes,7,13,7,6.0,44,Finished,4.0,222.139,
2012,12,Belgian Grand Prix,2012-09-02,vergne,VER,Jean-Éric Vergne,toro_rosso,Toro Rosso,17,15,8,4.0,44,Finished,8.0,221.188,
2012,12,Belgian Grand Prix,2012-09-02,ricciardo,RIC,Daniel Ricciardo,toro_rosso,Toro Rosso,16,16,9,2.0,44,Finished,12.0,220.011,
2012,12,Belgian Grand Prix,2012-09-02,resta,DIR,Paul di Resta,force_india,Force India,11,9,10,1.0,44,Finished,11.0,220.093,
2012,12,Belgian Grand Prix,2012-09-02,rosberg,ROS,Nico Rosberg,mercedes,Mercedes,8,23,11,0.0,44,Finished,2.0,222.992,
2012,12,Belgian Grand Prix,2012-09-02,bruno_senna,SEN,Bruno Senna,williams,Williams,19,17,12,0.0,44,Finished,1.0,223.488,
2012,12,Belgian Grand Prix,2012-09-02,kobayashi,KOB,Kamui Kobayashi,sauber,Sauber,14,2,13,0.0,44,Finished,13.0,218.121,
2012,12,Belgian Grand Prix,2012-09-02,petrov,PET,Vitaly Petrov,caterham,Caterham,21,19,14,0.0,43,+1 Lap,15.0,215.985,
2012,12,Belgian Grand Prix,2012-09-02,glock,GLO,Timo Glock,marussia,Marussia,24,20,15,0.0,43,+1 Lap,16.0,215.588,
2012,12,Belgian Grand Prix,2012-09-02,pic,PIC,Charles Pic,marussia,Marussia,25,22,16,0.0,43,+1 Lap,18.0,213.791,
2012,12,Belgian Grand Prix,2012-09-02,kovalainen,KOV,Heikki Kovalainen,caterham,Caterham,20,18,17,0.0,43,+1 Lap,14.0,216.479,
2012,12,Belgian Grand Prix,2012-09-02,rosa,DLR,Pedro de la Rosa,hrt,HRT,22,21,18,0.0,43,+1 Lap,17.0,214.929,
2012,12,Belgian Grand Prix,2012-09-02,karthikeyan,KAR,Narain Karthikeyan,hrt,HRT,23,24,19,0.0,29,Spun off,19.0,211.684,
2012,12,Belgian Grand Prix,2012-09-02,maldonado,MAL,Pastor Maldonado,williams,Williams,18,6,20,0.0,4,Collision,20.0,143.116,
2012,12,Belgian Grand Prix,2012-09-02,perez,PER,Sergio Pérez,sauber,Sauber,15,4,21,0.0,0,Collision,,,
2012,12,Belgian Grand Prix,2012-09-02,alonso,ALO,Fernando Alonso,ferrari,Ferrari,5,5,22,0.0,0,Collision,,,
2012,12,Belgian Grand Prix,2012-09-02,hamilton,HAM,Lewis Hamilton,mclaren,McLaren,4,7,23,0.0,0,Collision,,,
2012,12,Belgian Grand Prix,2012-09-02,grosjean,GRO,Romain Grosjean,lotus_f1,Lotus F1,10,8,24,0.0,0,Collision,,,
2012,13,Italian Grand Prix,2012-09-09,hamilton,HAM,Lewis Hamilton,mclaren,McLaren,4,1,1,25.0,53,Finished,5.0,235.841,
2012,13,Italian Grand Prix,2012-09-09,perez,PER,Sergio Pérez,sauber,Sauber,15,12,2,18.0,53,Finished,2.0,238.171,
2012,13,Italian Grand Prix,2012-09-09,alonso,ALO,Fernando Alonso,ferrari,Ferrari,5,10,3,15.0,53,Finished,11.0,234.758,
2012,13,Italian Grand Prix,2012-09-09,massa,MAS,Felipe Massa,ferrari,Ferrari,6,3,4,12.0,53,Finished,12.0,234.55,
2012,13,Italian Grand Prix,2012-09-09,raikkonen,RAI,Kimi Räikkönen,lotus_f1,Lotus F1,9,7,5,10.0,53,Finished,17.0,234.036,
2012,13,Italian Grand Prix,2012-09-09,michael_schumacher,MSC,Michael Schumacher,mercedes,Mercedes,7,4,6,8.0,53,Finished,3.0,237.748,
2012,13,Italian Grand Prix,2012-09-09,rosberg,ROS,Nico Rosberg,mercedes,Mercedes,8,6,7,6.0,53,Finished,1.0,239.053,
2012,13,Italian Grand Prix,2012-09-09,resta,DIR,Paul di Resta,force_india,Force India,11,9,8,4.0,53,Finished,16.0,234.144,
2012,13,Italian Grand Prix,2012-09-09,kobayashi,KOB,Kamui Kobayashi,sauber,Sauber,14,8,9,2.0,53,Finished,14.0,234.239,
2012,13,Italian Grand Prix,2012-09-09,bruno_senna,SEN,Bruno Senna,williams,Williams,19,13,10,1.0,53,Finished,10.0,235.004,
2012,13,Italian Grand Prix,2012-09-09,maldonado,MAL,Pastor Maldonado,williams,Williams,18,22,11,0.0,53,Finished,4.0,236.843,
2012,13,Italian Grand Prix,2012-09-09,ricciardo,RIC,Daniel Ricciardo,toro_rosso,Toro Rosso,16,14,12,0.0,53,Finished,7.0,235.325,
2012,13,Italian Grand Prix,2012-09-09,ambrosio,DAM,Jérôme d'Ambrosio,lotus_f1,Lotus F1,10,15,13,0.0,53,Finished,8.0,235.177,
2012,13,Italian Grand Prix,2012-09-09,kovalainen,KOV,Heikki Kovalainen,caterham,Caterham,20,17,14,0.0,52,+1 Lap,19.0,233.277,
2012,13,Italian Grand Prix,2012-09-09,petrov,PET,Vitaly Petrov,caterham,Caterham,21,18,15,0.0,52,+1 Lap,15.0,234.149,
2012,13,Italian Grand Prix,2012-09-09,pic,PIC,Charles Pic,marussia,Marussia,25,20,16,0.0,52,+1 Lap,20.0,232.357,
2012,13,Italian Grand Prix,2012-09-09,glock,GLO,Timo Glock,marussia,Marussia,24,19,17,0.0,52,+1 Lap,21.0,232.008,
2012,13,Italian Grand Prix,2012-09-09,rosa,DLR,Pedro de la Rosa,hrt,HRT,22,23,18,0.0,52,+1 Lap,22.0,230.699,
2012,13,Italian Grand Prix,2012-09-09,karthikeyan,KAR,Narain Karthikeyan,hrt,HRT,23,21,19,0.0,52,+1 Lap,23.0,228.957,
2012,13,Italian Grand Prix,2012-09-09,webber,WEB,Mark Webber,red_bull,Red Bull,2,11,20,0.0,51,Vibrations,18.0,233.792,
2012,13,Italian Grand Prix,2012-09-09,hulkenberg,HUL,Nico Hülkenberg,force_india,Force India,12,24,21,0.0,50,Brakes,6.0,235.439,
2012,13,Italian Grand Prix,2012-09-09,vettel,VET,Sebastian Vettel,red_bull,Red Bull,1,5,22,0.0,47,Alternator,9.0,235.081,
2012,13,Italian Grand Prix,2012-09-09,button,BUT,Jenson Button,mclaren,McLaren,3,2,23,0.0,32,Fuel pressure,13.0,234.518,
2012,13,Italian Grand Prix,2012-09-09,vergne,VER,Jean-Éric Vergne,toro_rosso,Toro Rosso,17,16,24,0.0,8,Suspension,24.0,226.776,
2012,14,Singapore Grand Prix,2012-09-23,vettel,VET,Sebastian Vettel,red_bull,Red Bull,1,3,1,25.0,59,Finished,3.0,162.865,
2012,14,Singapore Grand Prix,2012-09-23,button,BUT,Jenson Button,mclaren,McLaren,3,4,2,18.0,59,Finished,4.0,162.155,
2012,14,Singapore Grand Prix,2012-09-23,alonso,ALO,Fernando Alonso,ferrari,Ferrari,5,5,3,15.0,59,Finished,5.0,162.034,
2012,14,Singapore Grand Prix,2012-09-23,resta,DIR,Paul di Resta,force_india,Force India,11,6,4,12.0,59,Finished,7.0,161.716,
2012,14,Singapore Grand Prix,2012-09-23,rosberg,ROS,Nico Rosberg,mercedes,Mercedes,8,10,5,10.0,59,Finished,12.0,160.344,
2012,14,Singapore Grand Prix,2012-09-23,raikkonen,RAI,Kimi Räikkönen,lotus_f1,Lotus F1,9,12,6,8.0,59,Finished,11.0,160.502,
2012,14,Singapore Grand Prix,2012-09-23,grosjean,GRO,Romain Grosjean,lotus_f1,Lotus F1,10,8,7,6.0,59,Finished,14.0,160.027,
2012,14,Singapore Grand Prix,2012-09-23,massa,MAS,Felipe Massa,ferrari,Ferrari,6,13,8,4.0,59,Finished,13.0,160.204,
2012,14,Singapore Grand Prix,2012-09-23,ricciardo,RIC,Daniel Ricciardo,toro_rosso,Toro Rosso,16,15,9,2.0,59,Finished,15.0,159.825,
2012,14,Singapore Grand Prix,2012-09-23,perez,PER,Sergio Pérez,sauber,Sauber,15,14,10,1.0,59,Finished,6.0,161.935,
2012,14,Singapore Grand Prix,2012-09-23,webber,WEB,Mark Webber,red_bull,Red Bull,2,7,11,0.0,59,Finished,10.0,160.585,
2012,14,Singapore Grand Prix,2012-09-23,glock,GLO,Timo Glock,marussia,Marussia,24,20,12,0.0,59,Finished,21.0,157.36,
2012,14,Singapore Grand Prix,2012-09-23,kobayashi,KOB,Kamui Kobayashi,sauber,Sauber,14,17,13,0.0,59,Finished,2.0,163.513,
2012,14,Singapore Grand Prix,2012-09-23,hulkenberg,HUL,Nico Hülkenberg,force_india,Force India,12,11,14,0.0,59,Finished,1.0,164.48,
2012,14,Singapore Grand Prix,2012-09-23,kovalainen,KOV,Heikki Kovalainen,caterham,Caterham,20,19,15,0.0,59,Finished,18.0,158.485,
2012,14,Singapore Grand Prix,2012-09-23,pic,PIC,Charles Pic,marussia,Marussia,25,21,16,0.0,59,Finished,22.0,156.781,
2012,14,Singapore Grand Prix,2012-09-23,rosa,DLR,Pedro de la Rosa,hrt,HRT,22,24,17,0.0,58,+1 Lap,23.0,155.202,
2012,14,Singapore Grand Prix,2012-09-23,bruno_senna,SEN,Bruno Senna,williams,Williams,19,22,18,0.0,57,Retired,9.0,160.749,
2012,14,Singapore Grand Prix,2012-09-23,petrov,PET,Vitaly Petrov,caterham,Caterham,21,18,19,0.0,57,+2 Laps,17.0,158.613,
2012,14,Singapore Grand Prix,2012-09-23,vergne,VER,Jean-Éric Vergne,toro_rosso,Toro Rosso,17,16,20,0.0,38,Collision,8.0,160.891,
2012,14,Singapore Grand Prix,2012-09-23,michael_schumacher,MSC,Michael Schumacher,mercedes,Mercedes,7,9,21,0.0,38,Collision,20.0,157.374,
2012,14,Singapore Grand Prix,2012-09-23,maldonado,MAL,Pastor Maldonado,williams,Williams,18,2,22,0.0,36,Hydraulics,16.0,158.641,
2012,14,Singapore Grand Prix,2012-09-23,karthikeyan,KAR,Narain Karthikeyan,hrt,HRT,23,23,23,0.0,30,Accident,24.0,154.107,
2012,14,Singapore Grand Prix,2012-09-23,hamilton,HAM,Lewis Hamilton,mclaren,McLaren,4,1,24,0.0,22,Gearbox,19.0,158.063,
2012,15,Japanese Grand Prix,2012-10-07,vettel,VET,Sebastian Vettel,red_bull,Red Bull,1,1,1,25.0,53,Finished,1.0,218.276,
2012,15,Japanese Grand Prix,2012-10-07,massa,MAS,Felipe Massa,ferrari,Ferrari,6,10,2,18.0,53,Finished,5.0,215.753,
2012,15,Japanese Grand Prix,2012-10-07,kobayashi,KOB,Kamui Kobayashi,sauber,Sauber,14,3,3,15.0,53,Finished,3.0,216.233,
2012,15,Japanese Grand Prix,2012-10-07,button,BUT,Jenson Button,mclaren,McLaren,3,8,4,12.0,53,Finished,2.0,216.396,
2012,15,Japanese Grand Prix,2012-10-07,hamilton,HAM,Lewis Hamilton,mclaren,McLaren,4,9,5,10.0,53,Finished,11.0,213.842,
2012,15,Japanese Grand Prix,2012-10-07,raikkonen,RAI,Kimi Räikkönen,lotus_f1,Lotus F1,9,7,6,8.0,53,Finished,13.0,213.566,
2012,15,Japanese Grand Prix,2012-10-07,hulkenberg,HUL,Nico Hülkenberg,force_india,Force India,12,15,7,6.0,53,Finished,14.0,213.453,
2012,15,Japanese Grand Prix,2012-10-07,maldonado,MAL,Pastor Maldonado,williams,Williams,18,12,8,4.0,53,Finished,12.0,213.818,
2012,15,Japanese Grand Prix,2012-10-07,webber,WEB,Mark Webber,red_bull,Red Bull,2,2,9,2.0,53,Finished,7.0,215.233,
2012,15,Japanese Grand Prix,2012-10-07,ricciardo,RIC,Daniel Ricciardo,toro_rosso,Toro Rosso,16,14,10,1.0,53,Finished,8.0,214.511,
2012,15,Japanese Grand Prix,2012-10-07,michael_schumacher,MSC,Michael Schumacher,mercedes,Mercedes,7,23,11,0.0,53,Finished,6.0,215.646,
2012,15,Japanese Grand Prix,2012-10-07,resta,DIR,Paul di Resta,force_india,Force India,11,11,12,0.0,53,Finished,10.0,214.335,
2012,15,Japanese Grand Prix,2012-10-07,vergne,VER,Jean-Éric Vergne,toro_rosso,Toro Rosso,17,19,13,0.0,53,Finished,9.0,214.339,
2012,15,Japanese Grand Prix,2012-10-07,bruno_senna,SEN,Bruno Senna,williams,Williams,19,16,14,0.0,53,Finished,4.0,215.92,
2012,15,Japanese Grand Prix,2012-10-07,kovalainen,KOV,Heikki Kovalainen,caterham,Caterham,20,17,15,0.0,52,+1 Lap,15.0,213.224,
2012,15,Japanese Grand Prix,2012-10-07,glock,GLO,Timo Glock,marussia,Marussia,24,18,16,0.0,52,+1 Lap,18.0,211.685,
2012,15,Japanese Grand Prix,2012-10-07,petrov,PET,Vitaly Petrov,caterham,Caterham,21,22,17,0.0,52,+1 Lap,17.0,212.572,
2012,15,Japanese Grand Prix,2012-10-07,rosa,DLR,Pedro de la Rosa,hrt,HRT,22,20,18,0.0,52,+1 Lap,20.0,210.417,
2012,15,Japanese Grand Prix,2012-10-07,grosjean,GRO,Romain Grosjean,lotus_f1,Lotus F1,10,4,19,0.0,51,+2 Laps,16.0,212.717,
2012,15,Japanese Grand Prix,2012-10-07,pic,PIC,Charles Pic,marussia,Marussia,25,21,20,0.0,37,Engine,21.0,208.026,
2012,15,Japanese Grand Prix,2012-10-07,karthikeyan,KAR,Narain Karthikeyan,hrt,HRT,23,24,21,0.0,32,Vibrations,22.0,206.19,
2012,15,Japanese Grand Prix,2012-10-07,perez,PER,Sergio Pérez,sauber,Sauber,15,5,22,0.0,18,Spun off,19.0,211.199,
2012,15,Japanese Grand Prix,2012-10-07,alonso,ALO,Fernando Alonso,ferrari,Ferrari,5,6,23,0.0,0,Collision,,,
2012,15,Japanese Grand Prix,2012-10-07,rosberg,ROS,Nico Rosberg,mercedes,Mercedes,8,13,24,0.0,0,Collision,,,
2012,16,Korean Grand Prix,2012-10-14,vettel,VET,Sebastian Vettel,red_bull,Red Bull,1,2,1,25.0,55,Finished,5.0,197.211,
2012,16,Korean Grand Prix,2012-10-14,webber,WEB,Mark Webber,red_bull,Red Bull,2,1,2,18.0,55,Finished,1.0,198.104,
2012,16,Korean Grand Prix,2012-10-14,alonso,ALO,Fernando Alonso,ferrari,Ferrari,5,4,3,15.0,55,Finished,3.0,197.321,
2012,16,Korean Grand Prix,2012-10-14,massa,MAS,Felipe Massa,ferrari,Ferrari,6,6,4,12.0,55,Finished,2.0,197.707,
2012,16,Korean Grand Prix,2012-10-14,raikkonen,RAI,Kimi Räikkönen,lotus_f1,Lotus F1,9,5,5,10.0,55,Finished,11.0,196.592,
2012,16,Korean Grand Prix,2012-10-14,hulkenberg,HUL,Nico Hülkenberg,force_india,Force India,12,8,6,8.0,55,Finished,6.0,196.931,
2012,16,Korean Grand Prix,2012-10-14,grosjean,GRO,Romain Grosjean,lotus_f1,Lotus F1,10,7,7,6.0,55,Finished,10.0,196.666,
2012,16,Korean Grand Prix,2012-10-14,vergne,VER,Jean-Éric Vergne,toro_rosso,Toro Rosso,17,16,8,4.0,55,Finished,8.0,196.785,
2012,16,Korean Grand Prix,2012-10-14,ricciardo,RIC,Daniel Ricciardo,toro_rosso,Toro Rosso,16,21,9,2.0,55,Finished,12.0,195.97,
2012,16,Korean Grand Prix,2012-10-14,hamilton,HAM,Lewis Hamilton,mclaren,McLaren,4,3,10,1.0,55,Finished,9.0,196.785,
2012,16,Korean Grand Prix,2012-10-14,perez,PER,Sergio Pérez,sauber,Sauber,15,12,11,0.0,55,Finished,4.0,197.219,
2012,16,Korean Grand Prix,2012-10-14,resta,DIR,Paul di Resta,force_india,Force India,11,14,12,0.0,55,Finished,15.0,195.272,
2012,16,Korean Grand Prix,2012-10-14,michael_schumacher,MSC,Michael Schumacher,mercedes,Mercedes,7,10,13,0.0,55,Finished,13.0,195.902,
2012,16,Korean Grand Prix,2012-10-14,maldonado,MAL,Pastor Maldonado,williams,Williams,18,15,14,0.0,55,Finished,7.0,196.865,
2012,16,Korean Grand Prix,2012-10-14,bruno_senna,SEN,Bruno Senna,williams,Williams,19,17,15,0.0,55,Finished,14.0,195.472,
2012,16,Korean Grand Prix,2012-10-14,petrov,PET,Vitaly Petrov,caterham,Caterham,21,18,16,0.0,54,+1 Lap,18.0,192.49,
2012,16,Korean Grand Prix,2012-10-14,kovalainen,KOV,Heikki Kovalainen,caterham,Caterham,20,19,17,0.0,54,+1 Lap,17.0,192.596,
2012,16,Korean Grand Prix,2012-10-14,glock,GLO,Timo Glock,marussia,Marussia,24,20,18,0.0,54,+1 Lap,19.0,192.082,
2012,16,Korean Grand Prix,2012-10-14,pic,PIC,Charles Pic,marussia,Marussia,25,24,19,0.0,53,+2 Laps,16.0,193.505,
2012,16,Korean Grand Prix,2012-10-14,karthikeyan,KAR,Narain Karthikeyan,hrt,HRT,23,23,20,0.0,53,+2 Laps,21.0,188.795,
2012,16,Korean Grand Prix,2012-10-14,rosa,DLR,Pedro de la Rosa,hrt,HRT,22,22,21,0.0,16,Throttle,22.0,183.996,
2012,16,Korean Grand Prix,2012-10-14,kobayashi,KOB,Kamui Kobayashi,sauber,Sauber,14,13,22,0.0,16,Collision damage,20.0,188.799,
2012,16,Korean Grand Prix,2012-10-14,rosberg,ROS,Nico Rosberg,mercedes,Mercedes,8,9,23,0.0,1,Collision,,,
2012,16,Korean Grand Prix,2012-10-14,button,BUT,Jenson Button,mclaren,McLaren,3,11,24,0.0,0,Collision,,,
2012,17,Indian Grand Prix,2012-10-28,vettel,VET,Sebastian Vettel,red_bull,Red Bull,1,1,1,25.0,60,Finished,4.0,207.95,
2012,17,Indian Grand Prix,2012-10-28,alonso,ALO,Fernando Alonso,ferrari,Ferrari,5,5,2,18.0,60,Finished,3.0,208.168,
2012,17,Indian Grand Prix,2012-10-28,webber,WEB,Mark Webber,red_bull,Red Bull,2,2,3,15.0,60,Finished,6.0,207.235,
2012,17,Indian Grand Prix,2012-10-28,hamilton,HAM,Lewis Hamilton,mclaren,McLaren,4,3,4,12.0,60,Finished,5.0,207.433,
2012,17,Indian Grand Prix,2012-10-28,button,BUT,Jenson Button,mclaren,McLaren,3,4,5,10.0,60,Finished,1.0,209.176,
2012,17,Indian Grand Prix,2012-10-28,massa,MAS,Felipe Massa,ferrari,Ferrari,6,6,6,8.0,60,Finished,11.0,206.646,
2012,17,Indian Grand Prix,2012-10-28,raikkonen,RAI,Kimi Räikkönen,lotus_f1,Lotus F1,9,7,7,6.0,60,Finished,12.0,206.482,
2012,17,Indian Grand Prix,2012-10-28,hulkenberg,HUL,Nico Hülkenberg,force_india,Force India,12,12,8,4.0,60,Finished,10.0,206.769,
2012,17,Indian Grand Prix,2012-10-28,grosjean,GRO,Romain Grosjean,lotus_f1,Lotus F1,10,11,9,2.0,60,Finished,15.0,206.094,
2012,17,Indian Grand Prix,2012-10-28,bruno_senna,SEN,Bruno Senna,williams,Williams,19,13,10,1.0,60,Finished,2.0,208.637,
2012,17,Indian Grand Prix,2012-10-28,rosberg,ROS,Nico Rosberg,mercedes,Mercedes,8,10,11,0.0,60,Finished,14.0,206.163,
2012,17,Indian Grand Prix,2012-10-28,resta,DIR,Paul di Resta,force_india,Force India,11,16,12,0.0,60,Finished,7.0,207.103,
2012,17,Indian Grand Prix,2012-10-28,ricciardo,RIC,Daniel Ricciardo,toro_rosso,Toro Rosso,16,15,13,0.0,60,Finished,13.0,206.283,
2012,17,Indian Grand Prix,2012-10-28,kobayashi,KOB,Kamui Kobayashi,sauber,Sauber,14,17,14,0.0,60,Finished,8.0,206.829,
2012,17,Indian Grand Prix,2012-10-28,vergne,VER,Jean-Éric Vergne,toro_rosso,Toro Rosso,17,18,15,0.0,59,+1 Lap,17.0,204.792,
2012,17,Indian Grand Prix,2012-10-28,maldonado,MAL,Pastor Maldonado,williams,Williams,18,9,16,0.0,59,+1 Lap,16.0,204.847,
2012,17,Indian Grand Prix,2012-10-28,petrov,PET,Vitaly Petrov,caterham,Caterham,21,19,17,0.0,59,+1 Lap,19.0,202.384,
2012,17,Indian Grand Prix,2012-10-28,kovalainen,KOV,Heikki Kovalainen,caterham,Caterham,20,20,18,0.0,59,+1 Lap,18.0,203.225,
2012,17,Indian Grand Prix,2012-10-28,pic,PIC,Charles Pic,marussia,Marussia,25,24,19,0.0,59,+1 Lap,20.0,201.935,
2012,17,Indian Grand Prix,2012-10-28,glock,GLO,Timo Glock,marussia,Marussia,24,21,20,0.0,58,+2 Laps,21.0,201.153,
2012,17,Indian Grand Prix,2012-10-28,karthikeyan,KAR,Narain Karthikeyan,hrt,HRT,23,23,21,0.0,58,+2 Laps,22.0,200.193,
2012,17,Indian Grand Prix,2012-10-28,michael_schumacher,MSC,Michael Schumacher,mercedes,Mercedes,7,14,22,0.0,55,Retired,9.0,206.769,
2012,17,Indian Grand Prix,2012-10-28,rosa,DLR,Pedro de la Rosa,hrt,HRT,22,22,23,0.0,43,Accident,24.0,198.677,
2012,17,Indian Grand Prix,2012-10-28,perez,PER,Sergio Pérez,sauber,Sauber,15,8,24,0.0,21,Accident,23.0,200.091,
2012,18,Abu Dhabi Grand Prix,2012-11-04,raikkonen,RAI,Kimi Räikkönen,lotus_f1,Lotus F1,9,4,1,25.0,55,Finished,3.0,191.41,
2012,18,Abu Dhabi Grand Prix,2012-11-04,alonso,ALO,Fernando Alonso,ferrari,Ferrari,5,6,2,18.0,55,Finished,2.0,192.087,
2012,18,Abu Dhabi Grand Prix,2012-11-04,vettel,VET,Sebastian Vettel,red_bull,Red Bull,1,24,3,15.0,55,Finished,1.0,192.32,
2012,18,Abu Dhabi Grand Prix,2012-11-04,button,BUT,Jenson Button,mclaren,McLaren,3,5,4,12.0,55,Finished,4.0,191.273,
2012,18,Abu Dhabi Grand Prix,2012-11-04,maldonado,MAL,Pastor Maldonado,williams,Williams,18,3,5,10.0,55,Finished,5.0,190.726,
2012,18,Abu Dhabi Grand Prix,2012-11-04,kobayashi,KOB,Kamui Kobayashi,sauber,Sauber,14,15,6,8.0,55,Finished,8.0,189.658,
2012,18,Abu Dhabi Grand Prix,2012-11-04,massa,MAS,Felipe Massa,ferrari,Ferrari,6,8,7,6.0,55,Finished,11.0,189.161,
2012,18,Abu Dhabi Grand Prix,2012-11-04,bruno_senna,SEN,Bruno Senna,williams,Williams,19,14,8,4.0,55,Finished,10.0,189.174,
2012,18,Abu Dhabi Grand Prix,2012-11-04,resta,DIR,Paul di Resta,force_india,Force India,11,12,9,2.0,55,Finished,9.0,189.31,
2012,18,Abu Dhabi Grand Prix,2012-11-04,ricciardo,RIC,Daniel Ricciardo,toro_rosso,Toro Rosso,16,16,10,1.0,55,Finished,12.0,188.799,
2012,18,Abu Dhabi Grand Prix,2012-11-04,michael_schumacher,MSC,Michael Schumacher,mercedes,Mercedes,7,13,11,0.0,55,Finished,6.0,190.015,
2012,18,Abu Dhabi Grand Prix,2012-11-04,vergne,VER,Jean-Éric Vergne,toro_rosso,Toro Rosso,17,17,12,0.0,55,Finished,13.0,188.425,
2012,18,Abu Dhabi Grand Prix,2012-11-04,kovalainen,KOV,Heikki Kovalainen,caterham,Caterham,20,18,13,0.0,55,Finished,15.0,186.662,
2012,18,Abu Dhabi Grand Prix,2012-11-04,glock,GLO,Timo Glock,marussia,Marussia,24,21,14,0.0,55,Finished,18.0,185.716,
2012,18,Abu Dhabi Grand Prix,2012-11-04,perez,PER,Sergio Pérez,sauber,Sauber,15,11,15,0.0,55,Finished,7.0,189.682,
2012,18,Abu Dhabi Grand Prix,2012-11-04,petrov,PET,Vitaly Petrov,caterham,Caterham,21,20,16,0.0,55,Finished,19.0,184.606,
2012,18,Abu Dhabi Grand Prix,2012-11-04,rosa,DLR,Pedro de la Rosa,hrt,HRT,22,22,17,0.0,55,Finished,20.0,184.078,
2012,18,Abu Dhabi Grand Prix,2012-11-04,pic,PIC,Charles Pic,marussia,Marussia,25,19,18,0.0,41,Retired,21.0,183.302,
2012,18,Abu Dhabi Grand Prix,2012-11-04,grosjean,GRO,Romain Grosjean,lotus_f1,Lotus F1,10,9,19,0.0,37,Collision,17.0,185.958,
2012,18,Abu Dhabi Grand Prix,2012-11-04,webber,WEB,Mark Webber,red_bull,Red Bull,2,2,20,0.0,37,Collision,14.0,186.935,
2012,18,Abu Dhabi Grand Prix,2012-11-04,hamilton,HAM,Lewis Hamilton,mclaren,McLaren,4,1,21,0.0,19,Electrical,16.0,186.4,
2012,18,Abu Dhabi Grand Prix,2012-11-04,karthikeyan,KAR,Narain Karthikeyan,hrt,HRT,23,23,22,0.0,7,Collision,23.0,178.142,
2012,18,Abu Dhabi Grand Prix,2012-11-04,rosberg,ROS,Nico Rosberg,mercedes,Mercedes,8,7,23,0.0,7,Collision,22.0,182.864,
2012,18,Abu Dhabi Grand Prix,2012-11-04,hulkenberg,HUL,Nico Hülkenberg,force_india,Force India,12,10,24,0.0,0,Collision,,,
2012,19,United States Grand Prix,2012-11-18,hamilton,HAM,Lewis Hamilton,mclaren,McLaren,4,2,1,25.0,56,Finished,5.0,199.047,
2012,19,United States Grand Prix,2012-11-18,vettel,VET,Sebastian Vettel,red_bull,Red Bull,1,1,2,18.0,56,Finished,1.0,199.772,
2012,19,United States Grand Prix,2012-11-18,alonso,ALO,Fernando Alonso,ferrari,Ferrari,5,7,3,15.0,56,Finished,4.0,199.121,
2012,19,United States Grand Prix,2012-11-18,massa,MAS,Felipe Massa,ferrari,Ferrari,6,11,4,12.0,56,Finished,2.0,199.661,
2012,19,United States Grand Prix,2012-11-18,button,BUT,Jenson Button,mclaren,McLaren,3,12,5,10.0,56,Finished,6.0,198.17,
2012,19,United States Grand Prix,2012-11-18,raikkonen,RAI,Kimi Räikkönen,lotus_f1,Lotus F1,9,4,6,8.0,56,Finished,3.0,199.517,
2012,19,United States Grand Prix,2012-11-18,grosjean,GRO,Romain Grosjean,lotus_f1,Lotus F1,10,8,7,6.0,56,Finished,10.0,197.235,
2012,19,United States Grand Prix,2012-11-18,hulkenberg,HUL,Nico Hülkenberg,force_india,Force India,12,6,8,4.0,56,Finished,16.0,196.409,
2012,19,United States Grand Prix,2012-11-18,maldonado,MAL,Pastor Maldonado,williams,Williams,18,9,9,2.0,56,Finished,12.0,197.051,
2012,19,United States Grand Prix,2012-11-18,bruno_senna,SEN,Bruno Senna,williams,Williams,19,10,10,1.0,56,Finished,13.0,197.0,
2012,19,United States Grand Prix,2012-11-18,perez,PER,Sergio Pérez,sauber,Sauber,15,15,11,0.0,56,Finished,11.0,197.086,
2012,19,United States Grand Prix,2012-11-18,ricciardo,RIC,Daniel Ricciardo,toro_rosso,Toro Rosso,16,18,12,0.0,56,Finished,14.0,196.947,
2012,19,United States Grand Prix,2012-11-18,rosberg,ROS,Nico Rosberg,mercedes,Mercedes,8,17,13,0.0,56,Finished,8.0,197.622,
2012,19,United States Grand Prix,2012-11-18,kobayashi,KOB,Kamui Kobayashi,sauber,Sauber,14,16,14,0.0,55,+1 Lap,7.0,197.844,
2012,19,United States Grand Prix,2012-11-18,resta,DIR,Paul di Resta,force_india,Force India,11,13,15,0.0,55,+1 Lap,9.0,197.296,
2012,19,United States Grand Prix,2012-11-18,michael_schumacher,MSC,Michael Schumacher,mercedes,Mercedes,7,5,16,0.0,55,+1 Lap,15.0,196.652,
2012,19,United States Grand Prix,2012-11-18,petrov,PET,Vitaly Petrov,caterham,Caterham,21,21,17,0.0,55,+1 Lap,18.0,193.017,
2012,19,United States Grand Prix,2012-11-18,kovalainen,KOV,Heikki Kovalainen,caterham,Caterham,20,22,18,0.0,55,+1 Lap,19.0,192.552,
2012,19,United States Grand Prix,2012-11-18,glock,GLO,Timo Glock,marussia,Marussia,24,19,19,0.0,55,+1 Lap,20.0,192.083,
2012,19,United States Grand Prix,2012-11-18,pic,PIC,Charles Pic,marussia,Marussia,25,20,20,0.0,54,+2 Laps,17.0,193.663,
2012,19,United States Grand Prix,2012-11-18,rosa,DLR,Pedro de la Rosa,hrt,HRT,22,23,21,0.0,54,+2 Laps,23.0,189.623,
2012,19,United States Grand Prix,2012-11-18,karthikeyan,KAR,Narain Karthikeyan,hrt,HRT,23,24,22,0.0,54,+2 Laps,22.0,189.906,
2012,19,United States Grand Prix,2012-11-18,webber,WEB,Mark Webber,red_bull,Red Bull,2,3,23,0.0,16,Alternator,21.0,191.573,
2012,19,United States Grand Prix,2012-11-18,vergne,VER,Jean-Éric Vergne,toro_rosso,Toro Rosso,17,14,24,0.0,14,Suspension,24.0,189.423,
2012,20,Brazilian Grand Prix,2012-11-25,button,BUT,Jenson Button,mclaren,McLaren,3,2,1,25.0,71,Finished,2.0,198.601,
2012,20,Brazilian Grand Prix,2012-11-25,alonso,ALO,Fernando Alonso,ferrari,Ferrari,5,7,2,18.0,71,Finished,4.0,197.301,
2012,20,Brazilian Grand Prix,2012-11-25,massa,MAS,Felipe Massa,ferrari,Ferrari,6,5,3,15.0,71,Finished,5.0,196.66,
2012,20,Brazilian Grand Prix,2012-11-25,webber,WEB,Mark Webber,red_bull,Red Bull,2,3,4,12.0,71,Finished,6.0,196.6,
2012,20,Brazilian Grand Prix,2012-11-25,hulkenberg,HUL,Nico Hülkenberg,force_india,Force India,12,6,5,10.0,71,Finished,3.0,198.342,
2012,20,Brazilian Grand Prix,2012-11-25,vettel,VET,Sebastian Vettel,red_bull,Red Bull,1,4,6,8.0,71,Finished,9.0,196.136,
2012,20,Brazilian Grand Prix,2012-11-25,michael_schumacher,MSC,Michael Schumacher,mercedes,Mercedes,7,13,7,6.0,71,Finished,15.0,193.522,
2012,20,Brazilian Grand Prix,2012-11-25,vergne,VER,Jean-Éric Vergne,toro_rosso,Toro Rosso,17,17,8,4.0,71,Finished,8.0,196.401,
2012,20,Brazilian Grand Prix,2012-11-25,kobayashi,KOB,Kamui Kobayashi,sauber,Sauber,14,14,9,2.0,71,Finished,7.0,196.426,
2012,20,Brazilian Grand Prix,2012-11-25,raikkonen,RAI,Kimi Räikkönen,lotus_f1,Lotus F1,9,8,10,1.0,70,+1 Lap,13.0,195.262,
2012,20,Brazilian Grand Prix,2012-11-25,petrov,PET,Vitaly Petrov,caterham,Caterham,21,19,11,0.0,70,+1 Lap,18.0,192.633,
2012,20,Brazilian Grand Prix,2012-11-25,pic,PIC,Charles Pic,marussia,Marussia,25,22,12,0.0,70,+1 Lap,17.0,193.156,
2012,20,Brazilian Grand Prix,2012-11-25,ricciardo,RIC,Daniel Ricciardo,toro_rosso,Toro Rosso,16,15,13,0.0,70,+1 Lap,11.0,195.596,
2012,20,Brazilian Grand Prix,2012-11-25,kovalainen,KOV,Heikki Kovalainen,caterham,Caterham,20,20,14,0.0,70,+1 Lap,10.0,195.725,
2012,20,Brazilian Grand Prix,2012-11-25,rosberg,ROS,Nico Rosberg,mercedes,Mercedes,8,9,15,0.0,70,+1 Lap,16.0,193.262,
2012,20,Brazilian Grand Prix,2012-11-25,glock,GLO,Timo Glock,marussia,Marussia,24,21,16,0.0,70,+1 Lap,14.0,194.669,
2012,20,Brazilian Grand Prix,2012-11-25,rosa,DLR,Pedro de la Rosa,hrt,HRT,22,24,17,0.0,69,+2 Laps,19.0,191.31,
2012,20,Brazilian Grand Prix,2012-11-25,karthikeyan,KAR,Narain Karthikeyan,hrt,HRT,23,23,18,0.0,69,+2 Laps,20.0,190.233,
2012,20,Brazilian Grand Prix,2012-11-25,resta,DIR,Paul di Resta,force_india,Force India,11,10,19,0.0,68,Accident,12.0,195.582,
2012,20,Brazilian Grand Prix,2012-11-25,hamilton,HAM,Lewis Hamilton,mclaren,McLaren,4,1,20,0.0,54,Collision,1.0,198.701,
2012,20,Brazilian Grand Prix,2012-11-25,grosjean,GRO,Romain Grosjean,lotus_f1,Lotus F1,10,18,21,0.0,5,Accident,21.0,188.752,
2012,20,Brazilian Grand Prix,2012-11-25,maldonado,MAL,Pastor Maldonado,williams,Williams,18,16,22,0.0,1,Collision,,,
2012,20,Brazilian Grand Prix,2012-11-25,bruno_senna,SEN,Bruno Senna,williams,Williams,19,11,23,0.0,0,Collision,,,
2012,20,Brazilian Grand Prix,2012-11-25,perez,PER,Sergio Pérez,sauber,Sauber,15,12,24,0.0,0,Collision,,,
2013,1,Australian Grand Prix,2013-03-17,raikkonen,RAI,Kimi Räikkönen,lotus_f1,Lotus F1,7,7,1,25.0,58,Finished,1.0,213.845,
2013,1,Australian Grand Prix,2013-03-17,alonso,ALO,Fernando Alonso,ferrari,Ferrari,3,5,2,18.0,58,Finished,3.0,213.162,
2013,1,Australian Grand Prix,2013-03-17,vettel,VET,Sebastian Vettel,red_bull,Red Bull,1,1,3,15.0,58,Finished,10.0,211.16,
2013,1,Australian Grand Prix,2013-03-17,massa,MAS,Felipe Massa,ferrari,Ferrari,4,4,4,12.0,58,Finished,8.0,211.558,
2013,1,Australian Grand Prix,2013-03-17,hamilton,HAM,Lewis Hamilton,mercedes,Mercedes,10,3,5,10.0,58,Finished,5.0,212.689,
2013,1,Australian Grand Prix,2013-03-17,webber,WEB,Mark Webber,red_bull,Red Bull,2,2,6,8.0,58,Finished,4.0,212.753,
2013,1,Australian Grand Prix,2013-03-17,sutil,SUT,Adrian Sutil,force_india,Force India,15,12,7,6.0,58,Finished,13.0,210.459,
2013,1,Australian Grand Prix,2013-03-17,resta,DIR,Paul di Resta,force_india,Force India,14,9,8,4.0,58,Finished,15.0,210.033,
2013,1,Australian Grand Prix,2013-03-17,button,BUT,Jenson Button,mclaren,McLaren,5,10,9,2.0,58,Finished,7.0,211.654,
2013,1,Australian Grand Prix,2013-03-17,grosjean,GRO,Romain Grosjean,lotus_f1,Lotus F1,8,8,10,1.0,58,Finished,9.0,211.193,
2013,1,Australian Grand Prix,2013-03-17,perez,PER,Sergio Pérez,mclaren,McLaren,6,15,11,0.0,58,Finished,6.0,212.294,
2013,1,Australian Grand Prix,2013-03-17,vergne,VER,Jean-Éric Vergne,toro_rosso,Toro Rosso,18,13,12,0.0,58,Finished,2.0,213.309,
2013,1,Australian Grand Prix,2013-03-17,gutierrez,GUT,Esteban Gutiérrez,sauber,Sauber,12,18,13,0.0,57,+1 Lap,16.0,208.836,
2013,1,Australian Grand Prix,2013-03-17,bottas,BOT,Valtteri Bottas,williams,Williams,17,16,14,0.0,57,+1 Lap,12.0,210.594,
2013,1,Australian Grand Prix,2013-03-17,jules_bianchi,BIA,Jules Bianchi,marussia,Marussia,22,19,15,0.0,57,+1 Lap,11.0,211.055,
2013,1,Australian Grand Prix,2013-03-17,pic,PIC,Charles Pic,caterham,Caterham,20,22,16,0.0,56,+2 Laps,19.0,206.921,
2013,1,Australian Grand Prix,2013-03-17,chilton,CHI,Max Chilton,marussia,Marussia,23,20,17,0.0,56,+2 Laps,17.0,207.036,
2013,1,Australian Grand Prix,2013-03-17,garde,VDG,Giedo van der Garde,caterham,Caterham,21,21,18,0.0,56,+2 Laps,20.0,206.084,
2013,1,Australian Grand Prix,2013-03-17,ricciardo,RIC,Daniel Ricciardo,toro_rosso,Toro Rosso,19,14,19,0.0,39,Hydraulics,14.0,210.063,
2013,1,Australian Grand Prix,2013-03-17,rosberg,ROS,Nico Rosberg,mercedes,Mercedes,9,6,20,0.0,26,Electrical,18.0,206.926,
2013,1,Australian Grand Prix,2013-03-17,maldonado,MAL,Pastor Maldonado,williams,Williams,16,17,21,0.0,24,Spun off,21.0,205.465,
2013,1,Australian Grand Prix,2013-03-17,hulkenberg,HUL,Nico Hülkenberg,sauber,Sauber,11,11,22,0.0,0,Fuel system,,,
2013,2,Malaysian Grand Prix,2013-03-24,vettel,VET,Sebastian Vettel,red_bull,Red Bull,1,1,1,25.0,56,Finished,3.0,198.661,
2013,2,Malaysian Grand Prix,2013-03-24,webber,WEB,Mark Webber,red_bull,Red Bull,2,5,2,18.0,56,Finished,6.0,198.19,
2013,2,Malaysian Grand Prix,2013-03-24,hamilton,HAM,Lewis Hamilton,mercedes,Mercedes,10,4,3,15.0,56,Finished,10.0,197.57,
2013,2,Malaysian Grand Prix,2013-03-24,rosberg,ROS,Nico Rosberg,mercedes,Mercedes,9,6,4,12.0,56,Finished,8.0,198.052,
2013,2,Malaysian Grand Prix,2013-03-24,massa,MAS,Felipe Massa,ferrari,Ferrari,4,2,5,10.0,56,Finished,2.0,199.937,
2013,2,Malaysian Grand Prix,2013-03-24,grosjean,GRO,Romain Grosjean,lotus_f1,Lotus F1,8,11,6,8.0,56,Finished,11.0,197.131,
2013,2,Malaysian Grand Prix,2013-03-24,raikkonen,RAI,Kimi Räikkönen,lotus_f1,Lotus F1,7,10,7,6.0,56,Finished,13.0,196.079,
2013,2,Malaysian Grand Prix,2013-03-24,hulkenberg,HUL,Nico Hülkenberg,sauber,Sauber,11,12,8,4.0,56,Finished,7.0,198.107,
2013,2,Malaysian Grand Prix,2013-03-24,perez,PER,Sergio Pérez,mclaren,McLaren,6,9,9,2.0,56,Finished,1.0,201.159,
2013,2,Malaysian Grand Prix,2013-03-24,vergne,VER,Jean-Éric Vergne,toro_rosso,Toro Rosso,18,17,10,1.0,56,Finished,4.0,198.571,
2013,2,Malaysian Grand Prix,2013-03-24,bottas,BOT,Valtteri Bottas,williams,Williams,17,18,11,0.0,56,Finished,12.0,196.845,
2013,2,Malaysian Grand Prix,2013-03-24,gutierrez,GUT,Esteban Gutiérrez,sauber,Sauber,12,14,12,0.0,55,+1 Lap,9.0,197.711,
2013,2,Malaysian Grand Prix,2013-03-24,jules_bianchi,BIA,Jules Bianchi,marussia,Marussia,22,19,13,0.0,55,+1 Lap,14.0,194.827,
2013,2,Malaysian Grand Prix,2013-03-24,pic,PIC,Charles Pic,caterham,Caterham,20,20,14,0.0,55,+1 Lap,17.0,193.845,
2013,2,Malaysian Grand Prix,2013-03-24,garde,VDG,Giedo van der Garde,caterham,Caterham,21,22,15,0.0,55,+1 Lap,20.0,193.441,
2013,2,Malaysian Grand Prix,2013-03-24,chilton,CHI,Max Chilton,marussia,Marussia,23,21,16,0.0,54,+2 Laps,19.0,193.454,
2013,2,Malaysian Grand Prix,2013-03-24,button,BUT,Jenson Button,mclaren,McLaren,5,7,17,0.0,53,Withdrew,5.0,198.444,
2013,2,Malaysian Grand Prix,2013-03-24,ricciardo,RIC,Daniel Ricciardo,toro_rosso,Toro Rosso,19,13,18,0.0,51,Retired,15.0,194.527,
2013,2,Malaysian Grand Prix,2013-03-24,maldonado,MAL,Pastor Maldonado,williams,Williams,16,16,19,0.0,45,Retired,21.0,192.865,
2013,2,Malaysian Grand Prix,2013-03-24,sutil,SUT,Adrian Sutil,force_india,Force India,15,8,20,0.0,27,Wheel nut,16.0,194.129,
2013,2,Malaysian Grand Prix,2013-03-24,resta,DIR,Paul di Resta,force_india,Force India,14,15,21,0.0,22,Wheel nut,18.0,193.559,
2013,2,Malaysian Grand Prix,2013-03-24,alonso,ALO,Fernando Alonso,ferrari,Ferrari,3,3,22,0.0,1,Collision,,,
2013,3,Chinese Grand Prix,2013-04-14,alonso,ALO,Fernando Alonso,ferrari,Ferrari,3,3,1,25.0,56,Finished,4.0,197.21,
2013,3,Chinese Grand Prix,2013-04-14,raikkonen,RAI,Kimi Räikkönen,lotus_f1,Lotus F1,7,2,2,18.0,56,Finished,5.0,196.324,
2013,3,Chinese Grand Prix,2013-04-14,hamilton,HAM,Lewis Hamilton,mercedes,Mercedes,10,1,3,15.0,56,Finished,6.0,196.273,
2013,3,Chinese Grand Prix,2013-04-14,vettel,VET,Sebastian Vettel,red_bull,Red Bull,1,9,4,12.0,56,Finished,1.0,202.706,
2013,3,Chinese Grand Prix,2013-04-14,button,BUT,Jenson Button,mclaren,McLaren,5,8,5,10.0,56,Finished,2.0,200.122,
2013,3,Chinese Grand Prix,2013-04-14,massa,MAS,Felipe Massa,ferrari,Ferrari,4,5,6,8.0,56,Finished,10.0,195.68,
2013,3,Chinese Grand Prix,2013-04-14,ricciardo,RIC,Daniel Ricciardo,toro_rosso,Toro Rosso,19,7,7,6.0,56,Finished,9.0,195.766,
2013,3,Chinese Grand Prix,2013-04-14,resta,DIR,Paul di Resta,force_india,Force India,14,11,8,4.0,56,Finished,7.0,196.038,
2013,3,Chinese Grand Prix,2013-04-14,grosjean,GRO,Romain Grosjean,lotus_f1,Lotus F1,8,6,9,2.0,56,Finished,11.0,195.137,
2013,3,Chinese Grand Prix,2013-04-14,hulkenberg,HUL,Nico Hülkenberg,sauber,Sauber,11,10,10,1.0,56,Finished,12.0,195.007,
2013,3,Chinese Grand Prix,2013-04-14,perez,PER,Sergio Pérez,mclaren,McLaren,6,12,11,0.0,56,Finished,14.0,193.754,
2013,3,Chinese Grand Prix,2013-04-14,vergne,VER,Jean-Éric Vergne,toro_rosso,Toro Rosso,18,15,12,0.0,56,Finished,8.0,195.965,
2013,3,Chinese Grand Prix,2013-04-14,bottas,BOT,Valtteri Bottas,williams,Williams,17,16,13,0.0,56,Finished,3.0,199.832,
2013,3,Chinese Grand Prix,2013-04-14,maldonado,MAL,Pastor Maldonado,williams,Williams,16,14,14,0.0,56,Finished,13.0,194.354,
2013,3,Chinese Grand Prix,2013-04-14,jules_bianchi,BIA,Jules Bianchi,marussia,Marussia,22,18,15,0.0,55,+1 Lap,15.0,193.265,
2013,3,Chinese Grand Prix,2013-04-14,pic,PIC,Charles Pic,caterham,Caterham,20,20,16,0.0,55,+1 Lap,17.0,192.393,
2013,3,Chinese Grand Prix,2013-04-14,chilton,CHI,Max Chilton,marussia,Marussia,23,19,17,0.0,55,+1 Lap,16.0,192.429,
2013,3,Chinese Grand Prix,2013-04-14,garde,VDG,Giedo van der Garde,caterham,Caterham,21,21,18,0.0,55,+1 Lap,18.0,191.717,
2013,3,Chinese Grand Prix,2013-04-14,rosberg,ROS,Nico Rosberg,mercedes,Mercedes,9,4,19,0.0,21,Suspension,19.0,189.823,
2013,3,Chinese Grand Prix,2013-04-14,webber,WEB,Mark Webber,red_bull,Red Bull,2,22,20,0.0,15,Wheel,20.0,189.754,
2013,3,Chinese Grand Prix,2013-04-14,sutil,SUT,Adrian Sutil,force_india,Force India,15,13,21,0.0,5,Collision,21.0,188.223,
2013,3,Chinese Grand Prix,2013-04-14,gutierrez,GUT,Esteban Gutiérrez,sauber,Sauber,12,17,22,0.0,4,Collision,22.0,187.292,
2013,4,Bahrain Grand Prix,2013-04-21,vettel,VET,Sebastian Vettel,red_bull,Red Bull,1,2,1,25.0,57,Finished,1.0,200.938,
2013,4,Bahrain Grand Prix,2013-04-21,raikkonen,RAI,Kimi Räikkönen,lotus_f1,Lotus F1,7,8,2,18.0,57,Finished,8.0,198.476,
2013,4,Bahrain Grand Prix,2013-04-21,grosjean,GRO,Romain Grosjean,lotus_f1,Lotus F1,8,11,3,15.0,57,Finished,5.0,199.567,
2013,4,Bahrain Grand Prix,2013-04-21,resta,DIR,Paul di Resta,force_india,Force India,14,5,4,12.0,57,Finished,12.0,198.128,
2013,4,Bahrain Grand Prix,2013-04-21,hamilton,HAM,Lewis Hamilton,mercedes,Mercedes,10,9,5,10.0,57,Finished,11.0,198.395,
2013,4,Bahrain Grand Prix,2013-04-21,perez,PER,Sergio Pérez,mclaren,McLaren,6,12,6,8.0,57,Finished,7.0,198.984,
2013,4,Bahrain Grand Prix,2013-04-21,webber,WEB,Mark Webber,red_bull,Red Bull,2,7,7,6.0,57,Finished,13.0,197.684,
2013,4,Bahrain Grand Prix,2013-04-21,alonso,ALO,Fernando Alonso,ferrari,Ferrari,3,3,8,4.0,57,Finished,3.0,200.436,
2013,4,Bahrain Grand Prix,2013-04-21,rosberg,ROS,Nico Rosberg,mercedes,Mercedes,9,1,9,2.0,57,Finished,4.0,199.647,
2013,4,Bahrain Grand Prix,2013-04-21,button,BUT,Jenson Button,mclaren,McLaren,5,10,10,1.0,57,Finished,6.0,199.33,
2013,4,Bahrain Grand Prix,2013-04-21,maldonado,MAL,Pastor Maldonado,williams,Williams,16,17,11,0.0,57,Finished,17.0,196.875,
2013,4,Bahrain Grand Prix,2013-04-21,hulkenberg,HUL,Nico Hülkenberg,sauber,Sauber,11,14,12,0.0,57,Finished,15.0,197.258,
2013,4,Bahrain Grand Prix,2013-04-21,sutil,SUT,Adrian Sutil,force_india,Force India,15,6,13,0.0,57,Finished,2.0,200.712,
2013,4,Bahrain Grand Prix,2013-04-21,bottas,BOT,Valtteri Bottas,williams,Williams,17,15,14,0.0,57,Finished,9.0,198.419,
2013,4,Bahrain Grand Prix,2013-04-21,massa,MAS,Felipe Massa,ferrari,Ferrari,4,4,15,0.0,57,Finished,16.0,197.12,
2013,4,Bahrain Grand Prix,2013-04-21,ricciardo,RIC,Daniel Ricciardo,toro_rosso,Toro Rosso,19,13,16,0.0,56,+1 Lap,21.0,195.655,
2013,4,Bahrain Grand Prix,2013-04-21,pic,PIC,Charles Pic,caterham,Caterham,20,18,17,0.0,56,+1 Lap,20.0,195.72,
2013,4,Bahrain Grand Prix,2013-04-21,gutierrez,GUT,Esteban Gutiérrez,sauber,Sauber,12,22,18,0.0,56,+1 Lap,10.0,198.399,
2013,4,Bahrain Grand Prix,2013-04-21,jules_bianchi,BIA,Jules Bianchi,marussia,Marussia,22,19,19,0.0,56,+1 Lap,14.0,197.286,
2013,4,Bahrain Grand Prix,2013-04-21,chilton,CHI,Max Chilton,marussia,Marussia,23,21,20,0.0,56,+1 Lap,18.0,196.246,
2013,4,Bahrain Grand Prix,2013-04-21,garde,VDG,Giedo van der Garde,caterham,Caterham,21,20,21,0.0,55,+2 Laps,19.0,196.138,
2013,4,Bahrain Grand Prix,2013-04-21,vergne,VER,Jean-Éric Vergne,toro_rosso,Toro Rosso,18,16,22,0.0,16,Puncture,22.0,188.96,
2013,5,Spanish Grand Prix,2013-05-12,alonso,ALO,Fernando Alonso,ferrari,Ferrari,3,5,1,25.0,66,Finished,5.0,193.329,
2013,5,Spanish Grand Prix,2013-05-12,raikkonen,RAI,Kimi Räikkönen,lotus_f1,Lotus F1,7,4,2,18.0,66,Finished,6.0,193.16,
2013,5,Spanish Grand Prix,2013-05-12,massa,MAS,Felipe Massa,ferrari,Ferrari,4,9,3,15.0,66,Finished,2.0,193.971,
2013,5,Spanish Grand Prix,2013-05-12,vettel,VET,Sebastian Vettel,red_bull,Red Bull,1,3,4,12.0,66,Finished,9.0,192.541,
2013,5,Spanish Grand Prix,2013-05-12,webber,WEB,Mark Webber,red_bull,Red Bull,2,7,5,10.0,66,Finished,8.0,192.583,
2013,5,Spanish Grand Prix,2013-05-12,rosberg,ROS,Nico Rosberg,mercedes,Mercedes,9,1,6,8.0,66,Finished,11.0,191.321,
2013,5,Spanish Grand Prix,2013-05-12,resta,DIR,Paul di Resta,force_india,Force India,14,10,7,6.0,66,Finished,7.0,193.117,
2013,5,Spanish Grand Prix,2013-05-12,button,BUT,Jenson Button,mclaren,McLaren,5,14,8,4.0,66,Finished,14.0,190.524,
2013,5,Spanish Grand Prix,2013-05-12,perez,PER,Sergio Pérez,mclaren,McLaren,6,8,9,2.0,66,Finished,10.0,192.066,
2013,5,Spanish Grand Prix,2013-05-12,ricciardo,RIC,Daniel Ricciardo,toro_rosso,Toro Rosso,19,11,10,1.0,65,+1 Lap,16.0,190.252,
2013,5,Spanish Grand Prix,2013-05-12,gutierrez,GUT,Esteban Gutiérrez,sauber,Sauber,12,19,11,0.0,65,+1 Lap,1.0,194.37,
2013,5,Spanish Grand Prix,2013-05-12,hamilton,HAM,Lewis Hamilton,mercedes,Mercedes,10,2,12,0.0,65,+1 Lap,13.0,190.659,
2013,5,Spanish Grand Prix,2013-05-12,sutil,SUT,Adrian Sutil,force_india,Force India,15,13,13,0.0,65,+1 Lap,3.0,193.59,
2013,5,Spanish Grand Prix,2013-05-12,maldonado,MAL,Pastor Maldonado,williams,Williams,16,17,14,0.0,65,+1 Lap,12.0,190.759,
2013,5,Spanish Grand Prix,2013-05-12,hulkenberg,HUL,Nico Hülkenberg,sauber,Sauber,11,15,15,0.0,65,+1 Lap,4.0,193.541,
2013,5,Spanish Grand Prix,2013-05-12,bottas,BOT,Valtteri Bottas,williams,Williams,17,16,16,0.0,65,+1 Lap,20.0,186.724,
2013,5,Spanish Grand Prix,2013-05-12,pic,PIC,Charles Pic,caterham,Caterham,20,22,17,0.0,65,+1 Lap,19.0,187.529,
2013,5,Spanish Grand Prix,2013-05-12,jules_bianchi,BIA,Jules Bianchi,marussia,Marussia,22,20,18,0.0,64,+2 Laps,18.0,188.537,
2013,5,Spanish Grand Prix,2013-05-12,chilton,CHI,Max Chilton,marussia,Marussia,23,21,19,0.0,64,+2 Laps,15.0,190.408,
2013,5,Spanish Grand Prix,2013-05-12,vergne,VER,Jean-Éric Vergne,toro_rosso,Toro Rosso,18,12,20,0.0,52,Accident,17.0,189.933,
2013,5,Spanish Grand Prix,2013-05-12,garde,VDG,Giedo van der Garde,caterham,Caterham,21,18,21,0.0,21,Wheel,21.0,184.973,
2013,5,Spanish Grand Prix,2013-05-12,grosjean,GRO,Romain Grosjean,lotus_f1,Lotus F1,8,6,22,0.0,8,Suspension,22.0,183.879,
2013,6,Monaco Grand Prix,2013-05-26,rosberg,ROS,Nico Rosberg,mercedes,Mercedes,9,1,1,25.0,78,Finished,6.0,153.51,
2013,6,Monaco Grand Prix,2013-05-26,vettel,VET,Sebastian Vettel,red_bull,Red Bull,1,3,2,18.0,78,Finished,1.0,157.018,
2013,6,Monaco Grand Prix,2013-05-26,webber,WEB,Mark Webber,red_bull,Red Bull,2,4,3,15.0,78,Finished,4.0,153.637,
2013,6,Monaco Grand Prix,2013-05-26,hamilton,HAM,Lewis Hamilton,mercedes,Mercedes,10,2,4,12.0,78,Finished,3.0,153.891,
2013,6,Monaco Grand Prix,2013-05-26,sutil,SUT,Adrian Sutil,force_india,Force India,15,8,5,10.0,78,Finished,5.0,153.578,
2013,6,Monaco Grand Prix,2013-05-26,button,BUT,Jenson Button,mclaren,McLaren,5,9,6,8.0,78,Finished,8.0,152.743,
2013,6,Monaco Grand Prix,2013-05-26,alonso,ALO,Fernando Alonso,ferrari,Ferrari,3,6,7,6.0,78,Finished,12.0,151.55,
2013,6,Monaco Grand Prix,2013-05-26,vergne,VER,Jean-Éric Vergne,toro_rosso,Toro Rosso,18,10,8,4.0,78,Finished,10.0,151.912,
2013,6,Monaco Grand Prix,2013-05-26,resta,DIR,Paul di Resta,force_india,Force India,14,17,9,2.0,78,Finished,11.0,151.789,
2013,6,Monaco Grand Prix,2013-05-26,raikkonen,RAI,Kimi Räikkönen,lotus_f1,Lotus F1,7,5,10,1.0,78,Finished,2.0,155.364,
2013,6,Monaco Grand Prix,2013-05-26,hulkenberg,HUL,Nico Hülkenberg,sauber,Sauber,11,11,11,0.0,78,Finished,15.0,150.576,
2013,6,Monaco Grand Prix,2013-05-26,bottas,BOT,Valtteri Bottas,williams,Williams,17,14,12,0.0,78,Finished,20.0,148.589,
2013,6,Monaco Grand Prix,2013-05-26,gutierrez,GUT,Esteban Gutiérrez,sauber,Sauber,12,19,13,0.0,78,Finished,7.0,152.811,
2013,6,Monaco Grand Prix,2013-05-26,chilton,CHI,Max Chilton,marussia,Marussia,23,22,14,0.0,78,Finished,9.0,152.171,
2013,6,Monaco Grand Prix,2013-05-26,garde,VDG,Giedo van der Garde,caterham,Caterham,21,15,15,0.0,78,Finished,17.0,149.377,
2013,6,Monaco Grand Prix,2013-05-26,perez,PER,Sergio Pérez,mclaren,McLaren,6,7,16,0.0,72,Suspension,14.0,151.188,
2013,6,Monaco Grand Prix,2013-05-26,grosjean,GRO,Romain Grosjean,lotus_f1,Lotus F1,8,13,17,0.0,63,Collision,21.0,148.501,
2013,6,Monaco Grand Prix,2013-05-26,ricciardo,RIC,Daniel Ricciardo,toro_rosso,Toro Rosso,19,12,18,0.0,61,Collision,13.0,151.386,
2013,6,Monaco Grand Prix,2013-05-26,jules_bianchi,BIA,Jules Bianchi,marussia,Marussia,22,20,19,0.0,58,Brakes,18.0,149.149,
2013,6,Monaco Grand Prix,2013-05-26,maldonado,MAL,Pastor Maldonado,williams,Williams,16,16,20,0.0,44,Collision,19.0,148.662,
2013,6,Monaco Grand Prix,2013-05-26,massa,MAS,Felipe Massa,ferrari,Ferrari,4,21,21,0.0,28,Accident,16.0,150.179,
2013,6,Monaco Grand Prix,2013-05-26,pic,PIC,Charles Pic,caterham,Caterham,20,18,22,0.0,7,Gearbox,22.0,145.266,
2013,7,Canadian Grand Prix,2013-06-09,vettel,VET,Sebastian Vettel,red_bull,Red Bull,1,1,1,25.0,70,Finished,5.0,205.06,
2013,7,Canadian Grand Prix,2013-06-09,alonso,ALO,Fernando Alonso,ferrari,Ferrari,3,6,2,18.0,70,Finished,2.0,206.023,
2013,7,Canadian Grand Prix,2013-06-09,hamilton,HAM,Lewis Hamilton,mercedes,Mercedes,10,2,3,15.0,70,Finished,3.0,205.615,
2013,7,Canadian Grand Prix,2013-06-09,webber,WEB,Mark Webber,red_bull,Red Bull,2,5,4,12.0,70,Finished,1.0,206.08,
2013,7,Canadian Grand Prix,2013-06-09,rosberg,ROS,Nico Rosberg,mercedes,Mercedes,9,4,5,10.0,70,Finished,4.0,205.132,
2013,7,Canadian Grand Prix,2013-06-09,vergne,VER,Jean-Éric Vergne,toro_rosso,Toro Rosso,18,7,6,8.0,69,+1 Lap,13.0,201.512,
2013,7,Canadian Grand Prix,2013-06-09,resta,DIR,Paul di Resta,force_india,Force India,14,17,7,6.0,69,+1 Lap,12.0,201.688,
2013,7,Canadian Grand Prix,2013-06-09,massa,MAS,Felipe Massa,ferrari,Ferrari,4,16,8,4.0,69,+1 Lap,6.0,204.052,
2013,7,Canadian Grand Prix,2013-06-09,raikkonen,RAI,Kimi Räikkönen,lotus_f1,Lotus F1,7,10,9,2.0,69,+1 Lap,11.0,201.882,
2013,7,Canadian Grand Prix,2013-06-09,sutil,SUT,Adrian Sutil,force_india,Force India,15,8,10,1.0,69,+1 Lap,10.0,202.069,
2013,7,Canadian Grand Prix,2013-06-09,perez,PER,Sergio Pérez,mclaren,McLaren,6,12,11,0.0,69,+1 Lap,7.0,202.918,
2013,7,Canadian Grand Prix,2013-06-09,button,BUT,Jenson Button,mclaren,McLaren,5,14,12,0.0,69,+1 Lap,8.0,202.685,
2013,7,Canadian Grand Prix,2013-06-09,grosjean,GRO,Romain Grosjean,lotus_f1,Lotus F1,8,22,13,0.0,69,+1 Lap,9.0,202.296,
2013,7,Canadian Grand Prix,2013-06-09,bottas,BOT,Valtteri Bottas,williams,Williams,17,3,14,0.0,69,+1 Lap,14.0,201.266,
2013,7,Canadian Grand Prix,2013-06-09,ricciardo,RIC,Daniel Ricciardo,toro_rosso,Toro Rosso,19,11,15,0.0,68,+2 Laps,16.0,200.615,
2013,7,Canadian Grand Prix,2013-06-09,maldonado,MAL,Pastor Maldonado,williams,Williams,16,13,16,0.0,68,+2 Laps,15.0,201.006,
2013,7,Canadian Grand Prix,2013-06-09,jules_bianchi,BIA,Jules Bianchi,marussia,Marussia,22,19,17,0.0,68,+2 Laps,17.0,199.049,
2013,7,Canadian Grand Prix,2013-06-09,pic,PIC,Charles Pic,caterham,Caterham,20,18,18,0.0,67,+3 Laps,19.0,197.777,
2013,7,Canadian Grand Prix,2013-06-09,chilton,CHI,Max Chilton,marussia,Marussia,23,20,19,0.0,67,+3 Laps,21.0,197.315,
2013,7,Canadian Grand Prix,2013-06-09,gutierrez,GUT,Esteban Gutiérrez,sauber,Sauber,12,15,20,0.0,63,Accident,20.0,197.533,
2013,7,Canadian Grand Prix,2013-06-09,hulkenberg,HUL,Nico Hülkenberg,sauber,Sauber,11,9,21,0.0,45,Collision,18.0,198.588,
2013,7,Canadian Grand Prix,2013-06-09,garde,VDG,Giedo van der Garde,caterham,Caterham,21,21,22,0.0,43,Collision,22.0,191.9,
2013,8,British Grand Prix,2013-06-30,rosberg,ROS,Nico Rosberg,mercedes,Mercedes,9,2,1,25.0,52,Finished,2.0,226.744,
2013,8,British Grand Prix,2013-06-30,webber,WEB,Mark Webber,red_bull,Red Bull,2,4,2,18.0,52,Finished,1.0,227.059,
2013,8,British Grand Prix,2013-06-30,alonso,ALO,Fernando Alonso,ferrari,Ferrari,3,9,3,15.0,52,Finished,3.0,225.396,
2013,8,British Grand Prix,2013-06-30,hamilton,HAM,Lewis Hamilton,mercedes,Mercedes,10,1,4,12.0,52,Finished,4.0,225.231,
2013,8,British Grand Prix,2013-06-30,raikkonen,RAI,Kimi Räikkönen,lotus_f1,Lotus F1,7,8,5,10.0,52,Finished,8.0,222.339,
2013,8,British Grand Prix,2013-06-30,massa,MAS,Felipe Massa,ferrari,Ferrari,4,11,6,8.0,52,Finished,6.0,222.598,
2013,8,British Grand Prix,2013-06-30,sutil,SUT,Adrian Sutil,force_india,Force India,15,6,7,6.0,52,Finished,12.0,221.002,
2013,8,British Grand Prix,2013-06-30,ricciardo,RIC,Daniel Ricciardo,toro_rosso,Toro Rosso,19,5,8,4.0,52,Finished,11.0,221.08,
2013,8,British Grand Prix,2013-06-30,resta,DIR,Paul di Resta,force_india,Force India,14,21,9,2.0,52,Finished,7.0,222.465,
2013,8,British Grand Prix,2013-06-30,hulkenberg,HUL,Nico Hülkenberg,sauber,Sauber,11,14,10,1.0,52,Finished,13.0,220.882,
2013,8,British Grand Prix,2013-06-30,maldonado,MAL,Pastor Maldonado,williams,Williams,16,15,11,0.0,52,Finished,10.0,221.126,
2013,8,British Grand Prix,2013-06-30,bottas,BOT,Valtteri Bottas,williams,Williams,17,16,12,0.0,52,Finished,15.0,220.196,
2013,8,British Grand Prix,2013-06-30,button,BUT,Jenson Button,mclaren,McLaren,5,10,13,0.0,52,Finished,16.0,220.096,
2013,8,British Grand Prix,2013-06-30,gutierrez,GUT,Esteban Gutiérrez,sauber,Sauber,12,17,14,0.0,52,Finished,17.0,219.906,
2013,8,British Grand Prix,2013-06-30,pic,PIC,Charles Pic,caterham,Caterham,20,18,15,0.0,52,Finished,18.0,218.43,
2013,8,British Grand Prix,2013-06-30,jules_bianchi,BIA,Jules Bianchi,marussia,Marussia,22,19,16,0.0,52,Finished,19.0,216.452,
2013,8,British Grand Prix,2013-06-30,chilton,CHI,Max Chilton,marussia,Marussia,23,20,17,0.0,52,Finished,22.0,213.881,
2013,8,British Grand Prix,2013-06-30,garde,VDG,Giedo van der Garde,caterham,Caterham,21,22,18,0.0,52,Finished,21.0,214.821,
2013,8,British Grand Prix,2013-06-30,grosjean,GRO,Romain Grosjean,lotus_f1,Lotus F1,8,7,19,0.0,51,Retired,9.0,221.804,
2013,8,British Grand Prix,2013-06-30,perez,PER,Sergio Pérez,mclaren,McLaren,6,13,20,0.0,46,Wheel,14.0,220.611,
2013,8,British Grand Prix,2013-06-30,vettel,VET,Sebastian Vettel,red_bull,Red Bull,1,3,21,0.0,41,Gearbox,5.0,223.195,
2013,8,British Grand Prix,2013-06-30,vergne,VER,Jean-Éric Vergne,toro_rosso,Toro Rosso,18,12,22,0.0,35,Tyre,20.0,215.59,
2013,9,German Grand Prix,2013-07-07,vettel,VET,Sebastian Vettel,red_bull,Red Bull,1,2,1,25.0,60,Finished,5.0,196.814,
2013,9,German Grand Prix,2013-07-07,raikkonen,RAI,Kimi Räikkönen,lotus_f1,Lotus F1,7,4,2,18.0,60,Finished,2.0,197.647,
2013,9,German Grand Prix,2013-07-07,grosjean,GRO,Romain Grosjean,lotus_f1,Lotus F1,8,5,3,15.0,60,Finished,10.0,195.956,
2013,9,German Grand Prix,2013-07-07,alonso,ALO,Fernando Alonso,ferrari,Ferrari,3,8,4,12.0,60,Finished,1.0,198.279,
2013,9,German Grand Prix,2013-07-07,hamilton,HAM,Lewis Hamilton,mercedes,Mercedes,10,1,5,10.0,60,Finished,4.0,196.83,
2013,9,German Grand Prix,2013-07-07,button,BUT,Jenson Button,mclaren,McLaren,5,9,6,8.0,60,Finished,7.0,196.736,
2013,9,German Grand Prix,2013-07-07,webber,WEB,Mark Webber,red_bull,Red Bull,2,3,7,6.0,60,Finished,11.0,195.53,
2013,9,German Grand Prix,2013-07-07,perez,PER,Sergio Pérez,mclaren,McLaren,6,13,8,4.0,60,Finished,15.0,192.78,
2013,9,German Grand Prix,2013-07-07,rosberg,ROS,Nico Rosberg,mercedes,Mercedes,9,11,9,2.0,60,Finished,6.0,196.778,
2013,9,German Grand Prix,2013-07-07,hulkenberg,HUL,Nico Hülkenberg,sauber,Sauber,11,10,10,1.0,60,Finished,8.0,196.647,
2013,9,German Grand Prix,2013-07-07,resta,DIR,Paul di Resta,force_india,Force India,14,12,11,0.0,60,Finished,16.0,191.918,
2013,9,German Grand Prix,2013-07-07,ricciardo,RIC,Daniel Ricciardo,toro_rosso,Toro Rosso,19,6,12,0.0,60,Finished,14.0,193.086,
2013,9,German Grand Prix,2013-07-07,sutil,SUT,Adrian Sutil,force_india,Force India,15,15,13,0.0,60,Finished,13.0,193.42,
2013,9,German Grand Prix,2013-07-07,gutierrez,GUT,Esteban Gutiérrez,sauber,Sauber,12,14,14,0.0,60,Finished,12.0,193.469,
2013,9,German Grand Prix,2013-07-07,maldonado,MAL,Pastor Maldonado,williams,Williams,16,18,15,0.0,60,Finished,9.0,196.544,
2013,9,German Grand Prix,2013-07-07,bottas,BOT,Valtteri Bottas,williams,Williams,17,17,16,0.0,59,+1 Lap,3.0,197.216,
2013,9,German Grand Prix,2013-07-07,pic,PIC,Charles Pic,caterham,Caterham,20,22,17,0.0,59,+1 Lap,17.0,189.916,
2013,9,German Grand Prix,2013-07-07,garde,VDG,Giedo van der Garde,caterham,Caterham,21,20,18,0.0,59,+1 Lap,19.0,188.133,
2013,9,German Grand Prix,2013-07-07,chilton,CHI,Max Chilton,marussia,Marussia,23,21,19,0.0,59,+1 Lap,18.0,188.374,
2013,9,German Grand Prix,2013-07-07,vergne,VER,Jean-Éric Vergne,toro_rosso,Toro Rosso,18,16,20,0.0,22,Hydraulics,21.0,186.67,
2013,9,German Grand Prix,2013-07-07,jules_bianchi,BIA,Jules Bianchi,marussia,Marussia,22,19,21,0.0,21,Engine,22.0,185.617,
2013,9,German Grand Prix,2013-07-07,massa,MAS,Felipe Massa,ferrari,Ferrari,4,7,22,0.0,3,Spun off,20.0,187.408,
2013,10,Hungarian Grand Prix,2013-07-28,hamilton,HAM,Lewis Hamilton,mercedes,Mercedes,10,1,1,25.0,70,Finished,3.0,186.322,
2013,10,Hungarian Grand Prix,2013-07-28,raikkonen,RAI,Kimi Räikkönen,lotus_f1,Lotus F1,7,6,2,18.0,70,Finished,6.0,184.982,
2013,10,Hungarian Grand Prix,2013-07-28,vettel,VET,Sebastian Vettel,red_bull,Red Bull,1,2,3,15.0,70,Finished,2.0,186.529,
2013,10,Hungarian Grand Prix,2013-07-28,webber,WEB,Mark Webber,red_bull,Red Bull,2,10,4,12.0,70,Finished,1.0,187.603,
2013,10,Hungarian Grand Prix,2013-07-28,alonso,ALO,Fernando Alonso,ferrari,Ferrari,3,5,5,10.0,70,Finished,8.0,184.692,
2013,10,Hungarian Grand Prix,2013-07-28,grosjean,GRO,Romain Grosjean,lotus_f1,Lotus F1,8,3,6,8.0,70,Finished,7.0,184.834,
2013,10,Hungarian Grand Prix,2013-07-28,button,BUT,Jenson Button,mclaren,McLaren,5,13,7,6.0,70,Finished,11.0,182.975,
2013,10,Hungarian Grand Prix,2013-07-28,massa,MAS,Felipe Massa,ferrari,Ferrari,4,7,8,4.0,70,Finished,5.0,185.164,
2013,10,Hungarian Grand Prix,2013-07-28,perez,PER,Sergio Pérez,mclaren,McLaren,6,9,9,2.0,69,+1 Lap,10.0,183.086,
2013,10,Hungarian Grand Prix,2013-07-28,maldonado,MAL,Pastor Maldonado,williams,Williams,16,15,10,1.0,69,+1 Lap,9.0,184.254,
2013,10,Hungarian Grand Prix,2013-07-28,hulkenberg,HUL,Nico Hülkenberg,sauber,Sauber,11,12,11,0.0,69,+1 Lap,14.0,181.826,
2013,10,Hungarian Grand Prix,2013-07-28,vergne,VER,Jean-Éric Vergne,toro_rosso,Toro Rosso,18,14,12,0.0,69,+1 Lap,12.0,182.349,
2013,10,Hungarian Grand Prix,2013-07-28,ricciardo,RIC,Daniel Ricciardo,toro_rosso,Toro Rosso,19,8,13,0.0,69,+1 Lap,15.0,181.568,
2013,10,Hungarian Grand Prix,2013-07-28,garde,VDG,Giedo van der Garde,caterham,Caterham,21,20,14,0.0,68,+2 Laps,17.0,180.302,
2013,10,Hungarian Grand Prix,2013-07-28,pic,PIC,Charles Pic,caterham,Caterham,20,19,15,0.0,68,+2 Laps,18.0,179.784,
2013,10,Hungarian Grand Prix,2013-07-28,jules_bianchi,BIA,Jules Bianchi,marussia,Marussia,22,21,16,0.0,67,+3 Laps,20.0,178.715,
2013,10,Hungarian Grand Prix,2013-07-28,chilton,CHI,Max Chilton,marussia,Marussia,23,22,17,0.0,67,+3 Laps,19.0,178.897,
2013,10,Hungarian Grand Prix,2013-07-28,resta,DIR,Paul di Resta,force_india,Force India,14,18,18,0.0,66,Hydraulics,13.0,182.103,
2013,10,Hungarian Grand Prix,2013-07-28,rosberg,ROS,Nico Rosberg,mercedes,Mercedes,9,4,19,0.0,64,Engine,4.0,185.354,
2013,10,Hungarian Grand Prix,2013-07-28,bottas,BOT,Valtteri Bottas,williams,Williams,17,16,20,0.0,42,Hydraulics,16.0,181.018,
2013,10,Hungarian Grand Prix,2013-07-28,gutierrez,GUT,Esteban Gutiérrez,sauber,Sauber,12,17,21,0.0,28,Transmission,22.0,176.94,
2013,10,Hungarian Grand Prix,2013-07-28,sutil,SUT,Adrian Sutil,force_india,Force India,15,11,22,0.0,19,Hydraulics,21.0,178.113,
2013,11,Belgian Grand Prix,2013-08-25,vettel,VET,Sebastian Vettel,red_bull,Red Bull,1,2,1,25.0,44,Finished,1.0,227.657,
2013,11,Belgian Grand Prix,2013-08-25,alonso,ALO,Fernando Alonso,ferrari,Ferrari,3,9,2,18.0,44,Finished,4.0,226.375,
2013,11,Belgian Grand Prix,2013-08-25,hamilton,HAM,Lewis Hamilton,mercedes,Mercedes,10,1,3,15.0,44,Finished,7.0,225.943,
2013,11,Belgian Grand Prix,2013-08-25,rosberg,ROS,Nico Rosberg,mercedes,Mercedes,9,4,4,12.0,44,Finished,6.0,225.971,
2013,11,Belgian Grand Prix,2013-08-25,webber,WEB,Mark Webber,red_bull,Red Bull,2,3,5,10.0,44,Finished,5.0,226.347,
2013,11,Belgian Grand Prix,2013-08-25,button,BUT,Jenson Button,mclaren,McLaren,5,6,6,8.0,44,Finished,2.0,227.519,
2013,11,Belgian Grand Prix,2013-08-25,massa,MAS,Felipe Massa,ferrari,Ferrari,4,10,7,6.0,44,Finished,9.0,224.763,
2013,11,Belgian Grand Prix,2013-08-25,grosjean,GRO,Romain Grosjean,lotus_f1,Lotus F1,8,7,8,4.0,44,Finished,11.0,224.133,
2013,11,Belgian Grand Prix,2013-08-25,sutil,SUT,Adrian Sutil,force_india,Force India,15,12,9,2.0,44,Finished,10.0,224.675,
2013,11,Belgian Grand Prix,2013-08-25,ricciardo,RIC,Daniel Ricciardo,toro_rosso,Toro Rosso,19,19,10,1.0,44,Finished,3.0,227.224,
2013,11,Belgian Grand Prix,2013-08-25,perez,PER,Sergio Pérez,mclaren,McLaren,6,13,11,0.0,44,Finished,16.0,222.208,
2013,11,Belgian Grand Prix,2013-08-25,vergne,VER,Jean-Éric Vergne,toro_rosso,Toro Rosso,18,18,12,0.0,44,Finished,14.0,223.008,
2013,11,Belgian Grand Prix,2013-08-25,hulkenberg,HUL,Nico Hülkenberg,sauber,Sauber,11,11,13,0.0,44,Finished,15.0,222.919,
2013,11,Belgian Grand Prix,2013-08-25,gutierrez,GUT,Esteban Gutiérrez,sauber,Sauber,12,21,14,0.0,44,Finished,8.0,225.432,
2013,11,Belgian Grand Prix,2013-08-25,bottas,BOT,Valtteri Bottas,williams,Williams,17,20,15,0.0,44,Finished,13.0,223.754,
2013,11,Belgian Grand Prix,2013-08-25,garde,VDG,Giedo van der Garde,caterham,Caterham,21,14,16,0.0,43,+1 Lap,18.0,221.188,
2013,11,Belgian Grand Prix,2013-08-25,maldonado,MAL,Pastor Maldonado,williams,Williams,16,17,17,0.0,43,+1 Lap,12.0,223.97,
2013,11,Belgian Grand Prix,2013-08-25,jules_bianchi,BIA,Jules Bianchi,marussia,Marussia,22,15,18,0.0,43,+1 Lap,20.0,219.457,
2013,11,Belgian Grand Prix,2013-08-25,chilton,CHI,Max Chilton,marussia,Marussia,23,16,19,0.0,42,+2 Laps,21.0,219.4,
2013,11,Belgian Grand Prix,2013-08-25,resta,DIR,Paul di Resta,force_india,Force India,14,5,20,0.0,26,Collision,19.0,219.719,
2013,11,Belgian Grand Prix,2013-08-25,raikkonen,RAI,Kimi Räikkönen,lotus_f1,Lotus F1,7,8,21,0.0,25,Brakes,17.0,221.785,
2013,11,Belgian Grand Prix,2013-08-25,pic,PIC,Charles Pic,caterham,Caterham,20,22,22,0.0,8,Oil leak,22.0,214.901,
2013,12,Italian Grand Prix,2013-09-08,vettel,VET,Sebastian Vettel,red_bull,Red Bull,1,1,1,25.0,53,Finished,12.0,239.187,
2013,12,Italian Grand Prix,2013-09-08,alonso,ALO,Fernando Alonso,ferrari,Ferrari,3,5,2,18.0,53,Finished,5.0,240.27,
2013,12,Italian Grand Prix,2013-09-08,webber,WEB,Mark Webber,red_bull,Red Bull,2,2,3,15.0,53,Finished,3.0,240.567,
2013,12,Italian Grand Prix,2013-09-08,massa,MAS,Felipe Massa,ferrari,Ferrari,4,4,4,12.0,53,Finished,10.0,239.448,
2013,12,Italian Grand Prix,2013-09-08,hulkenberg,HUL,Nico Hülkenberg,sauber,Sauber,11,3,5,10.0,53,Finished,4.0,240.495,
2013,12,Italian Grand Prix,2013-09-08,rosberg,ROS,Nico Rosberg,mercedes,Mercedes,9,6,6,8.0,53,Finished,2.0,241.095,
2013,12,Italian Grand Prix,2013-09-08,ricciardo,RIC,Daniel Ricciardo,toro_rosso,Toro Rosso,19,7,7,6.0,53,Finished,13.0,238.903,
2013,12,Italian Grand Prix,2013-09-08,grosjean,GRO,Romain Grosjean,lotus_f1,Lotus F1,8,13,8,4.0,53,Finished,8.0,239.591,
2013,12,Italian Grand Prix,2013-09-08,hamilton,HAM,Lewis Hamilton,mercedes,Mercedes,10,12,9,2.0,53,Finished,1.0,242.924,
2013,12,Italian Grand Prix,2013-09-08,button,BUT,Jenson Button,mclaren,McLaren,5,9,10,1.0,53,Finished,16.0,237.445,
2013,12,Italian Grand Prix,2013-09-08,raikkonen,RAI,Kimi Räikkönen,lotus_f1,Lotus F1,7,11,11,0.0,53,Finished,6.0,239.853,
2013,12,Italian Grand Prix,2013-09-08,perez,PER,Sergio Pérez,mclaren,McLaren,6,8,12,0.0,53,Finished,15.0,238.049,
2013,12,Italian Grand Prix,2013-09-08,gutierrez,GUT,Esteban Gutiérrez,sauber,Sauber,12,16,13,0.0,53,Finished,9.0,239.457,
2013,12,Italian Grand Prix,2013-09-08,maldonado,MAL,Pastor Maldonado,williams,Williams,16,14,14,0.0,53,Finished,7.0,239.762,
2013,12,Italian Grand Prix,2013-09-08,bottas,BOT,Valtteri Bottas,williams,Williams,17,18,15,0.0,53,Finished,11.0,239.253,
2013,12,Italian Grand Prix,2013-09-08,sutil,SUT,Adrian Sutil,force_india,Force India,15,17,16,0.0,52,+1 Lap,14.0,238.564,
2013,12,Italian Grand Prix,2013-09-08,pic,PIC,Charles Pic,caterham,Caterham,20,20,17,0.0,52,+1 Lap,17.0,235.328,
2013,12,Italian Grand Prix,2013-09-08,garde,VDG,Giedo van der Garde,caterham,Caterham,21,19,18,0.0,52,+1 Lap,18.0,235.214,
2013,12,Italian Grand Prix,2013-09-08,jules_bianchi,BIA,Jules Bianchi,marussia,Marussia,22,21,19,0.0,52,+1 Lap,20.0,232.767,
2013,12,Italian Grand Prix,2013-09-08,chilton,CHI,Max Chilton,marussia,Marussia,23,22,20,0.0,52,+1 Lap,19.0,233.037,
2013,12,Italian Grand Prix,2013-09-08,vergne,VER,Jean-Éric Vergne,toro_rosso,Toro Rosso,18,10,21,0.0,14,Transmission,21.0,232.469,
2013,12,Italian Grand Prix,2013-09-08,resta,DIR,Paul di Resta,force_india,Force India,14,15,22,0.0,0,Accident,,,
2013,13,Singapore Grand Prix,2013-09-22,vettel,VET,Sebastian Vettel,red_bull,Red Bull,1,1,1,25.0,61,Finished,1.0,167.94,
2013,13,Singapore Grand Prix,2013-09-22,alonso,ALO,Fernando Alonso,ferrari,Ferrari,3,7,2,18.0,61,Finished,11.0,164.149,
2013,13,Singapore Grand Prix,2013-09-22,raikkonen,RAI,Kimi Räikkönen,lotus_f1,Lotus F1,7,13,3,15.0,61,Finished,13.0,164.063,
2013,13,Singapore Grand Prix,2013-09-22,rosberg,ROS,Nico Rosberg,mercedes,Mercedes,9,2,4,12.0,61,Finished,6.0,165.233,
2013,13,Singapore Grand Prix,2013-09-22,hamilton,HAM,Lewis Hamilton,mercedes,Mercedes,10,5,5,10.0,61,Finished,4.0,165.89,
2013,13,Singapore Grand Prix,2013-09-22,massa,MAS,Felipe Massa,ferrari,Ferrari,4,6,6,8.0,61,Finished,7.0,165.0,
2013,13,Singapore Grand Prix,2013-09-22,button,BUT,Jenson Button,mclaren,McLaren,5,8,7,6.0,61,Finished,15.0,163.182,
2013,13,Singapore Grand Prix,2013-09-22,perez,PER,Sergio Pérez,mclaren,McLaren,6,14,8,4.0,61,Finished,16.0,162.911,
2013,13,Singapore Grand Prix,2013-09-22,hulkenberg,HUL,Nico Hülkenberg,sauber,Sauber,11,11,9,2.0,61,Finished,18.0,162.533,
2013,13,Singapore Grand Prix,2013-09-22,sutil,SUT,Adrian Sutil,force_india,Force India,15,15,10,1.0,61,Finished,2.0,166.283,
2013,13,Singapore Grand Prix,2013-09-22,maldonado,MAL,Pastor Maldonado,williams,Williams,16,18,11,0.0,61,Finished,8.0,164.703,
2013,13,Singapore Grand Prix,2013-09-22,gutierrez,GUT,Esteban Gutiérrez,sauber,Sauber,12,10,12,0.0,61,Finished,17.0,162.793,
2013,13,Singapore Grand Prix,2013-09-22,bottas,BOT,Valtteri Bottas,williams,Williams,17,16,13,0.0,61,Finished,14.0,163.232,
2013,13,Singapore Grand Prix,2013-09-22,vergne,VER,Jean-Éric Vergne,toro_rosso,Toro Rosso,18,12,14,0.0,61,Finished,5.0,165.27,
2013,13,Singapore Grand Prix,2013-09-22,webber,WEB,Mark Webber,red_bull,Red Bull,2,4,15,0.0,60,Water pressure,3.0,166.091,
2013,13,Singapore Grand Prix,2013-09-22,garde,VDG,Giedo van der Garde,caterham,Caterham,21,20,16,0.0,60,+1 Lap,19.0,162.12,
2013,13,Singapore Grand Prix,2013-09-22,chilton,CHI,Max Chilton,marussia,Marussia,23,22,17,0.0,60,+1 Lap,21.0,161.304,
2013,13,Singapore Grand Prix,2013-09-22,jules_bianchi,BIA,Jules Bianchi,marussia,Marussia,22,21,18,0.0,60,+1 Lap,20.0,161.508,
2013,13,Singapore Grand Prix,2013-09-22,pic,PIC,Charles Pic,caterham,Caterham,20,19,19,0.0,60,+1 Lap,10.0,164.285,
2013,13,Singapore Grand Prix,2013-09-22,resta,DIR,Paul di Resta,force_india,Force India,14,17,20,0.0,54,Accident,9.0,164.657,
2013,13,Singapore Grand Prix,2013-09-22,grosjean,GRO,Romain Grosjean,lotus_f1,Lotus F1,8,3,21,0.0,37,Pneumatics,12.0,164.126,
2013,13,Singapore Grand Prix,2013-09-22,ricciardo,RIC,Daniel Ricciardo,toro_rosso,Toro Rosso,19,9,22,0.0,23,Accident,22.0,161.288,
2013,14,Korean Grand Prix,2013-10-06,vettel,VET,Sebastian Vettel,red_bull,Red Bull,1,1,1,25.0,55,Finished,1.0,199.388,
2013,14,Korean Grand Prix,2013-10-06,raikkonen,RAI,Kimi Räikkönen,lotus_f1,Lotus F1,7,9,2,18.0,55,Finished,3.0,198.225,
2013,14,Korean Grand Prix,2013-10-06,grosjean,GRO,Romain Grosjean,lotus_f1,Lotus F1,8,3,3,15.0,55,Finished,2.0,198.3,
2013,14,Korean Grand Prix,2013-10-06,hulkenberg,HUL,Nico Hülkenberg,sauber,Sauber,11,7,4,12.0,55,Finished,6.0,197.002,
2013,14,Korean Grand Prix,2013-10-06,hamilton,HAM,Lewis Hamilton,mercedes,Mercedes,10,2,5,10.0,55,Finished,5.0,197.134,
2013,14,Korean Grand Prix,2013-10-06,alonso,ALO,Fernando Alonso,ferrari,Ferrari,3,5,6,8.0,55,Finished,7.0,196.808,
2013,14,Korean Grand Prix,2013-10-06,rosberg,ROS,Nico Rosberg,mercedes,Mercedes,9,4,7,6.0,55,Finished,4.0,197.265,
2013,14,Korean Grand Prix,2013-10-06,button,BUT,Jenson Button,mclaren,McLaren,5,11,8,4.0,55,Finished,12.0,196.113,
2013,14,Korean Grand Prix,2013-10-06,massa,MAS,Felipe Massa,ferrari,Ferrari,4,6,9,2.0,55,Finished,10.0,196.34,
2013,14,Korean Grand Prix,2013-10-06,perez,PER,Sergio Pérez,mclaren,McLaren,6,10,10,1.0,55,Finished,11.0,196.303,
2013,14,Korean Grand Prix,2013-10-06,gutierrez,GUT,Esteban Gutiérrez,sauber,Sauber,12,8,11,0.0,55,Finished,8.0,196.741,
2013,14,Korean Grand Prix,2013-10-06,bottas,BOT,Valtteri Bottas,williams,Williams,17,17,12,0.0,55,Finished,14.0,194.61,
2013,14,Korean Grand Prix,2013-10-06,maldonado,MAL,Pastor Maldonado,williams,Williams,16,18,13,0.0,55,Finished,17.0,194.111,
2013,14,Korean Grand Prix,2013-10-06,pic,PIC,Charles Pic,caterham,Caterham,20,19,14,0.0,55,Finished,19.0,193.477,
2013,14,Korean Grand Prix,2013-10-06,garde,VDG,Giedo van der Garde,caterham,Caterham,21,20,15,0.0,55,Finished,18.0,193.667,
2013,14,Korean Grand Prix,2013-10-06,jules_bianchi,BIA,Jules Bianchi,marussia,Marussia,22,22,16,0.0,55,Finished,20.0,192.53,
2013,14,Korean Grand Prix,2013-10-06,chilton,CHI,Max Chilton,marussia,Marussia,23,21,17,0.0,55,Finished,21.0,191.769,
2013,14,Korean Grand Prix,2013-10-06,vergne,VER,Jean-Éric Vergne,toro_rosso,Toro Rosso,18,16,18,0.0,53,+2 Laps,15.0,194.197,
2013,14,Korean Grand Prix,2013-10-06,ricciardo,RIC,Daniel Ricciardo,toro_rosso,Toro Rosso,19,12,19,0.0,52,+3 Laps,9.0,196.353,
2013,14,Korean Grand Prix,2013-10-06,sutil,SUT,Adrian Sutil,force_india,Force India,15,14,20,0.0,50,Collision,16.0,194.188,
2013,14,Korean Grand Prix,2013-10-06,webber,WEB,Mark Webber,red_bull,Red Bull,2,13,21,0.0,36,Collision,13.0,194.621,
2013,14,Korean Grand Prix,2013-10-06,resta,DIR,Paul di Resta,force_india,Force India,14,15,22,0.0,24,Spun off,22.0,189.961,
2013,15,Japanese Grand Prix,2013-10-13,vettel,VET,Sebastian Vettel,red_bull,Red Bull,1,2,1,25.0,53,Finished,4.0,219.322,
2013,15,Japanese Grand Prix,2013-10-13,webber,WEB,Mark Webber,red_bull,Red Bull,2,1,2,18.0,53,Finished,1.0,221.015,
2013,15,Japanese Grand Prix,2013-10-13,grosjean,GRO,Romain Grosjean,lotus_f1,Lotus F1,8,4,3,15.0,53,Finished,10.0,217.782,
2013,15,Japanese Grand Prix,2013-10-13,alonso,ALO,Fernando Alonso,ferrari,Ferrari,3,8,4,12.0,53,Finished,8.0,218.041,
2013,15,Japanese Grand Prix,2013-10-13,raikkonen,RAI,Kimi Räikkönen,lotus_f1,Lotus F1,7,9,5,10.0,53,Finished,5.0,218.865,
2013,15,Japanese Grand Prix,2013-10-13,hulkenberg,HUL,Nico Hülkenberg,sauber,Sauber,11,7,6,8.0,53,Finished,11.0,216.674,
2013,15,Japanese Grand Prix,2013-10-13,gutierrez,GUT,Esteban Gutiérrez,sauber,Sauber,12,14,7,6.0,53,Finished,12.0,216.636,
2013,15,Japanese Grand Prix,2013-10-13,rosberg,ROS,Nico Rosberg,mercedes,Mercedes,9,6,8,4.0,53,Finished,2.0,220.868,
2013,15,Japanese Grand Prix,2013-10-13,button,BUT,Jenson Button,mclaren,McLaren,5,10,9,2.0,53,Finished,6.0,218.79,
2013,15,Japanese Grand Prix,2013-10-13,massa,MAS,Felipe Massa,ferrari,Ferrari,4,5,10,1.0,53,Finished,13.0,215.515,
2013,15,Japanese Grand Prix,2013-10-13,resta,DIR,Paul di Resta,force_india,Force India,14,12,11,0.0,53,Finished,15.0,214.617,
2013,15,Japanese Grand Prix,2013-10-13,vergne,VER,Jean-Éric Vergne,toro_rosso,Toro Rosso,18,17,12,0.0,52,+1 Lap,9.0,218.0,
2013,15,Japanese Grand Prix,2013-10-13,ricciardo,RIC,Daniel Ricciardo,toro_rosso,Toro Rosso,19,16,13,0.0,52,+1 Lap,3.0,220.008,
2013,15,Japanese Grand Prix,2013-10-13,sutil,SUT,Adrian Sutil,force_india,Force India,15,22,14,0.0,52,+1 Lap,14.0,214.705,
2013,15,Japanese Grand Prix,2013-10-13,perez,PER,Sergio Pérez,mclaren,McLaren,6,11,15,0.0,52,+1 Lap,7.0,218.114,
2013,15,Japanese Grand Prix,2013-10-13,maldonado,MAL,Pastor Maldonado,williams,Williams,16,15,16,0.0,52,+1 Lap,16.0,214.581,
2013,15,Japanese Grand Prix,2013-10-13,bottas,BOT,Valtteri Bottas,williams,Williams,17,13,17,0.0,52,+1 Lap,18.0,213.632,
2013,15,Japanese Grand Prix,2013-10-13,pic,PIC,Charles Pic,caterham,Caterham,20,20,18,0.0,52,+1 Lap,17.0,214.436,
2013,15,Japanese Grand Prix,2013-10-13,chilton,CHI,Max Chilton,marussia,Marussia,23,18,19,0.0,52,+1 Lap,19.0,211.777,
2013,15,Japanese Grand Prix,2013-10-13,hamilton,HAM,Lewis Hamilton,mercedes,Mercedes,10,3,20,0.0,7,Puncture,20.0,206.569,
2013,15,Japanese Grand Prix,2013-10-13,garde,VDG,Giedo van der Garde,caterham,Caterham,21,19,21,0.0,0,Accident,,,
2013,15,Japanese Grand Prix,2013-10-13,jules_bianchi,BIA,Jules Bianchi,marussia,Marussia,22,21,22,0.0,0,Accident,,,
2013,16,Indian Grand Prix,2013-10-27,vettel,VET,Sebastian Vettel,red_bull,Red Bull,1,1,1,25.0,60,Finished,2.0,209.383,
2013,16,Indian Grand Prix,2013-10-27,rosberg,ROS,Nico Rosberg,mercedes,Mercedes,9,2,2,18.0,60,Finished,9.0,207.732,
2013,16,Indian Grand Prix,2013-10-27,grosjean,GRO,Romain Grosjean,lotus_f1,Lotus F1,8,17,3,15.0,60,Finished,7.0,207.779,
2013,16,Indian Grand Prix,2013-10-27,massa,MAS,Felipe Massa,ferrari,Ferrari,4,5,4,12.0,60,Finished,11.0,207.569,
2013,16,Indian Grand Prix,2013-10-27,perez,PER,Sergio Pérez,mclaren,McLaren,6,9,5,10.0,60,Finished,4.0,208.467,
2013,16,Indian Grand Prix,2013-10-27,hamilton,HAM,Lewis Hamilton,mercedes,Mercedes,10,3,6,8.0,60,Finished,15.0,207.182,
2013,16,Indian Grand Prix,2013-10-27,raikkonen,RAI,Kimi Räikkönen,lotus_f1,Lotus F1,7,6,7,6.0,60,Finished,1.0,210.426,
2013,16,Indian Grand Prix,2013-10-27,resta,DIR,Paul di Resta,force_india,Force India,14,12,8,4.0,60,Finished,17.0,206.606,
2013,16,Indian Grand Prix,2013-10-27,sutil,SUT,Adrian Sutil,force_india,Force India,15,13,9,2.0,60,Finished,3.0,208.665,
2013,16,Indian Grand Prix,2013-10-27,ricciardo,RIC,Daniel Ricciardo,toro_rosso,Toro Rosso,19,11,10,1.0,60,Finished,10.0,207.697,
2013,16,Indian Grand Prix,2013-10-27,alonso,ALO,Fernando Alonso,ferrari,Ferrari,3,8,11,0.0,60,Finished,6.0,207.983,
2013,16,Indian Grand Prix,2013-10-27,maldonado,MAL,Pastor Maldonado,williams,Williams,16,18,12,0.0,60,Finished,14.0,207.275,
2013,16,Indian Grand Prix,2013-10-27,vergne,VER,Jean-Éric Vergne,toro_rosso,Toro Rosso,18,14,13,0.0,59,+1 Lap,16.0,206.653,
2013,16,Indian Grand Prix,2013-10-27,button,BUT,Jenson Button,mclaren,McLaren,5,10,14,0.0,59,+1 Lap,8.0,207.737,
2013,16,Indian Grand Prix,2013-10-27,gutierrez,GUT,Esteban Gutiérrez,sauber,Sauber,12,16,15,0.0,59,+1 Lap,5.0,208.046,
2013,16,Indian Grand Prix,2013-10-27,bottas,BOT,Valtteri Bottas,williams,Williams,17,15,16,0.0,59,+1 Lap,12.0,207.471,
2013,16,Indian Grand Prix,2013-10-27,chilton,CHI,Max Chilton,marussia,Marussia,23,22,17,0.0,58,+2 Laps,20.0,204.239,
2013,16,Indian Grand Prix,2013-10-27,jules_bianchi,BIA,Jules Bianchi,marussia,Marussia,22,19,18,0.0,58,+2 Laps,19.0,204.611,
2013,16,Indian Grand Prix,2013-10-27,hulkenberg,HUL,Nico Hülkenberg,sauber,Sauber,11,7,19,0.0,54,Mechanical,13.0,207.426,
2013,16,Indian Grand Prix,2013-10-27,webber,WEB,Mark Webber,red_bull,Red Bull,2,4,20,0.0,39,Alternator,18.0,206.145,
2013,16,Indian Grand Prix,2013-10-27,pic,PIC,Charles Pic,caterham,Caterham,20,21,21,0.0,35,Hydraulics,21.0,198.585,
2013,16,Indian Grand Prix,2013-10-27,garde,VDG,Giedo van der Garde,caterham,Caterham,21,20,22,0.0,1,Collision,,,
2013,17,Abu Dhabi Grand Prix,2013-11-03,vettel,VET,Sebastian Vettel,red_bull,Red Bull,1,2,1,25.0,55,Finished,2.0,192.451,
2013,17,Abu Dhabi Grand Prix,2013-11-03,webber,WEB,Mark Webber,red_bull,Red Bull,2,1,2,18.0,55,Finished,5.0,191.583,
2013,17,Abu Dhabi Grand Prix,2013-11-03,rosberg,ROS,Nico Rosberg,mercedes,Mercedes,9,3,3,15.0,55,Finished,6.0,191.41,
2013,17,Abu Dhabi Grand Prix,2013-11-03,grosjean,GRO,Romain Grosjean,lotus_f1,Lotus F1,8,6,4,12.0,55,Finished,3.0,191.699,
2013,17,Abu Dhabi Grand Prix,2013-11-03,alonso,ALO,Fernando Alonso,ferrari,Ferrari,3,10,5,10.0,55,Finished,1.0,193.305,
2013,17,Abu Dhabi Grand Prix,2013-11-03,resta,DIR,Paul di Resta,force_india,Force India,14,11,6,8.0,55,Finished,14.0,189.007,
2013,17,Abu Dhabi Grand Prix,2013-11-03,hamilton,HAM,Lewis Hamilton,mercedes,Mercedes,10,4,7,6.0,55,Finished,10.0,189.586,
2013,17,Abu Dhabi Grand Prix,2013-11-03,massa,MAS,Felipe Massa,ferrari,Ferrari,4,7,8,4.0,55,Finished,9.0,189.615,
2013,17,Abu Dhabi Grand Prix,2013-11-03,perez,PER,Sergio Pérez,mclaren,McLaren,6,8,9,2.0,55,Finished,8.0,189.637,
2013,17,Abu Dhabi Grand Prix,2013-11-03,sutil,SUT,Adrian Sutil,force_india,Force India,15,17,10,1.0,55,Finished,13.0,189.324,
2013,17,Abu Dhabi Grand Prix,2013-11-03,maldonado,MAL,Pastor Maldonado,williams,Williams,16,14,11,0.0,55,Finished,11.0,189.466,
2013,17,Abu Dhabi Grand Prix,2013-11-03,button,BUT,Jenson Button,mclaren,McLaren,5,12,12,0.0,55,Finished,17.0,188.03,
2013,17,Abu Dhabi Grand Prix,2013-11-03,gutierrez,GUT,Esteban Gutiérrez,sauber,Sauber,12,16,13,0.0,55,Finished,15.0,188.672,
2013,17,Abu Dhabi Grand Prix,2013-11-03,hulkenberg,HUL,Nico Hülkenberg,sauber,Sauber,11,5,14,0.0,54,+1 Lap,12.0,189.394,
2013,17,Abu Dhabi Grand Prix,2013-11-03,bottas,BOT,Valtteri Bottas,williams,Williams,17,15,15,0.0,54,+1 Lap,4.0,191.607,
2013,17,Abu Dhabi Grand Prix,2013-11-03,ricciardo,RIC,Daniel Ricciardo,toro_rosso,Toro Rosso,19,9,16,0.0,54,+1 Lap,16.0,188.551,
2013,17,Abu Dhabi Grand Prix,2013-11-03,vergne,VER,Jean-Éric Vergne,toro_rosso,Toro Rosso,18,13,17,0.0,54,+1 Lap,7.0,191.302,
2013,17,Abu Dhabi Grand Prix,2013-11-03,garde,VDG,Giedo van der Garde,caterham,Caterham,21,18,18,0.0,54,+1 Lap,19.0,187.578,
2013,17,Abu Dhabi Grand Prix,2013-11-03,pic,PIC,Charles Pic,caterham,Caterham,20,19,19,0.0,54,+1 Lap,18.0,187.86,
2013,17,Abu Dhabi Grand Prix,2013-11-03,jules_bianchi,BIA,Jules Bianchi,marussia,Marussia,22,21,20,0.0,53,+2 Laps,20.0,185.788,
2013,17,Abu Dhabi Grand Prix,2013-11-03,chilton,CHI,Max Chilton,marussia,Marussia,23,20,21,0.0,53,+2 Laps,21.0,185.636,
2013,17,Abu Dhabi Grand Prix,2013-11-03,raikkonen,RAI,Kimi Räikkönen,lotus_f1,Lotus F1,7,22,22,0.0,0,Accident,,,
2013,18,United States Grand Prix,2013-11-17,vettel,VET,Sebastian Vettel,red_bull,Red Bull,1,1,1,25.0,56,Finished,1.0,198.754,
2013,18,United States Grand Prix,2013-11-17,grosjean,GRO,Romain Grosjean,lotus_f1,Lotus F1,8,3,2,18.0,56,Finished,2.0,197.588,
2013,18,United States Grand Prix,2013-11-17,webber,WEB,Mark Webber,red_bull,Red Bull,2,2,3,15.0,56,Finished,4.0,197.301,
2013,18,United States Grand Prix,2013-11-17,hamilton,HAM,Lewis Hamilton,mercedes,Mercedes,10,5,4,12.0,56,Finished,5.0,196.857,
2013,18,United States Grand Prix,2013-11-17,alonso,ALO,Fernando Alonso,ferrari,Ferrari,3,6,5,10.0,56,Finished,10.0,196.141,
2013,18,United States Grand Prix,2013-11-17,hulkenberg,HUL,Nico Hülkenberg,sauber,Sauber,11,4,6,8.0,56,Finished,6.0,196.596,
2013,18,United States Grand Prix,2013-11-17,perez,PER,Sergio Pérez,mclaren,McLaren,6,7,7,6.0,56,Finished,15.0,194.901,
2013,18,United States Grand Prix,2013-11-17,bottas,BOT,Valtteri Bottas,williams,Williams,17,9,8,4.0,56,Finished,3.0,197.496,
2013,18,United States Grand Prix,2013-11-17,rosberg,ROS,Nico Rosberg,mercedes,Mercedes,9,12,9,2.0,56,Finished,8.0,196.244,
2013,18,United States Grand Prix,2013-11-17,button,BUT,Jenson Button,mclaren,McLaren,5,15,10,1.0,56,Finished,12.0,195.95,
2013,18,United States Grand Prix,2013-11-17,ricciardo,RIC,Daniel Ricciardo,toro_rosso,Toro Rosso,19,10,11,0.0,56,Finished,16.0,194.349,
2013,18,United States Grand Prix,2013-11-17,vergne,VER,Jean-Éric Vergne,toro_rosso,Toro Rosso,18,14,12,0.0,56,Finished,13.0,195.882,
2013,18,United States Grand Prix,2013-11-17,massa,MAS,Felipe Massa,ferrari,Ferrari,4,13,13,0.0,56,Finished,11.0,196.097,
2013,18,United States Grand Prix,2013-11-17,gutierrez,GUT,Esteban Gutiérrez,sauber,Sauber,12,20,14,0.0,56,Finished,14.0,195.725,
2013,18,United States Grand Prix,2013-11-17,kovalainen,KOV,Heikki Kovalainen,lotus_f1,Lotus F1,7,8,15,0.0,56,Finished,7.0,196.448,
2013,18,United States Grand Prix,2013-11-17,resta,DIR,Paul di Resta,force_india,Force India,14,11,16,0.0,56,Finished,9.0,196.215,
2013,18,United States Grand Prix,2013-11-17,maldonado,MAL,Pastor Maldonado,williams,Williams,16,17,17,0.0,55,+1 Lap,17.0,192.578,
2013,18,United States Grand Prix,2013-11-17,jules_bianchi,BIA,Jules Bianchi,marussia,Marussia,22,19,18,0.0,55,+1 Lap,18.0,191.906,
2013,18,United States Grand Prix,2013-11-17,garde,VDG,Giedo van der Garde,caterham,Caterham,21,18,19,0.0,55,+1 Lap,20.0,190.957,
2013,18,United States Grand Prix,2013-11-17,pic,PIC,Charles Pic,caterham,Caterham,20,22,20,0.0,55,+1 Lap,21.0,190.893,
2013,18,United States Grand Prix,2013-11-17,chilton,CHI,Max Chilton,marussia,Marussia,23,21,21,0.0,54,+2 Laps,19.0,191.248,
2013,18,United States Grand Prix,2013-11-17,sutil,SUT,Adrian Sutil,force_india,Force India,15,16,22,0.0,0,Accident,,,
2013,19,Brazilian Grand Prix,2013-11-24,vettel,VET,Sebastian Vettel,red_bull,Red Bull,1,1,1,25.0,71,Finished,3.0,205.125,
2013,19,Brazilian Grand Prix,2013-11-24,webber,WEB,Mark Webber,red_bull,Red Bull,2,4,2,18.0,71,Finished,1.0,205.636,
2013,19,Brazilian Grand Prix,2013-11-24,alonso,ALO,Fernando Alonso,ferrari,Ferrari,3,3,3,15.0,71,Finished,2.0,205.473,
2013,19,Brazilian Grand Prix,2013-11-24,button,BUT,Jenson Button,mclaren,McLaren,5,14,4,12.0,71,Finished,7.0,202.909,
2013,19,Brazilian Grand Prix,2013-11-24,rosberg,ROS,Nico Rosberg,mercedes,Mercedes,9,2,5,10.0,71,Finished,6.0,202.93,
2013,19,Brazilian Grand Prix,2013-11-24,perez,PER,Sergio Pérez,mclaren,McLaren,6,19,6,8.0,71,Finished,5.0,203.451,
2013,19,Brazilian Grand Prix,2013-11-24,massa,MAS,Felipe Massa,ferrari,Ferrari,4,9,7,6.0,71,Finished,8.0,202.856,
2013,19,Brazilian Grand Prix,2013-11-24,hulkenberg,HUL,Nico Hülkenberg,sauber,Sauber,11,10,8,4.0,71,Finished,12.0,201.979,
2013,19,Brazilian Grand Prix,2013-11-24,hamilton,HAM,Lewis Hamilton,mercedes,Mercedes,10,5,9,2.0,71,Finished,10.0,202.268,
2013,19,Brazilian Grand Prix,2013-11-24,ricciardo,RIC,Daniel Ricciardo,toro_rosso,Toro Rosso,19,7,10,1.0,70,+1 Lap,15.0,201.527,
2013,19,Brazilian Grand Prix,2013-11-24,resta,DIR,Paul di Resta,force_india,Force India,14,12,11,0.0,70,+1 Lap,14.0,201.839,
2013,19,Brazilian Grand Prix,2013-11-24,gutierrez,GUT,Esteban Gutiérrez,sauber,Sauber,12,17,12,0.0,70,+1 Lap,9.0,202.702,
2013,19,Brazilian Grand Prix,2013-11-24,sutil,SUT,Adrian Sutil,force_india,Force India,15,15,13,0.0,70,+1 Lap,4.0,203.979,
2013,19,Brazilian Grand Prix,2013-11-24,kovalainen,KOV,Heikki Kovalainen,lotus_f1,Lotus F1,7,11,14,0.0,70,+1 Lap,16.0,200.81,
2013,19,Brazilian Grand Prix,2013-11-24,vergne,VER,Jean-Éric Vergne,toro_rosso,Toro Rosso,18,8,15,0.0,70,+1 Lap,11.0,202.01,
2013,19,Brazilian Grand Prix,2013-11-24,maldonado,MAL,Pastor Maldonado,williams,Williams,16,16,16,0.0,70,+1 Lap,18.0,200.02,
2013,19,Brazilian Grand Prix,2013-11-24,jules_bianchi,BIA,Jules Bianchi,marussia,Marussia,22,21,17,0.0,69,+2 Laps,20.0,199.601,
2013,19,Brazilian Grand Prix,2013-11-24,garde,VDG,Giedo van der Garde,caterham,Caterham,21,20,18,0.0,69,+2 Laps,19.0,199.927,
2013,19,Brazilian Grand Prix,2013-11-24,chilton,CHI,Max Chilton,marussia,Marussia,23,22,19,0.0,69,+2 Laps,17.0,200.727,
2013,19,Brazilian Grand Prix,2013-11-24,pic,PIC,Charles Pic,caterham,Caterham,20,18,20,0.0,58,Mechanical,21.0,197.776,
2013,19,Brazilian Grand Prix,2013-11-24,bottas,BOT,Valtteri Bottas,williams,Williams,17,13,21,0.0,45,Accident,13.0,201.879,
2013,19,Brazilian Grand Prix,2013-11-24,grosjean,GRO,Romain Grosjean,lotus_f1,Lotus F1,8,6,22,0.0,2,Engine,22.0,191.752,
2014,1,Australian Grand Prix,2014-03-16,rosberg,ROS,Nico Rosberg,mercedes,Mercedes,6,3,1,25.0,57,Finished,1.0,,206.436
2014,1,Australian Grand Prix,2014-03-16,kevin_magnussen,MAG,Kevin Magnussen,mclaren,McLaren,20,4,2,18.0,57,Finished,6.0,,205.131
2014,1,Australian Grand Prix,2014-03-16,button,BUT,Jenson Button,mclaren,McLaren,22,10,3,15.0,57,Finished,5.0,,205.46
2014,1,Australian Grand Prix,2014-03-16,alonso,ALO,Fernando Alonso,ferrari,Ferrari,14,5,4,12.0,57,Finished,7.0,,204.867
2014,1,Australian Grand Prix,2014-03-16,bottas,BOT,Valtteri Bottas,williams,Williams,77,15,5,10.0,57,Finished,3.0,,206.128
2014,1,Australian Grand Prix,2014-03-16,hulkenberg,HUL,Nico Hülkenberg,force_india,Force India,27,7,6,8.0,57,Finished,2.0,,206.235
2014,1,Australian Grand Prix,2014-03-16,raikkonen,RAI,Kimi Räikkönen,ferrari,Ferrari,7,11,7,6.0,57,Finished,8.0,,204.814
2014,1,Australian Grand Prix,2014-03-16,vergne,VER,Jean-Éric Vergne,toro_rosso,Toro Rosso,25,6,8,4.0,57,Finished,10.0,,203.763
2014,1,Australian Grand Prix,2014-03-16,kvyat,KVY,Daniil Kvyat,toro_rosso,Toro Rosso,26,8,9,2.0,57,Finished,11.0,,203.387
2014,1,Australian Grand Prix,2014-03-16,perez,PER,Sergio Pérez,force_india,Force India,11,16,10,1.0,57,Finished,4.0,,206.088
2014,1,Australian Grand Prix,2014-03-16,sutil,SUT,Adrian Sutil,sauber,Sauber,99,13,11,0.0,56,+1 Lap,9.0,,204.472
2014,1,Australian Grand Prix,2014-03-16,gutierrez,GUT,Esteban Gutiérrez,sauber,Sauber,21,20,12,0.0,56,+1 Lap,13.0,,201.882
2014,1,Australian Grand Prix,2014-03-16,chilton,CHI,Max Chilton,marussia,Marussia,4,17,13,0.0,55,+2 Laps,12.0,,202.658
2014,1,Australian Grand Prix,2014-03-16,jules_bianchi,BIA,Jules Bianchi,marussia,Marussia,17,18,14,0.0,49,+8 Laps,16.0,,199.621
2014,1,Australian Grand Prix,2014-03-16,grosjean,GRO,Romain Grosjean,lotus_f1,Lotus F1,8,22,15,0.0,43,ERS,15.0,,200.363
2014,1,Australian Grand Prix,2014-03-16,maldonado,MAL,Pastor Maldonado,lotus_f1,Lotus F1,13,21,16,0.0,29,ERS,14.0,,201.451
2014,1,Australian Grand Prix,2014-03-16,ericsson,ERI,Marcus Ericsson,caterham,Caterham,9,19,17,0.0,27,Oil pressure,18.0,,196.141
2014,1,Australian Grand Prix,2014-03-16,vettel,VET,Sebastian Vettel,red_bull,Red Bull,1,12,18,0.0,3,Engine,17.0,,196.682
2014,1,Australian Grand Prix,2014-03-16,hamilton,HAM,Lewis Hamilton,mercedes,Mercedes,44,1,19,0.0,2,Engine,20.0,,173.636
2014,1,Australian Grand Prix,2014-03-16,massa,MAS,Felipe Massa,williams,Williams,19,9,20,0.0,0,Collision,19.0,,190.361
2014,1,Australian Grand Prix,2014-03-16,kobayashi,KOB,Kamui Kobayashi,caterham,Caterham,10,14,21,0.0,0,Collision,,,
2014,1,Australian Grand Prix,2014-03-16,ricciardo,RIC,Daniel Ricciardo,red_bull,Red Bull,3,2,22,0.0,57,Disqualified,,,
2014,2,Malaysian Grand Prix,2014-03-30,hamilton,HAM,Lewis Hamilton,mercedes,Mercedes,44,1,1,25.0,56,Finished,1.0,,193.611
2014,2,Malaysian Grand Prix,2014-03-30,rosberg,ROS,Nico Rosberg,mercedes,Mercedes,6,3,2,18.0,56,Finished,2.0,,191.946
2014,2,Malaysian Grand Prix,2014-03-30,vettel,VET,Sebastian Vettel,red_bull,Red Bull,1,2,3,15.0,56,Finished,4.0,,191.341
2014,2,Malaysian Grand Prix,2014-03-30,alonso,ALO,Fernando Alonso,ferrari,Ferrari,14,4,4,12.0,56,Finished,3.0,,191.569
2014,2,Malaysian Grand Prix,2014-03-30,hulkenberg,HUL,Nico Hülkenberg,force_india,Force India,27,7,5,10.0,56,Finished,10.0,,188.284
2014,2,Malaysian Grand Prix,2014-03-30,button,BUT,Jenson Button,mclaren,McLaren,22,10,6,8.0,56,Finished,11.0,,188.183
2014,2,Malaysian Grand Prix,2014-03-30,massa,MAS,Felipe Massa,williams,Williams,19,13,7,6.0,56,Finished,6.0,,190.232
2014,2,Malaysian Grand Prix,2014-03-30,bottas,BOT,Valtteri Bottas,williams,Williams,77,18,8,4.0,56,Finished,9.0,,189.189
2014,2,Malaysian Grand Prix,2014-03-30,kevin_magnussen,MAG,Kevin Magnussen,mclaren,McLaren,20,8,9,2.0,55,+1 Lap,8.0,,189.372
2014,2,Malaysian Grand Prix,2014-03-30,kvyat,KVY,Daniil Kvyat,toro_rosso,Toro Rosso,26,11,10,1.0,55,+1 Lap,13.0,,187.026
2014,2,Malaysian Grand Prix,2014-03-30,grosjean,GRO,Romain Grosjean,lotus_f1,Lotus F1,8,15,11,0.0,55,+1 Lap,12.0,,187.855
2014,2,Malaysian Grand Prix,2014-03-30,raikkonen,RAI,Kimi Räikkönen,ferrari,Ferrari,7,6,12,0.0,55,+1 Lap,7.0,,189.812
2014,2,Malaysian Grand Prix,2014-03-30,kobayashi,KOB,Kamui Kobayashi,caterham,Caterham,10,20,13,0.0,55,+1 Lap,15.0,,185.19
2014,2,Malaysian Grand Prix,2014-03-30,ericsson,ERI,Marcus Ericsson,caterham,Caterham,9,22,14,0.0,54,+2 Laps,14.0,,185.626
2014,2,Malaysian Grand Prix,2014-03-30,chilton,CHI,Max Chilton,marussia,Marussia,4,21,15,0.0,54,+2 Laps,18.0,,184.341
2014,2,Malaysian Grand Prix,2014-03-30,ricciardo,RIC,Daniel Ricciardo,red_bull,Red Bull,3,5,16,0.0,49,Technical,5.0,,190.635
2014,2,Malaysian Grand Prix,2014-03-30,gutierrez,GUT,Esteban Gutiérrez,sauber,Sauber,21,12,17,0.0,35,Gearbox,16.0,,185.14
2014,2,Malaysian Grand Prix,2014-03-30,sutil,SUT,Adrian Sutil,sauber,Sauber,99,17,18,0.0,32,Electrical,17.0,,184.698
2014,2,Malaysian Grand Prix,2014-03-30,vergne,VER,Jean-Éric Vergne,toro_rosso,Toro Rosso,25,9,19,0.0,18,Power Unit,19.0,,183.869
2014,2,Malaysian Grand Prix,2014-03-30,jules_bianchi,BIA,Jules Bianchi,marussia,Marussia,17,19,20,0.0,8,Brakes,21.0,,179.01
2014,2,Malaysian Grand Prix,2014-03-30,maldonado,MAL,Pastor Maldonado,lotus_f1,Lotus F1,13,16,21,0.0,7,Engine,20.0,,179.888
2014,2,Malaysian Grand Prix,2014-03-30,perez,PER,Sergio Pérez,force_india,Force India,11,14,22,0.0,0,Withdrew,,,
2014,3,Bahrain Grand Prix,2014-04-06,hamilton,HAM,Lewis Hamilton,mercedes,Mercedes,44,2,1,25.0,57,Finished,2.0,,200.634
2014,3,Bahrain Grand Prix,2014-04-06,rosberg,ROS,Nico Rosberg,mercedes,Mercedes,6,1,2,18.0,57,Finished,1.0,,200.816
2014,3,Bahrain Grand Prix,2014-04-06,perez,PER,Sergio Pérez,force_india,Force India,11,4,3,15.0,57,Finished,7.0,,196.165
2014,3,Bahrain Grand Prix,2014-04-06,ricciardo,RIC,Daniel Ricciardo,red_bull,Red Bull,3,13,4,12.0,57,Finished,4.0,,196.266
2014,3,Bahrain Grand Prix,2014-04-06,hulkenberg,HUL,Nico Hülkenberg,force_india,Force India,27,11,5,10.0,57,Finished,3.0,,197.228
2014,3,Bahrain Grand Prix,2014-04-06,vettel,VET,Sebastian Vettel,red_bull,Red Bull,1,10,6,8.0,57,Finished,6.0,,196.181
2014,3,Bahrain Grand Prix,2014-04-06,massa,MAS,Felipe Massa,williams,Williams,19,7,7,6.0,57,Finished,5.0,,196.26
2014,3,Bahrain Grand Prix,2014-04-06,bottas,BOT,Valtteri Bottas,williams,Williams,77,3,8,4.0,57,Finished,13.0,,195.296
2014,3,Bahrain Grand Prix,2014-04-06,alonso,ALO,Fernando Alonso,ferrari,Ferrari,14,9,9,2.0,57,Finished,12.0,,195.355
2014,3,Bahrain Grand Prix,2014-04-06,raikkonen,RAI,Kimi Räikkönen,ferrari,Ferrari,7,5,10,1.0,57,Finished,8.0,,195.933
2014,3,Bahrain Grand Prix,2014-04-06,kvyat,KVY,Daniil Kvyat,toro_rosso,Toro Rosso,26,12,11,0.0,57,Finished,15.0,,194.52
2014,3,Bahrain Grand Prix,2014-04-06,grosjean,GRO,Romain Grosjean,lotus_f1,Lotus F1,8,16,12,0.0,57,Finished,9.0,,195.923
2014,3,Bahrain Grand Prix,2014-04-06,chilton,CHI,Max Chilton,marussia,Marussia,4,21,13,0.0,57,Finished,21.0,,191.34
2014,3,Bahrain Grand Prix,2014-04-06,maldonado,MAL,Pastor Maldonado,lotus_f1,Lotus F1,13,17,14,0.0,57,Finished,11.0,,195.484
2014,3,Bahrain Grand Prix,2014-04-06,kobayashi,KOB,Kamui Kobayashi,caterham,Caterham,10,18,15,0.0,57,Finished,18.0,,192.434
2014,3,Bahrain Grand Prix,2014-04-06,jules_bianchi,BIA,Jules Bianchi,marussia,Marussia,17,19,16,0.0,56,+1 Lap,22.0,,190.684
2014,3,Bahrain Grand Prix,2014-04-06,button,BUT,Jenson Button,mclaren,McLaren,22,6,17,0.0,55,Clutch,10.0,,195.683
2014,3,Bahrain Grand Prix,2014-04-06,kevin_magnussen,MAG,Kevin Magnussen,mclaren,McLaren,20,8,18,0.0,40,Clutch,14.0,,194.621
2014,3,Bahrain Grand Prix,2014-04-06,gutierrez,GUT,Esteban Gutiérrez,sauber,Sauber,21,15,19,0.0,39,Collision,16.0,,193.481
2014,3,Bahrain Grand Prix,2014-04-06,ericsson,ERI,Marcus Ericsson,caterham,Caterham,9,20,20,0.0,33,Retired,17.0,,192.647
2014,3,Bahrain Grand Prix,2014-04-06,vergne,VER,Jean-Éric Vergne,toro_rosso,Toro Rosso,25,14,21,0.0,18,Retired,19.0,,191.669
2014,3,Bahrain Grand Prix,2014-04-06,sutil,SUT,Adrian Sutil,sauber,Sauber,99,22,22,0.0,17,Collision,20.0,,191.403
2014,4,Chinese Grand Prix,2014-04-20,hamilton,HAM,Lewis Hamilton,mercedes,Mercedes,44,1,1,25.0,54,Finished,2.0,,193.916
2014,4,Chinese Grand Prix,2014-04-20,rosberg,ROS,Nico Rosberg,mercedes,Mercedes,6,4,2,18.0,54,Finished,1.0,,195.45
2014,4,Chinese Grand Prix,2014-04-20,alonso,ALO,Fernando Alonso,ferrari,Ferrari,14,5,3,15.0,54,Finished,4.0,,192.235
2014,4,Chinese Grand Prix,2014-04-20,ricciardo,RIC,Daniel Ricciardo,red_bull,Red Bull,3,2,4,12.0,54,Finished,3.0,,193.387
2014,4,Chinese Grand Prix,2014-04-20,vettel,VET,Sebastian Vettel,red_bull,Red Bull,1,3,5,10.0,54,Finished,5.0,,192.07
2014,4,Chinese Grand Prix,2014-04-20,hulkenberg,HUL,Nico Hülkenberg,force_india,Force India,27,8,6,8.0,54,Finished,10.0,,191.218
2014,4,Chinese Grand Prix,2014-04-20,bottas,BOT,Valtteri Bottas,williams,Williams,77,7,7,6.0,54,Finished,11.0,,191.151
2014,4,Chinese Grand Prix,2014-04-20,raikkonen,RAI,Kimi Räikkönen,ferrari,Ferrari,7,11,8,4.0,54,Finished,8.0,,191.824
2014,4,Chinese Grand Prix,2014-04-20,perez,PER,Sergio Pérez,force_india,Force India,11,16,9,2.0,54,Finished,6.0,,191.959
2014,4,Chinese Grand Prix,2014-04-20,kvyat,KVY,Daniil Kvyat,toro_rosso,Toro Rosso,26,13,10,1.0,53,+1 Lap,17.0,,189.899
2014,4,Chinese Grand Prix,2014-04-20,button,BUT,Jenson Button,mclaren,McLaren,22,12,11,0.0,53,+1 Lap,18.0,,189.829
2014,4,Chinese Grand Prix,2014-04-20,vergne,VER,Jean-Éric Vergne,toro_rosso,Toro Rosso,25,9,12,0.0,53,+1 Lap,14.0,,190.712
2014,4,Chinese Grand Prix,2014-04-20,kevin_magnussen,MAG,Kevin Magnussen,mclaren,McLaren,20,15,13,0.0,53,+1 Lap,12.0,,191.075
2014,4,Chinese Grand Prix,2014-04-20,maldonado,MAL,Pastor Maldonado,lotus_f1,Lotus F1,13,22,14,0.0,53,+1 Lap,15.0,,190.396
2014,4,Chinese Grand Prix,2014-04-20,massa,MAS,Felipe Massa,williams,Williams,19,6,15,0.0,53,+1 Lap,9.0,,191.676
2014,4,Chinese Grand Prix,2014-04-20,gutierrez,GUT,Esteban Gutiérrez,sauber,Sauber,21,17,16,0.0,53,+1 Lap,7.0,,191.904
2014,4,Chinese Grand Prix,2014-04-20,jules_bianchi,BIA,Jules Bianchi,marussia,Marussia,17,19,17,0.0,53,+1 Lap,21.0,,187.203
2014,4,Chinese Grand Prix,2014-04-20,kobayashi,KOB,Kamui Kobayashi,caterham,Caterham,10,18,18,0.0,53,+1 Lap,16.0,,189.924
2014,4,Chinese Grand Prix,2014-04-20,chilton,CHI,Max Chilton,marussia,Marussia,4,21,19,0.0,52,+2 Laps,13.0,,190.751
2014,4,Chinese Grand Prix,2014-04-20,ericsson,ERI,Marcus Ericsson,caterham,Caterham,9,20,20,0.0,52,+2 Laps,19.0,,189.38
2014,4,Chinese Grand Prix,2014-04-20,grosjean,GRO,Romain Grosjean,lotus_f1,Lotus F1,8,10,21,0.0,28,Gearbox,20.0,,188.026
2014,4,Chinese Grand Prix,2014-04-20,sutil,SUT,Adrian Sutil,sauber,Sauber,99,14,22,0.0,5,Engine,22.0,,165.773
2014,5,Spanish Grand Prix,2014-05-11,hamilton,HAM,Lewis Hamilton,mercedes,Mercedes,44,1,1,25.0,66,Finished,3.0,,187.275
2014,5,Spanish Grand Prix,2014-05-11,rosberg,ROS,Nico Rosberg,mercedes,Mercedes,6,2,2,18.0,66,Finished,2.0,,187.794
2014,5,Spanish Grand Prix,2014-05-11,ricciardo,RIC,Daniel Ricciardo,red_bull,Red Bull,3,3,3,15.0,66,Finished,5.0,,186.175
2014,5,Spanish Grand Prix,2014-05-11,vettel,VET,Sebastian Vettel,red_bull,Red Bull,1,15,4,12.0,66,Finished,1.0,,188.465
2014,5,Spanish Grand Prix,2014-05-11,bottas,BOT,Valtteri Bottas,williams,Williams,77,4,5,10.0,66,Finished,8.0,,185.326
2014,5,Spanish Grand Prix,2014-05-11,alonso,ALO,Fernando Alonso,ferrari,Ferrari,14,7,6,8.0,66,Finished,4.0,,186.411
2014,5,Spanish Grand Prix,2014-05-11,raikkonen,RAI,Kimi Räikkönen,ferrari,Ferrari,7,6,7,6.0,65,+1 Lap,11.0,,185.007
2014,5,Spanish Grand Prix,2014-05-11,grosjean,GRO,Romain Grosjean,lotus_f1,Lotus F1,8,5,8,4.0,65,+1 Lap,14.0,,184.016
2014,5,Spanish Grand Prix,2014-05-11,perez,PER,Sergio Pérez,force_india,Force India,11,11,9,2.0,65,+1 Lap,13.0,,184.648
2014,5,Spanish Grand Prix,2014-05-11,hulkenberg,HUL,Nico Hülkenberg,force_india,Force India,27,10,10,1.0,65,+1 Lap,16.0,,183.325
2014,5,Spanish Grand Prix,2014-05-11,button,BUT,Jenson Button,mclaren,McLaren,22,8,11,0.0,65,+1 Lap,10.0,,185.042
2014,5,Spanish Grand Prix,2014-05-11,kevin_magnussen,MAG,Kevin Magnussen,mclaren,McLaren,20,14,12,0.0,65,+1 Lap,7.0,,185.544
2014,5,Spanish Grand Prix,2014-05-11,massa,MAS,Felipe Massa,williams,Williams,19,9,13,0.0,65,+1 Lap,9.0,,185.236
2014,5,Spanish Grand Prix,2014-05-11,kvyat,KVY,Daniil Kvyat,toro_rosso,Toro Rosso,26,12,14,0.0,65,+1 Lap,6.0,,185.645
2014,5,Spanish Grand Prix,2014-05-11,maldonado,MAL,Pastor Maldonado,lotus_f1,Lotus F1,13,22,15,0.0,65,+1 Lap,15.0,,183.679
2014,5,Spanish Grand Prix,2014-05-11,gutierrez,GUT,Esteban Gutiérrez,sauber,Sauber,21,13,16,0.0,65,+1 Lap,12.0,,184.832
2014,5,Spanish Grand Prix,2014-05-11,sutil,SUT,Adrian Sutil,sauber,Sauber,99,16,17,0.0,65,+1 Lap,17.0,,183.201
2014,5,Spanish Grand Prix,2014-05-11,jules_bianchi,BIA,Jules Bianchi,marussia,Marussia,17,18,18,0.0,64,+2 Laps,20.0,,182.58
2014,5,Spanish Grand Prix,2014-05-11,chilton,CHI,Max Chilton,marussia,Marussia,4,17,19,0.0,64,+2 Laps,18.0,,182.614
2014,5,Spanish Grand Prix,2014-05-11,ericsson,ERI,Marcus Ericsson,caterham,Caterham,9,19,20,0.0,64,+2 Laps,22.0,,179.517
2014,5,Spanish Grand Prix,2014-05-11,kobayashi,KOB,Kamui Kobayashi,caterham,Caterham,10,20,21,0.0,34,Brakes,21.0,,180.069
2014,5,Spanish Grand Prix,2014-05-11,vergne,VER,Jean-Éric Vergne,toro_rosso,Toro Rosso,25,21,22,0.0,24,Exhaust,19.0,,182.586
2014,6,Monaco Grand Prix,2014-05-25,rosberg,ROS,Nico Rosberg,mercedes,Mercedes,6,1,1,25.0,78,Finished,4.0,,151.388
2014,6,Monaco Grand Prix,2014-05-25,hamilton,HAM,Lewis Hamilton,mercedes,Mercedes,44,2,2,18.0,78,Finished,3.0,,151.51
2014,6,Monaco Grand Prix,2014-05-25,ricciardo,RIC,Daniel Ricciardo,red_bull,Red Bull,3,3,3,15.0,78,Finished,2.0,,151.718
2014,6,Monaco Grand Prix,2014-05-25,alonso,ALO,Fernando Alonso,ferrari,Ferrari,14,5,4,12.0,78,Finished,5.0,,150.814
2014,6,Monaco Grand Prix,2014-05-25,hulkenberg,HUL,Nico Hülkenberg,force_india,Force India,27,11,5,10.0,77,+1 Lap,9.0,,148.872
2014,6,Monaco Grand Prix,2014-05-25,button,BUT,Jenson Button,mclaren,McLaren,22,12,6,8.0,77,+1 Lap,12.0,,148.358
2014,6,Monaco Grand Prix,2014-05-25,massa,MAS,Felipe Massa,williams,Williams,19,16,7,6.0,77,+1 Lap,6.0,,149.712
2014,6,Monaco Grand Prix,2014-05-25,grosjean,GRO,Romain Grosjean,lotus_f1,Lotus F1,8,14,8,4.0,77,+1 Lap,11.0,,148.482
2014,6,Monaco Grand Prix,2014-05-25,jules_bianchi,BIA,Jules Bianchi,marussia,Marussia,17,21,9,2.0,77,+1 Lap,16.0,,147.98
2014,6,Monaco Grand Prix,2014-05-25,kevin_magnussen,MAG,Kevin Magnussen,mclaren,McLaren,20,8,10,1.0,77,+1 Lap,8.0,,149.075
2014,6,Monaco Grand Prix,2014-05-25,ericsson,ERI,Marcus Ericsson,caterham,Caterham,9,22,11,0.0,77,+1 Lap,10.0,,148.607
2014,6,Monaco Grand Prix,2014-05-25,raikkonen,RAI,Kimi Räikkönen,ferrari,Ferrari,7,6,12,0.0,77,+1 Lap,1.0,,153.212
2014,6,Monaco Grand Prix,2014-05-25,kobayashi,KOB,Kamui Kobayashi,caterham,Caterham,10,20,13,0.0,75,+2 Laps,19.0,,145.878
2014,6,Monaco Grand Prix,2014-05-25,chilton,CHI,Max Chilton,marussia,Marussia,4,19,14,0.0,75,+3 Laps,7.0,,149.22
2014,6,Monaco Grand Prix,2014-05-25,gutierrez,GUT,Esteban Gutiérrez,sauber,Sauber,21,17,15,0.0,59,Accident,15.0,,148.177
2014,6,Monaco Grand Prix,2014-05-25,bottas,BOT,Valtteri Bottas,williams,Williams,77,13,16,0.0,55,Engine,14.0,,148.252
2014,6,Monaco Grand Prix,2014-05-25,vergne,VER,Jean-Éric Vergne,toro_rosso,Toro Rosso,25,7,17,0.0,50,Engine,13.0,,148.292
2014,6,Monaco Grand Prix,2014-05-25,sutil,SUT,Adrian Sutil,sauber,Sauber,99,18,18,0.0,23,Accident,17.0,,147.062
2014,6,Monaco Grand Prix,2014-05-25,kvyat,KVY,Daniil Kvyat,toro_rosso,Toro Rosso,26,9,19,0.0,10,Mechanical,18.0,,146.614
2014,6,Monaco Grand Prix,2014-05-25,vettel,VET,Sebastian Vettel,red_bull,Red Bull,1,4,20,0.0,5,Turbo,20.0,,100.615
2014,6,Monaco Grand Prix,2014-05-25,perez,PER,Sergio Pérez,force_india,Force India,11,10,21,0.0,0,Collision,,,
2014,6,Monaco Grand Prix,2014-05-25,maldonado,MAL,Pastor Maldonado,lotus_f1,Lotus F1,13,15,22,0.0,0,Withdrew,,,
2014,7,Canadian Grand Prix,2014-06-08,ricciardo,RIC,Daniel Ricciardo,red_bull,Red Bull,3,6,1,25.0,70,Finished,4.0,,199.638
2014,7,Canadian Grand Prix,2014-06-08,rosberg,ROS,Nico Rosberg,mercedes,Mercedes,6,1,2,18.0,70,Finished,7.0,,199.028
2014,7,Canadian Grand Prix,2014-06-08,vettel,VET,Sebastian Vettel,red_bull,Red Bull,1,3,3,15.0,70,Finished,10.0,,198.299
2014,7,Canadian Grand Prix,2014-06-08,button,BUT,Jenson Button,mclaren,McLaren,22,9,4,12.0,70,Finished,5.0,,199.337
2014,7,Canadian Grand Prix,2014-06-08,hulkenberg,HUL,Nico Hülkenberg,force_india,Force India,27,11,5,10.0,70,Finished,8.0,,198.89
2014,7,Canadian Grand Prix,2014-06-08,alonso,ALO,Fernando Alonso,ferrari,Ferrari,14,7,6,8.0,70,Finished,3.0,,199.704
2014,7,Canadian Grand Prix,2014-06-08,bottas,BOT,Valtteri Bottas,williams,Williams,77,4,7,6.0,70,Finished,11.0,,197.924
2014,7,Canadian Grand Prix,2014-06-08,vergne,VER,Jean-Éric Vergne,toro_rosso,Toro Rosso,25,8,8,4.0,70,Finished,12.0,,197.73
2014,7,Canadian Grand Prix,2014-06-08,kevin_magnussen,MAG,Kevin Magnussen,mclaren,McLaren,20,12,9,2.0,70,Finished,6.0,,199.185
2014,7,Canadian Grand Prix,2014-06-08,raikkonen,RAI,Kimi Räikkönen,ferrari,Ferrari,7,10,10,1.0,70,Finished,2.0,,199.921
2014,7,Canadian Grand Prix,2014-06-08,perez,PER,Sergio Pérez,force_india,Force India,11,13,11,0.0,69,Collision,13.0,,197.501
2014,7,Canadian Grand Prix,2014-06-08,massa,MAS,Felipe Massa,williams,Williams,19,5,12,0.0,69,Collision,1.0,,199.984
2014,7,Canadian Grand Prix,2014-06-08,sutil,SUT,Adrian Sutil,sauber,Sauber,99,16,13,0.0,69,+1 Lap,17.0,,195.692
2014,7,Canadian Grand Prix,2014-06-08,gutierrez,GUT,Esteban Gutiérrez,sauber,Sauber,21,22,14,0.0,64,ERS,16.0,,195.97
2014,7,Canadian Grand Prix,2014-06-08,grosjean,GRO,Romain Grosjean,lotus_f1,Lotus F1,8,14,15,0.0,59,Rear wing,14.0,,197.107
2014,7,Canadian Grand Prix,2014-06-08,kvyat,KVY,Daniil Kvyat,toro_rosso,Toro Rosso,26,15,16,0.0,47,Drivetrain,15.0,,196.298
2014,7,Canadian Grand Prix,2014-06-08,hamilton,HAM,Lewis Hamilton,mercedes,Mercedes,44,2,17,0.0,46,Brakes,9.0,,198.875
2014,7,Canadian Grand Prix,2014-06-08,kobayashi,KOB,Kamui Kobayashi,caterham,Caterham,10,21,18,0.0,23,Suspension,19.0,,188.856
2014,7,Canadian Grand Prix,2014-06-08,maldonado,MAL,Pastor Maldonado,lotus_f1,Lotus F1,13,17,19,0.0,21,Power Unit,18.0,,192.6
2014,7,Canadian Grand Prix,2014-06-08,ericsson,ERI,Marcus Ericsson,caterham,Caterham,9,20,20,0.0,7,Turbo,20.0,,141.385
2014,7,Canadian Grand Prix,2014-06-08,chilton,CHI,Max Chilton,marussia,Marussia,4,18,21,0.0,0,Collision,,,
2014,7,Canadian Grand Prix,2014-06-08,jules_bianchi,BIA,Jules Bianchi,marussia,Marussia,17,19,22,0.0,0,Collision,,,
2014,8,Austrian Grand Prix,2014-06-22,rosberg,ROS,Nico Rosberg,mercedes,Mercedes,6,3,1,25.0,71,Finished,6.0,,214.518
2014,8,Austrian Grand Prix,2014-06-22,hamilton,HAM,Lewis Hamilton,mercedes,Mercedes,44,9,2,18.0,71,Finished,2.0,,215.65
2014,8,Austrian Grand Prix,2014-06-22,bottas,BOT,Valtteri Bottas,williams,Williams,77,2,3,15.0,71,Finished,3.0,,214.568
2014,8,Austrian Grand Prix,2014-06-22,massa,MAS,Felipe Massa,williams,Williams,19,1,4,12.0,71,Finished,4.0,,214.553
2014,8,Austrian Grand Prix,2014-06-22,alonso,ALO,Fernando Alonso,ferrari,Ferrari,14,4,5,10.0,71,Finished,5.0,,214.527
2014,8,Austrian Grand Prix,2014-06-22,perez,PER,Sergio Pérez,force_india,Force India,11,15,6,8.0,71,Finished,1.0,,215.874
2014,8,Austrian Grand Prix,2014-06-22,kevin_magnussen,MAG,Kevin Magnussen,mclaren,McLaren,20,6,7,6.0,71,Finished,7.0,,214.081
2014,8,Austrian Grand Prix,2014-06-22,ricciardo,RIC,Daniel Ricciardo,red_bull,Red Bull,3,5,8,4.0,71,Finished,10.0,,213.161
2014,8,Austrian Grand Prix,2014-06-22,hulkenberg,HUL,Nico Hülkenberg,force_india,Force India,27,10,9,2.0,71,Finished,11.0,,212.882
2014,8,Austrian Grand Prix,2014-06-22,raikkonen,RAI,Kimi Räikkönen,ferrari,Ferrari,7,8,10,1.0,71,Finished,9.0,,213.676
2014,8,Austrian Grand Prix,2014-06-22,button,BUT,Jenson Button,mclaren,McLaren,22,11,11,0.0,71,Finished,8.0,,213.752
2014,8,Austrian Grand Prix,2014-06-22,maldonado,MAL,Pastor Maldonado,lotus_f1,Lotus F1,13,13,12,0.0,70,+1 Lap,12.0,,212.791
2014,8,Austrian Grand Prix,2014-06-22,sutil,SUT,Adrian Sutil,sauber,Sauber,99,16,13,0.0,70,+1 Lap,14.0,,211.284
2014,8,Austrian Grand Prix,2014-06-22,grosjean,GRO,Romain Grosjean,lotus_f1,Lotus F1,8,22,14,0.0,70,+1 Lap,15.0,,210.587
2014,8,Austrian Grand Prix,2014-06-22,jules_bianchi,BIA,Jules Bianchi,marussia,Marussia,17,18,15,0.0,69,+2 Laps,19.0,,209.108
2014,8,Austrian Grand Prix,2014-06-22,kobayashi,KOB,Kamui Kobayashi,caterham,Caterham,10,19,16,0.0,69,+2 Laps,22.0,,206.892
2014,8,Austrian Grand Prix,2014-06-22,chilton,CHI,Max Chilton,marussia,Marussia,4,21,17,0.0,69,+2 Laps,21.0,,208.072
2014,8,Austrian Grand Prix,2014-06-22,ericsson,ERI,Marcus Ericsson,caterham,Caterham,9,20,18,0.0,69,+2 Laps,20.0,,208.56
2014,8,Austrian Grand Prix,2014-06-22,gutierrez,GUT,Esteban Gutiérrez,sauber,Sauber,21,17,19,0.0,69,+2 Laps,16.0,,210.351
2014,8,Austrian Grand Prix,2014-06-22,vergne,VER,Jean-Éric Vergne,toro_rosso,Toro Rosso,25,14,20,0.0,59,Brakes,13.0,,212.414
2014,8,Austrian Grand Prix,2014-06-22,vettel,VET,Sebastian Vettel,red_bull,Red Bull,1,12,21,0.0,34,Electrical,17.0,,209.734
2014,8,Austrian Grand Prix,2014-06-22,kvyat,KVY,Daniil Kvyat,toro_rosso,Toro Rosso,26,7,22,0.0,24,Suspension,18.0,,209.514
2014,9,British Grand Prix,2014-07-06,hamilton,HAM,Lewis Hamilton,mercedes,Mercedes,44,6,1,25.0,52,Finished,1.0,,218.239
2014,9,British Grand Prix,2014-07-06,bottas,BOT,Valtteri Bottas,williams,Williams,77,14,2,18.0,52,Finished,4.0,,215.822
2014,9,British Grand Prix,2014-07-06,ricciardo,RIC,Daniel Ricciardo,red_bull,Red Bull,3,8,3,15.0,52,Finished,7.0,,215.395
2014,9,British Grand Prix,2014-07-06,button,BUT,Jenson Button,mclaren,McLaren,22,3,4,12.0,52,Finished,5.0,,215.778
2014,9,British Grand Prix,2014-07-06,vettel,VET,Sebastian Vettel,red_bull,Red Bull,1,2,5,10.0,52,Finished,2.0,,217.556
2014,9,British Grand Prix,2014-07-06,alonso,ALO,Fernando Alonso,ferrari,Ferrari,14,16,6,8.0,52,Finished,8.0,,215.115
2014,9,British Grand Prix,2014-07-06,kevin_magnussen,MAG,Kevin Magnussen,mclaren,McLaren,20,5,7,6.0,52,Finished,10.0,,214.919
2014,9,British Grand Prix,2014-07-06,hulkenberg,HUL,Nico Hülkenberg,force_india,Force India,27,4,8,4.0,52,Finished,9.0,,215.032
2014,9,British Grand Prix,2014-07-06,kvyat,KVY,Daniil Kvyat,toro_rosso,Toro Rosso,26,9,9,2.0,52,Finished,6.0,,215.509
2014,9,British Grand Prix,2014-07-06,vergne,VER,Jean-Éric Vergne,toro_rosso,Toro Rosso,25,10,10,1.0,51,+1 Lap,13.0,,213.654
2014,9,British Grand Prix,2014-07-06,perez,PER,Sergio Pérez,force_india,Force India,11,7,11,0.0,51,+1 Lap,11.0,,214.834
2014,9,British Grand Prix,2014-07-06,grosjean,GRO,Romain Grosjean,lotus_f1,Lotus F1,8,11,12,0.0,51,+1 Lap,12.0,,214.393
2014,9,British Grand Prix,2014-07-06,sutil,SUT,Adrian Sutil,sauber,Sauber,99,13,13,0.0,51,+1 Lap,15.0,,211.989
2014,9,British Grand Prix,2014-07-06,jules_bianchi,BIA,Jules Bianchi,marussia,Marussia,17,12,14,0.0,51,+1 Lap,14.0,,212.158
2014,9,British Grand Prix,2014-07-06,kobayashi,KOB,Kamui Kobayashi,caterham,Caterham,10,22,15,0.0,50,+2 Laps,18.0,,209.02
2014,9,British Grand Prix,2014-07-06,chilton,CHI,Max Chilton,marussia,Marussia,4,17,16,0.0,50,+2 Laps,17.0,,211.233
2014,9,British Grand Prix,2014-07-06,maldonado,MAL,Pastor Maldonado,lotus_f1,Lotus F1,13,20,17,0.0,49,+3 Laps,16.0,,211.412
2014,9,British Grand Prix,2014-07-06,rosberg,ROS,Nico Rosberg,mercedes,Mercedes,6,1,18,0.0,28,Gearbox,3.0,,216.203
2014,9,British Grand Prix,2014-07-06,ericsson,ERI,Marcus Ericsson,caterham,Caterham,9,21,19,0.0,11,Suspension,20.0,,203.295
2014,9,British Grand Prix,2014-07-06,gutierrez,GUT,Esteban Gutiérrez,sauber,Sauber,21,19,20,0.0,9,Collision,19.0,,206.77
2014,9,British Grand Prix,2014-07-06,massa,MAS,Felipe Massa,williams,Williams,19,15,21,0.0,0,Collision,,,
2014,9,British Grand Prix,2014-07-06,raikkonen,RAI,Kimi Räikkönen,ferrari,Ferrari,7,18,22,0.0,0,Collision,,,
2014,10,German Grand Prix,2014-07-20,rosberg,ROS,Nico Rosberg,mercedes,Mercedes,6,1,1,25.0,67,Finished,6.0,,202.543
2014,10,German Grand Prix,2014-07-20,bottas,BOT,Valtteri Bottas,williams,Williams,77,2,2,18.0,67,Finished,9.0,,202.056
2014,10,German Grand Prix,2014-07-20,hamilton,HAM,Lewis Hamilton,mercedes,Mercedes,44,20,3,15.0,67,Finished,1.0,,206.066
2014,10,German Grand Prix,2014-07-20,vettel,VET,Sebastian Vettel,red_bull,Red Bull,1,6,4,12.0,67,Finished,10.0,,201.93
2014,10,German Grand Prix,2014-07-20,alonso,ALO,Fernando Alonso,ferrari,Ferrari,14,7,5,10.0,67,Finished,3.0,,204.429
2014,10,German Grand Prix,2014-07-20,ricciardo,RIC,Daniel Ricciardo,red_bull,Red Bull,3,5,6,8.0,67,Finished,5.0,,203.676
2014,10,German Grand Prix,2014-07-20,hulkenberg,HUL,Nico Hülkenberg,force_india,Force India,27,9,7,6.0,67,Finished,13.0,,200.57
2014,10,German Grand Prix,2014-07-20,button,BUT,Jenson Button,mclaren,McLaren,22,11,8,4.0,67,Finished,8.0,,202.424
2014,10,German Grand Prix,2014-07-20,kevin_magnussen,MAG,Kevin Magnussen,mclaren,McLaren,20,4,9,2.0,66,+1 Lap,2.0,,205.255
2014,10,German Grand Prix,2014-07-20,perez,PER,Sergio Pérez,force_india,Force India,11,10,10,1.0,66,+1 Lap,4.0,,203.913
2014,10,German Grand Prix,2014-07-20,raikkonen,RAI,Kimi Räikkönen,ferrari,Ferrari,7,12,11,0.0,66,+1 Lap,7.0,,202.444
2014,10,German Grand Prix,2014-07-20,maldonado,MAL,Pastor Maldonado,lotus_f1,Lotus F1,13,18,12,0.0,66,+1 Lap,15.0,,200.065
2014,10,German Grand Prix,2014-07-20,vergne,VER,Jean-Éric Vergne,toro_rosso,Toro Rosso,25,13,13,0.0,66,+1 Lap,11.0,,201.113
2014,10,German Grand Prix,2014-07-20,gutierrez,GUT,Esteban Gutiérrez,sauber,Sauber,21,16,14,0.0,66,+1 Lap,12.0,,200.79
2014,10,German Grand Prix,2014-07-20,jules_bianchi,BIA,Jules Bianchi,marussia,Marussia,17,17,15,0.0,66,+1 Lap,16.0,,199.539
2014,10,German Grand Prix,2014-07-20,kobayashi,KOB,Kamui Kobayashi,caterham,Caterham,10,19,16,0.0,65,+2 Laps,18.0,,198.711
2014,10,German Grand Prix,2014-07-20,chilton,CHI,Max Chilton,marussia,Marussia,4,21,17,0.0,65,+2 Laps,19.0,,198.306
2014,10,German Grand Prix,2014-07-20,ericsson,ERI,Marcus Ericsson,caterham,Caterham,9,22,18,0.0,65,+2 Laps,20.0,,197.842
2014,10,German Grand Prix,2014-07-20,sutil,SUT,Adrian Sutil,sauber,Sauber,99,15,19,0.0,47,Brakes,17.0,,199.522
2014,10,German Grand Prix,2014-07-20,kvyat,KVY,Daniil Kvyat,toro_rosso,Toro Rosso,26,8,20,0.0,44,Oil leak,14.0,,200.372
2014,10,German Grand Prix,2014-07-20,grosjean,GRO,Romain Grosjean,lotus_f1,Lotus F1,8,14,21,0.0,26,Water leak,21.0,,195.709
2014,10,German Grand Prix,2014-07-20,massa,MAS,Felipe Massa,williams,Williams,19,3,22,0.0,0,Collision,,,
2014,11,Hungarian Grand Prix,2014-07-27,ricciardo,RIC,Daniel Ricciardo,red_bull,Red Bull,3,4,1,25.0,70,Finished,2.0,,182.103
2014,11,Hungarian Grand Prix,2014-07-27,alonso,ALO,Fernando Alonso,ferrari,Ferrari,14,5,2,18.0,70,Finished,5.0,,180.413
2014,11,Hungarian Grand Prix,2014-07-27,hamilton,HAM,Lewis Hamilton,mercedes,Mercedes,44,22,3,15.0,70,Finished,4.0,,180.494
2014,11,Hungarian Grand Prix,2014-07-27,rosberg,ROS,Nico Rosberg,mercedes,Mercedes,6,1,4,12.0,70,Finished,1.0,,183.981
2014,11,Hungarian Grand Prix,2014-07-27,massa,MAS,Felipe Massa,williams,Williams,19,6,5,10.0,70,Finished,7.0,,178.757
2014,11,Hungarian Grand Prix,2014-07-27,raikkonen,RAI,Kimi Räikkönen,ferrari,Ferrari,7,16,6,8.0,70,Finished,6.0,,179.257
2014,11,Hungarian Grand Prix,2014-07-27,vettel,VET,Sebastian Vettel,red_bull,Red Bull,1,2,7,6.0,70,Finished,9.0,,177.716
2014,11,Hungarian Grand Prix,2014-07-27,bottas,BOT,Valtteri Bottas,williams,Williams,77,3,8,4.0,70,Finished,3.0,,181.595
2014,11,Hungarian Grand Prix,2014-07-27,vergne,VER,Jean-Éric Vergne,toro_rosso,Toro Rosso,25,8,9,2.0,70,Finished,11.0,,176.97
2014,11,Hungarian Grand Prix,2014-07-27,button,BUT,Jenson Button,mclaren,McLaren,22,7,10,1.0,70,Finished,13.0,,176.898
2014,11,Hungarian Grand Prix,2014-07-27,sutil,SUT,Adrian Sutil,sauber,Sauber,99,11,11,0.0,70,Finished,8.0,,177.8
2014,11,Hungarian Grand Prix,2014-07-27,kevin_magnussen,MAG,Kevin Magnussen,mclaren,McLaren,20,21,12,0.0,70,Finished,10.0,,177.442
2014,11,Hungarian Grand Prix,2014-07-27,maldonado,MAL,Pastor Maldonado,lotus_f1,Lotus F1,13,20,13,0.0,70,Finished,12.0,,176.954
2014,11,Hungarian Grand Prix,2014-07-27,kvyat,KVY,Daniil Kvyat,toro_rosso,Toro Rosso,26,10,14,0.0,69,+1 Lap,14.0,,176.414
2014,11,Hungarian Grand Prix,2014-07-27,jules_bianchi,BIA,Jules Bianchi,marussia,Marussia,17,15,15,0.0,69,+1 Lap,16.0,,175.468
2014,11,Hungarian Grand Prix,2014-07-27,chilton,CHI,Max Chilton,marussia,Marussia,4,18,16,0.0,69,+1 Lap,15.0,,176.22
2014,11,Hungarian Grand Prix,2014-07-27,gutierrez,GUT,Esteban Gutiérrez,sauber,Sauber,21,13,17,0.0,33,Retired,18.0,,174.3
2014,11,Hungarian Grand Prix,2014-07-27,kobayashi,KOB,Kamui Kobayashi,caterham,Caterham,10,17,18,0.0,26,Retired,19.0,,169.791
2014,11,Hungarian Grand Prix,2014-07-27,perez,PER,Sergio Pérez,force_india,Force India,11,12,19,0.0,23,Accident,17.0,,174.696
2014,11,Hungarian Grand Prix,2014-07-27,hulkenberg,HUL,Nico Hülkenberg,force_india,Force India,27,9,20,0.0,16,Accident,20.0,,155.921
2014,11,Hungarian Grand Prix,2014-07-27,grosjean,GRO,Romain Grosjean,lotus_f1,Lotus F1,8,14,21,0.0,11,Accident,21.0,,148.352
2014,11,Hungarian Grand Prix,2014-07-27,ericsson,ERI,Marcus Ericsson,caterham,Caterham,9,19,22,0.0,8,Accident,22.0,,145.415
2014,12,Belgian Grand Prix,2014-08-24,ricciardo,RIC,Daniel Ricciardo,red_bull,Red Bull,3,5,1,25.0,44,Finished,6.0,,223.187
2014,12,Belgian Grand Prix,2014-08-24,rosberg,ROS,Nico Rosberg,mercedes,Mercedes,6,1,2,18.0,44,Finished,1.0,,228.161
2014,12,Belgian Grand Prix,2014-08-24,bottas,BOT,Valtteri Bottas,williams,Williams,77,6,3,15.0,44,Finished,4.0,,223.698
2014,12,Belgian Grand Prix,2014-08-24,raikkonen,RAI,Kimi Räikkönen,ferrari,Ferrari,7,8,4,12.0,44,Finished,13.0,,221.004
2014,12,Belgian Grand Prix,2014-08-24,vettel,VET,Sebastian Vettel,red_bull,Red Bull,1,3,5,10.0,44,Finished,5.0,,223.229
2014,12,Belgian Grand Prix,2014-08-24,button,BUT,Jenson Button,mclaren,McLaren,22,10,6,8.0,44,Finished,8.0,,222.186
2014,12,Belgian Grand Prix,2014-08-24,alonso,ALO,Fernando Alonso,ferrari,Ferrari,14,4,7,6.0,44,Finished,11.0,,221.413
2014,12,Belgian Grand Prix,2014-08-24,perez,PER,Sergio Pérez,force_india,Force India,11,13,8,4.0,44,Finished,16.0,,220.151
2014,12,Belgian Grand Prix,2014-08-24,kvyat,KVY,Daniil Kvyat,toro_rosso,Toro Rosso,26,11,9,2.0,44,Finished,14.0,,220.87
2014,12,Belgian Grand Prix,2014-08-24,hulkenberg,HUL,Nico Hülkenberg,force_india,Force India,27,18,10,1.0,44,Finished,9.0,,221.934
2014,12,Belgian Grand Prix,2014-08-24,vergne,VER,Jean-Éric Vergne,toro_rosso,Toro Rosso,25,12,11,0.0,44,Finished,7.0,,222.592
2014,12,Belgian Grand Prix,2014-08-24,kevin_magnussen,MAG,Kevin Magnussen,mclaren,McLaren,20,7,12,0.0,44,Finished,15.0,,220.785
2014,12,Belgian Grand Prix,2014-08-24,massa,MAS,Felipe Massa,williams,Williams,19,9,13,0.0,44,Finished,3.0,,224.104
2014,12,Belgian Grand Prix,2014-08-24,sutil,SUT,Adrian Sutil,sauber,Sauber,99,14,14,0.0,44,Finished,2.0,,224.301
2014,12,Belgian Grand Prix,2014-08-24,gutierrez,GUT,Esteban Gutiérrez,sauber,Sauber,21,20,15,0.0,44,Finished,12.0,,221.178
2014,12,Belgian Grand Prix,2014-08-24,chilton,CHI,Max Chilton,marussia,Marussia,4,19,16,0.0,43,+1 Lap,17.0,,218.785
2014,12,Belgian Grand Prix,2014-08-24,ericsson,ERI,Marcus Ericsson,caterham,Caterham,9,22,17,0.0,43,+1 Lap,19.0,,217.553
2014,12,Belgian Grand Prix,2014-08-24,jules_bianchi,BIA,Jules Bianchi,marussia,Marussia,17,16,18,0.0,39,Gearbox,20.0,,216.717
2014,12,Belgian Grand Prix,2014-08-24,hamilton,HAM,Lewis Hamilton,mercedes,Mercedes,44,2,19,0.0,38,Retired,10.0,,221.748
2014,12,Belgian Grand Prix,2014-08-24,grosjean,GRO,Romain Grosjean,lotus_f1,Lotus F1,8,15,20,0.0,33,Retired,18.0,,218.025
2014,12,Belgian Grand Prix,2014-08-24,maldonado,MAL,Pastor Maldonado,lotus_f1,Lotus F1,13,17,21,0.0,1,Mechanical,,,
2014,12,Belgian Grand Prix,2014-08-24,lotterer,LOT,André Lotterer,caterham,Caterham,45,21,22,0.0,1,Power Unit,,,
2014,13,Italian Grand Prix,2014-09-07,hamilton,HAM,Lewis Hamilton,mercedes,Mercedes,44,1,1,25.0,53,Finished,1.0,,236.975
2014,13,Italian Grand Prix,2014-09-07,rosberg,ROS,Nico Rosberg,mercedes,Mercedes,6,2,2,18.0,53,Finished,2.0,,236.432
2014,13,Italian Grand Prix,2014-09-07,massa,MAS,Felipe Massa,williams,Williams,19,4,3,15.0,53,Finished,3.0,,236.068
2014,13,Italian Grand Prix,2014-09-07,bottas,BOT,Valtteri Bottas,williams,Williams,77,3,4,12.0,53,Finished,5.0,,235.49
2014,13,Italian Grand Prix,2014-09-07,ricciardo,RIC,Daniel Ricciardo,red_bull,Red Bull,3,9,5,10.0,53,Finished,6.0,,235.413
2014,13,Italian Grand Prix,2014-09-07,vettel,VET,Sebastian Vettel,red_bull,Red Bull,1,8,6,8.0,53,Finished,10.0,,233.952
2014,13,Italian Grand Prix,2014-09-07,perez,PER,Sergio Pérez,force_india,Force India,11,10,7,6.0,53,Finished,8.0,,234.042
2014,13,Italian Grand Prix,2014-09-07,button,BUT,Jenson Button,mclaren,McLaren,22,6,8,4.0,53,Finished,11.0,,233.68
2014,13,Italian Grand Prix,2014-09-07,raikkonen,RAI,Kimi Räikkönen,ferrari,Ferrari,7,11,9,2.0,53,Finished,7.0,,234.476
2014,13,Italian Grand Prix,2014-09-07,kevin_magnussen,MAG,Kevin Magnussen,mclaren,McLaren,20,5,10,1.0,53,Finished,12.0,,233.58
2014,13,Italian Grand Prix,2014-09-07,kvyat,KVY,Daniil Kvyat,toro_rosso,Toro Rosso,26,21,11,0.0,53,Finished,4.0,,235.684
2014,13,Italian Grand Prix,2014-09-07,hulkenberg,HUL,Nico Hülkenberg,force_india,Force India,27,13,12,0.0,53,Finished,13.0,,233.363
2014,13,Italian Grand Prix,2014-09-07,vergne,VER,Jean-Éric Vergne,toro_rosso,Toro Rosso,25,12,13,0.0,53,Finished,9.0,,234.005
2014,13,Italian Grand Prix,2014-09-07,maldonado,MAL,Pastor Maldonado,lotus_f1,Lotus F1,13,16,14,0.0,52,+1 Lap,17.0,,232.091
2014,13,Italian Grand Prix,2014-09-07,sutil,SUT,Adrian Sutil,sauber,Sauber,99,14,15,0.0,52,+1 Lap,14.0,,233.34
2014,13,Italian Grand Prix,2014-09-07,grosjean,GRO,Romain Grosjean,lotus_f1,Lotus F1,8,17,16,0.0,52,+1 Lap,18.0,,231.506
2014,13,Italian Grand Prix,2014-09-07,kobayashi,KOB,Kamui Kobayashi,caterham,Caterham,10,18,17,0.0,52,+1 Lap,21.0,,229.784
2014,13,Italian Grand Prix,2014-09-07,jules_bianchi,BIA,Jules Bianchi,marussia,Marussia,17,19,18,0.0,52,+1 Lap,20.0,,230.386
2014,13,Italian Grand Prix,2014-09-07,gutierrez,GUT,Esteban Gutiérrez,sauber,Sauber,21,15,19,0.0,51,+2 Laps,15.0,,233.147
2014,13,Italian Grand Prix,2014-09-07,ericsson,ERI,Marcus Ericsson,caterham,Caterham,9,22,20,0.0,51,+2 Laps,19.0,,231.001
2014,13,Italian Grand Prix,2014-09-07,alonso,ALO,Fernando Alonso,ferrari,Ferrari,14,7,21,0.0,28,Engine,16.0,,232.546
2014,13,Italian Grand Prix,2014-09-07,chilton,CHI,Max Chilton,marussia,Marussia,4,20,22,0.0,5,Accident,22.0,,225.289
2014,14,Singapore Grand Prix,2014-09-21,hamilton,HAM,Lewis Hamilton,mercedes,Mercedes,44,1,1,25.0,60,Finished,1.0,,165.137
2014,14,Singapore Grand Prix,2014-09-21,vettel,VET,Sebastian Vettel,red_bull,Red Bull,1,4,2,18.0,60,Finished,8.0,,162.052
2014,14,Singapore Grand Prix,2014-09-21,ricciardo,RIC,Daniel Ricciardo,red_bull,Red Bull,3,3,3,15.0,60,Finished,9.0,,161.98
2014,14,Singapore Grand Prix,2014-09-21,alonso,ALO,Fernando Alonso,ferrari,Ferrari,14,5,4,12.0,60,Finished,6.0,,162.636
2014,14,Singapore Grand Prix,2014-09-21,massa,MAS,Felipe Massa,williams,Williams,19,6,5,10.0,60,Finished,13.0,,160.959
2014,14,Singapore Grand Prix,2014-09-21,vergne,VER,Jean-Éric Vergne,toro_rosso,Toro Rosso,25,12,6,8.0,60,Finished,4.0,,162.895
2014,14,Singapore Grand Prix,2014-09-21,perez,PER,Sergio Pérez,force_india,Force India,11,15,7,6.0,60,Finished,5.0,,162.793
2014,14,Singapore Grand Prix,2014-09-21,raikkonen,RAI,Kimi Räikkönen,ferrari,Ferrari,7,7,8,4.0,60,Finished,11.0,,161.545
2014,14,Singapore Grand Prix,2014-09-21,hulkenberg,HUL,Nico Hülkenberg,force_india,Force India,27,13,9,2.0,60,Finished,10.0,,161.703
2014,14,Singapore Grand Prix,2014-09-21,kevin_magnussen,MAG,Kevin Magnussen,mclaren,McLaren,20,9,10,1.0,60,Finished,2.0,,163.33
2014,14,Singapore Grand Prix,2014-09-21,bottas,BOT,Valtteri Bottas,williams,Williams,77,8,11,0.0,60,Finished,7.0,,162.058
2014,14,Singapore Grand Prix,2014-09-21,maldonado,MAL,Pastor Maldonado,lotus_f1,Lotus F1,13,18,12,0.0,60,Finished,12.0,,161.059
2014,14,Singapore Grand Prix,2014-09-21,grosjean,GRO,Romain Grosjean,lotus_f1,Lotus F1,8,16,13,0.0,60,Finished,15.0,,160.591
2014,14,Singapore Grand Prix,2014-09-21,kvyat,KVY,Daniil Kvyat,toro_rosso,Toro Rosso,26,10,14,0.0,60,Finished,3.0,,163.151
2014,14,Singapore Grand Prix,2014-09-21,ericsson,ERI,Marcus Ericsson,caterham,Caterham,9,22,15,0.0,60,Finished,19.0,,157.985
2014,14,Singapore Grand Prix,2014-09-21,jules_bianchi,BIA,Jules Bianchi,marussia,Marussia,17,19,16,0.0,60,Finished,14.0,,160.598
2014,14,Singapore Grand Prix,2014-09-21,chilton,CHI,Max Chilton,marussia,Marussia,4,21,17,0.0,59,+1 Lap,17.0,,160.218
2014,14,Singapore Grand Prix,2014-09-21,button,BUT,Jenson Button,mclaren,McLaren,22,11,18,0.0,52,Retired,16.0,,160.359
2014,14,Singapore Grand Prix,2014-09-21,sutil,SUT,Adrian Sutil,sauber,Sauber,99,17,19,0.0,40,Water pressure,18.0,,160.02
2014,14,Singapore Grand Prix,2014-09-21,gutierrez,GUT,Esteban Gutiérrez,sauber,Sauber,21,14,20,0.0,17,Electrical,20.0,,157.619
2014,14,Singapore Grand Prix,2014-09-21,rosberg,ROS,Nico Rosberg,mercedes,Mercedes,6,2,21,0.0,13,Electrical,21.0,,156.154
2014,14,Singapore Grand Prix,2014-09-21,kobayashi,KOB,Kamui Kobayashi,caterham,Caterham,10,20,22,0.0,0,Power Unit,,,
2014,15,Japanese Grand Prix,2014-10-05,hamilton,HAM,Lewis Hamilton,mercedes,Mercedes,44,2,1,25.0,44,Finished,1.0,,187.322
2014,15,Japanese Grand Prix,2014-10-05,rosberg,ROS,Nico Rosberg,mercedes,Mercedes,6,1,2,18.0,44,Finished,6.0,,185.739
2014,15,Japanese Grand Prix,2014-10-05,vettel,VET,Sebastian Vettel,red_bull,Red Bull,1,9,3,15.0,44,Finished,3.0,,186.795
2014,15,Japanese Grand Prix,2014-10-05,ricciardo,RIC,Daniel Ricciardo,red_bull,Red Bull,3,6,4,12.0,44,Finished,4.0,,186.269
2014,15,Japanese Grand Prix,2014-10-05,button,BUT,Jenson Button,mclaren,McLaren,22,8,5,10.0,44,Finished,2.0,,187.119
2014,15,Japanese Grand Prix,2014-10-05,bottas,BOT,Valtteri Bottas,williams,Williams,77,3,6,8.0,44,Finished,13.0,,183.213
2014,15,Japanese Grand Prix,2014-10-05,massa,MAS,Felipe Massa,williams,Williams,19,4,7,6.0,44,Finished,8.0,,184.267
2014,15,Japanese Grand Prix,2014-10-05,hulkenberg,HUL,Nico Hülkenberg,force_india,Force India,27,13,8,4.0,44,Finished,7.0,,185.306
2014,15,Japanese Grand Prix,2014-10-05,vergne,VER,Jean-Éric Vergne,toro_rosso,Toro Rosso,25,20,9,2.0,44,Finished,11.0,,184.086
2014,15,Japanese Grand Prix,2014-10-05,perez,PER,Sergio Pérez,force_india,Force India,11,11,10,1.0,43,+1 Lap,10.0,,184.095
2014,15,Japanese Grand Prix,2014-10-05,kvyat,KVY,Daniil Kvyat,toro_rosso,Toro Rosso,26,12,11,0.0,43,+1 Lap,12.0,,183.345
2014,15,Japanese Grand Prix,2014-10-05,raikkonen,RAI,Kimi Räikkönen,ferrari,Ferrari,7,10,12,0.0,43,+1 Lap,5.0,,185.946
2014,15,Japanese Grand Prix,2014-10-05,gutierrez,GUT,Esteban Gutiérrez,sauber,Sauber,21,15,13,0.0,43,+1 Lap,17.0,,181.198
2014,15,Japanese Grand Prix,2014-10-05,kevin_magnussen,MAG,Kevin Magnussen,mclaren,McLaren,20,7,14,0.0,43,+1 Lap,9.0,,184.17
2014,15,Japanese Grand Prix,2014-10-05,grosjean,GRO,Romain Grosjean,lotus_f1,Lotus F1,8,16,15,0.0,43,+1 Lap,16.0,,181.308
2014,15,Japanese Grand Prix,2014-10-05,maldonado,MAL,Pastor Maldonado,lotus_f1,Lotus F1,13,22,16,0.0,43,+1 Lap,15.0,,182.256
2014,15,Japanese Grand Prix,2014-10-05,ericsson,ERI,Marcus Ericsson,caterham,Caterham,9,17,17,0.0,43,+1 Lap,14.0,,182.309
2014,15,Japanese Grand Prix,2014-10-05,chilton,CHI,Max Chilton,marussia,Marussia,4,21,18,0.0,43,+1 Lap,21.0,,179.486
2014,15,Japanese Grand Prix,2014-10-05,kobayashi,KOB,Kamui Kobayashi,caterham,Caterham,10,19,19,0.0,43,+1 Lap,18.0,,180.776
2014,15,Japanese Grand Prix,2014-10-05,jules_bianchi,BIA,Jules Bianchi,marussia,Marussia,17,18,20,0.0,41,Accident,20.0,,180.24
2014,15,Japanese Grand Prix,2014-10-05,sutil,SUT,Adrian Sutil,sauber,Sauber,99,14,21,0.0,40,Accident,19.0,,180.601
2014,15,Japanese Grand Prix,2014-10-05,alonso,ALO,Fernando Alonso,ferrari,Ferrari,14,5,22,0.0,2,Electronics,,,
2014,16,Russian Grand Prix,2014-10-12,hamilton,HAM,Lewis Hamilton,mercedes,Mercedes,44,1,1,25.0,53,Finished,3.0,,207.2
2014,16,Russian Grand Prix,2014-10-12,rosberg,ROS,Nico Rosberg,mercedes,Mercedes,6,2,2,18.0,53,Finished,2.0,,207.703
2014,16,Russian Grand Prix,2014-10-12,bottas,BOT,Valtteri Bottas,williams,Williams,77,3,3,15.0,53,Finished,1.0,,208.658
2014,16,Russian Grand Prix,2014-10-12,button,BUT,Jenson Button,mclaren,McLaren,22,4,4,12.0,53,Finished,4.0,,206.472
2014,16,Russian Grand Prix,2014-10-12,kevin_magnussen,MAG,Kevin Magnussen,mclaren,McLaren,20,11,5,10.0,53,Finished,14.0,,204.245
2014,16,Russian Grand Prix,2014-10-12,alonso,ALO,Fernando Alonso,ferrari,Ferrari,14,7,6,8.0,53,Finished,6.0,,206.038
2014,16,Russian Grand Prix,2014-10-12,ricciardo,RIC,Daniel Ricciardo,red_bull,Red Bull,3,6,7,6.0,53,Finished,13.0,,204.296
2014,16,Russian Grand Prix,2014-10-12,vettel,VET,Sebastian Vettel,red_bull,Red Bull,1,10,8,4.0,53,Finished,8.0,,205.133
2014,16,Russian Grand Prix,2014-10-12,raikkonen,RAI,Kimi Räikkönen,ferrari,Ferrari,7,8,9,2.0,53,Finished,11.0,,204.556
2014,16,Russian Grand Prix,2014-10-12,perez,PER,Sergio Pérez,force_india,Force India,11,12,10,1.0,53,Finished,12.0,,204.547
2014,16,Russian Grand Prix,2014-10-12,massa,MAS,Felipe Massa,williams,Williams,19,18,11,0.0,53,Finished,10.0,,204.636
2014,16,Russian Grand Prix,2014-10-12,hulkenberg,HUL,Nico Hülkenberg,force_india,Force India,27,17,12,0.0,53,Finished,9.0,,205.023
2014,16,Russian Grand Prix,2014-10-12,vergne,VER,Jean-Éric Vergne,toro_rosso,Toro Rosso,25,9,13,0.0,53,Finished,7.0,,205.293
2014,16,Russian Grand Prix,2014-10-12,kvyat,KVY,Daniil Kvyat,toro_rosso,Toro Rosso,26,5,14,0.0,52,+1 Lap,5.0,,206.355
2014,16,Russian Grand Prix,2014-10-12,gutierrez,GUT,Esteban Gutiérrez,sauber,Sauber,21,13,15,0.0,52,+1 Lap,18.0,,202.284
2014,16,Russian Grand Prix,2014-10-12,sutil,SUT,Adrian Sutil,sauber,Sauber,99,14,16,0.0,52,+1 Lap,15.0,,202.777
2014,16,Russian Grand Prix,2014-10-12,grosjean,GRO,Romain Grosjean,lotus_f1,Lotus F1,8,15,17,0.0,52,+1 Lap,19.0,,201.537
2014,16,Russian Grand Prix,2014-10-12,maldonado,MAL,Pastor Maldonado,lotus_f1,Lotus F1,13,21,18,0.0,52,+1 Lap,17.0,,202.372
2014,16,Russian Grand Prix,2014-10-12,ericsson,ERI,Marcus Ericsson,caterham,Caterham,9,16,19,0.0,51,+2 Laps,16.0,,202.471
2014,16,Russian Grand Prix,2014-10-12,kobayashi,KOB,Kamui Kobayashi,caterham,Caterham,10,19,20,0.0,21,Brakes,20.0,,196.009
2014,16,Russian Grand Prix,2014-10-12,chilton,CHI,Max Chilton,marussia,Marussia,4,20,21,0.0,9,Suspension,21.0,,194.45
2014,17,United States Grand Prix,2014-11-02,hamilton,HAM,Lewis Hamilton,mercedes,Mercedes,44,2,1,25.0,56,Finished,4.0,,194.712
2014,17,United States Grand Prix,2014-11-02,rosberg,ROS,Nico Rosberg,mercedes,Mercedes,6,1,2,18.0,56,Finished,5.0,,194.706
2014,17,United States Grand Prix,2014-11-02,ricciardo,RIC,Daniel Ricciardo,red_bull,Red Bull,3,5,3,15.0,56,Finished,7.0,,193.004
2014,17,United States Grand Prix,2014-11-02,massa,MAS,Felipe Massa,williams,Williams,19,4,4,12.0,56,Finished,9.0,,192.741
2014,17,United States Grand Prix,2014-11-02,bottas,BOT,Valtteri Bottas,williams,Williams,77,3,5,10.0,56,Finished,6.0,,193.617
2014,17,United States Grand Prix,2014-11-02,alonso,ALO,Fernando Alonso,ferrari,Ferrari,14,6,6,8.0,56,Finished,2.0,,195.585
2014,17,United States Grand Prix,2014-11-02,vettel,VET,Sebastian Vettel,red_bull,Red Bull,1,18,7,6.0,56,Finished,1.0,,195.768
2014,17,United States Grand Prix,2014-11-02,kevin_magnussen,MAG,Kevin Magnussen,mclaren,McLaren,20,7,8,4.0,56,Finished,14.0,,190.309
2014,17,United States Grand Prix,2014-11-02,maldonado,MAL,Pastor Maldonado,lotus_f1,Lotus F1,13,10,9,2.0,56,Finished,11.0,,191.187
2014,17,United States Grand Prix,2014-11-02,vergne,VER,Jean-Éric Vergne,toro_rosso,Toro Rosso,25,14,10,1.0,56,Finished,12.0,,190.504
2014,17,United States Grand Prix,2014-11-02,grosjean,GRO,Romain Grosjean,lotus_f1,Lotus F1,8,16,11,0.0,55,+1 Lap,15.0,,190.03
2014,17,United States Grand Prix,2014-11-02,button,BUT,Jenson Button,mclaren,McLaren,22,12,12,0.0,55,+1 Lap,13.0,,190.367
2014,17,United States Grand Prix,2014-11-02,raikkonen,RAI,Kimi Räikkönen,ferrari,Ferrari,7,8,13,0.0,55,+1 Lap,8.0,,192.897
2014,17,United States Grand Prix,2014-11-02,gutierrez,GUT,Esteban Gutiérrez,sauber,Sauber,21,15,14,0.0,55,+1 Lap,10.0,,192.676
2014,17,United States Grand Prix,2014-11-02,kvyat,KVY,Daniil Kvyat,toro_rosso,Toro Rosso,26,17,15,0.0,55,+1 Lap,3.0,,195.171
2014,17,United States Grand Prix,2014-11-02,hulkenberg,HUL,Nico Hülkenberg,force_india,Force India,27,13,16,0.0,16,Engine,16.0,,186.835
2014,17,United States Grand Prix,2014-11-02,perez,PER,Sergio Pérez,force_india,Force India,11,11,17,0.0,1,Collision damage,,,
2014,17,United States Grand Prix,2014-11-02,sutil,SUT,Adrian Sutil,sauber,Sauber,99,9,18,0.0,0,Collision,,,
2014,18,Brazilian Grand Prix,2014-11-09,rosberg,ROS,Nico Rosberg,mercedes,Mercedes,6,1,1,25.0,71,Finished,2.0,,210.711
2014,18,Brazilian Grand Prix,2014-11-09,hamilton,HAM,Lewis Hamilton,mercedes,Mercedes,44,2,2,18.0,71,Finished,1.0,,210.895
2014,18,Brazilian Grand Prix,2014-11-09,massa,MAS,Felipe Massa,williams,Williams,19,3,3,15.0,71,Finished,7.0,,209.341
2014,18,Brazilian Grand Prix,2014-11-09,button,BUT,Jenson Button,mclaren,McLaren,22,5,4,12.0,71,Finished,4.0,,209.629
2014,18,Brazilian Grand Prix,2014-11-09,vettel,VET,Sebastian Vettel,red_bull,Red Bull,1,6,5,10.0,71,Finished,5.0,,209.576
2014,18,Brazilian Grand Prix,2014-11-09,alonso,ALO,Fernando Alonso,ferrari,Ferrari,14,8,6,8.0,71,Finished,10.0,,208.744
2014,18,Brazilian Grand Prix,2014-11-09,raikkonen,RAI,Kimi Räikkönen,ferrari,Ferrari,7,10,7,6.0,71,Finished,17.0,,206.934
2014,18,Brazilian Grand Prix,2014-11-09,hulkenberg,HUL,Nico Hülkenberg,force_india,Force India,27,12,8,4.0,71,Finished,3.0,,210.4
2014,18,Brazilian Grand Prix,2014-11-09,kevin_magnussen,MAG,Kevin Magnussen,mclaren,McLaren,20,7,9,2.0,71,Finished,11.0,,208.097
2014,18,Brazilian Grand Prix,2014-11-09,bottas,BOT,Valtteri Bottas,williams,Williams,77,4,10,1.0,70,+1 Lap,9.0,,208.98
2014,18,Brazilian Grand Prix,2014-11-09,kvyat,KVY,Daniil Kvyat,toro_rosso,Toro Rosso,26,17,11,0.0,70,+1 Lap,8.0,,209.219
2014,18,Brazilian Grand Prix,2014-11-09,maldonado,MAL,Pastor Maldonado,lotus_f1,Lotus F1,13,16,12,0.0,70,+1 Lap,14.0,,207.357
2014,18,Brazilian Grand Prix,2014-11-09,vergne,VER,Jean-Éric Vergne,toro_rosso,Toro Rosso,25,15,13,0.0,70,+1 Lap,13.0,,207.457
2014,18,Brazilian Grand Prix,2014-11-09,gutierrez,GUT,Esteban Gutiérrez,sauber,Sauber,21,11,14,0.0,70,+1 Lap,16.0,,207.177
2014,18,Brazilian Grand Prix,2014-11-09,perez,PER,Sergio Pérez,force_india,Force India,11,18,15,0.0,70,+1 Lap,12.0,,208.08
2014,18,Brazilian Grand Prix,2014-11-09,sutil,SUT,Adrian Sutil,sauber,Sauber,99,13,16,0.0,70,+1 Lap,15.0,,207.29
2014,18,Brazilian Grand Prix,2014-11-09,grosjean,GRO,Romain Grosjean,lotus_f1,Lotus F1,8,14,17,0.0,63,+8 Laps,6.0,,209.428
2014,18,Brazilian Grand Prix,2014-11-09,ricciardo,RIC,Daniel Ricciardo,red_bull,Red Bull,3,9,18,0.0,39,Suspension,18.0,,205.77
2014,19,Abu Dhabi Grand Prix,2014-11-23,hamilton,HAM,Lewis Hamilton,mercedes,Mercedes,44,2,1,50.0,55,Finished,4.0,,189.342
2014,19,Abu Dhabi Grand Prix,2014-11-23,massa,MAS,Felipe Massa,williams,Williams,19,4,2,36.0,55,Finished,2.0,,190.738
2014,19,Abu Dhabi Grand Prix,2014-11-23,bottas,BOT,Valtteri Bottas,williams,Williams,77,3,3,30.0,55,Finished,6.0,,189.113
2014,19,Abu Dhabi Grand Prix,2014-11-23,ricciardo,RIC,Daniel Ricciardo,red_bull,Red Bull,3,20,4,24.0,55,Finished,1.0,,191.341
2014,19,Abu Dhabi Grand Prix,2014-11-23,button,BUT,Jenson Button,mclaren,McLaren,22,6,5,20.0,55,Finished,9.0,,187.32
2014,19,Abu Dhabi Grand Prix,2014-11-23,hulkenberg,HUL,Nico Hülkenberg,force_india,Force India,27,12,6,16.0,55,Finished,7.0,,189.024
2014,19,Abu Dhabi Grand Prix,2014-11-23,perez,PER,Sergio Pérez,force_india,Force India,11,11,7,12.0,55,Finished,8.0,,188.968
2014,19,Abu Dhabi Grand Prix,2014-11-23,vettel,VET,Sebastian Vettel,red_bull,Red Bull,1,19,8,8.0,55,Finished,3.0,,189.427
2014,19,Abu Dhabi Grand Prix,2014-11-23,alonso,ALO,Fernando Alonso,ferrari,Ferrari,14,8,9,4.0,55,Finished,12.0,,186.126
2014,19,Abu Dhabi Grand Prix,2014-11-23,raikkonen,RAI,Kimi Räikkönen,ferrari,Ferrari,7,7,10,2.0,55,Finished,16.0,,185.586
2014,19,Abu Dhabi Grand Prix,2014-11-23,kevin_magnussen,MAG,Kevin Magnussen,mclaren,McLaren,20,9,11,0.0,55,Finished,10.0,,187.171
2014,19,Abu Dhabi Grand Prix,2014-11-23,vergne,VER,Jean-Éric Vergne,toro_rosso,Toro Rosso,25,10,12,0.0,55,Finished,5.0,,189.186
2014,19,Abu Dhabi Grand Prix,2014-11-23,grosjean,GRO,Romain Grosjean,lotus_f1,Lotus F1,8,18,13,0.0,54,+1 Lap,17.0,,185.31
2014,19,Abu Dhabi Grand Prix,2014-11-23,rosberg,ROS,Nico Rosberg,mercedes,Mercedes,6,1,14,0.0,54,+1 Lap,11.0,,187.092
2014,19,Abu Dhabi Grand Prix,2014-11-23,gutierrez,GUT,Esteban Gutiérrez,sauber,Sauber,21,14,15,0.0,54,+1 Lap,15.0,,185.652
2014,19,Abu Dhabi Grand Prix,2014-11-23,sutil,SUT,Adrian Sutil,sauber,Sauber,99,13,16,0.0,54,+1 Lap,14.0,,185.98
2014,19,Abu Dhabi Grand Prix,2014-11-23,stevens,STE,Will Stevens,caterham,Caterham,46,17,17,0.0,54,+1 Lap,18.0,,184.453
2014,19,Abu Dhabi Grand Prix,2014-11-23,kobayashi,KOB,Kamui Kobayashi,caterham,Caterham,10,16,18,0.0,42,Retired,13.0,,186.113
2014,19,Abu Dhabi Grand Prix,2014-11-23,maldonado,MAL,Pastor Maldonado,lotus_f1,Lotus F1,13,15,19,0.0,26,Power Unit,20.0,,183.547
2014,19,Abu Dhabi Grand Prix,2014-11-23,kvyat,KVY,Daniil Kvyat,toro_rosso,Toro Rosso,26,5,20,0.0,14,Power Unit,19.0,,183.859
2015,1,Australian Grand Prix,2015-03-15,hamilton,HAM,Lewis Hamilton,mercedes,Mercedes,44,1,1,25.0,58,Finished,1.0,,209.915
2015,1,Australian Grand Prix,2015-03-15,rosberg,ROS,Nico Rosberg,mercedes,Mercedes,6,2,2,18.0,58,Finished,2.0,,209.577
2015,1,Australian Grand Prix,2015-03-15,vettel,VET,Sebastian Vettel,ferrari,Ferrari,5,4,3,15.0,58,Finished,4.0,,208.74
2015,1,Australian Grand Prix,2015-03-15,massa,MAS,Felipe Massa,williams,Williams,19,3,4,12.0,58,Finished,6.0,,208.144
2015,1,Australian Grand Prix,2015-03-15,nasr,NAS,Felipe Nasr,sauber,Sauber,12,10,5,10.0,58,Finished,9.0,,206.137
2015,1,Australian Grand Prix,2015-03-15,ricciardo,RIC,Daniel Ricciardo,red_bull,Red Bull,3,6,6,8.0,57,+1 Lap,10.0,,205.726
2015,1,Australian Grand Prix,2015-03-15,hulkenberg,HUL,Nico Hülkenberg,force_india,Force India,27,13,7,6.0,57,+1 Lap,8.0,,207.576
2015,1,Australian Grand Prix,2015-03-15,ericsson,ERI,Marcus Ericsson,sauber,Sauber,9,15,8,4.0,57,+1 Lap,5.0,,208.505
2015,1,Australian Grand Prix,2015-03-15,sainz,SAI,Carlos Sainz,toro_rosso,Toro Rosso,55,7,9,2.0,57,+1 Lap,11.0,,205.56
2015,1,Australian Grand Prix,2015-03-15,perez,PER,Sergio Pérez,force_india,Force India,11,14,10,1.0,57,+1 Lap,7.0,,207.601
2015,1,Australian Grand Prix,2015-03-15,button,BUT,Jenson Button,mclaren,McLaren,22,16,11,0.0,56,+2 Laps,12.0,,204.534
2015,1,Australian Grand Prix,2015-03-15,raikkonen,RAI,Kimi Räikkönen,ferrari,Ferrari,7,5,12,0.0,40,Wheel,3.0,,208.811
2015,1,Australian Grand Prix,2015-03-15,max_verstappen,VER,Max Verstappen,toro_rosso,Toro Rosso,33,11,13,0.0,32,Engine,13.0,,202.458
2015,1,Australian Grand Prix,2015-03-15,grosjean,GRO,Romain Grosjean,lotus_f1,Lotus F1,8,8,14,0.0,0,Power loss,,,
2015,1,Australian Grand Prix,2015-03-15,maldonado,MAL,Pastor Maldonado,lotus_f1,Lotus F1,13,9,15,0.0,0,Accident,,,
2015,1,Australian Grand Prix,2015-03-15,kvyat,KVY,Daniil Kvyat,red_bull,Red Bull,26,12,16,0.0,0,Withdrew,,,
2015,1,Australian Grand Prix,2015-03-15,kevin_magnussen,MAG,Kevin Magnussen,mclaren,McLaren,20,17,17,0.0,0,Withdrew,,,
2015,1,Australian Grand Prix,2015-03-15,bottas,BOT,Valtteri Bottas,williams,Williams,77,0,18,0.0,0,Withdrew,,,
2015,2,Malaysian Grand Prix,2015-03-29,vettel,VET,Sebastian Vettel,ferrari,Ferrari,5,2,1,25.0,56,Finished,3.0,,193.501
2015,2,Malaysian Grand Prix,2015-03-29,hamilton,HAM,Lewis Hamilton,mercedes,Mercedes,44,1,2,18.0,56,Finished,2.0,,193.501
2015,2,Malaysian Grand Prix,2015-03-29,rosberg,ROS,Nico Rosberg,mercedes,Mercedes,6,3,3,15.0,56,Finished,1.0,,195.516
2015,2,Malaysian Grand Prix,2015-03-29,raikkonen,RAI,Kimi Räikkönen,ferrari,Ferrari,7,11,4,12.0,56,Finished,7.0,,191.644
2015,2,Malaysian Grand Prix,2015-03-29,bottas,BOT,Valtteri Bottas,williams,Williams,77,8,5,10.0,56,Finished,6.0,,191.71
2015,2,Malaysian Grand Prix,2015-03-29,massa,MAS,Felipe Massa,williams,Williams,19,7,6,8.0,56,Finished,5.0,,191.891
2015,2,Malaysian Grand Prix,2015-03-29,max_verstappen,VER,Max Verstappen,toro_rosso,Toro Rosso,33,6,7,6.0,56,Finished,9.0,,190.81
2015,2,Malaysian Grand Prix,2015-03-29,sainz,SAI,Carlos Sainz,toro_rosso,Toro Rosso,55,15,8,4.0,55,+1 Lap,15.0,,189.132
2015,2,Malaysian Grand Prix,2015-03-29,kvyat,KVY,Daniil Kvyat,red_bull,Red Bull,26,5,9,2.0,55,+1 Lap,8.0,,190.929
2015,2,Malaysian Grand Prix,2015-03-29,ricciardo,RIC,Daniel Ricciardo,red_bull,Red Bull,3,4,10,1.0,55,+1 Lap,13.0,,189.482
2015,2,Malaysian Grand Prix,2015-03-29,grosjean,GRO,Romain Grosjean,lotus_f1,Lotus F1,8,10,11,0.0,55,+1 Lap,10.0,,190.386
2015,2,Malaysian Grand Prix,2015-03-29,nasr,NAS,Felipe Nasr,sauber,Sauber,12,16,12,0.0,55,+1 Lap,4.0,,192.054
2015,2,Malaysian Grand Prix,2015-03-29,perez,PER,Sergio Pérez,force_india,Force India,11,14,13,0.0,55,+1 Lap,14.0,,189.423
2015,2,Malaysian Grand Prix,2015-03-29,hulkenberg,HUL,Nico Hülkenberg,force_india,Force India,27,13,14,0.0,55,+1 Lap,11.0,,190.368
2015,2,Malaysian Grand Prix,2015-03-29,merhi,MER,Roberto Merhi,manor,Manor Marussia,98,19,15,0.0,53,+3 Laps,19.0,,183.004
2015,2,Malaysian Grand Prix,2015-03-29,maldonado,MAL,Pastor Maldonado,lotus_f1,Lotus F1,13,12,16,0.0,47,Retired,12.0,,189.919
2015,2,Malaysian Grand Prix,2015-03-29,button,BUT,Jenson Button,mclaren,McLaren,22,17,17,0.0,41,Turbo,16.0,,188.153
2015,2,Malaysian Grand Prix,2015-03-29,alonso,ALO,Fernando Alonso,mclaren,McLaren,14,18,18,0.0,21,ERS,17.0,,183.983
2015,2,Malaysian Grand Prix,2015-03-29,ericsson,ERI,Marcus Ericsson,sauber,Sauber,9,9,19,0.0,3,Spun off,18.0,,183.475
2015,2,Malaysian Grand Prix,2015-03-29,stevens,STE,Will Stevens,manor,Manor Marussia,28,0,20,0.0,0,Fuel system,,,
2015,3,Chinese Grand Prix,2015-04-12,hamilton,HAM,Lewis Hamilton,mercedes,Mercedes,44,1,1,25.0,56,Finished,1.0,,191.996
2015,3,Chinese Grand Prix,2015-04-12,rosberg,ROS,Nico Rosberg,mercedes,Mercedes,6,2,2,18.0,56,Finished,2.0,,191.328
2015,3,Chinese Grand Prix,2015-04-12,vettel,VET,Sebastian Vettel,ferrari,Ferrari,5,3,3,15.0,56,Finished,5.0,,190.487
2015,3,Chinese Grand Prix,2015-04-12,raikkonen,RAI,Kimi Räikkönen,ferrari,Ferrari,7,6,4,12.0,56,Finished,6.0,,190.472
2015,3,Chinese Grand Prix,2015-04-12,massa,MAS,Felipe Massa,williams,Williams,19,4,5,10.0,56,Finished,4.0,,191.013
2015,3,Chinese Grand Prix,2015-04-12,bottas,BOT,Valtteri Bottas,williams,Williams,77,5,6,8.0,56,Finished,7.0,,190.426
2015,3,Chinese Grand Prix,2015-04-12,grosjean,GRO,Romain Grosjean,lotus_f1,Lotus F1,8,8,7,6.0,56,Finished,8.0,,190.272
2015,3,Chinese Grand Prix,2015-04-12,nasr,NAS,Felipe Nasr,sauber,Sauber,12,9,8,4.0,56,Finished,12.0,,189.248
2015,3,Chinese Grand Prix,2015-04-12,ricciardo,RIC,Daniel Ricciardo,red_bull,Red Bull,3,7,9,2.0,56,Finished,9.0,,190.068
2015,3,Chinese Grand Prix,2015-04-12,ericsson,ERI,Marcus Ericsson,sauber,Sauber,9,10,10,1.0,55,+1 Lap,15.0,,188.319
2015,3,Chinese Grand Prix,2015-04-12,perez,PER,Sergio Pérez,force_india,Force India,11,15,11,0.0,55,+1 Lap,10.0,,189.578
2015,3,Chinese Grand Prix,2015-04-12,alonso,ALO,Fernando Alonso,mclaren,McLaren,14,18,12,0.0,55,+1 Lap,13.0,,189.183
2015,3,Chinese Grand Prix,2015-04-12,sainz,SAI,Carlos Sainz,toro_rosso,Toro Rosso,55,14,13,0.0,55,+1 Lap,3.0,,191.166
2015,3,Chinese Grand Prix,2015-04-12,button,BUT,Jenson Button,mclaren,McLaren,22,17,14,0.0,55,+1 Lap,16.0,,186.907
2015,3,Chinese Grand Prix,2015-04-12,stevens,STE,Will Stevens,manor,Manor Marussia,28,19,15,0.0,54,+2 Laps,17.0,,186.157
2015,3,Chinese Grand Prix,2015-04-12,merhi,MER,Roberto Merhi,manor,Manor Marussia,98,20,16,0.0,54,+2 Laps,19.0,,185.192
2015,3,Chinese Grand Prix,2015-04-12,max_verstappen,VER,Max Verstappen,toro_rosso,Toro Rosso,33,13,17,0.0,52,Transmission,14.0,,188.906
2015,3,Chinese Grand Prix,2015-04-12,maldonado,MAL,Pastor Maldonado,lotus_f1,Lotus F1,13,11,18,0.0,49,Brakes,11.0,,189.259
2015,3,Chinese Grand Prix,2015-04-12,kvyat,KVY,Daniil Kvyat,red_bull,Red Bull,26,12,19,0.0,15,Power Unit,20.0,,184.621
2015,3,Chinese Grand Prix,2015-04-12,hulkenberg,HUL,Nico Hülkenberg,force_india,Force India,27,16,20,0.0,9,Gearbox,18.0,,185.401
2015,4,Bahrain Grand Prix,2015-04-19,hamilton,HAM,Lewis Hamilton,mercedes,Mercedes,44,1,1,25.0,57,Finished,5.0,,199.098
2015,4,Bahrain Grand Prix,2015-04-19,raikkonen,RAI,Kimi Räikkönen,ferrari,Ferrari,7,4,2,18.0,57,Finished,1.0,,202.294
2015,4,Bahrain Grand Prix,2015-04-19,rosberg,ROS,Nico Rosberg,mercedes,Mercedes,6,3,3,15.0,57,Finished,3.0,,200.184
2015,4,Bahrain Grand Prix,2015-04-19,bottas,BOT,Valtteri Bottas,williams,Williams,77,5,4,12.0,57,Finished,6.0,,198.615
2015,4,Bahrain Grand Prix,2015-04-19,vettel,VET,Sebastian Vettel,ferrari,Ferrari,5,2,5,10.0,57,Finished,2.0,,201.639
2015,4,Bahrain Grand Prix,2015-04-19,ricciardo,RIC,Daniel Ricciardo,red_bull,Red Bull,3,7,6,8.0,57,Finished,12.0,,196.903
2015,4,Bahrain Grand Prix,2015-04-19,grosjean,GRO,Romain Grosjean,lotus_f1,Lotus F1,8,10,7,6.0,57,Finished,15.0,,196.48
2015,4,Bahrain Grand Prix,2015-04-19,perez,PER,Sergio Pérez,force_india,Force India,11,11,8,4.0,56,+1 Lap,8.0,,198.124
2015,4,Bahrain Grand Prix,2015-04-19,kvyat,KVY,Daniil Kvyat,red_bull,Red Bull,26,17,9,2.0,56,+1 Lap,11.0,,197.348
2015,4,Bahrain Grand Prix,2015-04-19,massa,MAS,Felipe Massa,williams,Williams,19,6,10,1.0,56,+1 Lap,14.0,,196.613
2015,4,Bahrain Grand Prix,2015-04-19,alonso,ALO,Fernando Alonso,mclaren,McLaren,14,14,11,0.0,56,+1 Lap,13.0,,196.815
2015,4,Bahrain Grand Prix,2015-04-19,nasr,NAS,Felipe Nasr,sauber,Sauber,12,12,12,0.0,56,+1 Lap,7.0,,198.37
2015,4,Bahrain Grand Prix,2015-04-19,hulkenberg,HUL,Nico Hülkenberg,force_india,Force India,27,8,13,0.0,56,+1 Lap,10.0,,197.492
2015,4,Bahrain Grand Prix,2015-04-19,ericsson,ERI,Marcus Ericsson,sauber,Sauber,9,13,14,0.0,56,+1 Lap,9.0,,197.955
2015,4,Bahrain Grand Prix,2015-04-19,maldonado,MAL,Pastor Maldonado,lotus_f1,Lotus F1,13,16,15,0.0,56,+1 Lap,4.0,,199.49
2015,4,Bahrain Grand Prix,2015-04-19,stevens,STE,Will Stevens,manor,Manor Marussia,28,18,16,0.0,55,+2 Laps,18.0,,191.464
2015,4,Bahrain Grand Prix,2015-04-19,merhi,MER,Roberto Merhi,manor,Manor Marussia,98,19,17,0.0,54,+3 Laps,19.0,,190.949
2015,4,Bahrain Grand Prix,2015-04-19,max_verstappen,VER,Max Verstappen,toro_rosso,Toro Rosso,33,15,18,0.0,34,Electrical,16.0,,195.6
2015,4,Bahrain Grand Prix,2015-04-19,sainz,SAI,Carlos Sainz,toro_rosso,Toro Rosso,55,9,19,0.0,29,Engine,17.0,,193.571
2015,4,Bahrain Grand Prix,2015-04-19,button,BUT,Jenson Button,mclaren,McLaren,22,20,20,0.0,0,ERS,,,
2015,5,Spanish Grand Prix,2015-05-10,rosberg,ROS,Nico Rosberg,mercedes,Mercedes,6,1,1,25.0,66,Finished,2.0,,188.061
2015,5,Spanish Grand Prix,2015-05-10,hamilton,HAM,Lewis Hamilton,mercedes,Mercedes,44,2,2,18.0,66,Finished,1.0,,189.849
2015,5,Spanish Grand Prix,2015-05-10,vettel,VET,Sebastian Vettel,ferrari,Ferrari,5,3,3,15.0,66,Finished,6.0,,184.687
2015,5,Spanish Grand Prix,2015-05-10,bottas,BOT,Valtteri Bottas,williams,Williams,77,4,4,12.0,66,Finished,5.0,,184.74
2015,5,Spanish Grand Prix,2015-05-10,raikkonen,RAI,Kimi Räikkönen,ferrari,Ferrari,7,7,5,10.0,66,Finished,3.0,,186.342
2015,5,Spanish Grand Prix,2015-05-10,massa,MAS,Felipe Massa,williams,Williams,19,9,6,8.0,66,Finished,4.0,,185.429
2015,5,Spanish Grand Prix,2015-05-10,ricciardo,RIC,Daniel Ricciardo,red_bull,Red Bull,3,10,7,6.0,65,+1 Lap,8.0,,183.903
2015,5,Spanish Grand Prix,2015-05-10,grosjean,GRO,Romain Grosjean,lotus_f1,Lotus F1,8,11,8,4.0,65,+1 Lap,15.0,,182.261
2015,5,Spanish Grand Prix,2015-05-10,sainz,SAI,Carlos Sainz,toro_rosso,Toro Rosso,55,5,9,2.0,65,+1 Lap,9.0,,183.838
2015,5,Spanish Grand Prix,2015-05-10,kvyat,KVY,Daniil Kvyat,red_bull,Red Bull,26,8,10,1.0,65,+1 Lap,11.0,,182.376
2015,5,Spanish Grand Prix,2015-05-10,max_verstappen,VER,Max Verstappen,toro_rosso,Toro Rosso,33,6,11,0.0,65,+1 Lap,12.0,,182.358
2015,5,Spanish Grand Prix,2015-05-10,nasr,NAS,Felipe Nasr,sauber,Sauber,12,15,12,0.0,65,+1 Lap,13.0,,182.294
2015,5,Spanish Grand Prix,2015-05-10,perez,PER,Sergio Pérez,force_india,Force India,11,18,13,0.0,65,+1 Lap,14.0,,182.286
2015,5,Spanish Grand Prix,2015-05-10,ericsson,ERI,Marcus Ericsson,sauber,Sauber,9,16,14,0.0,65,+1 Lap,16.0,,181.713
2015,5,Spanish Grand Prix,2015-05-10,hulkenberg,HUL,Nico Hülkenberg,force_india,Force India,27,17,15,0.0,65,+1 Lap,7.0,,184.38
2015,5,Spanish Grand Prix,2015-05-10,button,BUT,Jenson Button,mclaren,McLaren,22,14,16,0.0,65,+1 Lap,10.0,,183.826
2015,5,Spanish Grand Prix,2015-05-10,stevens,STE,Will Stevens,manor,Manor Marussia,28,19,17,0.0,63,+3 Laps,19.0,,178.933
2015,5,Spanish Grand Prix,2015-05-10,merhi,MER,Roberto Merhi,manor,Manor Marussia,98,20,18,0.0,62,+4 Laps,20.0,,177.877
2015,5,Spanish Grand Prix,2015-05-10,maldonado,MAL,Pastor Maldonado,lotus_f1,Lotus F1,13,12,19,0.0,45,Accident,17.0,,180.364
2015,5,Spanish Grand Prix,2015-05-10,alonso,ALO,Fernando Alonso,mclaren,McLaren,14,13,20,0.0,26,Brakes,18.0,,179.446
2015,6,Monaco Grand Prix,2015-05-24,rosberg,ROS,Nico Rosberg,mercedes,Mercedes,6,2,1,25.0,78,Finished,2.0,,152.841
2015,6,Monaco Grand Prix,2015-05-24,vettel,VET,Sebastian Vettel,ferrari,Ferrari,5,3,2,18.0,78,Finished,4.0,,152.347
2015,6,Monaco Grand Prix,2015-05-24,hamilton,HAM,Lewis Hamilton,mercedes,Mercedes,44,1,3,15.0,78,Finished,3.0,,152.692
2015,6,Monaco Grand Prix,2015-05-24,kvyat,KVY,Daniil Kvyat,red_bull,Red Bull,26,5,4,12.0,78,Finished,7.0,,151.815
2015,6,Monaco Grand Prix,2015-05-24,ricciardo,RIC,Daniel Ricciardo,red_bull,Red Bull,3,4,5,10.0,78,Finished,1.0,,153.891
2015,6,Monaco Grand Prix,2015-05-24,raikkonen,RAI,Kimi Räikkönen,ferrari,Ferrari,7,6,6,8.0,78,Finished,10.0,,150.822
2015,6,Monaco Grand Prix,2015-05-24,perez,PER,Sergio Pérez,force_india,Force India,11,7,7,6.0,78,Finished,11.0,,150.811
2015,6,Monaco Grand Prix,2015-05-24,button,BUT,Jenson Button,mclaren,McLaren,22,10,8,4.0,78,Finished,9.0,,151.128
2015,6,Monaco Grand Prix,2015-05-24,nasr,NAS,Felipe Nasr,sauber,Sauber,12,14,9,2.0,78,Finished,15.0,,150.133
2015,6,Monaco Grand Prix,2015-05-24,sainz,SAI,Carlos Sainz,toro_rosso,Toro Rosso,55,0,10,1.0,78,Finished,13.0,,150.511
2015,6,Monaco Grand Prix,2015-05-24,hulkenberg,HUL,Nico Hülkenberg,force_india,Force India,27,11,11,0.0,78,Finished,14.0,,150.313
2015,6,Monaco Grand Prix,2015-05-24,grosjean,GRO,Romain Grosjean,lotus_f1,Lotus F1,8,15,12,0.0,78,Finished,17.0,,149.263
2015,6,Monaco Grand Prix,2015-05-24,ericsson,ERI,Marcus Ericsson,sauber,Sauber,9,17,13,0.0,78,Finished,8.0,,151.519
2015,6,Monaco Grand Prix,2015-05-24,bottas,BOT,Valtteri Bottas,williams,Williams,77,16,14,0.0,78,Finished,6.0,,152.173
2015,6,Monaco Grand Prix,2015-05-24,massa,MAS,Felipe Massa,williams,Williams,19,12,15,0.0,77,+1 Lap,12.0,,150.609
2015,6,Monaco Grand Prix,2015-05-24,merhi,MER,Roberto Merhi,manor,Manor Marussia,98,19,16,0.0,76,+2 Laps,18.0,,147.013
2015,6,Monaco Grand Prix,2015-05-24,stevens,STE,Will Stevens,manor,Manor Marussia,28,18,17,0.0,76,+2 Laps,20.0,,145.274
2015,6,Monaco Grand Prix,2015-05-24,max_verstappen,VER,Max Verstappen,toro_rosso,Toro Rosso,33,9,18,0.0,62,Accident,5.0,,152.31
2015,6,Monaco Grand Prix,2015-05-24,alonso,ALO,Fernando Alonso,mclaren,McLaren,14,13,19,0.0,41,Gearbox,16.0,,149.308
2015,6,Monaco Grand Prix,2015-05-24,maldonado,MAL,Pastor Maldonado,lotus_f1,Lotus F1,13,8,20,0.0,5,Brakes,19.0,,146.019
2015,7,Canadian Grand Prix,2015-06-07,hamilton,HAM,Lewis Hamilton,mercedes,Mercedes,44,1,1,25.0,70,Finished,3.0,,202.648
2015,7,Canadian Grand Prix,2015-06-07,rosberg,ROS,Nico Rosberg,mercedes,Mercedes,6,2,2,18.0,70,Finished,5.0,,202.218
2015,7,Canadian Grand Prix,2015-06-07,bottas,BOT,Valtteri Bottas,williams,Williams,77,4,3,15.0,70,Finished,6.0,,201.478
2015,7,Canadian Grand Prix,2015-06-07,raikkonen,RAI,Kimi Räikkönen,ferrari,Ferrari,7,3,4,12.0,70,Finished,1.0,,203.925
2015,7,Canadian Grand Prix,2015-06-07,vettel,VET,Sebastian Vettel,ferrari,Ferrari,5,18,5,10.0,70,Finished,2.0,,203.613
2015,7,Canadian Grand Prix,2015-06-07,massa,MAS,Felipe Massa,williams,Williams,19,15,6,8.0,70,Finished,4.0,,202.437
2015,7,Canadian Grand Prix,2015-06-07,maldonado,MAL,Pastor Maldonado,lotus_f1,Lotus F1,13,6,7,6.0,70,Finished,10.0,,200.288
2015,7,Canadian Grand Prix,2015-06-07,hulkenberg,HUL,Nico Hülkenberg,force_india,Force India,27,7,8,4.0,69,+1 Lap,9.0,,200.664
2015,7,Canadian Grand Prix,2015-06-07,kvyat,KVY,Daniil Kvyat,red_bull,Red Bull,26,8,9,2.0,69,+1 Lap,8.0,,201.153
2015,7,Canadian Grand Prix,2015-06-07,grosjean,GRO,Romain Grosjean,lotus_f1,Lotus F1,8,5,10,1.0,69,+1 Lap,7.0,,201.356
2015,7,Canadian Grand Prix,2015-06-07,perez,PER,Sergio Pérez,force_india,Force India,11,10,11,0.0,69,+1 Lap,14.0,,199.008
2015,7,Canadian Grand Prix,2015-06-07,sainz,SAI,Carlos Sainz,toro_rosso,Toro Rosso,55,11,12,0.0,69,+1 Lap,12.0,,199.205
2015,7,Canadian Grand Prix,2015-06-07,ricciardo,RIC,Daniel Ricciardo,red_bull,Red Bull,3,9,13,0.0,69,+1 Lap,16.0,,198.578
2015,7,Canadian Grand Prix,2015-06-07,ericsson,ERI,Marcus Ericsson,sauber,Sauber,9,12,14,0.0,69,+1 Lap,15.0,,199.006
2015,7,Canadian Grand Prix,2015-06-07,max_verstappen,VER,Max Verstappen,toro_rosso,Toro Rosso,33,19,15,0.0,69,+1 Lap,11.0,,199.699
2015,7,Canadian Grand Prix,2015-06-07,nasr,NAS,Felipe Nasr,sauber,Sauber,12,14,16,0.0,68,+2 Laps,17.0,,198.507
2015,7,Canadian Grand Prix,2015-06-07,stevens,STE,Will Stevens,manor,Manor Marussia,28,17,17,0.0,66,+4 Laps,19.0,,194.525
2015,7,Canadian Grand Prix,2015-06-07,merhi,MER,Roberto Merhi,manor,Manor Marussia,98,16,18,0.0,57,Retired,20.0,,194.292
2015,7,Canadian Grand Prix,2015-06-07,button,BUT,Jenson Button,mclaren,McLaren,22,20,19,0.0,54,Retired,13.0,,199.092
2015,7,Canadian Grand Prix,2015-06-07,alonso,ALO,Fernando Alonso,mclaren,McLaren,14,13,20,0.0,44,Engine,18.0,,197.28
2015,8,Austrian Grand Prix,2015-06-21,rosberg,ROS,Nico Rosberg,mercedes,Mercedes,6,2,1,25.0,71,Finished,1.0,,218.622
2015,8,Austrian Grand Prix,2015-06-21,hamilton,HAM,Lewis Hamilton,mercedes,Mercedes,44,1,2,18.0,71,Finished,2.0,,217.888
2015,8,Austrian Grand Prix,2015-06-21,massa,MAS,Felipe Massa,williams,Williams,19,4,3,15.0,71,Finished,4.0,,217.468
2015,8,Austrian Grand Prix,2015-06-21,vettel,VET,Sebastian Vettel,ferrari,Ferrari,5,3,4,12.0,71,Finished,3.0,,217.815
2015,8,Austrian Grand Prix,2015-06-21,bottas,BOT,Valtteri Bottas,williams,Williams,77,6,5,10.0,71,Finished,7.0,,215.557
2015,8,Austrian Grand Prix,2015-06-21,hulkenberg,HUL,Nico Hülkenberg,force_india,Force India,27,5,6,8.0,71,Finished,12.0,,214.686
2015,8,Austrian Grand Prix,2015-06-21,maldonado,MAL,Pastor Maldonado,lotus_f1,Lotus F1,13,10,7,6.0,70,+1 Lap,6.0,,216.947
2015,8,Austrian Grand Prix,2015-06-21,max_verstappen,VER,Max Verstappen,toro_rosso,Toro Rosso,33,7,8,4.0,70,+1 Lap,9.0,,215.256
2015,8,Austrian Grand Prix,2015-06-21,perez,PER,Sergio Pérez,force_india,Force India,11,13,9,2.0,70,+1 Lap,10.0,,215.173
2015,8,Austrian Grand Prix,2015-06-21,ricciardo,RIC,Daniel Ricciardo,red_bull,Red Bull,3,18,10,1.0,70,+1 Lap,5.0,,217.238
2015,8,Austrian Grand Prix,2015-06-21,nasr,NAS,Felipe Nasr,sauber,Sauber,12,8,11,0.0,70,+1 Lap,14.0,,213.19
2015,8,Austrian Grand Prix,2015-06-21,kvyat,KVY,Daniil Kvyat,red_bull,Red Bull,26,15,12,0.0,70,+1 Lap,8.0,,215.354
2015,8,Austrian Grand Prix,2015-06-21,ericsson,ERI,Marcus Ericsson,sauber,Sauber,9,11,13,0.0,69,+2 Laps,11.0,,214.76
2015,8,Austrian Grand Prix,2015-06-21,merhi,MER,Roberto Merhi,manor,Manor Marussia,98,16,14,0.0,68,+3 Laps,16.0,,207.817
2015,8,Austrian Grand Prix,2015-06-21,grosjean,GRO,Romain Grosjean,lotus_f1,Lotus F1,8,9,15,0.0,35,Gearbox,13.0,,213.685
2015,8,Austrian Grand Prix,2015-06-21,sainz,SAI,Carlos Sainz,toro_rosso,Toro Rosso,55,12,16,0.0,35,Power loss,15.0,,212.655
2015,8,Austrian Grand Prix,2015-06-21,button,BUT,Jenson Button,mclaren,McLaren,22,20,17,0.0,8,Retired,17.0,,138.792
2015,8,Austrian Grand Prix,2015-06-21,stevens,STE,Will Stevens,manor,Manor Marussia,28,17,18,0.0,1,Oil leak,,,
2015,8,Austrian Grand Prix,2015-06-21,raikkonen,RAI,Kimi Räikkönen,ferrari,Ferrari,7,14,19,0.0,0,Collision,,,
2015,8,Austrian Grand Prix,2015-06-21,alonso,ALO,Fernando Alonso,mclaren,McLaren,14,19,20,0.0,0,Collision,,,
2015,9,British Grand Prix,2015-07-05,hamilton,HAM,Lewis Hamilton,mercedes,Mercedes,44,1,1,25.0,52,Finished,1.0,,218.425
2015,9,British Grand Prix,2015-07-05,rosberg,ROS,Nico Rosberg,mercedes,Mercedes,6,2,2,18.0,52,Finished,2.0,,217.73
2015,9,British Grand Prix,2015-07-05,vettel,VET,Sebastian Vettel,ferrari,Ferrari,5,6,3,15.0,52,Finished,6.0,,217.053
2015,9,British Grand Prix,2015-07-05,massa,MAS,Felipe Massa,williams,Williams,19,3,4,12.0,52,Finished,3.0,,217.589
2015,9,British Grand Prix,2015-07-05,bottas,BOT,Valtteri Bottas,williams,Williams,77,4,5,10.0,52,Finished,5.0,,217.484
2015,9,British Grand Prix,2015-07-05,kvyat,KVY,Daniil Kvyat,red_bull,Red Bull,26,7,6,8.0,52,Finished,7.0,,216.603
2015,9,British Grand Prix,2015-07-05,hulkenberg,HUL,Nico Hülkenberg,force_india,Force India,27,9,7,6.0,52,Finished,9.0,,215.752
2015,9,British Grand Prix,2015-07-05,raikkonen,RAI,Kimi Räikkönen,ferrari,Ferrari,7,5,8,4.0,51,+1 Lap,4.0,,217.529
2015,9,British Grand Prix,2015-07-05,perez,PER,Sergio Pérez,force_india,Force India,11,11,9,2.0,51,+1 Lap,10.0,,215.379
2015,9,British Grand Prix,2015-07-05,alonso,ALO,Fernando Alonso,mclaren,McLaren,14,17,10,1.0,51,+1 Lap,12.0,,214.471
2015,9,British Grand Prix,2015-07-05,ericsson,ERI,Marcus Ericsson,sauber,Sauber,9,15,11,0.0,51,+1 Lap,8.0,,216.115
2015,9,British Grand Prix,2015-07-05,merhi,MER,Roberto Merhi,manor,Manor Marussia,98,20,12,0.0,49,+3 Laps,15.0,,207.259
2015,9,British Grand Prix,2015-07-05,stevens,STE,Will Stevens,manor,Manor Marussia,28,19,13,0.0,49,+3 Laps,14.0,,208.082
2015,9,British Grand Prix,2015-07-05,sainz,SAI,Carlos Sainz,toro_rosso,Toro Rosso,55,8,14,0.0,31,Electrical,11.0,,214.875
2015,9,British Grand Prix,2015-07-05,ricciardo,RIC,Daniel Ricciardo,red_bull,Red Bull,3,10,15,0.0,21,Electrical,13.0,,212.203
2015,9,British Grand Prix,2015-07-05,max_verstappen,VER,Max Verstappen,toro_rosso,Toro Rosso,33,13,16,0.0,3,Spun off,16.0,,150.647
2015,9,British Grand Prix,2015-07-05,grosjean,GRO,Romain Grosjean,lotus_f1,Lotus F1,8,12,17,0.0,0,Collision,,,
2015,9,British Grand Prix,2015-07-05,maldonado,MAL,Pastor Maldonado,lotus_f1,Lotus F1,13,14,18,0.0,0,Collision,,,
2015,9,British Grand Prix,2015-07-05,button,BUT,Jenson Button,mclaren,McLaren,22,18,19,0.0,0,Collision,,,
2015,9,British Grand Prix,2015-07-05,nasr,NAS,Felipe Nasr,sauber,Sauber,12,16,20,0.0,0,Gearbox,,,
2015,10,Hungarian Grand Prix,2015-07-26,vettel,VET,Sebastian Vettel,ferrari,Ferrari,5,3,1,25.0,69,Finished,5.0,,181.759
2015,10,Hungarian Grand Prix,2015-07-26,kvyat,KVY,Daniil Kvyat,red_bull,Red Bull,26,7,2,18.0,69,Finished,4.0,,182.29
2015,10,Hungarian Grand Prix,2015-07-26,ricciardo,RIC,Daniel Ricciardo,red_bull,Red Bull,3,4,3,15.0,69,Finished,1.0,,185.939
2015,10,Hungarian Grand Prix,2015-07-26,max_verstappen,VER,Max Verstappen,toro_rosso,Toro Rosso,33,9,4,12.0,69,Finished,11.0,,179.938
2015,10,Hungarian Grand Prix,2015-07-26,alonso,ALO,Fernando Alonso,mclaren,McLaren,14,15,5,10.0,69,Finished,10.0,,180.637
2015,10,Hungarian Grand Prix,2015-07-26,hamilton,HAM,Lewis Hamilton,mercedes,Mercedes,44,1,6,8.0,69,Finished,3.0,,183.974
2015,10,Hungarian Grand Prix,2015-07-26,grosjean,GRO,Romain Grosjean,lotus_f1,Lotus F1,8,10,7,6.0,69,Finished,14.0,,179.059
2015,10,Hungarian Grand Prix,2015-07-26,rosberg,ROS,Nico Rosberg,mercedes,Mercedes,6,2,8,4.0,69,Finished,2.0,,185.223
2015,10,Hungarian Grand Prix,2015-07-26,button,BUT,Jenson Button,mclaren,McLaren,22,16,9,2.0,69,Finished,17.0,,178.139
2015,10,Hungarian Grand Prix,2015-07-26,ericsson,ERI,Marcus Ericsson,sauber,Sauber,9,17,10,1.0,69,Finished,12.0,,179.214
2015,10,Hungarian Grand Prix,2015-07-26,nasr,NAS,Felipe Nasr,sauber,Sauber,12,18,11,0.0,69,Finished,15.0,,178.678
2015,10,Hungarian Grand Prix,2015-07-26,massa,MAS,Felipe Massa,williams,Williams,19,8,12,0.0,69,Finished,6.0,,181.566
2015,10,Hungarian Grand Prix,2015-07-26,bottas,BOT,Valtteri Bottas,williams,Williams,77,6,13,0.0,69,Finished,8.0,,181.161
2015,10,Hungarian Grand Prix,2015-07-26,maldonado,MAL,Pastor Maldonado,lotus_f1,Lotus F1,13,14,14,0.0,69,Finished,9.0,,181.012
2015,10,Hungarian Grand Prix,2015-07-26,merhi,MER,Roberto Merhi,manor,Manor Marussia,98,19,15,0.0,67,+2 Laps,20.0,,175.497
2015,10,Hungarian Grand Prix,2015-07-26,stevens,STE,Will Stevens,manor,Manor Marussia,28,20,16,0.0,65,+4 Laps,19.0,,176.134
2015,10,Hungarian Grand Prix,2015-07-26,sainz,SAI,Carlos Sainz,toro_rosso,Toro Rosso,55,12,17,0.0,60,Electrical,18.0,,177.986
2015,10,Hungarian Grand Prix,2015-07-26,raikkonen,RAI,Kimi Räikkönen,ferrari,Ferrari,7,5,18,0.0,55,Power Unit,7.0,,181.378
2015,10,Hungarian Grand Prix,2015-07-26,perez,PER,Sergio Pérez,force_india,Force India,11,13,19,0.0,53,Suspension,16.0,,178.212
2015,10,Hungarian Grand Prix,2015-07-26,hulkenberg,HUL,Nico Hülkenberg,force_india,Force India,27,11,20,0.0,41,Front wing,13.0,,179.072
2015,11,Belgian Grand Prix,2015-08-23,hamilton,HAM,Lewis Hamilton,mercedes,Mercedes,44,1,1,25.0,43,Finished,2.0,,224.12
2015,11,Belgian Grand Prix,2015-08-23,rosberg,ROS,Nico Rosberg,mercedes,Mercedes,6,2,2,18.0,43,Finished,1.0,,224.295
2015,11,Belgian Grand Prix,2015-08-23,grosjean,GRO,Romain Grosjean,lotus_f1,Lotus F1,8,9,3,15.0,43,Finished,12.0,,219.677
2015,11,Belgian Grand Prix,2015-08-23,kvyat,KVY,Daniil Kvyat,red_bull,Red Bull,26,12,4,12.0,43,Finished,3.0,,223.073
2015,11,Belgian Grand Prix,2015-08-23,perez,PER,Sergio Pérez,force_india,Force India,11,4,5,10.0,43,Finished,13.0,,219.645
2015,11,Belgian Grand Prix,2015-08-23,massa,MAS,Felipe Massa,williams,Williams,19,6,6,8.0,43,Finished,8.0,,220.998
2015,11,Belgian Grand Prix,2015-08-23,raikkonen,RAI,Kimi Räikkönen,ferrari,Ferrari,7,16,7,6.0,43,Finished,9.0,,220.18
2015,11,Belgian Grand Prix,2015-08-23,max_verstappen,VER,Max Verstappen,toro_rosso,Toro Rosso,33,18,8,4.0,43,Finished,4.0,,222.592
2015,11,Belgian Grand Prix,2015-08-23,bottas,BOT,Valtteri Bottas,williams,Williams,77,3,9,2.0,43,Power Unit,10.0,,219.932
2015,11,Belgian Grand Prix,2015-08-23,ericsson,ERI,Marcus Ericsson,sauber,Sauber,9,13,10,1.0,43,Finished,7.0,,221.136
2015,11,Belgian Grand Prix,2015-08-23,nasr,NAS,Felipe Nasr,sauber,Sauber,12,14,11,0.0,43,Finished,6.0,,221.196
2015,11,Belgian Grand Prix,2015-08-23,vettel,VET,Sebastian Vettel,ferrari,Ferrari,5,8,12,0.0,42,Tyre,14.0,,218.654
2015,11,Belgian Grand Prix,2015-08-23,alonso,ALO,Fernando Alonso,mclaren,McLaren,14,20,13,0.0,42,+1 Lap,5.0,,221.778
2015,11,Belgian Grand Prix,2015-08-23,button,BUT,Jenson Button,mclaren,McLaren,22,19,14,0.0,42,+1 Lap,15.0,,218.244
2015,11,Belgian Grand Prix,2015-08-23,merhi,MER,Roberto Merhi,manor,Manor Marussia,98,17,15,0.0,42,+1 Lap,18.0,,213.366
2015,11,Belgian Grand Prix,2015-08-23,stevens,STE,Will Stevens,manor,Manor Marussia,28,15,16,0.0,42,+1 Lap,17.0,,213.41
2015,11,Belgian Grand Prix,2015-08-23,sainz,SAI,Carlos Sainz,toro_rosso,Toro Rosso,55,10,17,0.0,32,Power Unit,11.0,,219.867
2015,11,Belgian Grand Prix,2015-08-23,ricciardo,RIC,Daniel Ricciardo,red_bull,Red Bull,3,5,18,0.0,19,Power Unit,16.0,,216.873
2015,11,Belgian Grand Prix,2015-08-23,maldonado,MAL,Pastor Maldonado,lotus_f1,Lotus F1,13,7,19,0.0,2,Engine,,,
2015,11,Belgian Grand Prix,2015-08-23,hulkenberg,HUL,Nico Hülkenberg,force_india,Force India,27,11,20,0.0,0,Power loss,,,
2015,12,Italian Grand Prix,2015-09-06,hamilton,HAM,Lewis Hamilton,mercedes,Mercedes,44,1,1,25.0,53,Finished,1.0,,240.617
2015,12,Italian Grand Prix,2015-09-06,vettel,VET,Sebastian Vettel,ferrari,Ferrari,5,3,2,18.0,53,Finished,3.0,,238.678
2015,12,Italian Grand Prix,2015-09-06,massa,MAS,Felipe Massa,williams,Williams,19,5,3,15.0,53,Finished,8.0,,237.326
2015,12,Italian Grand Prix,2015-09-06,bottas,BOT,Valtteri Bottas,williams,Williams,77,6,4,12.0,53,Finished,6.0,,238.272
2015,12,Italian Grand Prix,2015-09-06,raikkonen,RAI,Kimi Räikkönen,ferrari,Ferrari,7,2,5,10.0,53,Finished,7.0,,238.111
2015,12,Italian Grand Prix,2015-09-06,perez,PER,Sergio Pérez,force_india,Force India,11,7,6,8.0,53,Finished,10.0,,236.609
2015,12,Italian Grand Prix,2015-09-06,hulkenberg,HUL,Nico Hülkenberg,force_india,Force India,27,9,7,6.0,52,+1 Lap,14.0,,234.552
2015,12,Italian Grand Prix,2015-09-06,ricciardo,RIC,Daniel Ricciardo,red_bull,Red Bull,3,19,8,4.0,52,+1 Lap,9.0,,236.811
2015,12,Italian Grand Prix,2015-09-06,ericsson,ERI,Marcus Ericsson,sauber,Sauber,9,12,9,2.0,52,+1 Lap,12.0,,235.604
2015,12,Italian Grand Prix,2015-09-06,kvyat,KVY,Daniil Kvyat,red_bull,Red Bull,26,18,10,1.0,52,+1 Lap,11.0,,236.365
2015,12,Italian Grand Prix,2015-09-06,sainz,SAI,Carlos Sainz,toro_rosso,Toro Rosso,55,17,11,0.0,52,+1 Lap,5.0,,238.313
2015,12,Italian Grand Prix,2015-09-06,max_verstappen,VER,Max Verstappen,toro_rosso,Toro Rosso,33,20,12,0.0,52,+1 Lap,4.0,,238.64
2015,12,Italian Grand Prix,2015-09-06,nasr,NAS,Felipe Nasr,sauber,Sauber,12,17,13,0.0,52,+1 Lap,13.0,,235.24
2015,12,Italian Grand Prix,2015-09-06,button,BUT,Jenson Button,mclaren,McLaren,22,15,14,0.0,52,+1 Lap,16.0,,232.324
2015,12,Italian Grand Prix,2015-09-06,stevens,STE,Will Stevens,manor,Manor Marussia,28,13,15,0.0,51,+2 Laps,17.0,,228.927
2015,12,Italian Grand Prix,2015-09-06,merhi,MER,Roberto Merhi,manor,Manor Marussia,98,14,16,0.0,51,+2 Laps,18.0,,228.393
2015,12,Italian Grand Prix,2015-09-06,rosberg,ROS,Nico Rosberg,mercedes,Mercedes,6,4,17,0.0,50,+3 Laps,2.0,,239.525
2015,12,Italian Grand Prix,2015-09-06,alonso,ALO,Fernando Alonso,mclaren,McLaren,14,16,18,0.0,47,+6 Laps,15.0,,233.575
2015,12,Italian Grand Prix,2015-09-06,grosjean,GRO,Romain Grosjean,lotus_f1,Lotus F1,8,8,19,0.0,1,Collision damage,,,
2015,12,Italian Grand Prix,2015-09-06,maldonado,MAL,Pastor Maldonado,lotus_f1,Lotus F1,13,10,20,0.0,1,Collision damage,,,
2015,13,Singapore Grand Prix,2015-09-20,vettel,VET,Sebastian Vettel,ferrari,Ferrari,5,1,1,25.0,61,Finished,2.0,,165.659
2015,13,Singapore Grand Prix,2015-09-20,ricciardo,RIC,Daniel Ricciardo,red_bull,Red Bull,3,2,2,18.0,61,Finished,1.0,,165.701
2015,13,Singapore Grand Prix,2015-09-20,raikkonen,RAI,Kimi Räikkönen,ferrari,Ferrari,7,3,3,15.0,61,Finished,5.0,,165.251
2015,13,Singapore Grand Prix,2015-09-20,rosberg,ROS,Nico Rosberg,mercedes,Mercedes,6,6,4,12.0,61,Finished,7.0,,164.368
2015,13,Singapore Grand Prix,2015-09-20,bottas,BOT,Valtteri Bottas,williams,Williams,77,7,5,10.0,61,Finished,10.0,,163.765
2015,13,Singapore Grand Prix,2015-09-20,kvyat,KVY,Daniil Kvyat,red_bull,Red Bull,26,4,6,8.0,61,Finished,8.0,,164.109
2015,13,Singapore Grand Prix,2015-09-20,perez,PER,Sergio Pérez,force_india,Force India,11,13,7,6.0,61,Finished,12.0,,162.847
2015,13,Singapore Grand Prix,2015-09-20,max_verstappen,VER,Max Verstappen,toro_rosso,Toro Rosso,33,8,8,4.0,61,Finished,4.0,,165.315
2015,13,Singapore Grand Prix,2015-09-20,sainz,SAI,Carlos Sainz,toro_rosso,Toro Rosso,55,14,9,2.0,61,Finished,6.0,,165.161
2015,13,Singapore Grand Prix,2015-09-20,nasr,NAS,Felipe Nasr,sauber,Sauber,12,16,10,1.0,61,Finished,15.0,,161.984
2015,13,Singapore Grand Prix,2015-09-20,ericsson,ERI,Marcus Ericsson,sauber,Sauber,9,17,11,0.0,61,Finished,11.0,,163.395
2015,13,Singapore Grand Prix,2015-09-20,maldonado,MAL,Pastor Maldonado,lotus_f1,Lotus F1,13,18,12,0.0,61,Finished,3.0,,165.5
2015,13,Singapore Grand Prix,2015-09-20,grosjean,GRO,Romain Grosjean,lotus_f1,Lotus F1,8,10,13,0.0,59,Tyre,13.0,,162.292
2015,13,Singapore Grand Prix,2015-09-20,rossi,RSS,Alexander Rossi,manor,Manor Marussia,53,20,14,0.0,59,+2 Laps,19.0,,158.127
2015,13,Singapore Grand Prix,2015-09-20,stevens,STE,Will Stevens,manor,Manor Marussia,28,19,15,0.0,59,+2 Laps,20.0,,157.338
2015,13,Singapore Grand Prix,2015-09-20,button,BUT,Jenson Button,mclaren,McLaren,22,15,16,0.0,52,Gearbox,9.0,,164.023
2015,13,Singapore Grand Prix,2015-09-20,alonso,ALO,Fernando Alonso,mclaren,McLaren,14,12,17,0.0,33,Gearbox,16.0,,160.9
2015,13,Singapore Grand Prix,2015-09-20,hamilton,HAM,Lewis Hamilton,mercedes,Mercedes,44,5,18,0.0,32,Throttle,14.0,,162.072
2015,13,Singapore Grand Prix,2015-09-20,massa,MAS,Felipe Massa,williams,Williams,19,9,19,0.0,30,Gearbox,17.0,,160.417
2015,13,Singapore Grand Prix,2015-09-20,hulkenberg,HUL,Nico Hülkenberg,force_india,Force India,27,11,20,0.0,12,Collision,18.0,,160.132
2015,14,Japanese Grand Prix,2015-09-27,hamilton,HAM,Lewis Hamilton,mercedes,Mercedes,44,2,1,25.0,53,Finished,1.0,,217.434
2015,14,Japanese Grand Prix,2015-09-27,rosberg,ROS,Nico Rosberg,mercedes,Mercedes,6,1,2,18.0,53,Finished,2.0,,215.191
2015,14,Japanese Grand Prix,2015-09-27,vettel,VET,Sebastian Vettel,ferrari,Ferrari,5,4,3,15.0,53,Finished,3.0,,213.523
2015,14,Japanese Grand Prix,2015-09-27,raikkonen,RAI,Kimi Räikkönen,ferrari,Ferrari,7,6,4,12.0,53,Finished,4.0,,213.242
2015,14,Japanese Grand Prix,2015-09-27,bottas,BOT,Valtteri Bottas,williams,Williams,77,3,5,10.0,53,Finished,8.0,,212.795
2015,14,Japanese Grand Prix,2015-09-27,hulkenberg,HUL,Nico Hülkenberg,force_india,Force India,27,13,6,8.0,53,Finished,9.0,,212.6
2015,14,Japanese Grand Prix,2015-09-27,grosjean,GRO,Romain Grosjean,lotus_f1,Lotus F1,8,8,7,6.0,53,Finished,6.0,,212.955
2015,14,Japanese Grand Prix,2015-09-27,maldonado,MAL,Pastor Maldonado,lotus_f1,Lotus F1,13,11,8,4.0,53,Finished,5.0,,213.022
2015,14,Japanese Grand Prix,2015-09-27,max_verstappen,VER,Max Verstappen,toro_rosso,Toro Rosso,33,17,9,2.0,53,Finished,7.0,,212.803
2015,14,Japanese Grand Prix,2015-09-27,sainz,SAI,Carlos Sainz,toro_rosso,Toro Rosso,55,10,10,1.0,52,+1 Lap,13.0,,211.835
2015,14,Japanese Grand Prix,2015-09-27,alonso,ALO,Fernando Alonso,mclaren,McLaren,14,12,11,0.0,52,+1 Lap,16.0,,209.862
2015,14,Japanese Grand Prix,2015-09-27,perez,PER,Sergio Pérez,force_india,Force India,11,9,12,0.0,52,+1 Lap,11.0,,212.039
2015,14,Japanese Grand Prix,2015-09-27,kvyat,KVY,Daniil Kvyat,red_bull,Red Bull,26,20,13,0.0,52,+1 Lap,10.0,,212.524
2015,14,Japanese Grand Prix,2015-09-27,ericsson,ERI,Marcus Ericsson,sauber,Sauber,9,15,14,0.0,52,+1 Lap,15.0,,210.434
2015,14,Japanese Grand Prix,2015-09-27,ricciardo,RIC,Daniel Ricciardo,red_bull,Red Bull,3,7,15,0.0,52,+1 Lap,14.0,,211.381
2015,14,Japanese Grand Prix,2015-09-27,button,BUT,Jenson Button,mclaren,McLaren,22,14,16,0.0,52,+1 Lap,18.0,,208.799
2015,14,Japanese Grand Prix,2015-09-27,massa,MAS,Felipe Massa,williams,Williams,19,5,17,0.0,51,+2 Laps,12.0,,212.031
2015,14,Japanese Grand Prix,2015-09-27,rossi,RSS,Alexander Rossi,manor,Manor Marussia,53,19,18,0.0,51,+2 Laps,20.0,,206.029
2015,14,Japanese Grand Prix,2015-09-27,stevens,STE,Will Stevens,manor,Manor Marussia,28,18,19,0.0,50,+3 Laps,19.0,,206.06
2015,14,Japanese Grand Prix,2015-09-27,nasr,NAS,Felipe Nasr,sauber,Sauber,12,16,20,0.0,49,Retired,17.0,,208.868
2015,15,Russian Grand Prix,2015-10-11,hamilton,HAM,Lewis Hamilton,mercedes,Mercedes,44,2,1,25.0,53,Finished,3.0,,209.328
2015,15,Russian Grand Prix,2015-10-11,vettel,VET,Sebastian Vettel,ferrari,Ferrari,5,4,2,18.0,53,Finished,1.0,,210.378
2015,15,Russian Grand Prix,2015-10-11,perez,PER,Sergio Pérez,force_india,Force India,11,7,3,15.0,53,Finished,9.0,,206.862
2015,15,Russian Grand Prix,2015-10-11,massa,MAS,Felipe Massa,williams,Williams,19,15,4,12.0,53,Finished,4.0,,208.689
2015,15,Russian Grand Prix,2015-10-11,kvyat,KVY,Daniil Kvyat,red_bull,Red Bull,26,11,5,10.0,53,Finished,,,
2015,15,Russian Grand Prix,2015-10-11,nasr,NAS,Felipe Nasr,sauber,Sauber,12,12,6,8.0,53,Finished,6.0,,207.678
2015,15,Russian Grand Prix,2015-10-11,maldonado,MAL,Pastor Maldonado,lotus_f1,Lotus F1,13,14,7,6.0,53,Finished,7.0,,207.402
2015,15,Russian Grand Prix,2015-10-11,raikkonen,RAI,Kimi Räikkönen,ferrari,Ferrari,7,5,8,4.0,53,Finished,2.0,,209.91
2015,15,Russian Grand Prix,2015-10-11,button,BUT,Jenson Button,mclaren,McLaren,22,13,9,2.0,53,Finished,13.0,,204.261
2015,15,Russian Grand Prix,2015-10-11,max_verstappen,VER,Max Verstappen,toro_rosso,Toro Rosso,33,9,10,1.0,53,Finished,15.0,,203.871
2015,15,Russian Grand Prix,2015-10-11,alonso,ALO,Fernando Alonso,mclaren,McLaren,14,19,11,0.0,53,Finished,12.0,,205.115
2015,15,Russian Grand Prix,2015-10-11,bottas,BOT,Valtteri Bottas,williams,Williams,77,3,12,0.0,52,Collision,5.0,,208.167
2015,15,Russian Grand Prix,2015-10-11,merhi,MER,Roberto Merhi,manor,Manor Marussia,98,18,13,0.0,52,+1 Lap,17.0,,200.409
2015,15,Russian Grand Prix,2015-10-11,stevens,STE,Will Stevens,manor,Manor Marussia,28,17,14,0.0,51,+2 Laps,16.0,,200.644
2015,15,Russian Grand Prix,2015-10-11,ricciardo,RIC,Daniel Ricciardo,red_bull,Red Bull,3,10,15,0.0,47,Suspension,10.0,,206.626
2015,15,Russian Grand Prix,2015-10-11,sainz,SAI,Carlos Sainz,toro_rosso,Toro Rosso,55,20,16,0.0,45,Brakes,11.0,,205.879
2015,15,Russian Grand Prix,2015-10-11,grosjean,GRO,Romain Grosjean,lotus_f1,Lotus F1,8,8,17,0.0,11,Accident,18.0,,199.996
2015,15,Russian Grand Prix,2015-10-11,rosberg,ROS,Nico Rosberg,mercedes,Mercedes,6,1,18,0.0,7,Throttle,14.0,,204.132
2015,15,Russian Grand Prix,2015-10-11,hulkenberg,HUL,Nico Hülkenberg,force_india,Force India,27,6,19,0.0,0,Collision,,,
2015,15,Russian Grand Prix,2015-10-11,ericsson,ERI,Marcus Ericsson,sauber,Sauber,9,17,20,0.0,0,Collision,,,
2015,16,United States Grand Prix,2015-10-25,hamilton,HAM,Lewis Hamilton,mercedes,Mercedes,44,2,1,25.0,56,Finished,2.0,,197.014
2015,16,United States Grand Prix,2015-10-25,rosberg,ROS,Nico Rosberg,mercedes,Mercedes,6,1,2,18.0,56,Finished,1.0,,197.154
2015,16,United States Grand Prix,2015-10-25,vettel,VET,Sebastian Vettel,ferrari,Ferrari,5,13,3,15.0,56,Finished,3.0,,195.863
2015,16,United States Grand Prix,2015-10-25,max_verstappen,VER,Max Verstappen,toro_rosso,Toro Rosso,33,8,4,12.0,56,Finished,9.0,,192.366
2015,16,United States Grand Prix,2015-10-25,perez,PER,Sergio Pérez,force_india,Force India,11,5,5,10.0,56,Finished,7.0,,192.668
2015,16,United States Grand Prix,2015-10-25,button,BUT,Jenson Button,mclaren,McLaren,22,11,6,8.0,56,Finished,8.0,,192.638
2015,16,United States Grand Prix,2015-10-25,sainz,SAI,Carlos Sainz,toro_rosso,Toro Rosso,55,20,7,6.0,56,Finished,5.0,,193.325
2015,16,United States Grand Prix,2015-10-25,maldonado,MAL,Pastor Maldonado,lotus_f1,Lotus F1,13,12,8,4.0,56,Finished,6.0,,192.97
2015,16,United States Grand Prix,2015-10-25,nasr,NAS,Felipe Nasr,sauber,Sauber,12,15,9,2.0,56,Finished,12.0,,190.09
2015,16,United States Grand Prix,2015-10-25,ricciardo,RIC,Daniel Ricciardo,red_bull,Red Bull,3,3,10,1.0,56,Finished,4.0,,194.614
2015,16,United States Grand Prix,2015-10-25,alonso,ALO,Fernando Alonso,mclaren,McLaren,14,9,11,0.0,56,Finished,11.0,,190.243
2015,16,United States Grand Prix,2015-10-25,rossi,RSS,Alexander Rossi,manor,Manor Marussia,53,17,12,0.0,56,Finished,16.0,,183.472
2015,16,United States Grand Prix,2015-10-25,kvyat,KVY,Daniil Kvyat,red_bull,Red Bull,26,4,13,0.0,41,Accident,10.0,,191.335
2015,16,United States Grand Prix,2015-10-25,hulkenberg,HUL,Nico Hülkenberg,force_india,Force India,27,6,14,0.0,35,Accident,13.0,,188.846
2015,16,United States Grand Prix,2015-10-25,ericsson,ERI,Marcus Ericsson,sauber,Sauber,9,14,15,0.0,25,Retired,15.0,,184.825
2015,16,United States Grand Prix,2015-10-25,raikkonen,RAI,Kimi Räikkönen,ferrari,Ferrari,7,18,16,0.0,25,Brake duct,14.0,,186.905
2015,16,United States Grand Prix,2015-10-25,massa,MAS,Felipe Massa,williams,Williams,19,7,17,0.0,23,Retired,17.0,,183.374
2015,16,United States Grand Prix,2015-10-25,grosjean,GRO,Romain Grosjean,lotus_f1,Lotus F1,8,10,18,0.0,10,Retired,18.0,,165.926
2015,16,United States Grand Prix,2015-10-25,bottas,BOT,Valtteri Bottas,williams,Williams,77,16,19,0.0,5,Retired,19.0,,130.623
2015,16,United States Grand Prix,2015-10-25,stevens,STE,Will Stevens,manor,Manor Marussia,28,19,20,0.0,1,Retired,,,
2015,17,Mexican Grand Prix,2015-11-01,rosberg,ROS,Nico Rosberg,mercedes,Mercedes,6,1,1,25.0,71,Finished,1.0,,192.426
2015,17,Mexican Grand Prix,2015-11-01,hamilton,HAM,Lewis Hamilton,mercedes,Mercedes,44,2,2,18.0,71,Finished,2.0,,191.945
2015,17,Mexican Grand Prix,2015-11-01,bottas,BOT,Valtteri Bottas,williams,Williams,77,6,3,15.0,71,Finished,4.0,,189.917
2015,17,Mexican Grand Prix,2015-11-01,kvyat,KVY,Daniil Kvyat,red_bull,Red Bull,26,4,4,12.0,71,Finished,3.0,,190.001
2015,17,Mexican Grand Prix,2015-11-01,ricciardo,RIC,Daniel Ricciardo,red_bull,Red Bull,3,5,5,10.0,71,Finished,5.0,,189.824
2015,17,Mexican Grand Prix,2015-11-01,massa,MAS,Felipe Massa,williams,Williams,19,7,6,8.0,71,Finished,7.0,,188.935
2015,17,Mexican Grand Prix,2015-11-01,hulkenberg,HUL,Nico Hülkenberg,force_india,Force India,27,10,7,6.0,71,Finished,9.0,,188.059
2015,17,Mexican Grand Prix,2015-11-01,perez,PER,Sergio Pérez,force_india,Force India,11,9,8,4.0,71,Finished,12.0,,187.227
2015,17,Mexican Grand Prix,2015-11-01,max_verstappen,VER,Max Verstappen,toro_rosso,Toro Rosso,33,8,9,2.0,71,Finished,10.0,,187.576
2015,17,Mexican Grand Prix,2015-11-01,grosjean,GRO,Romain Grosjean,lotus_f1,Lotus F1,8,12,10,1.0,71,Finished,13.0,,186.92
2015,17,Mexican Grand Prix,2015-11-01,maldonado,MAL,Pastor Maldonado,lotus_f1,Lotus F1,13,13,11,0.0,71,Finished,14.0,,186.762
2015,17,Mexican Grand Prix,2015-11-01,ericsson,ERI,Marcus Ericsson,sauber,Sauber,9,14,12,0.0,71,Finished,11.0,,187.32
2015,17,Mexican Grand Prix,2015-11-01,sainz,SAI,Carlos Sainz,toro_rosso,Toro Rosso,55,11,13,0.0,71,Finished,8.0,,188.56
2015,17,Mexican Grand Prix,2015-11-01,button,BUT,Jenson Button,mclaren,McLaren,22,20,14,0.0,71,Finished,15.0,,186.666
2015,17,Mexican Grand Prix,2015-11-01,rossi,RSS,Alexander Rossi,manor,Manor Marussia,53,16,15,0.0,69,+2 Laps,18.0,,182.276
2015,17,Mexican Grand Prix,2015-11-01,stevens,STE,Will Stevens,manor,Manor Marussia,28,17,16,0.0,69,+2 Laps,19.0,,181.136
2015,17,Mexican Grand Prix,2015-11-01,nasr,NAS,Felipe Nasr,sauber,Sauber,12,15,17,0.0,57,Brakes,16.0,,185.895
2015,17,Mexican Grand Prix,2015-11-01,vettel,VET,Sebastian Vettel,ferrari,Ferrari,5,3,18,0.0,50,Accident,6.0,,189.309
2015,17,Mexican Grand Prix,2015-11-01,raikkonen,RAI,Kimi Räikkönen,ferrari,Ferrari,7,19,19,0.0,21,Collision,17.0,,184.338
2015,17,Mexican Grand Prix,2015-11-01,alonso,ALO,Fernando Alonso,mclaren,McLaren,14,18,20,0.0,1,Retired,,,
2015,18,Brazilian Grand Prix,2015-11-15,rosberg,ROS,Nico Rosberg,mercedes,Mercedes,6,1,1,25.0,71,Finished,2.0,,206.95
2015,18,Brazilian Grand Prix,2015-11-15,hamilton,HAM,Lewis Hamilton,mercedes,Mercedes,44,2,2,18.0,71,Finished,1.0,,207.296
2015,18,Brazilian Grand Prix,2015-11-15,vettel,VET,Sebastian Vettel,ferrari,Ferrari,5,3,3,15.0,71,Finished,3.0,,206.705
2015,18,Brazilian Grand Prix,2015-11-15,raikkonen,RAI,Kimi Räikkönen,ferrari,Ferrari,7,4,4,12.0,71,Finished,4.0,,205.691
2015,18,Brazilian Grand Prix,2015-11-15,bottas,BOT,Valtteri Bottas,williams,Williams,77,7,5,10.0,70,+1 Lap,10.0,,204.005
2015,18,Brazilian Grand Prix,2015-11-15,hulkenberg,HUL,Nico Hülkenberg,force_india,Force India,27,5,6,8.0,70,+1 Lap,16.0,,202.052
2015,18,Brazilian Grand Prix,2015-11-15,kvyat,KVY,Daniil Kvyat,red_bull,Red Bull,26,6,7,6.0,70,+1 Lap,14.0,,202.776
2015,18,Brazilian Grand Prix,2015-11-15,grosjean,GRO,Romain Grosjean,lotus_f1,Lotus F1,8,14,8,4.0,70,+1 Lap,5.0,,204.813
2015,18,Brazilian Grand Prix,2015-11-15,max_verstappen,VER,Max Verstappen,toro_rosso,Toro Rosso,33,9,9,2.0,70,+1 Lap,9.0,,204.185
2015,18,Brazilian Grand Prix,2015-11-15,maldonado,MAL,Pastor Maldonado,lotus_f1,Lotus F1,13,15,10,1.0,70,+1 Lap,13.0,,203.164
2015,18,Brazilian Grand Prix,2015-11-15,ricciardo,RIC,Daniel Ricciardo,red_bull,Red Bull,3,19,11,0.0,70,+1 Lap,11.0,,203.273
2015,18,Brazilian Grand Prix,2015-11-15,perez,PER,Sergio Pérez,force_india,Force India,11,11,12,0.0,70,+1 Lap,8.0,,204.191
2015,18,Brazilian Grand Prix,2015-11-15,nasr,NAS,Felipe Nasr,sauber,Sauber,12,13,13,0.0,70,+1 Lap,17.0,,202.0
2015,18,Brazilian Grand Prix,2015-11-15,button,BUT,Jenson Button,mclaren,McLaren,22,16,14,0.0,70,+1 Lap,12.0,,203.252
2015,18,Brazilian Grand Prix,2015-11-15,alonso,ALO,Fernando Alonso,mclaren,McLaren,14,20,15,0.0,70,+1 Lap,15.0,,202.726
2015,18,Brazilian Grand Prix,2015-11-15,ericsson,ERI,Marcus Ericsson,sauber,Sauber,9,12,16,0.0,69,+2 Laps,7.0,,204.678
2015,18,Brazilian Grand Prix,2015-11-15,stevens,STE,Will Stevens,manor,Manor Marussia,28,18,17,0.0,67,+4 Laps,19.0,,196.116
2015,18,Brazilian Grand Prix,2015-11-15,rossi,RSS,Alexander Rossi,manor,Manor Marussia,53,17,18,0.0,67,+4 Laps,18.0,,197.316
2015,18,Brazilian Grand Prix,2015-11-15,sainz,SAI,Carlos Sainz,toro_rosso,Toro Rosso,55,10,19,0.0,0,Retired,,,
2015,18,Brazilian Grand Prix,2015-11-15,massa,MAS,Felipe Massa,williams,Williams,19,8,20,0.0,70,Excluded,6.0,,204.803
2015,19,Abu Dhabi Grand Prix,2015-11-29,rosberg,ROS,Nico Rosberg,mercedes,Mercedes,6,1,1,25.0,55,Finished,5.0,,189.779
2015,19,Abu Dhabi Grand Prix,2015-11-29,hamilton,HAM,Lewis Hamilton,mercedes,Mercedes,44,2,2,18.0,55,Finished,1.0,,191.302
2015,19,Abu Dhabi Grand Prix,2015-11-29,raikkonen,RAI,Kimi Räikkönen,ferrari,Ferrari,7,3,3,15.0,55,Finished,4.0,,190.528
2015,19,Abu Dhabi Grand Prix,2015-11-29,vettel,VET,Sebastian Vettel,ferrari,Ferrari,5,15,4,12.0,55,Finished,2.0,,191.242
2015,19,Abu Dhabi Grand Prix,2015-11-29,perez,PER,Sergio Pérez,force_india,Force India,11,4,5,10.0,55,Finished,8.0,,188.818
2015,19,Abu Dhabi Grand Prix,2015-11-29,ricciardo,RIC,Daniel Ricciardo,red_bull,Red Bull,3,5,6,8.0,55,Finished,9.0,,188.085
2015,19,Abu Dhabi Grand Prix,2015-11-29,hulkenberg,HUL,Nico Hülkenberg,force_india,Force India,27,7,7,6.0,55,Finished,16.0,,186.751
2015,19,Abu Dhabi Grand Prix,2015-11-29,massa,MAS,Felipe Massa,williams,Williams,19,8,8,4.0,55,Finished,14.0,,186.891
2015,19,Abu Dhabi Grand Prix,2015-11-29,grosjean,GRO,Romain Grosjean,lotus_f1,Lotus F1,8,18,9,2.0,55,Finished,7.0,,188.877
2015,19,Abu Dhabi Grand Prix,2015-11-29,kvyat,KVY,Daniil Kvyat,red_bull,Red Bull,26,9,10,1.0,55,Finished,13.0,,187.069
2015,19,Abu Dhabi Grand Prix,2015-11-29,sainz,SAI,Carlos Sainz,toro_rosso,Toro Rosso,55,10,11,0.0,55,Finished,15.0,,186.867
2015,19,Abu Dhabi Grand Prix,2015-11-29,button,BUT,Jenson Button,mclaren,McLaren,22,12,12,0.0,54,+1 Lap,17.0,,185.978
2015,19,Abu Dhabi Grand Prix,2015-11-29,bottas,BOT,Valtteri Bottas,williams,Williams,77,6,13,0.0,54,+1 Lap,11.0,,187.804
2015,19,Abu Dhabi Grand Prix,2015-11-29,ericsson,ERI,Marcus Ericsson,sauber,Sauber,9,17,14,0.0,54,+1 Lap,12.0,,187.71
2015,19,Abu Dhabi Grand Prix,2015-11-29,nasr,NAS,Felipe Nasr,sauber,Sauber,12,14,15,0.0,54,+1 Lap,10.0,,187.874
2015,19,Abu Dhabi Grand Prix,2015-11-29,max_verstappen,VER,Max Verstappen,toro_rosso,Toro Rosso,33,11,16,0.0,54,+1 Lap,6.0,,189.079
2015,19,Abu Dhabi Grand Prix,2015-11-29,alonso,ALO,Fernando Alonso,mclaren,McLaren,14,16,17,0.0,53,+2 Laps,3.0,,190.793
2015,19,Abu Dhabi Grand Prix,2015-11-29,stevens,STE,Will Stevens,manor,Manor Marussia,28,19,18,0.0,53,+2 Laps,18.0,,182.414
2015,19,Abu Dhabi Grand Prix,2015-11-29,merhi,MER,Roberto Merhi,manor,Manor Marussia,98,20,19,0.0,52,+3 Laps,19.0,,179.784
2015,19,Abu Dhabi Grand Prix,2015-11-29,maldonado,MAL,Pastor Maldonado,lotus_f1,Lotus F1,13,13,20,0.0,0,Collision,,,
2016,1,Australian Grand Prix,2016-03-20,rosberg,ROS,Nico Rosberg,mercedes,Mercedes,6,2,1,25.0,57,Finished,3.0,,210.815
2016,1,Australian Grand Prix,2016-03-20,hamilton,HAM,Lewis Hamilton,mercedes,Mercedes,44,1,2,18.0,57,Finished,4.0,,210.608
2016,1,Australian Grand Prix,2016-03-20,vettel,VET,Sebastian Vettel,ferrari,Ferrari,5,3,3,15.0,57,Finished,2.0,,212.235
2016,1,Australian Grand Prix,2016-03-20,ricciardo,RIC,Daniel Ricciardo,red_bull,Red Bull,3,8,4,12.0,57,Finished,1.0,,214.51
2016,1,Australian Grand Prix,2016-03-20,massa,MAS,Felipe Massa,williams,Williams,19,6,5,10.0,57,Finished,9.0,,206.861
2016,1,Australian Grand Prix,2016-03-20,grosjean,GRO,Romain Grosjean,haas,Haas F1 Team,8,19,6,8.0,57,Finished,17.0,,205.582
2016,1,Australian Grand Prix,2016-03-20,hulkenberg,HUL,Nico Hülkenberg,force_india,Force India,27,10,7,6.0,57,Finished,16.0,,205.646
2016,1,Australian Grand Prix,2016-03-20,bottas,BOT,Valtteri Bottas,williams,Williams,77,16,8,4.0,57,Finished,14.0,,205.886
2016,1,Australian Grand Prix,2016-03-20,sainz,SAI,Carlos Sainz,toro_rosso,Toro Rosso,55,7,9,2.0,57,Finished,7.0,,208.253
2016,1,Australian Grand Prix,2016-03-20,max_verstappen,VER,Max Verstappen,toro_rosso,Toro Rosso,33,5,10,1.0,57,Finished,6.0,,208.606
2016,1,Australian Grand Prix,2016-03-20,jolyon_palmer,PAL,Jolyon Palmer,renault,Renault,30,13,11,0.0,57,Finished,18.0,,205.376
2016,1,Australian Grand Prix,2016-03-20,kevin_magnussen,MAG,Kevin Magnussen,renault,Renault,20,14,12,0.0,57,Finished,10.0,,206.494
2016,1,Australian Grand Prix,2016-03-20,perez,PER,Sergio Pérez,force_india,Force India,11,9,13,0.0,57,Finished,15.0,,205.764
2016,1,Australian Grand Prix,2016-03-20,button,BUT,Jenson Button,mclaren,McLaren,22,12,14,0.0,56,+1 Lap,8.0,,208.223
2016,1,Australian Grand Prix,2016-03-20,nasr,NAS,Felipe Nasr,sauber,Sauber,12,17,15,0.0,56,+1 Lap,13.0,,205.917
2016,1,Australian Grand Prix,2016-03-20,wehrlein,WEH,Pascal Wehrlein,manor,Manor Marussia,94,21,16,0.0,56,+1 Lap,12.0,,206.001
2016,1,Australian Grand Prix,2016-03-20,ericsson,ERI,Marcus Ericsson,sauber,Sauber,9,15,17,0.0,38,Engine,21.0,,203.327
2016,1,Australian Grand Prix,2016-03-20,raikkonen,RAI,Kimi Räikkönen,ferrari,Ferrari,7,4,18,0.0,21,Engine,5.0,,210.48
2016,1,Australian Grand Prix,2016-03-20,haryanto,HAR,Rio Haryanto,manor,Manor Marussia,88,22,19,0.0,17,Mechanical,20.0,,203.424
2016,1,Australian Grand Prix,2016-03-20,gutierrez,GUT,Esteban Gutiérrez,haas,Haas F1 Team,21,20,20,0.0,16,Collision,19.0,,205.281
2016,1,Australian Grand Prix,2016-03-20,alonso,ALO,Fernando Alonso,mclaren,McLaren,14,11,21,0.0,16,Collision,11.0,,206.268
2016,1,Australian Grand Prix,2016-03-20,kvyat,KVY,Daniil Kvyat,red_bull,Red Bull,26,18,22,0.0,0,Retired,,,
2016,2,Bahrain Grand Prix,2016-04-03,rosberg,ROS,Nico Rosberg,mercedes,Mercedes,6,2,1,25.0,57,Finished,1.0,,206.21
2016,2,Bahrain Grand Prix,2016-04-03,raikkonen,RAI,Kimi Räikkönen,ferrari,Ferrari,7,4,2,18.0,57,Finished,3.0,,204.745
2016,2,Bahrain Grand Prix,2016-04-03,hamilton,HAM,Lewis Hamilton,mercedes,Mercedes,44,1,3,15.0,57,Finished,2.0,,205.785
2016,2,Bahrain Grand Prix,2016-04-03,ricciardo,RIC,Daniel Ricciardo,red_bull,Red Bull,3,5,4,12.0,57,Finished,9.0,,202.814
2016,2,Bahrain Grand Prix,2016-04-03,grosjean,GRO,Romain Grosjean,haas,Haas F1 Team,8,9,5,10.0,57,Finished,11.0,,202.749
2016,2,Bahrain Grand Prix,2016-04-03,max_verstappen,VER,Max Verstappen,toro_rosso,Toro Rosso,33,10,6,8.0,57,Finished,7.0,,204.004
2016,2,Bahrain Grand Prix,2016-04-03,kvyat,KVY,Daniil Kvyat,red_bull,Red Bull,26,15,7,6.0,56,+1 Lap,8.0,,203.633
2016,2,Bahrain Grand Prix,2016-04-03,massa,MAS,Felipe Massa,williams,Williams,19,7,8,4.0,56,+1 Lap,16.0,,199.704
2016,2,Bahrain Grand Prix,2016-04-03,bottas,BOT,Valtteri Bottas,williams,Williams,77,6,9,2.0,56,+1 Lap,15.0,,200.698
2016,2,Bahrain Grand Prix,2016-04-03,vandoorne,VAN,Stoffel Vandoorne,mclaren,McLaren,47,12,10,1.0,56,+1 Lap,12.0,,202.694
2016,2,Bahrain Grand Prix,2016-04-03,kevin_magnussen,MAG,Kevin Magnussen,renault,Renault,20,22,11,0.0,56,+1 Lap,14.0,,201.418
2016,2,Bahrain Grand Prix,2016-04-03,ericsson,ERI,Marcus Ericsson,sauber,Sauber,9,17,12,0.0,56,+1 Lap,17.0,,198.802
2016,2,Bahrain Grand Prix,2016-04-03,wehrlein,WEH,Pascal Wehrlein,manor,Manor Marussia,94,16,13,0.0,56,+1 Lap,6.0,,204.123
2016,2,Bahrain Grand Prix,2016-04-03,nasr,NAS,Felipe Nasr,sauber,Sauber,12,21,14,0.0,56,+1 Lap,5.0,,204.312
2016,2,Bahrain Grand Prix,2016-04-03,hulkenberg,HUL,Nico Hülkenberg,force_india,Force India,27,8,15,0.0,56,+1 Lap,4.0,,204.681
2016,2,Bahrain Grand Prix,2016-04-03,perez,PER,Sergio Pérez,force_india,Force India,11,18,16,0.0,56,+1 Lap,10.0,,202.808
2016,2,Bahrain Grand Prix,2016-04-03,haryanto,HAR,Rio Haryanto,manor,Manor Marussia,88,20,17,0.0,56,+1 Lap,13.0,,201.512
2016,2,Bahrain Grand Prix,2016-04-03,sainz,SAI,Carlos Sainz,toro_rosso,Toro Rosso,55,11,18,0.0,29,Retired,18.0,,197.983
2016,2,Bahrain Grand Prix,2016-04-03,gutierrez,GUT,Esteban Gutiérrez,haas,Haas F1 Team,21,13,19,0.0,9,Retired,19.0,,196.124
2016,2,Bahrain Grand Prix,2016-04-03,button,BUT,Jenson Button,mclaren,McLaren,22,14,20,0.0,6,Power Unit,20.0,,195.954
2016,2,Bahrain Grand Prix,2016-04-03,vettel,VET,Sebastian Vettel,ferrari,Ferrari,5,3,21,0.0,0,Engine,,,
2016,2,Bahrain Grand Prix,2016-04-03,jolyon_palmer,PAL,Jolyon Palmer,renault,Renault,30,19,22,0.0,0,Hydraulics,,,
2016,3,Chinese Grand Prix,2016-04-17,rosberg,ROS,Nico Rosberg,mercedes,Mercedes,6,1,1,25.0,56,Finished,6.0,,195.419
2016,3,Chinese Grand Prix,2016-04-17,vettel,VET,Sebastian Vettel,ferrari,Ferrari,5,4,2,18.0,56,Finished,9.0,,195.046
2016,3,Chinese Grand Prix,2016-04-17,kvyat,KVY,Daniil Kvyat,red_bull,Red Bull,26,6,3,15.0,56,Finished,14.0,,193.248
2016,3,Chinese Grand Prix,2016-04-17,ricciardo,RIC,Daniel Ricciardo,red_bull,Red Bull,3,2,4,12.0,56,Finished,11.0,,194.264
2016,3,Chinese Grand Prix,2016-04-17,raikkonen,RAI,Kimi Räikkönen,ferrari,Ferrari,7,3,5,10.0,56,Finished,8.0,,195.079
2016,3,Chinese Grand Prix,2016-04-17,massa,MAS,Felipe Massa,williams,Williams,19,10,6,8.0,56,Finished,16.0,,192.737
2016,3,Chinese Grand Prix,2016-04-17,hamilton,HAM,Lewis Hamilton,mercedes,Mercedes,44,22,7,6.0,56,Finished,10.0,,194.945
2016,3,Chinese Grand Prix,2016-04-17,max_verstappen,VER,Max Verstappen,toro_rosso,Toro Rosso,33,9,8,4.0,56,Finished,5.0,,195.456
2016,3,Chinese Grand Prix,2016-04-17,sainz,SAI,Carlos Sainz,toro_rosso,Toro Rosso,55,8,9,2.0,56,Finished,12.0,,193.364
2016,3,Chinese Grand Prix,2016-04-17,bottas,BOT,Valtteri Bottas,williams,Williams,77,5,10,1.0,56,Finished,15.0,,193.225
2016,3,Chinese Grand Prix,2016-04-17,perez,PER,Sergio Pérez,force_india,Force India,11,7,11,0.0,56,Finished,17.0,,192.679
2016,3,Chinese Grand Prix,2016-04-17,alonso,ALO,Fernando Alonso,mclaren,McLaren,14,11,12,0.0,56,Finished,19.0,,191.962
2016,3,Chinese Grand Prix,2016-04-17,button,BUT,Jenson Button,mclaren,McLaren,22,12,13,0.0,56,Finished,3.0,,195.652
2016,3,Chinese Grand Prix,2016-04-17,gutierrez,GUT,Esteban Gutiérrez,haas,Haas F1 Team,21,18,14,0.0,55,+1 Lap,4.0,,195.516
2016,3,Chinese Grand Prix,2016-04-17,hulkenberg,HUL,Nico Hülkenberg,force_india,Force India,27,13,15,0.0,55,+1 Lap,1.0,,196.581
2016,3,Chinese Grand Prix,2016-04-17,ericsson,ERI,Marcus Ericsson,sauber,Sauber,9,15,16,0.0,55,+1 Lap,22.0,,190.024
2016,3,Chinese Grand Prix,2016-04-17,kevin_magnussen,MAG,Kevin Magnussen,renault,Renault,20,17,17,0.0,55,+1 Lap,21.0,,191.803
2016,3,Chinese Grand Prix,2016-04-17,wehrlein,WEH,Pascal Wehrlein,manor,Manor Marussia,94,21,18,0.0,55,+1 Lap,13.0,,193.356
2016,3,Chinese Grand Prix,2016-04-17,grosjean,GRO,Romain Grosjean,haas,Haas F1 Team,8,14,19,0.0,55,+1 Lap,2.0,,196.387
2016,3,Chinese Grand Prix,2016-04-17,nasr,NAS,Felipe Nasr,sauber,Sauber,12,16,20,0.0,55,+1 Lap,7.0,,195.1
2016,3,Chinese Grand Prix,2016-04-17,haryanto,HAR,Rio Haryanto,manor,Manor Marussia,88,20,21,0.0,55,+1 Lap,18.0,,192.371
2016,3,Chinese Grand Prix,2016-04-17,jolyon_palmer,PAL,Jolyon Palmer,renault,Renault,30,19,22,0.0,55,+1 Lap,20.0,,191.951
2016,4,Russian Grand Prix,2016-05-01,rosberg,ROS,Nico Rosberg,mercedes,Mercedes,6,1,1,25.0,53,Finished,1.0,,212.452
2016,4,Russian Grand Prix,2016-05-01,hamilton,HAM,Lewis Hamilton,mercedes,Mercedes,44,10,2,18.0,53,Finished,4.0,,209.969
2016,4,Russian Grand Prix,2016-05-01,raikkonen,RAI,Kimi Räikkönen,ferrari,Ferrari,7,3,3,15.0,53,Finished,3.0,,210.315
2016,4,Russian Grand Prix,2016-05-01,bottas,BOT,Valtteri Bottas,williams,Williams,77,2,4,12.0,53,Finished,6.0,,208.115
2016,4,Russian Grand Prix,2016-05-01,massa,MAS,Felipe Massa,williams,Williams,19,4,5,10.0,53,Finished,2.0,,211.07
2016,4,Russian Grand Prix,2016-05-01,alonso,ALO,Fernando Alonso,mclaren,McLaren,14,14,6,8.0,52,+1 Lap,5.0,,209.799
2016,4,Russian Grand Prix,2016-05-01,kevin_magnussen,MAG,Kevin Magnussen,renault,Renault,20,17,7,6.0,52,+1 Lap,9.0,,206.74
2016,4,Russian Grand Prix,2016-05-01,grosjean,GRO,Romain Grosjean,haas,Haas F1 Team,8,15,8,4.0,52,+1 Lap,12.0,,206.347
2016,4,Russian Grand Prix,2016-05-01,perez,PER,Sergio Pérez,force_india,Force India,11,6,9,2.0,52,+1 Lap,10.0,,206.608
2016,4,Russian Grand Prix,2016-05-01,button,BUT,Jenson Button,mclaren,McLaren,22,12,10,1.0,52,+1 Lap,8.0,,206.968
2016,4,Russian Grand Prix,2016-05-01,ricciardo,RIC,Daniel Ricciardo,red_bull,Red Bull,3,5,11,0.0,52,+1 Lap,7.0,,208.074
2016,4,Russian Grand Prix,2016-05-01,sainz,SAI,Carlos Sainz,toro_rosso,Toro Rosso,55,11,12,0.0,52,+1 Lap,15.0,,205.986
2016,4,Russian Grand Prix,2016-05-01,jolyon_palmer,PAL,Jolyon Palmer,renault,Renault,30,18,13,0.0,52,+1 Lap,19.0,,205.073
2016,4,Russian Grand Prix,2016-05-01,ericsson,ERI,Marcus Ericsson,sauber,Sauber,9,22,14,0.0,52,+1 Lap,14.0,,206.298
2016,4,Russian Grand Prix,2016-05-01,kvyat,KVY,Daniil Kvyat,red_bull,Red Bull,26,8,15,0.0,52,+1 Lap,17.0,,205.706
2016,4,Russian Grand Prix,2016-05-01,nasr,NAS,Felipe Nasr,sauber,Sauber,12,19,16,0.0,52,+1 Lap,16.0,,205.889
2016,4,Russian Grand Prix,2016-05-01,gutierrez,GUT,Esteban Gutiérrez,haas,Haas F1 Team,21,16,17,0.0,52,+1 Lap,18.0,,205.637
2016,4,Russian Grand Prix,2016-05-01,wehrlein,WEH,Pascal Wehrlein,manor,Manor Marussia,94,20,18,0.0,51,+2 Laps,11.0,,206.588
2016,4,Russian Grand Prix,2016-05-01,max_verstappen,VER,Max Verstappen,toro_rosso,Toro Rosso,33,9,19,0.0,33,Power Unit,13.0,,206.341
2016,4,Russian Grand Prix,2016-05-01,vettel,VET,Sebastian Vettel,ferrari,Ferrari,5,7,20,0.0,0,Collision,,,
2016,4,Russian Grand Prix,2016-05-01,hulkenberg,HUL,Nico Hülkenberg,force_india,Force India,27,13,21,0.0,0,Collision,,,
2016,4,Russian Grand Prix,2016-05-01,haryanto,HAR,Rio Haryanto,manor,Manor Marussia,88,21,22,0.0,0,Collision,,,
2016,5,Spanish Grand Prix,2016-05-15,max_verstappen,VER,Max Verstappen,red_bull,Red Bull,33,4,1,25.0,66,Finished,6.0,,188.682
2016,5,Spanish Grand Prix,2016-05-15,raikkonen,RAI,Kimi Räikkönen,ferrari,Ferrari,7,5,2,18.0,66,Finished,4.0,,189.274
2016,5,Spanish Grand Prix,2016-05-15,vettel,VET,Sebastian Vettel,ferrari,Ferrari,5,6,3,15.0,66,Finished,2.0,,190.488
2016,5,Spanish Grand Prix,2016-05-15,ricciardo,RIC,Daniel Ricciardo,red_bull,Red Bull,3,3,4,12.0,66,Finished,3.0,,189.98
2016,5,Spanish Grand Prix,2016-05-15,bottas,BOT,Valtteri Bottas,williams,Williams,77,7,5,10.0,66,Finished,8.0,,188.12
2016,5,Spanish Grand Prix,2016-05-15,sainz,SAI,Carlos Sainz,toro_rosso,Toro Rosso,55,8,6,8.0,66,Finished,11.0,,186.899
2016,5,Spanish Grand Prix,2016-05-15,perez,PER,Sergio Pérez,force_india,Force India,11,9,7,6.0,66,Finished,15.0,,186.612
2016,5,Spanish Grand Prix,2016-05-15,massa,MAS,Felipe Massa,williams,Williams,19,18,8,4.0,66,Finished,9.0,,187.789
2016,5,Spanish Grand Prix,2016-05-15,button,BUT,Jenson Button,mclaren,McLaren,22,12,9,2.0,65,+1 Lap,18.0,,185.663
2016,5,Spanish Grand Prix,2016-05-15,kvyat,KVY,Daniil Kvyat,toro_rosso,Toro Rosso,26,13,10,1.0,65,+1 Lap,1.0,,192.735
2016,5,Spanish Grand Prix,2016-05-15,gutierrez,GUT,Esteban Gutiérrez,haas,Haas F1 Team,21,16,11,0.0,65,+1 Lap,17.0,,185.912
2016,5,Spanish Grand Prix,2016-05-15,ericsson,ERI,Marcus Ericsson,sauber,Sauber,9,19,12,0.0,65,+1 Lap,12.0,,186.791
2016,5,Spanish Grand Prix,2016-05-15,jolyon_palmer,PAL,Jolyon Palmer,renault,Renault,30,17,13,0.0,65,+1 Lap,14.0,,186.658
2016,5,Spanish Grand Prix,2016-05-15,kevin_magnussen,MAG,Kevin Magnussen,renault,Renault,20,15,14,0.0,65,+1 Lap,5.0,,188.894
2016,5,Spanish Grand Prix,2016-05-15,nasr,NAS,Felipe Nasr,sauber,Sauber,12,20,15,0.0,65,+1 Lap,16.0,,186.396
2016,5,Spanish Grand Prix,2016-05-15,wehrlein,WEH,Pascal Wehrlein,manor,Manor Marussia,94,21,16,0.0,65,+1 Lap,19.0,,183.786
2016,5,Spanish Grand Prix,2016-05-15,haryanto,HAR,Rio Haryanto,manor,Manor Marussia,88,22,17,0.0,65,+1 Lap,10.0,,187.445
2016,5,Spanish Grand Prix,2016-05-15,grosjean,GRO,Romain Grosjean,haas,Haas F1 Team,8,14,18,0.0,56,Engine,7.0,,188.347
2016,5,Spanish Grand Prix,2016-05-15,alonso,ALO,Fernando Alonso,mclaren,McLaren,14,10,19,0.0,45,Engine,13.0,,186.718
2016,5,Spanish Grand Prix,2016-05-15,hulkenberg,HUL,Nico Hülkenberg,force_india,Force India,27,11,20,0.0,20,Engine,20.0,,182.529
2016,5,Spanish Grand Prix,2016-05-15,hamilton,HAM,Lewis Hamilton,mercedes,Mercedes,44,1,21,0.0,0,Collision,,,
2016,5,Spanish Grand Prix,2016-05-15,rosberg,ROS,Nico Rosberg,mercedes,Mercedes,6,2,22,0.0,0,Collision,,,
2016,6,Monaco Grand Prix,2016-05-29,hamilton,HAM,Lewis Hamilton,mercedes,Mercedes,44,3,1,25.0,78,Finished,1.0,,154.135
2016,6,Monaco Grand Prix,2016-05-29,ricciardo,RIC,Daniel Ricciardo,red_bull,Red Bull,3,1,2,18.0,78,Finished,3.0,,153.437
2016,6,Monaco Grand Prix,2016-05-29,perez,PER,Sergio Pérez,force_india,Force India,11,7,3,15.0,78,Finished,4.0,,153.139
2016,6,Monaco Grand Prix,2016-05-29,vettel,VET,Sebastian Vettel,ferrari,Ferrari,5,4,4,12.0,78,Finished,2.0,,154.005
2016,6,Monaco Grand Prix,2016-05-29,alonso,ALO,Fernando Alonso,mclaren,McLaren,14,9,5,10.0,78,Finished,8.0,,151.739
2016,6,Monaco Grand Prix,2016-05-29,hulkenberg,HUL,Nico Hülkenberg,force_india,Force India,27,5,6,8.0,78,Finished,11.0,,151.62
2016,6,Monaco Grand Prix,2016-05-29,rosberg,ROS,Nico Rosberg,mercedes,Mercedes,6,2,7,6.0,78,Finished,6.0,,152.523
2016,6,Monaco Grand Prix,2016-05-29,sainz,SAI,Carlos Sainz,toro_rosso,Toro Rosso,55,6,8,4.0,77,+1 Lap,5.0,,152.997
2016,6,Monaco Grand Prix,2016-05-29,button,BUT,Jenson Button,mclaren,McLaren,22,13,9,2.0,77,+1 Lap,12.0,,150.786
2016,6,Monaco Grand Prix,2016-05-29,massa,MAS,Felipe Massa,williams,Williams,19,14,10,1.0,77,+1 Lap,9.0,,151.656
2016,6,Monaco Grand Prix,2016-05-29,gutierrez,GUT,Esteban Gutiérrez,haas,Haas F1 Team,21,12,11,0.0,77,+1 Lap,7.0,,151.814
2016,6,Monaco Grand Prix,2016-05-29,bottas,BOT,Valtteri Bottas,williams,Williams,77,10,12,0.0,77,+1 Lap,10.0,,151.637
2016,6,Monaco Grand Prix,2016-05-29,grosjean,GRO,Romain Grosjean,haas,Haas F1 Team,8,15,13,0.0,76,+2 Laps,14.0,,149.755
2016,6,Monaco Grand Prix,2016-05-29,wehrlein,WEH,Pascal Wehrlein,manor,Manor Marussia,94,20,14,0.0,76,+2 Laps,15.0,,149.469
2016,6,Monaco Grand Prix,2016-05-29,haryanto,HAR,Rio Haryanto,manor,Manor Marussia,88,19,15,0.0,74,+4 Laps,13.0,,150.413
2016,6,Monaco Grand Prix,2016-05-29,ericsson,ERI,Marcus Ericsson,sauber,Sauber,9,17,16,0.0,51,Collision,16.0,,147.687
2016,6,Monaco Grand Prix,2016-05-29,nasr,NAS,Felipe Nasr,sauber,Sauber,12,0,17,0.0,48,Retired,17.0,,146.701
2016,6,Monaco Grand Prix,2016-05-29,max_verstappen,VER,Max Verstappen,red_bull,Red Bull,33,0,18,0.0,34,Accident,18.0,,138.779
2016,6,Monaco Grand Prix,2016-05-29,kevin_magnussen,MAG,Kevin Magnussen,renault,Renault,20,16,19,0.0,32,Retired,19.0,,133.774
2016,6,Monaco Grand Prix,2016-05-29,kvyat,KVY,Daniil Kvyat,toro_rosso,Toro Rosso,26,8,20,0.0,18,Accident,20.0,,122.715
2016,6,Monaco Grand Prix,2016-05-29,raikkonen,RAI,Kimi Räikkönen,ferrari,Ferrari,7,11,21,0.0,10,Accident,21.0,,112.116
2016,6,Monaco Grand Prix,2016-05-29,jolyon_palmer,PAL,Jolyon Palmer,renault,Renault,30,18,22,0.0,7,Accident,22.0,,101.399
2016,7,Canadian Grand Prix,2016-06-12,hamilton,HAM,Lewis Hamilton,mercedes,Mercedes,44,1,1,25.0,70,Finished,2.0,,206.625
2016,7,Canadian Grand Prix,2016-06-12,vettel,VET,Sebastian Vettel,ferrari,Ferrari,5,3,2,18.0,70,Finished,3.0,,205.769
2016,7,Canadian Grand Prix,2016-06-12,bottas,BOT,Valtteri Bottas,williams,Williams,77,7,3,15.0,70,Finished,10.0,,204.055
2016,7,Canadian Grand Prix,2016-06-12,max_verstappen,VER,Max Verstappen,red_bull,Red Bull,33,5,4,12.0,70,Finished,4.0,,205.71
2016,7,Canadian Grand Prix,2016-06-12,rosberg,ROS,Nico Rosberg,mercedes,Mercedes,6,2,5,10.0,70,Finished,1.0,,207.669
2016,7,Canadian Grand Prix,2016-06-12,raikkonen,RAI,Kimi Räikkönen,ferrari,Ferrari,7,6,6,8.0,70,Finished,9.0,,204.105
2016,7,Canadian Grand Prix,2016-06-12,ricciardo,RIC,Daniel Ricciardo,red_bull,Red Bull,3,4,7,6.0,70,Finished,5.0,,205.207
2016,7,Canadian Grand Prix,2016-06-12,hulkenberg,HUL,Nico Hülkenberg,force_india,Force India,27,9,8,4.0,69,+1 Lap,8.0,,204.944
2016,7,Canadian Grand Prix,2016-06-12,sainz,SAI,Carlos Sainz,toro_rosso,Toro Rosso,55,20,9,2.0,69,+1 Lap,7.0,,205.014
2016,7,Canadian Grand Prix,2016-06-12,perez,PER,Sergio Pérez,force_india,Force India,11,11,10,1.0,69,+1 Lap,6.0,,205.065
2016,7,Canadian Grand Prix,2016-06-12,alonso,ALO,Fernando Alonso,mclaren,McLaren,14,10,11,0.0,69,+1 Lap,13.0,,203.081
2016,7,Canadian Grand Prix,2016-06-12,kvyat,KVY,Daniil Kvyat,toro_rosso,Toro Rosso,26,15,12,0.0,69,+1 Lap,11.0,,204.044
2016,7,Canadian Grand Prix,2016-06-12,gutierrez,GUT,Esteban Gutiérrez,haas,Haas F1 Team,21,13,13,0.0,68,+2 Laps,15.0,,201.981
2016,7,Canadian Grand Prix,2016-06-12,grosjean,GRO,Romain Grosjean,haas,Haas F1 Team,8,14,14,0.0,68,+2 Laps,12.0,,203.149
2016,7,Canadian Grand Prix,2016-06-12,ericsson,ERI,Marcus Ericsson,sauber,Sauber,9,21,15,0.0,68,+2 Laps,17.0,,201.019
2016,7,Canadian Grand Prix,2016-06-12,kevin_magnussen,MAG,Kevin Magnussen,renault,Renault,20,22,16,0.0,68,+2 Laps,18.0,,200.7
2016,7,Canadian Grand Prix,2016-06-12,wehrlein,WEH,Pascal Wehrlein,manor,Manor Marussia,94,17,17,0.0,68,+2 Laps,19.0,,200.551
2016,7,Canadian Grand Prix,2016-06-12,nasr,NAS,Felipe Nasr,sauber,Sauber,12,18,18,0.0,68,+2 Laps,16.0,,201.579
2016,7,Canadian Grand Prix,2016-06-12,haryanto,HAR,Rio Haryanto,manor,Manor Marussia,88,19,19,0.0,68,+2 Laps,20.0,,199.593
2016,7,Canadian Grand Prix,2016-06-12,massa,MAS,Felipe Massa,williams,Williams,19,8,20,0.0,35,Retired,14.0,,202.774
2016,7,Canadian Grand Prix,2016-06-12,jolyon_palmer,PAL,Jolyon Palmer,renault,Renault,30,16,21,0.0,16,Retired,22.0,,196.542
2016,7,Canadian Grand Prix,2016-06-12,button,BUT,Jenson Button,mclaren,McLaren,22,12,22,0.0,9,Power Unit,21.0,,197.588
2016,8,European Grand Prix,2016-06-19,rosberg,ROS,Nico Rosberg,mercedes,Mercedes,6,1,1,25.0,51,Finished,1.0,,202.946
2016,8,European Grand Prix,2016-06-19,vettel,VET,Sebastian Vettel,ferrari,Ferrari,5,3,2,18.0,51,Finished,5.0,,201.917
2016,8,European Grand Prix,2016-06-19,perez,PER,Sergio Pérez,force_india,Force India,11,7,3,15.0,51,Finished,4.0,,201.988
2016,8,European Grand Prix,2016-06-19,raikkonen,RAI,Kimi Räikkönen,ferrari,Ferrari,7,4,4,12.0,51,Finished,6.0,,201.629
2016,8,European Grand Prix,2016-06-19,hamilton,HAM,Lewis Hamilton,mercedes,Mercedes,44,10,5,10.0,51,Finished,2.0,,202.306
2016,8,European Grand Prix,2016-06-19,bottas,BOT,Valtteri Bottas,williams,Williams,77,8,6,8.0,51,Finished,9.0,,200.836
2016,8,European Grand Prix,2016-06-19,ricciardo,RIC,Daniel Ricciardo,red_bull,Red Bull,3,2,7,6.0,51,Finished,12.0,,200.59
2016,8,European Grand Prix,2016-06-19,max_verstappen,VER,Max Verstappen,red_bull,Red Bull,33,9,8,4.0,51,Finished,3.0,,202.021
2016,8,European Grand Prix,2016-06-19,hulkenberg,HUL,Nico Hülkenberg,force_india,Force India,27,12,9,2.0,51,Finished,15.0,,200.077
2016,8,European Grand Prix,2016-06-19,massa,MAS,Felipe Massa,williams,Williams,19,5,10,1.0,51,Finished,13.0,,200.543
2016,8,European Grand Prix,2016-06-19,button,BUT,Jenson Button,mclaren,McLaren,22,19,11,0.0,51,Finished,10.0,,200.802
2016,8,European Grand Prix,2016-06-19,nasr,NAS,Felipe Nasr,sauber,Sauber,12,15,12,0.0,50,+1 Lap,11.0,,200.642
2016,8,European Grand Prix,2016-06-19,grosjean,GRO,Romain Grosjean,haas,Haas F1 Team,8,11,13,0.0,50,+1 Lap,14.0,,200.205
2016,8,European Grand Prix,2016-06-19,kevin_magnussen,MAG,Kevin Magnussen,renault,Renault,20,22,14,0.0,50,+1 Lap,19.0,,197.752
2016,8,European Grand Prix,2016-06-19,jolyon_palmer,PAL,Jolyon Palmer,renault,Renault,30,21,15,0.0,50,+1 Lap,8.0,,200.875
2016,8,European Grand Prix,2016-06-19,gutierrez,GUT,Esteban Gutiérrez,haas,Haas F1 Team,21,14,16,0.0,50,+1 Lap,7.0,,200.912
2016,8,European Grand Prix,2016-06-19,ericsson,ERI,Marcus Ericsson,sauber,Sauber,9,20,17,0.0,50,+1 Lap,17.0,,198.449
2016,8,European Grand Prix,2016-06-19,haryanto,HAR,Rio Haryanto,manor,Manor Marussia,88,16,18,0.0,49,+2 Laps,21.0,,194.053
2016,8,European Grand Prix,2016-06-19,alonso,ALO,Fernando Alonso,mclaren,McLaren,14,13,19,0.0,42,Gearbox,18.0,,198.08
2016,8,European Grand Prix,2016-06-19,wehrlein,WEH,Pascal Wehrlein,manor,Manor Marussia,94,17,20,0.0,39,Brakes,20.0,,195.447
2016,8,European Grand Prix,2016-06-19,sainz,SAI,Carlos Sainz,toro_rosso,Toro Rosso,55,18,21,0.0,31,Suspension,16.0,,198.621
2016,8,European Grand Prix,2016-06-19,kvyat,KVY,Daniil Kvyat,toro_rosso,Toro Rosso,26,6,22,0.0,6,Suspension,22.0,,190.963
2016,9,Austrian Grand Prix,2016-07-03,hamilton,HAM,Lewis Hamilton,mercedes,Mercedes,44,1,1,25.0,71,Finished,1.0,,227.647
2016,9,Austrian Grand Prix,2016-07-03,max_verstappen,VER,Max Verstappen,red_bull,Red Bull,33,8,2,18.0,71,Finished,5.0,,223.7
2016,9,Austrian Grand Prix,2016-07-03,raikkonen,RAI,Kimi Räikkönen,ferrari,Ferrari,7,4,3,15.0,71,Finished,4.0,,226.11
2016,9,Austrian Grand Prix,2016-07-03,rosberg,ROS,Nico Rosberg,mercedes,Mercedes,6,6,4,12.0,71,Finished,2.0,,227.381
2016,9,Austrian Grand Prix,2016-07-03,ricciardo,RIC,Daniel Ricciardo,red_bull,Red Bull,3,5,5,10.0,71,Finished,3.0,,226.459
2016,9,Austrian Grand Prix,2016-07-03,button,BUT,Jenson Button,mclaren,McLaren,22,3,6,8.0,71,Finished,9.0,,222.476
2016,9,Austrian Grand Prix,2016-07-03,grosjean,GRO,Romain Grosjean,haas,Haas F1 Team,8,13,7,6.0,71,Finished,8.0,,222.718
2016,9,Austrian Grand Prix,2016-07-03,sainz,SAI,Carlos Sainz,toro_rosso,Toro Rosso,55,15,8,4.0,71,Finished,11.0,,222.042
2016,9,Austrian Grand Prix,2016-07-03,bottas,BOT,Valtteri Bottas,williams,Williams,77,7,9,2.0,70,+1 Lap,12.0,,221.814
2016,9,Austrian Grand Prix,2016-07-03,wehrlein,WEH,Pascal Wehrlein,manor,Manor Marussia,94,12,10,1.0,70,+1 Lap,19.0,,219.782
2016,9,Austrian Grand Prix,2016-07-03,gutierrez,GUT,Esteban Gutiérrez,haas,Haas F1 Team,21,11,11,0.0,70,+1 Lap,6.0,,223.456
2016,9,Austrian Grand Prix,2016-07-03,jolyon_palmer,PAL,Jolyon Palmer,renault,Renault,30,19,12,0.0,70,+1 Lap,13.0,,221.757
2016,9,Austrian Grand Prix,2016-07-03,nasr,NAS,Felipe Nasr,sauber,Sauber,12,21,13,0.0,70,+1 Lap,16.0,,221.168
2016,9,Austrian Grand Prix,2016-07-03,kevin_magnussen,MAG,Kevin Magnussen,renault,Renault,20,17,14,0.0,70,+1 Lap,17.0,,221.058
2016,9,Austrian Grand Prix,2016-07-03,ericsson,ERI,Marcus Ericsson,sauber,Sauber,9,18,15,0.0,70,+1 Lap,18.0,,220.264
2016,9,Austrian Grand Prix,2016-07-03,haryanto,HAR,Rio Haryanto,manor,Manor Marussia,88,20,16,0.0,70,+1 Lap,15.0,,221.398
2016,9,Austrian Grand Prix,2016-07-03,perez,PER,Sergio Pérez,force_india,Force India,11,16,17,0.0,69,Brakes,10.0,,222.099
2016,9,Austrian Grand Prix,2016-07-03,alonso,ALO,Fernando Alonso,mclaren,McLaren,14,14,18,0.0,64,Battery,20.0,,219.284
2016,9,Austrian Grand Prix,2016-07-03,hulkenberg,HUL,Nico Hülkenberg,force_india,Force India,27,2,19,0.0,64,Brakes,14.0,,221.502
2016,9,Austrian Grand Prix,2016-07-03,massa,MAS,Felipe Massa,williams,Williams,19,0,20,0.0,63,Brakes,7.0,,222.801
2016,9,Austrian Grand Prix,2016-07-03,vettel,VET,Sebastian Vettel,ferrari,Ferrari,5,9,21,0.0,26,Tyre,21.0,,217.992
2016,9,Austrian Grand Prix,2016-07-03,kvyat,KVY,Daniil Kvyat,toro_rosso,Toro Rosso,26,0,22,0.0,2,Retired,22.0,,198.891
2016,10,British Grand Prix,2016-07-10,hamilton,HAM,Lewis Hamilton,mercedes,Mercedes,44,1,1,25.0,52,Finished,3.0,,221.44
2016,10,British Grand Prix,2016-07-10,max_verstappen,VER,Max Verstappen,red_bull,Red Bull,33,3,2,18.0,52,Finished,6.0,,219.979
2016,10,British Grand Prix,2016-07-10,rosberg,ROS,Nico Rosberg,mercedes,Mercedes,6,2,3,15.0,52,Finished,1.0,,221.957
2016,10,British Grand Prix,2016-07-10,ricciardo,RIC,Daniel Ricciardo,red_bull,Red Bull,3,4,4,12.0,52,Finished,4.0,,220.882
2016,10,British Grand Prix,2016-07-10,raikkonen,RAI,Kimi Räikkönen,ferrari,Ferrari,7,5,5,10.0,52,Finished,8.0,,218.648
2016,10,British Grand Prix,2016-07-10,perez,PER,Sergio Pérez,force_india,Force India,11,10,6,8.0,52,Finished,15.0,,216.625
2016,10,British Grand Prix,2016-07-10,hulkenberg,HUL,Nico Hülkenberg,force_india,Force India,27,8,7,6.0,52,Finished,11.0,,217.25
2016,10,British Grand Prix,2016-07-10,sainz,SAI,Carlos Sainz,toro_rosso,Toro Rosso,55,7,8,4.0,52,Finished,10.0,,217.734
2016,10,British Grand Prix,2016-07-10,vettel,VET,Sebastian Vettel,ferrari,Ferrari,5,11,9,2.0,52,Finished,7.0,,218.786
2016,10,British Grand Prix,2016-07-10,kvyat,KVY,Daniil Kvyat,toro_rosso,Toro Rosso,26,15,10,1.0,52,Finished,13.0,,217.141
2016,10,British Grand Prix,2016-07-10,massa,MAS,Felipe Massa,williams,Williams,19,12,11,0.0,51,+1 Lap,5.0,,220.588
2016,10,British Grand Prix,2016-07-10,button,BUT,Jenson Button,mclaren,McLaren,22,17,12,0.0,51,+1 Lap,16.0,,216.609
2016,10,British Grand Prix,2016-07-10,alonso,ALO,Fernando Alonso,mclaren,McLaren,14,9,13,0.0,51,+1 Lap,2.0,,221.676
2016,10,British Grand Prix,2016-07-10,bottas,BOT,Valtteri Bottas,williams,Williams,77,6,14,0.0,51,+1 Lap,9.0,,217.775
2016,10,British Grand Prix,2016-07-10,nasr,NAS,Felipe Nasr,sauber,Sauber,12,21,15,0.0,51,+1 Lap,17.0,,214.847
2016,10,British Grand Prix,2016-07-10,gutierrez,GUT,Esteban Gutiérrez,haas,Haas F1 Team,21,14,16,0.0,51,+1 Lap,14.0,,217.039
2016,10,British Grand Prix,2016-07-10,kevin_magnussen,MAG,Kevin Magnussen,renault,Renault,20,16,17,0.0,49,Gearbox,12.0,,217.248
2016,10,British Grand Prix,2016-07-10,jolyon_palmer,PAL,Jolyon Palmer,renault,Renault,30,18,18,0.0,37,Gearbox,18.0,,212.596
2016,10,British Grand Prix,2016-07-10,haryanto,HAR,Rio Haryanto,manor,Manor Marussia,88,19,19,0.0,24,Spun off,19.0,,209.189
2016,10,British Grand Prix,2016-07-10,grosjean,GRO,Romain Grosjean,haas,Haas F1 Team,8,13,20,0.0,17,Retired,20.0,,183.604
2016,10,British Grand Prix,2016-07-10,ericsson,ERI,Marcus Ericsson,sauber,Sauber,9,22,21,0.0,11,Power Unit,21.0,,176.309
2016,10,British Grand Prix,2016-07-10,wehrlein,WEH,Pascal Wehrlein,manor,Manor Marussia,94,20,22,0.0,6,Spun off,22.0,,125.634
2016,11,Hungarian Grand Prix,2016-07-24,hamilton,HAM,Lewis Hamilton,mercedes,Mercedes,44,2,1,25.0,70,Finished,3.0,,188.095
2016,11,Hungarian Grand Prix,2016-07-24,rosberg,ROS,Nico Rosberg,mercedes,Mercedes,6,1,2,18.0,70,Finished,2.0,,188.497
2016,11,Hungarian Grand Prix,2016-07-24,ricciardo,RIC,Daniel Ricciardo,red_bull,Red Bull,3,3,3,15.0,70,Finished,5.0,,186.407
2016,11,Hungarian Grand Prix,2016-07-24,vettel,VET,Sebastian Vettel,ferrari,Ferrari,5,5,4,12.0,70,Finished,4.0,,186.904
2016,11,Hungarian Grand Prix,2016-07-24,max_verstappen,VER,Max Verstappen,red_bull,Red Bull,33,4,5,10.0,70,Finished,7.0,,186.234
2016,11,Hungarian Grand Prix,2016-07-24,raikkonen,RAI,Kimi Räikkönen,ferrari,Ferrari,7,14,6,8.0,70,Finished,1.0,,189.822
2016,11,Hungarian Grand Prix,2016-07-24,alonso,ALO,Fernando Alonso,mclaren,McLaren,14,7,7,6.0,69,+1 Lap,8.0,,185.639
2016,11,Hungarian Grand Prix,2016-07-24,sainz,SAI,Carlos Sainz,toro_rosso,Toro Rosso,55,6,8,4.0,69,+1 Lap,10.0,,185.323
2016,11,Hungarian Grand Prix,2016-07-24,bottas,BOT,Valtteri Bottas,williams,Williams,77,10,9,2.0,69,+1 Lap,11.0,,184.954
2016,11,Hungarian Grand Prix,2016-07-24,hulkenberg,HUL,Nico Hülkenberg,force_india,Force India,27,9,10,1.0,69,+1 Lap,13.0,,184.696
2016,11,Hungarian Grand Prix,2016-07-24,perez,PER,Sergio Pérez,force_india,Force India,11,13,11,0.0,69,+1 Lap,9.0,,185.502
2016,11,Hungarian Grand Prix,2016-07-24,jolyon_palmer,PAL,Jolyon Palmer,renault,Renault,30,17,12,0.0,69,+1 Lap,16.0,,183.94
2016,11,Hungarian Grand Prix,2016-07-24,gutierrez,GUT,Esteban Gutiérrez,haas,Haas F1 Team,21,15,13,0.0,69,+1 Lap,17.0,,183.486
2016,11,Hungarian Grand Prix,2016-07-24,grosjean,GRO,Romain Grosjean,haas,Haas F1 Team,8,11,14,0.0,69,+1 Lap,18.0,,183.48
2016,11,Hungarian Grand Prix,2016-07-24,kevin_magnussen,MAG,Kevin Magnussen,renault,Renault,20,19,15,0.0,69,+1 Lap,19.0,,182.901
2016,11,Hungarian Grand Prix,2016-07-24,kvyat,KVY,Daniil Kvyat,toro_rosso,Toro Rosso,26,12,16,0.0,69,+1 Lap,6.0,,186.273
2016,11,Hungarian Grand Prix,2016-07-24,nasr,NAS,Felipe Nasr,sauber,Sauber,12,16,17,0.0,69,+1 Lap,15.0,,184.084
2016,11,Hungarian Grand Prix,2016-07-24,massa,MAS,Felipe Massa,williams,Williams,19,18,18,0.0,68,+2 Laps,12.0,,184.904
2016,11,Hungarian Grand Prix,2016-07-24,wehrlein,WEH,Pascal Wehrlein,manor,Manor Marussia,94,20,19,0.0,68,+2 Laps,20.0,,182.28
2016,11,Hungarian Grand Prix,2016-07-24,ericsson,ERI,Marcus Ericsson,sauber,Sauber,9,22,20,0.0,68,+2 Laps,14.0,,184.517
2016,11,Hungarian Grand Prix,2016-07-24,haryanto,HAR,Rio Haryanto,manor,Manor Marussia,88,21,21,0.0,68,+2 Laps,22.0,,179.649
2016,11,Hungarian Grand Prix,2016-07-24,button,BUT,Jenson Button,mclaren,McLaren,22,8,22,0.0,60,Oil leak,21.0,,181.817
2016,12,German Grand Prix,2016-07-31,hamilton,HAM,Lewis Hamilton,mercedes,Mercedes,44,2,1,25.0,67,Finished,3.0,,209.107
2016,12,German Grand Prix,2016-07-31,ricciardo,RIC,Daniel Ricciardo,red_bull,Red Bull,3,3,2,18.0,67,Finished,1.0,,209.918
2016,12,German Grand Prix,2016-07-31,max_verstappen,VER,Max Verstappen,red_bull,Red Bull,33,4,3,15.0,67,Finished,4.0,,208.673
2016,12,German Grand Prix,2016-07-31,rosberg,ROS,Nico Rosberg,mercedes,Mercedes,6,1,4,12.0,67,Finished,5.0,,208.114
2016,12,German Grand Prix,2016-07-31,vettel,VET,Sebastian Vettel,ferrari,Ferrari,5,6,5,10.0,67,Finished,2.0,,209.203
2016,12,German Grand Prix,2016-07-31,raikkonen,RAI,Kimi Räikkönen,ferrari,Ferrari,7,5,6,8.0,67,Finished,6.0,,206.937
2016,12,German Grand Prix,2016-07-31,hulkenberg,HUL,Nico Hülkenberg,force_india,Force India,27,8,7,6.0,67,Finished,12.0,,205.686
2016,12,German Grand Prix,2016-07-31,button,BUT,Jenson Button,mclaren,McLaren,22,12,8,4.0,66,+1 Lap,9.0,,206.395
2016,12,German Grand Prix,2016-07-31,bottas,BOT,Valtteri Bottas,williams,Williams,77,7,9,2.0,66,+1 Lap,15.0,,204.699
2016,12,German Grand Prix,2016-07-31,perez,PER,Sergio Pérez,force_india,Force India,11,9,10,1.0,66,+1 Lap,8.0,,206.848
2016,12,German Grand Prix,2016-07-31,gutierrez,GUT,Esteban Gutiérrez,haas,Haas F1 Team,21,11,11,0.0,66,+1 Lap,10.0,,206.131
2016,12,German Grand Prix,2016-07-31,alonso,ALO,Fernando Alonso,mclaren,McLaren,14,13,12,0.0,66,+1 Lap,13.0,,205.49
2016,12,German Grand Prix,2016-07-31,grosjean,GRO,Romain Grosjean,haas,Haas F1 Team,8,20,13,0.0,66,+1 Lap,14.0,,205.188
2016,12,German Grand Prix,2016-07-31,sainz,SAI,Carlos Sainz,toro_rosso,Toro Rosso,55,15,14,0.0,66,+1 Lap,11.0,,205.94
2016,12,German Grand Prix,2016-07-31,kvyat,KVY,Daniil Kvyat,toro_rosso,Toro Rosso,26,18,15,0.0,66,+1 Lap,7.0,,206.903
2016,12,German Grand Prix,2016-07-31,kevin_magnussen,MAG,Kevin Magnussen,renault,Renault,20,16,16,0.0,66,+1 Lap,21.0,,201.673
2016,12,German Grand Prix,2016-07-31,wehrlein,WEH,Pascal Wehrlein,manor,Manor Marussia,94,17,17,0.0,65,+2 Laps,16.0,,204.019
2016,12,German Grand Prix,2016-07-31,ericsson,ERI,Marcus Ericsson,sauber,Sauber,9,22,18,0.0,65,+2 Laps,18.0,,202.758
2016,12,German Grand Prix,2016-07-31,jolyon_palmer,PAL,Jolyon Palmer,renault,Renault,30,14,19,0.0,65,+2 Laps,17.0,,202.97
2016,12,German Grand Prix,2016-07-31,haryanto,HAR,Rio Haryanto,manor,Manor Marussia,88,19,20,0.0,65,+2 Laps,22.0,,201.19
2016,12,German Grand Prix,2016-07-31,nasr,NAS,Felipe Nasr,sauber,Sauber,12,21,21,0.0,57,Power Unit,19.0,,202.24
2016,12,German Grand Prix,2016-07-31,massa,MAS,Felipe Massa,williams,Williams,19,10,22,0.0,36,Suspension,20.0,,202.101
2016,13,Belgian Grand Prix,2016-08-28,rosberg,ROS,Nico Rosberg,mercedes,Mercedes,6,1,1,25.0,44,Finished,2.0,,225.64
2016,13,Belgian Grand Prix,2016-08-28,ricciardo,RIC,Daniel Ricciardo,red_bull,Red Bull,3,5,2,18.0,44,Finished,4.0,,224.205
2016,13,Belgian Grand Prix,2016-08-28,hamilton,HAM,Lewis Hamilton,mercedes,Mercedes,44,21,3,15.0,44,Finished,1.0,,225.969
2016,13,Belgian Grand Prix,2016-08-28,hulkenberg,HUL,Nico Hülkenberg,force_india,Force India,27,7,4,12.0,44,Finished,10.0,,222.094
2016,13,Belgian Grand Prix,2016-08-28,perez,PER,Sergio Pérez,force_india,Force India,11,6,5,10.0,44,Finished,8.0,,222.321
2016,13,Belgian Grand Prix,2016-08-28,vettel,VET,Sebastian Vettel,ferrari,Ferrari,5,4,6,8.0,44,Finished,5.0,,223.674
2016,13,Belgian Grand Prix,2016-08-28,alonso,ALO,Fernando Alonso,mclaren,McLaren,14,22,7,6.0,44,Finished,15.0,,220.243
2016,13,Belgian Grand Prix,2016-08-28,bottas,BOT,Valtteri Bottas,williams,Williams,77,8,8,4.0,44,Finished,12.0,,220.946
2016,13,Belgian Grand Prix,2016-08-28,raikkonen,RAI,Kimi Räikkönen,ferrari,Ferrari,7,3,9,2.0,44,Finished,9.0,,222.157
2016,13,Belgian Grand Prix,2016-08-28,massa,MAS,Felipe Massa,williams,Williams,19,10,10,1.0,44,Finished,14.0,,220.517
2016,13,Belgian Grand Prix,2016-08-28,max_verstappen,VER,Max Verstappen,red_bull,Red Bull,33,2,11,0.0,44,Finished,7.0,,222.582
2016,13,Belgian Grand Prix,2016-08-28,gutierrez,GUT,Esteban Gutiérrez,haas,Haas F1 Team,21,18,12,0.0,44,Finished,13.0,,220.53
2016,13,Belgian Grand Prix,2016-08-28,grosjean,GRO,Romain Grosjean,haas,Haas F1 Team,8,11,13,0.0,44,Finished,11.0,,221.561
2016,13,Belgian Grand Prix,2016-08-28,kvyat,KVY,Daniil Kvyat,toro_rosso,Toro Rosso,26,19,14,0.0,44,Finished,3.0,,224.965
2016,13,Belgian Grand Prix,2016-08-28,jolyon_palmer,PAL,Jolyon Palmer,renault,Renault,30,13,15,0.0,44,Finished,6.0,,222.641
2016,13,Belgian Grand Prix,2016-08-28,ocon,OCO,Esteban Ocon,manor,Manor Marussia,31,17,16,0.0,43,+1 Lap,16.0,,217.865
2016,13,Belgian Grand Prix,2016-08-28,nasr,NAS,Felipe Nasr,sauber,Sauber,12,16,17,0.0,43,+1 Lap,17.0,,217.081
2016,13,Belgian Grand Prix,2016-08-28,kevin_magnussen,MAG,Kevin Magnussen,renault,Renault,20,12,18,0.0,5,Accident,18.0,,216.269
2016,13,Belgian Grand Prix,2016-08-28,ericsson,ERI,Marcus Ericsson,sauber,Sauber,9,20,19,0.0,3,Gearbox,19.0,,186.421
2016,13,Belgian Grand Prix,2016-08-28,sainz,SAI,Carlos Sainz,toro_rosso,Toro Rosso,55,14,20,0.0,1,Puncture,,,
2016,13,Belgian Grand Prix,2016-08-28,button,BUT,Jenson Button,mclaren,McLaren,22,9,21,0.0,1,Collision damage,,,
2016,13,Belgian Grand Prix,2016-08-28,wehrlein,WEH,Pascal Wehrlein,manor,Manor Marussia,94,15,22,0.0,0,Collision damage,,,
2016,14,Italian Grand Prix,2016-09-04,rosberg,ROS,Nico Rosberg,mercedes,Mercedes,6,2,1,25.0,53,Finished,9.0,,240.82
2016,14,Italian Grand Prix,2016-09-04,hamilton,HAM,Lewis Hamilton,mercedes,Mercedes,44,1,2,18.0,53,Finished,4.0,,241.646
2016,14,Italian Grand Prix,2016-09-04,vettel,VET,Sebastian Vettel,ferrari,Ferrari,5,3,3,15.0,53,Finished,5.0,,241.626
2016,14,Italian Grand Prix,2016-09-04,raikkonen,RAI,Kimi Räikkönen,ferrari,Ferrari,7,4,4,12.0,53,Finished,3.0,,242.452
2016,14,Italian Grand Prix,2016-09-04,ricciardo,RIC,Daniel Ricciardo,red_bull,Red Bull,3,6,5,10.0,53,Finished,2.0,,242.726
2016,14,Italian Grand Prix,2016-09-04,bottas,BOT,Valtteri Bottas,williams,Williams,77,5,6,8.0,53,Finished,10.0,,240.517
2016,14,Italian Grand Prix,2016-09-04,max_verstappen,VER,Max Verstappen,red_bull,Red Bull,33,7,7,6.0,53,Finished,8.0,,241.361
2016,14,Italian Grand Prix,2016-09-04,perez,PER,Sergio Pérez,force_india,Force India,11,8,8,4.0,53,Finished,12.0,,239.93
2016,14,Italian Grand Prix,2016-09-04,massa,MAS,Felipe Massa,williams,Williams,19,11,9,2.0,53,Finished,7.0,,241.375
2016,14,Italian Grand Prix,2016-09-04,hulkenberg,HUL,Nico Hülkenberg,force_india,Force India,27,9,10,1.0,53,Finished,13.0,,239.837
2016,14,Italian Grand Prix,2016-09-04,grosjean,GRO,Romain Grosjean,haas,Haas F1 Team,8,17,11,0.0,52,+1 Lap,15.0,,239.086
2016,14,Italian Grand Prix,2016-09-04,button,BUT,Jenson Button,mclaren,McLaren,22,14,12,0.0,52,+1 Lap,6.0,,241.503
2016,14,Italian Grand Prix,2016-09-04,gutierrez,GUT,Esteban Gutiérrez,haas,Haas F1 Team,21,10,13,0.0,52,+1 Lap,14.0,,239.418
2016,14,Italian Grand Prix,2016-09-04,alonso,ALO,Fernando Alonso,mclaren,McLaren,14,12,14,0.0,52,+1 Lap,1.0,,244.373
2016,14,Italian Grand Prix,2016-09-04,sainz,SAI,Carlos Sainz,toro_rosso,Toro Rosso,55,15,15,0.0,52,+1 Lap,11.0,,240.398
2016,14,Italian Grand Prix,2016-09-04,ericsson,ERI,Marcus Ericsson,sauber,Sauber,9,19,16,0.0,52,+1 Lap,19.0,,235.509
2016,14,Italian Grand Prix,2016-09-04,kevin_magnussen,MAG,Kevin Magnussen,renault,Renault,20,21,17,0.0,52,+1 Lap,16.0,,238.019
2016,14,Italian Grand Prix,2016-09-04,ocon,OCO,Esteban Ocon,manor,Manor Marussia,31,22,18,0.0,51,+2 Laps,18.0,,235.556
2016,14,Italian Grand Prix,2016-09-04,kvyat,KVY,Daniil Kvyat,toro_rosso,Toro Rosso,26,16,19,0.0,36,Battery,17.0,,236.886
2016,14,Italian Grand Prix,2016-09-04,wehrlein,WEH,Pascal Wehrlein,manor,Manor Marussia,94,13,20,0.0,26,Oil leak,20.0,,235.055
2016,14,Italian Grand Prix,2016-09-04,jolyon_palmer,PAL,Jolyon Palmer,renault,Renault,30,20,21,0.0,7,Collision damage,21.0,,228.268
2016,14,Italian Grand Prix,2016-09-04,nasr,NAS,Felipe Nasr,sauber,Sauber,12,18,22,0.0,6,Collision damage,,,
2016,15,Singapore Grand Prix,2016-09-18,rosberg,ROS,Nico Rosberg,mercedes,Mercedes,6,1,1,25.0,61,Finished,6.0,,165.318
2016,15,Singapore Grand Prix,2016-09-18,ricciardo,RIC,Daniel Ricciardo,red_bull,Red Bull,3,2,2,18.0,61,Finished,1.0,,170.113
2016,15,Singapore Grand Prix,2016-09-18,hamilton,HAM,Lewis Hamilton,mercedes,Mercedes,44,3,3,15.0,61,Finished,3.0,,169.221
2016,15,Singapore Grand Prix,2016-09-18,raikkonen,RAI,Kimi Räikkönen,ferrari,Ferrari,7,5,4,12.0,61,Finished,4.0,,168.515
2016,15,Singapore Grand Prix,2016-09-18,vettel,VET,Sebastian Vettel,ferrari,Ferrari,5,22,5,10.0,61,Finished,2.0,,169.863
2016,15,Singapore Grand Prix,2016-09-18,max_verstappen,VER,Max Verstappen,red_bull,Red Bull,33,4,6,8.0,61,Finished,5.0,,167.207
2016,15,Singapore Grand Prix,2016-09-18,alonso,ALO,Fernando Alonso,mclaren,McLaren,14,9,7,6.0,61,Finished,12.0,,163.902
2016,15,Singapore Grand Prix,2016-09-18,perez,PER,Sergio Pérez,force_india,Force India,11,17,8,4.0,61,Finished,15.0,,163.508
2016,15,Singapore Grand Prix,2016-09-18,kvyat,KVY,Daniil Kvyat,toro_rosso,Toro Rosso,26,7,9,2.0,61,Finished,9.0,,164.353
2016,15,Singapore Grand Prix,2016-09-18,kevin_magnussen,MAG,Kevin Magnussen,renault,Renault,20,15,10,1.0,61,Finished,8.0,,164.48
2016,15,Singapore Grand Prix,2016-09-18,gutierrez,GUT,Esteban Gutiérrez,haas,Haas F1 Team,21,13,11,0.0,60,+1 Lap,11.0,,164.159
2016,15,Singapore Grand Prix,2016-09-18,massa,MAS,Felipe Massa,williams,Williams,19,11,12,0.0,60,+1 Lap,14.0,,163.599
2016,15,Singapore Grand Prix,2016-09-18,nasr,NAS,Felipe Nasr,sauber,Sauber,12,16,13,0.0,60,+1 Lap,17.0,,163.265
2016,15,Singapore Grand Prix,2016-09-18,sainz,SAI,Carlos Sainz,toro_rosso,Toro Rosso,55,6,14,0.0,60,+1 Lap,7.0,,164.965
2016,15,Singapore Grand Prix,2016-09-18,jolyon_palmer,PAL,Jolyon Palmer,renault,Renault,30,18,15,0.0,60,+1 Lap,19.0,,163.128
2016,15,Singapore Grand Prix,2016-09-18,wehrlein,WEH,Pascal Wehrlein,manor,Manor Marussia,94,19,16,0.0,60,+1 Lap,20.0,,162.773
2016,15,Singapore Grand Prix,2016-09-18,ericsson,ERI,Marcus Ericsson,sauber,Sauber,9,14,17,0.0,60,+1 Lap,10.0,,164.325
2016,15,Singapore Grand Prix,2016-09-18,ocon,OCO,Esteban Ocon,manor,Manor Marussia,31,21,18,0.0,59,+2 Laps,18.0,,163.17
2016,15,Singapore Grand Prix,2016-09-18,button,BUT,Jenson Button,mclaren,McLaren,22,12,19,0.0,43,Brakes,16.0,,163.341
2016,15,Singapore Grand Prix,2016-09-18,bottas,BOT,Valtteri Bottas,williams,Williams,77,10,20,0.0,35,Overheating,13.0,,163.727
2016,15,Singapore Grand Prix,2016-09-18,hulkenberg,HUL,Nico Hülkenberg,force_india,Force India,27,8,21,0.0,0,Collision,,,
2016,15,Singapore Grand Prix,2016-09-18,grosjean,GRO,Romain Grosjean,haas,Haas F1 Team,8,20,22,0.0,0,Withdrew,,,
2016,16,Malaysian Grand Prix,2016-10-02,ricciardo,RIC,Daniel Ricciardo,red_bull,Red Bull,3,4,1,25.0,56,Finished,3.0,,204.771
2016,16,Malaysian Grand Prix,2016-10-02,max_verstappen,VER,Max Verstappen,red_bull,Red Bull,33,3,2,18.0,56,Finished,2.0,,204.925
2016,16,Malaysian Grand Prix,2016-10-02,rosberg,ROS,Nico Rosberg,mercedes,Mercedes,6,2,3,15.0,56,Finished,1.0,,206.948
2016,16,Malaysian Grand Prix,2016-10-02,raikkonen,RAI,Kimi Räikkönen,ferrari,Ferrari,7,6,4,12.0,56,Finished,4.0,,204.736
2016,16,Malaysian Grand Prix,2016-10-02,bottas,BOT,Valtteri Bottas,williams,Williams,77,11,5,10.0,56,Finished,9.0,,201.159
2016,16,Malaysian Grand Prix,2016-10-02,perez,PER,Sergio Pérez,force_india,Force India,11,7,6,8.0,56,Finished,11.0,,200.898
2016,16,Malaysian Grand Prix,2016-10-02,alonso,ALO,Fernando Alonso,mclaren,McLaren,14,22,7,6.0,56,Finished,6.0,,203.017
2016,16,Malaysian Grand Prix,2016-10-02,hulkenberg,HUL,Nico Hülkenberg,force_india,Force India,27,8,8,4.0,56,Finished,5.0,,204.051
2016,16,Malaysian Grand Prix,2016-10-02,button,BUT,Jenson Button,mclaren,McLaren,22,9,9,2.0,56,Finished,8.0,,202.094
2016,16,Malaysian Grand Prix,2016-10-02,jolyon_palmer,PAL,Jolyon Palmer,renault,Renault,30,19,10,1.0,56,Finished,12.0,,200.853
2016,16,Malaysian Grand Prix,2016-10-02,sainz,SAI,Carlos Sainz,toro_rosso,Toro Rosso,55,16,11,0.0,56,Finished,10.0,,201.07
2016,16,Malaysian Grand Prix,2016-10-02,ericsson,ERI,Marcus Ericsson,sauber,Sauber,9,17,12,0.0,55,+1 Lap,14.0,,199.985
2016,16,Malaysian Grand Prix,2016-10-02,massa,MAS,Felipe Massa,williams,Williams,19,10,13,0.0,55,+1 Lap,16.0,,199.707
2016,16,Malaysian Grand Prix,2016-10-02,kvyat,KVY,Daniil Kvyat,toro_rosso,Toro Rosso,26,15,14,0.0,55,+1 Lap,15.0,,199.951
2016,16,Malaysian Grand Prix,2016-10-02,wehrlein,WEH,Pascal Wehrlein,manor,Manor Marussia,94,21,15,0.0,55,+1 Lap,13.0,,200.242
2016,16,Malaysian Grand Prix,2016-10-02,ocon,OCO,Esteban Ocon,manor,Manor Marussia,31,20,16,0.0,55,+1 Lap,18.0,,196.662
2016,16,Malaysian Grand Prix,2016-10-02,nasr,NAS,Felipe Nasr,sauber,Sauber,12,18,17,0.0,46,Brakes,17.0,,198.574
2016,16,Malaysian Grand Prix,2016-10-02,hamilton,HAM,Lewis Hamilton,mercedes,Mercedes,44,1,18,0.0,40,Engine,7.0,,202.391
2016,16,Malaysian Grand Prix,2016-10-02,gutierrez,GUT,Esteban Gutiérrez,haas,Haas F1 Team,21,13,19,0.0,39,Wheel nut,19.0,,196.067
2016,16,Malaysian Grand Prix,2016-10-02,kevin_magnussen,MAG,Kevin Magnussen,renault,Renault,20,14,20,0.0,17,Power loss,21.0,,193.025
2016,16,Malaysian Grand Prix,2016-10-02,grosjean,GRO,Romain Grosjean,haas,Haas F1 Team,8,12,21,0.0,7,Brakes,20.0,,195.363
2016,16,Malaysian Grand Prix,2016-10-02,vettel,VET,Sebastian Vettel,ferrari,Ferrari,5,5,22,0.0,0,Collision,,,
2016,17,Japanese Grand Prix,2016-10-09,rosberg,ROS,Nico Rosberg,mercedes,Mercedes,6,1,1,25.0,53,Finished,5.0,,217.651
2016,17,Japanese Grand Prix,2016-10-09,max_verstappen,VER,Max Verstappen,red_bull,Red Bull,33,3,2,18.0,53,Finished,6.0,,216.89
2016,17,Japanese Grand Prix,2016-10-09,hamilton,HAM,Lewis Hamilton,mercedes,Mercedes,44,2,3,15.0,53,Finished,2.0,,219.703
2016,17,Japanese Grand Prix,2016-10-09,vettel,VET,Sebastian Vettel,ferrari,Ferrari,5,6,4,12.0,53,Finished,1.0,,219.781
2016,17,Japanese Grand Prix,2016-10-09,raikkonen,RAI,Kimi Räikkönen,ferrari,Ferrari,7,8,5,10.0,53,Finished,4.0,,217.785
2016,17,Japanese Grand Prix,2016-10-09,ricciardo,RIC,Daniel Ricciardo,red_bull,Red Bull,3,4,6,8.0,53,Finished,3.0,,218.877
2016,17,Japanese Grand Prix,2016-10-09,perez,PER,Sergio Pérez,force_india,Force India,11,5,7,6.0,53,Finished,7.0,,216.061
2016,17,Japanese Grand Prix,2016-10-09,hulkenberg,HUL,Nico Hülkenberg,force_india,Force India,27,9,8,4.0,53,Finished,10.0,,214.74
2016,17,Japanese Grand Prix,2016-10-09,massa,MAS,Felipe Massa,williams,Williams,19,12,9,2.0,53,Finished,14.0,,213.787
2016,17,Japanese Grand Prix,2016-10-09,bottas,BOT,Valtteri Bottas,williams,Williams,77,11,10,1.0,53,Finished,15.0,,213.658
2016,17,Japanese Grand Prix,2016-10-09,grosjean,GRO,Romain Grosjean,haas,Haas F1 Team,8,7,11,0.0,53,Finished,8.0,,215.473
2016,17,Japanese Grand Prix,2016-10-09,jolyon_palmer,PAL,Jolyon Palmer,renault,Renault,30,16,12,0.0,52,+1 Lap,16.0,,213.366
2016,17,Japanese Grand Prix,2016-10-09,kvyat,KVY,Daniil Kvyat,toro_rosso,Toro Rosso,26,13,13,0.0,52,+1 Lap,11.0,,214.199
2016,17,Japanese Grand Prix,2016-10-09,kevin_magnussen,MAG,Kevin Magnussen,renault,Renault,20,17,14,0.0,52,+1 Lap,18.0,,213.24
2016,17,Japanese Grand Prix,2016-10-09,ericsson,ERI,Marcus Ericsson,sauber,Sauber,9,18,15,0.0,52,+1 Lap,21.0,,212.244
2016,17,Japanese Grand Prix,2016-10-09,alonso,ALO,Fernando Alonso,mclaren,McLaren,14,15,16,0.0,52,+1 Lap,19.0,,212.866
2016,17,Japanese Grand Prix,2016-10-09,sainz,SAI,Carlos Sainz,toro_rosso,Toro Rosso,55,14,17,0.0,52,+1 Lap,12.0,,213.923
2016,17,Japanese Grand Prix,2016-10-09,button,BUT,Jenson Button,mclaren,McLaren,22,22,18,0.0,52,+1 Lap,9.0,,215.124
2016,17,Japanese Grand Prix,2016-10-09,nasr,NAS,Felipe Nasr,sauber,Sauber,12,19,19,0.0,52,+1 Lap,22.0,,212.14
2016,17,Japanese Grand Prix,2016-10-09,gutierrez,GUT,Esteban Gutiérrez,haas,Haas F1 Team,21,10,20,0.0,52,+1 Lap,13.0,,213.809
2016,17,Japanese Grand Prix,2016-10-09,ocon,OCO,Esteban Ocon,manor,Manor Marussia,31,20,21,0.0,52,+1 Lap,20.0,,212.494
2016,17,Japanese Grand Prix,2016-10-09,wehrlein,WEH,Pascal Wehrlein,manor,Manor Marussia,94,21,22,0.0,52,+1 Lap,17.0,,213.318
2016,18,United States Grand Prix,2016-10-23,hamilton,HAM,Lewis Hamilton,mercedes,Mercedes,44,1,1,25.0,56,Finished,4.0,,193.842
2016,18,United States Grand Prix,2016-10-23,rosberg,ROS,Nico Rosberg,mercedes,Mercedes,6,2,2,18.0,56,Finished,3.0,,194.773
2016,18,United States Grand Prix,2016-10-23,ricciardo,RIC,Daniel Ricciardo,red_bull,Red Bull,3,3,3,15.0,56,Finished,7.0,,193.523
2016,18,United States Grand Prix,2016-10-23,vettel,VET,Sebastian Vettel,ferrari,Ferrari,5,6,4,12.0,56,Finished,1.0,,198.712
2016,18,United States Grand Prix,2016-10-23,alonso,ALO,Fernando Alonso,mclaren,McLaren,14,12,5,10.0,56,Finished,10.0,,191.752
2016,18,United States Grand Prix,2016-10-23,sainz,SAI,Carlos Sainz,toro_rosso,Toro Rosso,55,10,6,8.0,56,Finished,8.0,,193.002
2016,18,United States Grand Prix,2016-10-23,massa,MAS,Felipe Massa,williams,Williams,19,9,7,6.0,55,+1 Lap,9.0,,191.915
2016,18,United States Grand Prix,2016-10-23,perez,PER,Sergio Pérez,force_india,Force India,11,11,8,4.0,55,+1 Lap,12.0,,190.972
2016,18,United States Grand Prix,2016-10-23,button,BUT,Jenson Button,mclaren,McLaren,22,19,9,2.0,55,+1 Lap,15.0,,189.979
2016,18,United States Grand Prix,2016-10-23,grosjean,GRO,Romain Grosjean,haas,Haas F1 Team,8,17,10,1.0,55,+1 Lap,14.0,,190.221
2016,18,United States Grand Prix,2016-10-23,kvyat,KVY,Daniil Kvyat,toro_rosso,Toro Rosso,26,13,11,0.0,55,+1 Lap,6.0,,193.674
2016,18,United States Grand Prix,2016-10-23,kevin_magnussen,MAG,Kevin Magnussen,renault,Renault,20,18,12,0.0,55,+1 Lap,17.0,,189.504
2016,18,United States Grand Prix,2016-10-23,jolyon_palmer,PAL,Jolyon Palmer,renault,Renault,30,15,13,0.0,55,+1 Lap,16.0,,189.515
2016,18,United States Grand Prix,2016-10-23,ericsson,ERI,Marcus Ericsson,sauber,Sauber,9,16,14,0.0,55,+1 Lap,19.0,,188.765
2016,18,United States Grand Prix,2016-10-23,nasr,NAS,Felipe Nasr,sauber,Sauber,12,21,15,0.0,55,+1 Lap,13.0,,190.62
2016,18,United States Grand Prix,2016-10-23,bottas,BOT,Valtteri Bottas,williams,Williams,77,8,16,0.0,55,+1 Lap,18.0,,189.058
2016,18,United States Grand Prix,2016-10-23,wehrlein,WEH,Pascal Wehrlein,manor,Manor Marussia,94,20,17,0.0,55,+1 Lap,21.0,,188.208
2016,18,United States Grand Prix,2016-10-23,ocon,OCO,Esteban Ocon,manor,Manor Marussia,31,22,18,0.0,54,+2 Laps,11.0,,191.599
2016,18,United States Grand Prix,2016-10-23,raikkonen,RAI,Kimi Räikkönen,ferrari,Ferrari,7,5,19,0.0,38,Wheel,2.0,,194.88
2016,18,United States Grand Prix,2016-10-23,max_verstappen,VER,Max Verstappen,red_bull,Red Bull,33,4,20,0.0,28,Gearbox,5.0,,193.77
2016,18,United States Grand Prix,2016-10-23,gutierrez,GUT,Esteban Gutiérrez,haas,Haas F1 Team,21,14,21,0.0,16,Brakes,20.0,,188.364
2016,18,United States Grand Prix,2016-10-23,hulkenberg,HUL,Nico Hülkenberg,force_india,Force India,27,7,22,0.0,1,Collision,,,
2016,19,Mexican Grand Prix,2016-10-30,hamilton,HAM,Lewis Hamilton,mercedes,Mercedes,44,1,1,25.0,71,Finished,4.0,,187.592
2016,19,Mexican Grand Prix,2016-10-30,rosberg,ROS,Nico Rosberg,mercedes,Mercedes,6,2,2,18.0,71,Finished,5.0,,187.148
2016,19,Mexican Grand Prix,2016-10-30,ricciardo,RIC,Daniel Ricciardo,red_bull,Red Bull,3,4,3,15.0,71,Finished,1.0,,190.972
2016,19,Mexican Grand Prix,2016-10-30,max_verstappen,VER,Max Verstappen,red_bull,Red Bull,33,3,4,12.0,71,Finished,6.0,,186.934
2016,19,Mexican Grand Prix,2016-10-30,vettel,VET,Sebastian Vettel,ferrari,Ferrari,5,7,5,10.0,71,Finished,2.0,,187.817
2016,19,Mexican Grand Prix,2016-10-30,raikkonen,RAI,Kimi Räikkönen,ferrari,Ferrari,7,6,6,8.0,71,Finished,3.0,,187.783
2016,19,Mexican Grand Prix,2016-10-30,hulkenberg,HUL,Nico Hülkenberg,force_india,Force India,27,5,7,6.0,71,Finished,9.0,,186.034
2016,19,Mexican Grand Prix,2016-10-30,bottas,BOT,Valtteri Bottas,williams,Williams,77,8,8,4.0,71,Finished,11.0,,185.472
2016,19,Mexican Grand Prix,2016-10-30,massa,MAS,Felipe Massa,williams,Williams,19,9,9,2.0,71,Finished,12.0,,185.392
2016,19,Mexican Grand Prix,2016-10-30,perez,PER,Sergio Pérez,force_india,Force India,11,12,10,1.0,71,Finished,13.0,,185.324
2016,19,Mexican Grand Prix,2016-10-30,ericsson,ERI,Marcus Ericsson,sauber,Sauber,9,15,11,0.0,70,+1 Lap,18.0,,183.713
2016,19,Mexican Grand Prix,2016-10-30,button,BUT,Jenson Button,mclaren,McLaren,22,13,12,0.0,70,+1 Lap,17.0,,184.948
2016,19,Mexican Grand Prix,2016-10-30,alonso,ALO,Fernando Alonso,mclaren,McLaren,14,11,13,0.0,70,+1 Lap,16.0,,185.189
2016,19,Mexican Grand Prix,2016-10-30,jolyon_palmer,PAL,Jolyon Palmer,renault,Renault,30,21,14,0.0,70,+1 Lap,20.0,,183.205
2016,19,Mexican Grand Prix,2016-10-30,nasr,NAS,Felipe Nasr,sauber,Sauber,12,19,15,0.0,70,+1 Lap,15.0,,185.213
2016,19,Mexican Grand Prix,2016-10-30,sainz,SAI,Carlos Sainz,toro_rosso,Toro Rosso,55,10,16,0.0,70,+1 Lap,19.0,,183.437
2016,19,Mexican Grand Prix,2016-10-30,kevin_magnussen,MAG,Kevin Magnussen,renault,Renault,20,14,17,0.0,70,+1 Lap,7.0,,186.351
2016,19,Mexican Grand Prix,2016-10-30,kvyat,KVY,Daniil Kvyat,toro_rosso,Toro Rosso,26,18,18,0.0,70,+1 Lap,14.0,,185.299
2016,19,Mexican Grand Prix,2016-10-30,gutierrez,GUT,Esteban Gutiérrez,haas,Haas F1 Team,21,17,19,0.0,70,+1 Lap,10.0,,185.659
2016,19,Mexican Grand Prix,2016-10-30,grosjean,GRO,Romain Grosjean,haas,Haas F1 Team,8,22,20,0.0,70,+1 Lap,8.0,,186.056
2016,19,Mexican Grand Prix,2016-10-30,ocon,OCO,Esteban Ocon,manor,Manor Marussia,31,20,21,0.0,69,+2 Laps,21.0,,182.364
2016,19,Mexican Grand Prix,2016-10-30,wehrlein,WEH,Pascal Wehrlein,manor,Manor Marussia,94,16,22,0.0,0,Collision,,,
2016,20,Brazilian Grand Prix,2016-11-13,hamilton,HAM,Lewis Hamilton,mercedes,Mercedes,44,1,1,25.0,71,Finished,3.0,,181.137
2016,20,Brazilian Grand Prix,2016-11-13,rosberg,ROS,Nico Rosberg,mercedes,Mercedes,6,2,2,18.0,71,Finished,6.0,,179.912
2016,20,Brazilian Grand Prix,2016-11-13,max_verstappen,VER,Max Verstappen,red_bull,Red Bull,33,4,3,15.0,71,Finished,1.0,,181.846
2016,20,Brazilian Grand Prix,2016-11-13,perez,PER,Sergio Pérez,force_india,Force India,11,9,4,12.0,71,Finished,11.0,,178.113
2016,20,Brazilian Grand Prix,2016-11-13,vettel,VET,Sebastian Vettel,ferrari,Ferrari,5,5,5,10.0,71,Finished,5.0,,179.968
2016,20,Brazilian Grand Prix,2016-11-13,sainz,SAI,Carlos Sainz,toro_rosso,Toro Rosso,55,15,6,8.0,71,Finished,13.0,,177.99
2016,20,Brazilian Grand Prix,2016-11-13,hulkenberg,HUL,Nico Hülkenberg,force_india,Force India,27,8,7,6.0,71,Finished,8.0,,178.862
2016,20,Brazilian Grand Prix,2016-11-13,ricciardo,RIC,Daniel Ricciardo,red_bull,Red Bull,3,6,8,4.0,71,Finished,2.0,,181.363
2016,20,Brazilian Grand Prix,2016-11-13,nasr,NAS,Felipe Nasr,sauber,Sauber,12,21,9,2.0,71,Finished,15.0,,177.189
2016,20,Brazilian Grand Prix,2016-11-13,alonso,ALO,Fernando Alonso,mclaren,McLaren,14,10,10,1.0,71,Finished,12.0,,178.09
2016,20,Brazilian Grand Prix,2016-11-13,bottas,BOT,Valtteri Bottas,williams,Williams,77,11,11,0.0,71,Finished,4.0,,180.246
2016,20,Brazilian Grand Prix,2016-11-13,ocon,OCO,Esteban Ocon,manor,Manor Marussia,31,22,12,0.0,71,Finished,16.0,,176.686
2016,20,Brazilian Grand Prix,2016-11-13,kvyat,KVY,Daniil Kvyat,toro_rosso,Toro Rosso,26,14,13,0.0,71,Finished,14.0,,177.333
2016,20,Brazilian Grand Prix,2016-11-13,kevin_magnussen,MAG,Kevin Magnussen,renault,Renault,20,18,14,0.0,71,Finished,7.0,,179.284
2016,20,Brazilian Grand Prix,2016-11-13,wehrlein,WEH,Pascal Wehrlein,manor,Manor Marussia,94,19,15,0.0,71,Finished,18.0,,176.439
2016,20,Brazilian Grand Prix,2016-11-13,button,BUT,Jenson Button,mclaren,McLaren,22,17,16,0.0,71,Finished,10.0,,178.338
2016,20,Brazilian Grand Prix,2016-11-13,gutierrez,GUT,Esteban Gutiérrez,haas,Haas F1 Team,21,12,17,0.0,60,Retired,17.0,,176.668
2016,20,Brazilian Grand Prix,2016-11-13,massa,MAS,Felipe Massa,williams,Williams,19,13,18,0.0,46,Collision,9.0,,178.782
2016,20,Brazilian Grand Prix,2016-11-13,jolyon_palmer,PAL,Jolyon Palmer,renault,Renault,30,16,19,0.0,20,Collision damage,21.0,,164.441
2016,20,Brazilian Grand Prix,2016-11-13,raikkonen,RAI,Kimi Räikkönen,ferrari,Ferrari,7,3,20,0.0,19,Collision,19.0,,174.596
2016,20,Brazilian Grand Prix,2016-11-13,ericsson,ERI,Marcus Ericsson,sauber,Sauber,9,20,21,0.0,11,Collision,20.0,,169.97
2016,20,Brazilian Grand Prix,2016-11-13,grosjean,GRO,Romain Grosjean,haas,Haas F1 Team,8,7,22,0.0,0,Withdrew,,,
2016,21,Abu Dhabi Grand Prix,2016-11-27,hamilton,HAM,Lewis Hamilton,mercedes,Mercedes,44,1,1,25.0,55,Finished,5.0,,190.174
2016,21,Abu Dhabi Grand Prix,2016-11-27,rosberg,ROS,Nico Rosberg,mercedes,Mercedes,6,2,2,18.0,55,Finished,9.0,,189.95
2016,21,Abu Dhabi Grand Prix,2016-11-27,vettel,VET,Sebastian Vettel,ferrari,Ferrari,5,5,3,15.0,55,Finished,1.0,,192.756
2016,21,Abu Dhabi Grand Prix,2016-11-27,max_verstappen,VER,Max Verstappen,red_bull,Red Bull,33,6,4,12.0,55,Finished,7.0,,190.084
2016,21,Abu Dhabi Grand Prix,2016-11-27,ricciardo,RIC,Daniel Ricciardo,red_bull,Red Bull,3,3,5,10.0,55,Finished,3.0,,190.624
2016,21,Abu Dhabi Grand Prix,2016-11-27,raikkonen,RAI,Kimi Räikkönen,ferrari,Ferrari,7,4,6,8.0,55,Finished,6.0,,190.127
2016,21,Abu Dhabi Grand Prix,2016-11-27,hulkenberg,HUL,Nico Hülkenberg,force_india,Force India,27,7,7,6.0,55,Finished,13.0,,188.717
2016,21,Abu Dhabi Grand Prix,2016-11-27,perez,PER,Sergio Pérez,force_india,Force India,11,8,8,4.0,55,Finished,8.0,,189.972
2016,21,Abu Dhabi Grand Prix,2016-11-27,massa,MAS,Felipe Massa,williams,Williams,19,10,9,2.0,55,Finished,10.0,,189.206
2016,21,Abu Dhabi Grand Prix,2016-11-27,alonso,ALO,Fernando Alonso,mclaren,McLaren,14,9,10,1.0,55,Finished,2.0,,191.343
2016,21,Abu Dhabi Grand Prix,2016-11-27,grosjean,GRO,Romain Grosjean,haas,Haas F1 Team,8,14,11,0.0,55,Finished,4.0,,190.477
2016,21,Abu Dhabi Grand Prix,2016-11-27,gutierrez,GUT,Esteban Gutiérrez,haas,Haas F1 Team,21,13,12,0.0,55,Finished,12.0,,188.754
2016,21,Abu Dhabi Grand Prix,2016-11-27,ocon,OCO,Esteban Ocon,manor,Manor Marussia,31,20,13,0.0,54,+1 Lap,15.0,,188.29
2016,21,Abu Dhabi Grand Prix,2016-11-27,wehrlein,WEH,Pascal Wehrlein,manor,Manor Marussia,94,16,14,0.0,54,+1 Lap,14.0,,188.368
2016,21,Abu Dhabi Grand Prix,2016-11-27,ericsson,ERI,Marcus Ericsson,sauber,Sauber,9,22,15,0.0,54,+1 Lap,16.0,,188.242
2016,21,Abu Dhabi Grand Prix,2016-11-27,nasr,NAS,Felipe Nasr,sauber,Sauber,12,19,16,0.0,54,+1 Lap,17.0,,188.117
2016,21,Abu Dhabi Grand Prix,2016-11-27,jolyon_palmer,PAL,Jolyon Palmer,renault,Renault,30,15,17,0.0,54,+1 Lap,11.0,,189.134
2016,21,Abu Dhabi Grand Prix,2016-11-27,sainz,SAI,Carlos Sainz,toro_rosso,Toro Rosso,55,21,18,0.0,41,Collision damage,18.0,,187.58
2016,21,Abu Dhabi Grand Prix,2016-11-27,kvyat,KVY,Daniil Kvyat,toro_rosso,Toro Rosso,26,17,19,0.0,14,Gearbox,21.0,,183.853
2016,21,Abu Dhabi Grand Prix,2016-11-27,button,BUT,Jenson Button,mclaren,McLaren,22,12,20,0.0,12,Suspension,22.0,,183.851
2016,21,Abu Dhabi Grand Prix,2016-11-27,bottas,BOT,Valtteri Bottas,williams,Williams,77,11,21,0.0,6,Suspension,19.0,,185.413
2016,21,Abu Dhabi Grand Prix,2016-11-27,kevin_magnussen,MAG,Kevin Magnussen,renault,Renault,20,18,22,0.0,5,Suspension,20.0,,184.108
2017,1,Australian Grand Prix,2017-03-26,vettel,VET,Sebastian Vettel,ferrari,Ferrari,5,2,1,25.0,57,Finished,3.0,,220.351
2017,1,Australian Grand Prix,2017-03-26,hamilton,HAM,Lewis Hamilton,mercedes,Mercedes,44,1,2,18.0,57,Finished,6.0,,219.351
2017,1,Australian Grand Prix,2017-03-26,bottas,BOT,Valtteri Bottas,mercedes,Mercedes,77,3,3,15.0,57,Finished,2.0,,220.465
2017,1,Australian Grand Prix,2017-03-26,raikkonen,RAI,Kimi Räikkönen,ferrari,Ferrari,7,4,4,12.0,57,Finished,1.0,,220.605
2017,1,Australian Grand Prix,2017-03-26,max_verstappen,VER,Max Verstappen,red_bull,Red Bull,33,5,5,10.0,57,Finished,5.0,,219.525
2017,1,Australian Grand Prix,2017-03-26,massa,MAS,Felipe Massa,williams,Williams,19,7,6,8.0,57,Finished,9.0,,216.83
2017,1,Australian Grand Prix,2017-03-26,perez,PER,Sergio Pérez,force_india,Force India,11,10,7,6.0,56,+1 Lap,10.0,,216.115
2017,1,Australian Grand Prix,2017-03-26,sainz,SAI,Carlos Sainz,toro_rosso,Toro Rosso,55,8,8,4.0,56,+1 Lap,8.0,,217.74
2017,1,Australian Grand Prix,2017-03-26,kvyat,KVY,Daniil Kvyat,toro_rosso,Toro Rosso,26,9,9,2.0,56,+1 Lap,4.0,,220.165
2017,1,Australian Grand Prix,2017-03-26,ocon,OCO,Esteban Ocon,force_india,Force India,31,13,10,1.0,56,+1 Lap,11.0,,215.776
2017,1,Australian Grand Prix,2017-03-26,hulkenberg,HUL,Nico Hülkenberg,renault,Renault,27,11,11,0.0,56,+1 Lap,12.0,,215.749
2017,1,Australian Grand Prix,2017-03-26,giovinazzi,GIO,Antonio Giovinazzi,sauber,Sauber,36,16,12,0.0,55,+2 Laps,13.0,,214.378
2017,1,Australian Grand Prix,2017-03-26,vandoorne,VAN,Stoffel Vandoorne,mclaren,McLaren,2,18,13,0.0,55,+2 Laps,15.0,,213.448
2017,1,Australian Grand Prix,2017-03-26,alonso,ALO,Fernando Alonso,mclaren,McLaren,14,12,14,0.0,50,Vibrations,17.0,,211.938
2017,1,Australian Grand Prix,2017-03-26,kevin_magnussen,MAG,Kevin Magnussen,haas,Haas F1 Team,20,17,15,0.0,46,Suspension,7.0,,218.011
2017,1,Australian Grand Prix,2017-03-26,stroll,STR,Lance Stroll,williams,Williams,18,20,16,0.0,40,Brakes,14.0,,213.569
2017,1,Australian Grand Prix,2017-03-26,ricciardo,RIC,Daniel Ricciardo,red_bull,Red Bull,3,0,17,0.0,25,Power Unit,16.0,,213.431
2017,1,Australian Grand Prix,2017-03-26,ericsson,ERI,Marcus Ericsson,sauber,Sauber,9,14,18,0.0,21,Hydraulics,19.0,,207.391
2017,1,Australian Grand Prix,2017-03-26,jolyon_palmer,PAL,Jolyon Palmer,renault,Renault,30,19,19,0.0,15,Brakes,20.0,,207.069
2017,1,Australian Grand Prix,2017-03-26,grosjean,GRO,Romain Grosjean,haas,Haas F1 Team,8,6,20,0.0,13,Water leak,18.0,,211.689
2017,2,Chinese Grand Prix,2017-04-09,hamilton,HAM,Lewis Hamilton,mercedes,Mercedes,44,1,1,25.0,56,Finished,1.0,,205.745
2017,2,Chinese Grand Prix,2017-04-09,vettel,VET,Sebastian Vettel,ferrari,Ferrari,5,2,2,18.0,56,Finished,2.0,,205.648
2017,2,Chinese Grand Prix,2017-04-09,max_verstappen,VER,Max Verstappen,red_bull,Red Bull,33,16,3,15.0,56,Finished,7.0,,202.886
2017,2,Chinese Grand Prix,2017-04-09,ricciardo,RIC,Daniel Ricciardo,red_bull,Red Bull,3,5,4,12.0,56,Finished,8.0,,202.741
2017,2,Chinese Grand Prix,2017-04-09,raikkonen,RAI,Kimi Räikkönen,ferrari,Ferrari,7,4,5,10.0,56,Finished,4.0,,204.406
2017,2,Chinese Grand Prix,2017-04-09,bottas,BOT,Valtteri Bottas,mercedes,Mercedes,77,3,6,8.0,56,Finished,3.0,,204.734
2017,2,Chinese Grand Prix,2017-04-09,sainz,SAI,Carlos Sainz,toro_rosso,Toro Rosso,55,11,7,6.0,56,Finished,10.0,,201.478
2017,2,Chinese Grand Prix,2017-04-09,kevin_magnussen,MAG,Kevin Magnussen,haas,Haas F1 Team,20,12,8,4.0,55,+1 Lap,11.0,,201.209
2017,2,Chinese Grand Prix,2017-04-09,perez,PER,Sergio Pérez,force_india,Force India,11,8,9,2.0,55,+1 Lap,6.0,,203.288
2017,2,Chinese Grand Prix,2017-04-09,ocon,OCO,Esteban Ocon,force_india,Force India,31,17,10,1.0,55,+1 Lap,9.0,,202.23
2017,2,Chinese Grand Prix,2017-04-09,grosjean,GRO,Romain Grosjean,haas,Haas F1 Team,8,19,11,0.0,55,+1 Lap,12.0,,201.162
2017,2,Chinese Grand Prix,2017-04-09,hulkenberg,HUL,Nico Hülkenberg,renault,Renault,27,7,12,0.0,55,+1 Lap,13.0,,200.21
2017,2,Chinese Grand Prix,2017-04-09,jolyon_palmer,PAL,Jolyon Palmer,renault,Renault,30,20,13,0.0,55,+1 Lap,14.0,,199.871
2017,2,Chinese Grand Prix,2017-04-09,massa,MAS,Felipe Massa,williams,Williams,19,6,14,0.0,55,+1 Lap,5.0,,203.33
2017,2,Chinese Grand Prix,2017-04-09,ericsson,ERI,Marcus Ericsson,sauber,Sauber,9,14,15,0.0,55,+1 Lap,16.0,,196.763
2017,2,Chinese Grand Prix,2017-04-09,alonso,ALO,Fernando Alonso,mclaren,McLaren,14,13,16,0.0,33,Driveshaft,15.0,,197.23
2017,2,Chinese Grand Prix,2017-04-09,kvyat,KVY,Daniil Kvyat,toro_rosso,Toro Rosso,26,9,17,0.0,18,Hydraulics,17.0,,196.059
2017,2,Chinese Grand Prix,2017-04-09,vandoorne,VAN,Stoffel Vandoorne,mclaren,McLaren,2,15,18,0.0,17,Fuel pressure,18.0,,193.412
2017,2,Chinese Grand Prix,2017-04-09,giovinazzi,GIO,Antonio Giovinazzi,sauber,Sauber,36,18,19,0.0,3,Accident,,,
2017,2,Chinese Grand Prix,2017-04-09,stroll,STR,Lance Stroll,williams,Williams,18,10,20,0.0,0,Collision,,,
2017,3,Bahrain Grand Prix,2017-04-16,vettel,VET,Sebastian Vettel,ferrari,Ferrari,5,3,1,25.0,57,Finished,4.0,,207.652
2017,3,Bahrain Grand Prix,2017-04-16,hamilton,HAM,Lewis Hamilton,mercedes,Mercedes,44,2,2,18.0,57,Finished,1.0,,209.952
2017,3,Bahrain Grand Prix,2017-04-16,bottas,BOT,Valtteri Bottas,mercedes,Mercedes,77,1,3,15.0,57,Finished,5.0,,207.076
2017,3,Bahrain Grand Prix,2017-04-16,raikkonen,RAI,Kimi Räikkönen,ferrari,Ferrari,7,5,4,12.0,57,Finished,3.0,,207.887
2017,3,Bahrain Grand Prix,2017-04-16,ricciardo,RIC,Daniel Ricciardo,red_bull,Red Bull,3,4,5,10.0,57,Finished,2.0,,208.387
2017,3,Bahrain Grand Prix,2017-04-16,massa,MAS,Felipe Massa,williams,Williams,19,8,6,8.0,57,Finished,6.0,,206.705
2017,3,Bahrain Grand Prix,2017-04-16,perez,PER,Sergio Pérez,force_india,Force India,11,18,7,6.0,57,Finished,7.0,,205.933
2017,3,Bahrain Grand Prix,2017-04-16,grosjean,GRO,Romain Grosjean,haas,Haas F1 Team,8,9,8,4.0,57,Finished,8.0,,205.198
2017,3,Bahrain Grand Prix,2017-04-16,hulkenberg,HUL,Nico Hülkenberg,renault,Renault,27,7,9,2.0,57,Finished,12.0,,204.286
2017,3,Bahrain Grand Prix,2017-04-16,ocon,OCO,Esteban Ocon,force_india,Force India,31,14,10,1.0,57,Finished,11.0,,204.7
2017,3,Bahrain Grand Prix,2017-04-16,wehrlein,WEH,Pascal Wehrlein,sauber,Sauber,94,13,11,0.0,56,+1 Lap,17.0,,201.301
2017,3,Bahrain Grand Prix,2017-04-16,kvyat,KVY,Daniil Kvyat,toro_rosso,Toro Rosso,26,11,12,0.0,56,+1 Lap,9.0,,205.118
2017,3,Bahrain Grand Prix,2017-04-16,jolyon_palmer,PAL,Jolyon Palmer,renault,Renault,30,10,13,0.0,56,+1 Lap,13.0,,203.901
2017,3,Bahrain Grand Prix,2017-04-16,alonso,ALO,Fernando Alonso,mclaren,McLaren,14,15,14,0.0,54,Power Unit,14.0,,203.809
2017,3,Bahrain Grand Prix,2017-04-16,ericsson,ERI,Marcus Ericsson,sauber,Sauber,9,19,15,0.0,50,Gearbox,10.0,,204.9
2017,3,Bahrain Grand Prix,2017-04-16,sainz,SAI,Carlos Sainz,toro_rosso,Toro Rosso,55,16,16,0.0,12,Collision,18.0,,198.755
2017,3,Bahrain Grand Prix,2017-04-16,stroll,STR,Lance Stroll,williams,Williams,18,12,17,0.0,12,Collision,15.0,,202.311
2017,3,Bahrain Grand Prix,2017-04-16,max_verstappen,VER,Max Verstappen,red_bull,Red Bull,33,6,18,0.0,11,Brakes,16.0,,201.52
2017,3,Bahrain Grand Prix,2017-04-16,kevin_magnussen,MAG,Kevin Magnussen,haas,Haas F1 Team,20,20,19,0.0,8,Electrical,19.0,,197.362
2017,3,Bahrain Grand Prix,2017-04-16,vandoorne,VAN,Stoffel Vandoorne,mclaren,McLaren,2,17,20,0.0,0,Power Unit,,,
2017,4,Russian Grand Prix,2017-04-30,bottas,BOT,Valtteri Bottas,mercedes,Mercedes,77,3,1,25.0,52,Finished,3.0,,216.221
2017,4,Russian Grand Prix,2017-04-30,vettel,VET,Sebastian Vettel,ferrari,Ferrari,5,1,2,18.0,52,Finished,2.0,,216.343
2017,4,Russian Grand Prix,2017-04-30,raikkonen,RAI,Kimi Räikkönen,ferrari,Ferrari,7,2,3,15.0,52,Finished,1.0,,217.388
2017,4,Russian Grand Prix,2017-04-30,hamilton,HAM,Lewis Hamilton,mercedes,Mercedes,44,4,4,12.0,52,Finished,6.0,,213.955
2017,4,Russian Grand Prix,2017-04-30,max_verstappen,VER,Max Verstappen,red_bull,Red Bull,33,7,5,10.0,52,Finished,8.0,,213.888
2017,4,Russian Grand Prix,2017-04-30,perez,PER,Sergio Pérez,force_india,Force India,11,9,6,8.0,52,Finished,9.0,,213.385
2017,4,Russian Grand Prix,2017-04-30,ocon,OCO,Esteban Ocon,force_india,Force India,31,10,7,6.0,52,Finished,10.0,,213.203
2017,4,Russian Grand Prix,2017-04-30,hulkenberg,HUL,Nico Hülkenberg,renault,Renault,27,8,8,4.0,52,Finished,7.0,,213.912
2017,4,Russian Grand Prix,2017-04-30,massa,MAS,Felipe Massa,williams,Williams,19,6,9,2.0,51,+1 Lap,4.0,,214.317
2017,4,Russian Grand Prix,2017-04-30,sainz,SAI,Carlos Sainz,toro_rosso,Toro Rosso,55,14,10,1.0,51,+1 Lap,11.0,,212.96
2017,4,Russian Grand Prix,2017-04-30,stroll,STR,Lance Stroll,williams,Williams,18,11,11,0.0,51,+1 Lap,12.0,,212.934
2017,4,Russian Grand Prix,2017-04-30,kvyat,KVY,Daniil Kvyat,toro_rosso,Toro Rosso,26,12,12,0.0,51,+1 Lap,5.0,,214.168
2017,4,Russian Grand Prix,2017-04-30,kevin_magnussen,MAG,Kevin Magnussen,haas,Haas F1 Team,20,13,13,0.0,51,+1 Lap,13.0,,211.445
2017,4,Russian Grand Prix,2017-04-30,vandoorne,VAN,Stoffel Vandoorne,mclaren,McLaren,2,20,14,0.0,51,+1 Lap,14.0,,210.971
2017,4,Russian Grand Prix,2017-04-30,ericsson,ERI,Marcus Ericsson,sauber,Sauber,9,18,15,0.0,51,+1 Lap,15.0,,210.875
2017,4,Russian Grand Prix,2017-04-30,wehrlein,WEH,Pascal Wehrlein,sauber,Sauber,94,17,16,0.0,50,+2 Laps,16.0,,208.604
2017,4,Russian Grand Prix,2017-04-30,ricciardo,RIC,Daniel Ricciardo,red_bull,Red Bull,3,5,17,0.0,5,Brakes,17.0,,205.824
2017,4,Russian Grand Prix,2017-04-30,jolyon_palmer,PAL,Jolyon Palmer,renault,Renault,30,16,18,0.0,0,Collision,,,
2017,4,Russian Grand Prix,2017-04-30,grosjean,GRO,Romain Grosjean,haas,Haas F1 Team,8,19,19,0.0,0,Collision,,,
2017,4,Russian Grand Prix,2017-04-30,alonso,ALO,Fernando Alonso,mclaren,McLaren,14,15,20,0.0,0,Power Unit,,,
2017,5,Spanish Grand Prix,2017-05-14,hamilton,HAM,Lewis Hamilton,mercedes,Mercedes,44,1,1,25.0,66,Finished,1.0,,200.471
2017,5,Spanish Grand Prix,2017-05-14,vettel,VET,Sebastian Vettel,ferrari,Ferrari,5,2,2,18.0,66,Finished,2.0,,200.277
2017,5,Spanish Grand Prix,2017-05-14,ricciardo,RIC,Daniel Ricciardo,red_bull,Red Bull,3,6,3,15.0,66,Finished,3.0,,200.248
2017,5,Spanish Grand Prix,2017-05-14,perez,PER,Sergio Pérez,force_india,Force India,11,8,4,12.0,65,+1 Lap,7.0,,195.417
2017,5,Spanish Grand Prix,2017-05-14,ocon,OCO,Esteban Ocon,force_india,Force India,31,10,5,10.0,65,+1 Lap,11.0,,194.237
2017,5,Spanish Grand Prix,2017-05-14,hulkenberg,HUL,Nico Hülkenberg,renault,Renault,27,13,6,8.0,65,+1 Lap,15.0,,193.28
2017,5,Spanish Grand Prix,2017-05-14,sainz,SAI,Carlos Sainz,toro_rosso,Toro Rosso,55,12,7,6.0,65,+1 Lap,9.0,,194.439
2017,5,Spanish Grand Prix,2017-05-14,wehrlein,WEH,Pascal Wehrlein,sauber,Sauber,94,15,8,4.0,65,+1 Lap,14.0,,193.787
2017,5,Spanish Grand Prix,2017-05-14,kvyat,KVY,Daniil Kvyat,toro_rosso,Toro Rosso,26,19,9,2.0,65,+1 Lap,8.0,,194.914
2017,5,Spanish Grand Prix,2017-05-14,grosjean,GRO,Romain Grosjean,haas,Haas F1 Team,8,14,10,1.0,65,+1 Lap,17.0,,192.906
2017,5,Spanish Grand Prix,2017-05-14,ericsson,ERI,Marcus Ericsson,sauber,Sauber,9,16,11,0.0,64,+2 Laps,10.0,,194.379
2017,5,Spanish Grand Prix,2017-05-14,alonso,ALO,Fernando Alonso,mclaren,McLaren,14,7,12,0.0,64,+2 Laps,4.0,,199.752
2017,5,Spanish Grand Prix,2017-05-14,massa,MAS,Felipe Massa,williams,Williams,19,9,13,0.0,64,+2 Laps,13.0,,193.796
2017,5,Spanish Grand Prix,2017-05-14,kevin_magnussen,MAG,Kevin Magnussen,haas,Haas F1 Team,20,11,14,0.0,64,+2 Laps,12.0,,194.023
2017,5,Spanish Grand Prix,2017-05-14,jolyon_palmer,PAL,Jolyon Palmer,renault,Renault,30,17,15,0.0,64,+2 Laps,6.0,,197.517
2017,5,Spanish Grand Prix,2017-05-14,stroll,STR,Lance Stroll,williams,Williams,18,18,16,0.0,64,+2 Laps,16.0,,192.98
2017,5,Spanish Grand Prix,2017-05-14,bottas,BOT,Valtteri Bottas,mercedes,Mercedes,77,3,17,0.0,38,Power Unit,5.0,,197.86
2017,5,Spanish Grand Prix,2017-05-14,vandoorne,VAN,Stoffel Vandoorne,mclaren,McLaren,2,20,18,0.0,32,Collision,18.0,,191.401
2017,5,Spanish Grand Prix,2017-05-14,max_verstappen,VER,Max Verstappen,red_bull,Red Bull,33,5,19,0.0,1,Collision damage,,,
2017,5,Spanish Grand Prix,2017-05-14,raikkonen,RAI,Kimi Räikkönen,ferrari,Ferrari,7,4,20,0.0,0,Collision damage,,,
2017,6,Monaco Grand Prix,2017-05-28,vettel,VET,Sebastian Vettel,ferrari,Ferrari,5,2,1,25.0,78,Finished,2.0,,159.669
2017,6,Monaco Grand Prix,2017-05-28,raikkonen,RAI,Kimi Räikkönen,ferrari,Ferrari,7,1,2,18.0,78,Finished,3.0,,159.058
2017,6,Monaco Grand Prix,2017-05-28,ricciardo,RIC,Daniel Ricciardo,red_bull,Red Bull,3,5,3,15.0,78,Finished,4.0,,158.577
2017,6,Monaco Grand Prix,2017-05-28,bottas,BOT,Valtteri Bottas,mercedes,Mercedes,77,3,4,12.0,78,Finished,9.0,,157.16
2017,6,Monaco Grand Prix,2017-05-28,max_verstappen,VER,Max Verstappen,red_bull,Red Bull,33,4,5,10.0,78,Finished,8.0,,157.387
2017,6,Monaco Grand Prix,2017-05-28,sainz,SAI,Carlos Sainz,toro_rosso,Toro Rosso,55,6,6,8.0,78,Finished,14.0,,156.73
2017,6,Monaco Grand Prix,2017-05-28,hamilton,HAM,Lewis Hamilton,mercedes,Mercedes,44,13,7,6.0,78,Finished,5.0,,158.433
2017,6,Monaco Grand Prix,2017-05-28,grosjean,GRO,Romain Grosjean,haas,Haas F1 Team,8,8,8,4.0,78,Finished,18.0,,155.823
2017,6,Monaco Grand Prix,2017-05-28,massa,MAS,Felipe Massa,williams,Williams,19,14,9,2.0,78,Finished,12.0,,156.947
2017,6,Monaco Grand Prix,2017-05-28,kevin_magnussen,MAG,Kevin Magnussen,haas,Haas F1 Team,20,11,10,1.0,78,Finished,7.0,,157.42
2017,6,Monaco Grand Prix,2017-05-28,jolyon_palmer,PAL,Jolyon Palmer,renault,Renault,30,16,11,0.0,78,Finished,13.0,,156.801
2017,6,Monaco Grand Prix,2017-05-28,ocon,OCO,Esteban Ocon,force_india,Force India,31,15,12,0.0,78,Finished,10.0,,157.072
2017,6,Monaco Grand Prix,2017-05-28,perez,PER,Sergio Pérez,force_india,Force India,11,7,13,0.0,78,Finished,1.0,,160.561
2017,6,Monaco Grand Prix,2017-05-28,kvyat,KVY,Daniil Kvyat,toro_rosso,Toro Rosso,26,9,14,0.0,71,Collision damage,11.0,,156.955
2017,6,Monaco Grand Prix,2017-05-28,stroll,STR,Lance Stroll,williams,Williams,18,17,15,0.0,71,Brakes,6.0,,157.912
2017,6,Monaco Grand Prix,2017-05-28,vandoorne,VAN,Stoffel Vandoorne,mclaren,McLaren,2,12,16,0.0,66,Accident,15.0,,156.697
2017,6,Monaco Grand Prix,2017-05-28,ericsson,ERI,Marcus Ericsson,sauber,Sauber,9,19,17,0.0,63,Accident,16.0,,156.362
2017,6,Monaco Grand Prix,2017-05-28,button,BUT,Jenson Button,mclaren,McLaren,22,20,18,0.0,57,Collision damage,17.0,,156.194
2017,6,Monaco Grand Prix,2017-05-28,wehrlein,WEH,Pascal Wehrlein,sauber,Sauber,94,18,19,0.0,57,Collision,20.0,,153.948
2017,6,Monaco Grand Prix,2017-05-28,hulkenberg,HUL,Nico Hülkenberg,renault,Renault,27,10,20,0.0,15,Gearbox,19.0,,154.242
2017,7,Canadian Grand Prix,2017-06-11,hamilton,HAM,Lewis Hamilton,mercedes,Mercedes,44,1,1,25.0,70,Finished,1.0,,210.588
2017,7,Canadian Grand Prix,2017-06-11,bottas,BOT,Valtteri Bottas,mercedes,Mercedes,77,3,2,18.0,70,Finished,5.0,,206.862
2017,7,Canadian Grand Prix,2017-06-11,ricciardo,RIC,Daniel Ricciardo,red_bull,Red Bull,3,6,3,15.0,70,Finished,8.0,,206.126
2017,7,Canadian Grand Prix,2017-06-11,vettel,VET,Sebastian Vettel,ferrari,Ferrari,5,2,4,12.0,70,Finished,2.0,,210.115
2017,7,Canadian Grand Prix,2017-06-11,perez,PER,Sergio Pérez,force_india,Force India,11,8,5,10.0,70,Finished,11.0,,205.58
2017,7,Canadian Grand Prix,2017-06-11,ocon,OCO,Esteban Ocon,force_india,Force India,31,9,6,8.0,70,Finished,9.0,,205.904
2017,7,Canadian Grand Prix,2017-06-11,raikkonen,RAI,Kimi Räikkönen,ferrari,Ferrari,7,4,7,6.0,70,Finished,3.0,,208.25
2017,7,Canadian Grand Prix,2017-06-11,hulkenberg,HUL,Nico Hülkenberg,renault,Renault,27,10,8,4.0,70,Finished,7.0,,206.204
2017,7,Canadian Grand Prix,2017-06-11,stroll,STR,Lance Stroll,williams,Williams,18,17,9,2.0,69,+1 Lap,6.0,,206.63
2017,7,Canadian Grand Prix,2017-06-11,grosjean,GRO,Romain Grosjean,haas,Haas F1 Team,8,14,10,1.0,69,+1 Lap,15.0,,204.026
2017,7,Canadian Grand Prix,2017-06-11,jolyon_palmer,PAL,Jolyon Palmer,renault,Renault,30,15,11,0.0,69,+1 Lap,12.0,,204.677
2017,7,Canadian Grand Prix,2017-06-11,kevin_magnussen,MAG,Kevin Magnussen,haas,Haas F1 Team,20,18,12,0.0,69,+1 Lap,10.0,,205.65
2017,7,Canadian Grand Prix,2017-06-11,ericsson,ERI,Marcus Ericsson,sauber,Sauber,9,19,13,0.0,69,+1 Lap,16.0,,203.904
2017,7,Canadian Grand Prix,2017-06-11,vandoorne,VAN,Stoffel Vandoorne,mclaren,McLaren,2,16,14,0.0,69,+1 Lap,14.0,,204.491
2017,7,Canadian Grand Prix,2017-06-11,wehrlein,WEH,Pascal Wehrlein,sauber,Sauber,94,20,15,0.0,68,+2 Laps,17.0,,203.65
2017,7,Canadian Grand Prix,2017-06-11,alonso,ALO,Fernando Alonso,mclaren,McLaren,14,12,16,0.0,66,Power Unit,4.0,,206.974
2017,7,Canadian Grand Prix,2017-06-11,kvyat,KVY,Daniil Kvyat,toro_rosso,Toro Rosso,26,11,17,0.0,54,Power Unit,13.0,,204.653
2017,7,Canadian Grand Prix,2017-06-11,max_verstappen,VER,Max Verstappen,red_bull,Red Bull,33,5,18,0.0,10,Electrical,18.0,,203.396
2017,7,Canadian Grand Prix,2017-06-11,massa,MAS,Felipe Massa,williams,Williams,19,7,19,0.0,0,Collision,,,
2017,7,Canadian Grand Prix,2017-06-11,sainz,SAI,Carlos Sainz,toro_rosso,Toro Rosso,55,13,20,0.0,0,Collision,,,
2017,8,Azerbaijan Grand Prix,2017-06-25,ricciardo,RIC,Daniel Ricciardo,red_bull,Red Bull,3,10,1,25.0,51,Finished,4.0,,206.048
2017,8,Azerbaijan Grand Prix,2017-06-25,bottas,BOT,Valtteri Bottas,mercedes,Mercedes,77,2,2,18.0,51,Finished,3.0,,207.946
2017,8,Azerbaijan Grand Prix,2017-06-25,stroll,STR,Lance Stroll,williams,Williams,18,8,3,15.0,51,Finished,5.0,,205.605
2017,8,Azerbaijan Grand Prix,2017-06-25,vettel,VET,Sebastian Vettel,ferrari,Ferrari,5,4,4,12.0,51,Finished,1.0,,208.919
2017,8,Azerbaijan Grand Prix,2017-06-25,hamilton,HAM,Lewis Hamilton,mercedes,Mercedes,44,1,5,10.0,51,Finished,2.0,,208.862
2017,8,Azerbaijan Grand Prix,2017-06-25,ocon,OCO,Esteban Ocon,force_india,Force India,31,7,6,8.0,51,Finished,9.0,,204.581
2017,8,Azerbaijan Grand Prix,2017-06-25,kevin_magnussen,MAG,Kevin Magnussen,haas,Haas F1 Team,20,12,7,6.0,51,Finished,11.0,,203.277
2017,8,Azerbaijan Grand Prix,2017-06-25,sainz,SAI,Carlos Sainz,toro_rosso,Toro Rosso,55,15,8,4.0,51,Finished,10.0,,204.133
2017,8,Azerbaijan Grand Prix,2017-06-25,alonso,ALO,Fernando Alonso,mclaren,McLaren,14,19,9,2.0,51,Finished,6.0,,205.488
2017,8,Azerbaijan Grand Prix,2017-06-25,wehrlein,WEH,Pascal Wehrlein,sauber,Sauber,94,14,10,1.0,51,Finished,15.0,,201.743
2017,8,Azerbaijan Grand Prix,2017-06-25,ericsson,ERI,Marcus Ericsson,sauber,Sauber,9,17,11,0.0,51,Finished,16.0,,201.619
2017,8,Azerbaijan Grand Prix,2017-06-25,vandoorne,VAN,Stoffel Vandoorne,mclaren,McLaren,2,18,12,0.0,51,Finished,13.0,,202.636
2017,8,Azerbaijan Grand Prix,2017-06-25,grosjean,GRO,Romain Grosjean,haas,Haas F1 Team,8,16,13,0.0,50,+1 Lap,14.0,,202.289
2017,8,Azerbaijan Grand Prix,2017-06-25,raikkonen,RAI,Kimi Räikkönen,ferrari,Ferrari,7,3,14,0.0,46,Water pressure,7.0,,204.76
2017,8,Azerbaijan Grand Prix,2017-06-25,perez,PER,Sergio Pérez,force_india,Force India,11,6,15,0.0,39,Seat,8.0,,204.67
2017,8,Azerbaijan Grand Prix,2017-06-25,massa,MAS,Felipe Massa,williams,Williams,19,9,16,0.0,25,Suspension,17.0,,201.33
2017,8,Azerbaijan Grand Prix,2017-06-25,hulkenberg,HUL,Nico Hülkenberg,renault,Renault,27,13,17,0.0,24,Accident,19.0,,199.111
2017,8,Azerbaijan Grand Prix,2017-06-25,max_verstappen,VER,Max Verstappen,red_bull,Red Bull,33,5,18,0.0,12,Oil pressure,12.0,,203.112
2017,8,Azerbaijan Grand Prix,2017-06-25,kvyat,KVY,Daniil Kvyat,toro_rosso,Toro Rosso,26,11,19,0.0,9,Battery,18.0,,199.372
2017,8,Azerbaijan Grand Prix,2017-06-25,jolyon_palmer,PAL,Jolyon Palmer,renault,Renault,30,20,20,0.0,7,Power Unit,20.0,,193.518
2017,9,Austrian Grand Prix,2017-07-09,bottas,BOT,Valtteri Bottas,mercedes,Mercedes,77,1,1,25.0,71,Finished,5.0,,229.115
2017,9,Austrian Grand Prix,2017-07-09,vettel,VET,Sebastian Vettel,ferrari,Ferrari,5,2,2,18.0,71,Finished,4.0,,230.306
2017,9,Austrian Grand Prix,2017-07-09,ricciardo,RIC,Daniel Ricciardo,red_bull,Red Bull,3,4,3,15.0,71,Finished,2.0,,230.491
2017,9,Austrian Grand Prix,2017-07-09,hamilton,HAM,Lewis Hamilton,mercedes,Mercedes,44,8,4,12.0,71,Finished,1.0,,230.597
2017,9,Austrian Grand Prix,2017-07-09,raikkonen,RAI,Kimi Räikkönen,ferrari,Ferrari,7,3,5,10.0,71,Finished,3.0,,230.341
2017,9,Austrian Grand Prix,2017-07-09,grosjean,GRO,Romain Grosjean,haas,Haas F1 Team,8,6,6,8.0,71,Finished,10.0,,226.633
2017,9,Austrian Grand Prix,2017-07-09,perez,PER,Sergio Pérez,force_india,Force India,11,7,7,6.0,70,+1 Lap,9.0,,227.03
2017,9,Austrian Grand Prix,2017-07-09,ocon,OCO,Esteban Ocon,force_india,Force India,31,9,8,4.0,70,+1 Lap,12.0,,226.405
2017,9,Austrian Grand Prix,2017-07-09,massa,MAS,Felipe Massa,williams,Williams,19,17,9,2.0,70,+1 Lap,7.0,,227.2
2017,9,Austrian Grand Prix,2017-07-09,stroll,STR,Lance Stroll,williams,Williams,18,18,10,1.0,70,+1 Lap,13.0,,226.017
2017,9,Austrian Grand Prix,2017-07-09,jolyon_palmer,PAL,Jolyon Palmer,renault,Renault,30,16,11,0.0,70,+1 Lap,11.0,,226.428
2017,9,Austrian Grand Prix,2017-07-09,vandoorne,VAN,Stoffel Vandoorne,mclaren,McLaren,2,13,12,0.0,70,+1 Lap,8.0,,227.19
2017,9,Austrian Grand Prix,2017-07-09,hulkenberg,HUL,Nico Hülkenberg,renault,Renault,27,11,13,0.0,70,+1 Lap,14.0,,225.146
2017,9,Austrian Grand Prix,2017-07-09,wehrlein,WEH,Pascal Wehrlein,sauber,Sauber,94,20,14,0.0,70,+1 Lap,16.0,,224.502
2017,9,Austrian Grand Prix,2017-07-09,ericsson,ERI,Marcus Ericsson,sauber,Sauber,9,19,15,0.0,69,+2 Laps,17.0,,224.363
2017,9,Austrian Grand Prix,2017-07-09,kvyat,KVY,Daniil Kvyat,toro_rosso,Toro Rosso,26,14,16,0.0,68,+3 Laps,6.0,,228.395
2017,9,Austrian Grand Prix,2017-07-09,sainz,SAI,Carlos Sainz,toro_rosso,Toro Rosso,55,10,17,0.0,44,Engine,15.0,,224.798
2017,9,Austrian Grand Prix,2017-07-09,kevin_magnussen,MAG,Kevin Magnussen,haas,Haas F1 Team,20,15,18,0.0,29,Hydraulics,18.0,,220.8
2017,9,Austrian Grand Prix,2017-07-09,alonso,ALO,Fernando Alonso,mclaren,McLaren,14,12,19,0.0,1,Collision damage,,,
2017,9,Austrian Grand Prix,2017-07-09,max_verstappen,VER,Max Verstappen,red_bull,Red Bull,33,5,20,0.0,0,Collision damage,,,
2017,10,British Grand Prix,2017-07-16,hamilton,HAM,Lewis Hamilton,mercedes,Mercedes,44,1,1,25.0,51,Finished,1.0,,234.025
2017,10,British Grand Prix,2017-07-16,bottas,BOT,Valtteri Bottas,mercedes,Mercedes,77,9,2,18.0,51,Finished,3.0,,233.294
2017,10,British Grand Prix,2017-07-16,raikkonen,RAI,Kimi Räikkönen,ferrari,Ferrari,7,2,3,15.0,51,Finished,4.0,,231.733
2017,10,British Grand Prix,2017-07-16,max_verstappen,VER,Max Verstappen,red_bull,Red Bull,33,4,4,12.0,51,Finished,2.0,,233.878
2017,10,British Grand Prix,2017-07-16,ricciardo,RIC,Daniel Ricciardo,red_bull,Red Bull,3,19,5,10.0,51,Finished,6.0,,230.833
2017,10,British Grand Prix,2017-07-16,hulkenberg,HUL,Nico Hülkenberg,renault,Renault,27,5,6,8.0,51,Finished,8.0,,229.08
2017,10,British Grand Prix,2017-07-16,vettel,VET,Sebastian Vettel,ferrari,Ferrari,5,3,7,6.0,51,Finished,5.0,,230.838
2017,10,British Grand Prix,2017-07-16,ocon,OCO,Esteban Ocon,force_india,Force India,31,7,8,4.0,50,+1 Lap,15.0,,226.768
2017,10,British Grand Prix,2017-07-16,perez,PER,Sergio Pérez,force_india,Force India,11,6,9,2.0,50,+1 Lap,14.0,,226.809
2017,10,British Grand Prix,2017-07-16,massa,MAS,Felipe Massa,williams,Williams,19,14,10,1.0,50,+1 Lap,16.0,,226.668
2017,10,British Grand Prix,2017-07-16,vandoorne,VAN,Stoffel Vandoorne,mclaren,McLaren,2,8,11,0.0,50,+1 Lap,13.0,,226.906
2017,10,British Grand Prix,2017-07-16,kevin_magnussen,MAG,Kevin Magnussen,haas,Haas F1 Team,20,16,12,0.0,50,+1 Lap,9.0,,228.818
2017,10,British Grand Prix,2017-07-16,grosjean,GRO,Romain Grosjean,haas,Haas F1 Team,8,10,13,0.0,50,+1 Lap,7.0,,229.793
2017,10,British Grand Prix,2017-07-16,ericsson,ERI,Marcus Ericsson,sauber,Sauber,9,18,14,0.0,50,+1 Lap,10.0,,227.747
2017,10,British Grand Prix,2017-07-16,kvyat,KVY,Daniil Kvyat,toro_rosso,Toro Rosso,26,12,15,0.0,50,+1 Lap,17.0,,226.591
2017,10,British Grand Prix,2017-07-16,stroll,STR,Lance Stroll,williams,Williams,18,15,16,0.0,50,+1 Lap,12.0,,227.062
2017,10,British Grand Prix,2017-07-16,wehrlein,WEH,Pascal Wehrlein,sauber,Sauber,94,17,17,0.0,50,+1 Lap,11.0,,227.203
2017,10,British Grand Prix,2017-07-16,alonso,ALO,Fernando Alonso,mclaren,McLaren,14,20,18,0.0,32,Power Unit,18.0,,224.983
2017,10,British Grand Prix,2017-07-16,sainz,SAI,Carlos Sainz,toro_rosso,Toro Rosso,55,13,19,0.0,0,Collision damage,,,
2017,10,British Grand Prix,2017-07-16,jolyon_palmer,PAL,Jolyon Palmer,renault,Renault,30,11,20,0.0,0,Hydraulics,,,
2017,11,Hungarian Grand Prix,2017-07-30,vettel,VET,Sebastian Vettel,ferrari,Ferrari,5,1,1,25.0,70,Finished,4.0,,195.176
2017,11,Hungarian Grand Prix,2017-07-30,raikkonen,RAI,Kimi Räikkönen,ferrari,Ferrari,7,2,2,18.0,70,Finished,2.0,,196.015
2017,11,Hungarian Grand Prix,2017-07-30,bottas,BOT,Valtteri Bottas,mercedes,Mercedes,77,3,3,15.0,70,Finished,6.0,,194.198
2017,11,Hungarian Grand Prix,2017-07-30,hamilton,HAM,Lewis Hamilton,mercedes,Mercedes,44,4,4,12.0,70,Finished,5.0,,195.149
2017,11,Hungarian Grand Prix,2017-07-30,max_verstappen,VER,Max Verstappen,red_bull,Red Bull,33,5,5,10.0,70,Finished,3.0,,195.944
2017,11,Hungarian Grand Prix,2017-07-30,alonso,ALO,Fernando Alonso,mclaren,McLaren,14,7,6,8.0,70,Finished,1.0,,196.697
2017,11,Hungarian Grand Prix,2017-07-30,sainz,SAI,Carlos Sainz,toro_rosso,Toro Rosso,55,9,7,6.0,69,+1 Lap,11.0,,192.639
2017,11,Hungarian Grand Prix,2017-07-30,perez,PER,Sergio Pérez,force_india,Force India,11,13,8,4.0,69,+1 Lap,14.0,,192.09
2017,11,Hungarian Grand Prix,2017-07-30,ocon,OCO,Esteban Ocon,force_india,Force India,31,11,9,2.0,69,+1 Lap,15.0,,191.33
2017,11,Hungarian Grand Prix,2017-07-30,vandoorne,VAN,Stoffel Vandoorne,mclaren,McLaren,2,8,10,1.0,69,+1 Lap,12.0,,192.43
2017,11,Hungarian Grand Prix,2017-07-30,kvyat,KVY,Daniil Kvyat,toro_rosso,Toro Rosso,26,16,11,0.0,69,+1 Lap,9.0,,193.206
2017,11,Hungarian Grand Prix,2017-07-30,jolyon_palmer,PAL,Jolyon Palmer,renault,Renault,30,10,12,0.0,69,+1 Lap,7.0,,193.305
2017,11,Hungarian Grand Prix,2017-07-30,kevin_magnussen,MAG,Kevin Magnussen,haas,Haas F1 Team,20,15,13,0.0,69,+1 Lap,13.0,,192.102
2017,11,Hungarian Grand Prix,2017-07-30,stroll,STR,Lance Stroll,williams,Williams,18,17,14,0.0,69,+1 Lap,16.0,,190.409
2017,11,Hungarian Grand Prix,2017-07-30,wehrlein,WEH,Pascal Wehrlein,sauber,Sauber,94,18,15,0.0,68,+2 Laps,18.0,,188.716
2017,11,Hungarian Grand Prix,2017-07-30,ericsson,ERI,Marcus Ericsson,sauber,Sauber,9,20,16,0.0,68,+2 Laps,10.0,,192.92
2017,11,Hungarian Grand Prix,2017-07-30,hulkenberg,HUL,Nico Hülkenberg,renault,Renault,27,12,17,0.0,67,Brakes,8.0,,193.253
2017,11,Hungarian Grand Prix,2017-07-30,resta,DIR,Paul di Resta,williams,Williams,40,19,18,0.0,60,Oil leak,17.0,,189.466
2017,11,Hungarian Grand Prix,2017-07-30,grosjean,GRO,Romain Grosjean,haas,Haas F1 Team,8,14,19,0.0,20,Wheel nut,19.0,,186.201
2017,11,Hungarian Grand Prix,2017-07-30,ricciardo,RIC,Daniel Ricciardo,red_bull,Red Bull,3,6,20,0.0,0,Collision,,,
2017,12,Belgian Grand Prix,2017-08-27,hamilton,HAM,Lewis Hamilton,mercedes,Mercedes,44,1,1,25.0,44,Finished,2.0,,236.526
2017,12,Belgian Grand Prix,2017-08-27,vettel,VET,Sebastian Vettel,ferrari,Ferrari,5,2,2,18.0,44,Finished,1.0,,236.583
2017,12,Belgian Grand Prix,2017-08-27,ricciardo,RIC,Daniel Ricciardo,red_bull,Red Bull,3,6,3,15.0,44,Finished,3.0,,234.445
2017,12,Belgian Grand Prix,2017-08-27,raikkonen,RAI,Kimi Räikkönen,ferrari,Ferrari,7,4,4,12.0,44,Finished,5.0,,234.051
2017,12,Belgian Grand Prix,2017-08-27,bottas,BOT,Valtteri Bottas,mercedes,Mercedes,77,3,5,10.0,44,Finished,4.0,,234.071
2017,12,Belgian Grand Prix,2017-08-27,hulkenberg,HUL,Nico Hülkenberg,renault,Renault,27,7,6,8.0,44,Finished,7.0,,231.49
2017,12,Belgian Grand Prix,2017-08-27,grosjean,GRO,Romain Grosjean,haas,Haas F1 Team,8,11,7,6.0,44,Finished,8.0,,231.14
2017,12,Belgian Grand Prix,2017-08-27,massa,MAS,Felipe Massa,williams,Williams,19,16,8,4.0,44,Finished,11.0,,229.98
2017,12,Belgian Grand Prix,2017-08-27,ocon,OCO,Esteban Ocon,force_india,Force India,31,9,9,2.0,44,Finished,14.0,,229.804
2017,12,Belgian Grand Prix,2017-08-27,sainz,SAI,Carlos Sainz,toro_rosso,Toro Rosso,55,13,10,1.0,44,Finished,13.0,,229.829
2017,12,Belgian Grand Prix,2017-08-27,stroll,STR,Lance Stroll,williams,Williams,18,15,11,0.0,44,Finished,16.0,,228.095
2017,12,Belgian Grand Prix,2017-08-27,kvyat,KVY,Daniil Kvyat,toro_rosso,Toro Rosso,26,19,12,0.0,44,Finished,12.0,,229.831
2017,12,Belgian Grand Prix,2017-08-27,jolyon_palmer,PAL,Jolyon Palmer,renault,Renault,30,14,13,0.0,44,Finished,10.0,,230.725
2017,12,Belgian Grand Prix,2017-08-27,vandoorne,VAN,Stoffel Vandoorne,mclaren,McLaren,2,20,14,0.0,44,Finished,15.0,,229.415
2017,12,Belgian Grand Prix,2017-08-27,kevin_magnussen,MAG,Kevin Magnussen,haas,Haas F1 Team,20,12,15,0.0,44,Finished,9.0,,231.057
2017,12,Belgian Grand Prix,2017-08-27,ericsson,ERI,Marcus Ericsson,sauber,Sauber,9,17,16,0.0,44,Finished,17.0,,227.618
2017,12,Belgian Grand Prix,2017-08-27,perez,PER,Sergio Pérez,force_india,Force India,11,8,17,0.0,42,Gearbox,6.0,,232.819
2017,12,Belgian Grand Prix,2017-08-27,alonso,ALO,Fernando Alonso,mclaren,McLaren,14,10,18,0.0,25,Engine,19.0,,225.692
2017,12,Belgian Grand Prix,2017-08-27,max_verstappen,VER,Max Verstappen,red_bull,Red Bull,33,5,19,0.0,7,Engine,18.0,,227.111
2017,12,Belgian Grand Prix,2017-08-27,wehrlein,WEH,Pascal Wehrlein,sauber,Sauber,94,18,20,0.0,2,Collision,,,
2017,13,Italian Grand Prix,2017-09-03,hamilton,HAM,Lewis Hamilton,mercedes,Mercedes,44,1,1,25.0,53,Finished,2.0,,249.793
2017,13,Italian Grand Prix,2017-09-03,bottas,BOT,Valtteri Bottas,mercedes,Mercedes,77,4,2,18.0,53,Finished,3.0,,249.095
2017,13,Italian Grand Prix,2017-09-03,vettel,VET,Sebastian Vettel,ferrari,Ferrari,5,6,3,15.0,53,Finished,4.0,,248.576
2017,13,Italian Grand Prix,2017-09-03,ricciardo,RIC,Daniel Ricciardo,red_bull,Red Bull,3,16,4,12.0,53,Finished,1.0,,250.174
2017,13,Italian Grand Prix,2017-09-03,raikkonen,RAI,Kimi Räikkönen,ferrari,Ferrari,7,5,5,10.0,53,Finished,8.0,,245.194
2017,13,Italian Grand Prix,2017-09-03,ocon,OCO,Esteban Ocon,force_india,Force India,31,3,6,8.0,53,Finished,11.0,,243.482
2017,13,Italian Grand Prix,2017-09-03,stroll,STR,Lance Stroll,williams,Williams,18,2,7,6.0,53,Finished,10.0,,243.559
2017,13,Italian Grand Prix,2017-09-03,massa,MAS,Felipe Massa,williams,Williams,19,7,8,4.0,53,Finished,9.0,,243.981
2017,13,Italian Grand Prix,2017-09-03,perez,PER,Sergio Pérez,force_india,Force India,11,10,9,2.0,53,Finished,6.0,,245.442
2017,13,Italian Grand Prix,2017-09-03,max_verstappen,VER,Max Verstappen,red_bull,Red Bull,33,13,10,1.0,52,+1 Lap,5.0,,247.238
2017,13,Italian Grand Prix,2017-09-03,kevin_magnussen,MAG,Kevin Magnussen,haas,Haas F1 Team,20,9,11,0.0,52,+1 Lap,15.0,,242.393
2017,13,Italian Grand Prix,2017-09-03,kvyat,KVY,Daniil Kvyat,toro_rosso,Toro Rosso,26,8,12,0.0,52,+1 Lap,14.0,,242.796
2017,13,Italian Grand Prix,2017-09-03,hulkenberg,HUL,Nico Hülkenberg,renault,Renault,27,14,13,0.0,52,+1 Lap,16.0,,242.128
2017,13,Italian Grand Prix,2017-09-03,sainz,SAI,Carlos Sainz,toro_rosso,Toro Rosso,55,15,14,0.0,52,+1 Lap,17.0,,241.906
2017,13,Italian Grand Prix,2017-09-03,grosjean,GRO,Romain Grosjean,haas,Haas F1 Team,8,20,15,0.0,52,+1 Lap,7.0,,245.292
2017,13,Italian Grand Prix,2017-09-03,wehrlein,WEH,Pascal Wehrlein,sauber,Sauber,94,12,16,0.0,51,+2 Laps,18.0,,240.965
2017,13,Italian Grand Prix,2017-09-03,alonso,ALO,Fernando Alonso,mclaren,McLaren,14,19,17,0.0,50,Gearbox,13.0,,242.861
2017,13,Italian Grand Prix,2017-09-03,ericsson,ERI,Marcus Ericsson,sauber,Sauber,9,11,18,0.0,49,Gearbox,20.0,,237.897
2017,13,Italian Grand Prix,2017-09-03,vandoorne,VAN,Stoffel Vandoorne,mclaren,McLaren,2,18,19,0.0,33,Engine,19.0,,239.953
2017,13,Italian Grand Prix,2017-09-03,jolyon_palmer,PAL,Jolyon Palmer,renault,Renault,30,17,20,0.0,29,Engine,12.0,,243.198
2017,14,Singapore Grand Prix,2017-09-17,hamilton,HAM,Lewis Hamilton,mercedes,Mercedes,44,5,1,25.0,58,Finished,1.0,,173.643
2017,14,Singapore Grand Prix,2017-09-17,ricciardo,RIC,Daniel Ricciardo,red_bull,Red Bull,3,3,2,18.0,58,Finished,2.0,,173.16
2017,14,Singapore Grand Prix,2017-09-17,bottas,BOT,Valtteri Bottas,mercedes,Mercedes,77,6,3,15.0,58,Finished,3.0,,172.989
2017,14,Singapore Grand Prix,2017-09-17,sainz,SAI,Carlos Sainz,toro_rosso,Toro Rosso,55,10,4,12.0,58,Finished,4.0,,171.151
2017,14,Singapore Grand Prix,2017-09-17,perez,PER,Sergio Pérez,force_india,Force India,11,12,5,10.0,58,Finished,7.0,,170.84
2017,14,Singapore Grand Prix,2017-09-17,jolyon_palmer,PAL,Jolyon Palmer,renault,Renault,30,11,6,8.0,58,Finished,5.0,,170.855
2017,14,Singapore Grand Prix,2017-09-17,vandoorne,VAN,Stoffel Vandoorne,mclaren,McLaren,2,9,7,6.0,58,Finished,6.0,,170.855
2017,14,Singapore Grand Prix,2017-09-17,stroll,STR,Lance Stroll,williams,Williams,18,18,8,4.0,58,Finished,9.0,,169.599
2017,14,Singapore Grand Prix,2017-09-17,grosjean,GRO,Romain Grosjean,haas,Haas F1 Team,8,15,9,2.0,58,Finished,11.0,,169.402
2017,14,Singapore Grand Prix,2017-09-17,ocon,OCO,Esteban Ocon,force_india,Force India,31,14,10,1.0,58,Finished,12.0,,169.339
2017,14,Singapore Grand Prix,2017-09-17,massa,MAS,Felipe Massa,williams,Williams,19,17,11,0.0,58,Finished,8.0,,170.323
2017,14,Singapore Grand Prix,2017-09-17,wehrlein,WEH,Pascal Wehrlein,sauber,Sauber,94,19,12,0.0,56,+2 Laps,14.0,,167.19
2017,14,Singapore Grand Prix,2017-09-17,kevin_magnussen,MAG,Kevin Magnussen,haas,Haas F1 Team,20,16,13,0.0,50,Engine,10.0,,169.484
2017,14,Singapore Grand Prix,2017-09-17,hulkenberg,HUL,Nico Hülkenberg,renault,Renault,27,7,14,0.0,48,Engine,13.0,,168.816
2017,14,Singapore Grand Prix,2017-09-17,ericsson,ERI,Marcus Ericsson,sauber,Sauber,9,20,15,0.0,35,Accident,15.0,,162.085
2017,14,Singapore Grand Prix,2017-09-17,kvyat,KVY,Daniil Kvyat,toro_rosso,Toro Rosso,26,13,16,0.0,10,Accident,16.0,,139.711
2017,14,Singapore Grand Prix,2017-09-17,alonso,ALO,Fernando Alonso,mclaren,McLaren,14,8,17,0.0,8,Collision damage,17.0,,136.503
2017,14,Singapore Grand Prix,2017-09-17,vettel,VET,Sebastian Vettel,ferrari,Ferrari,5,1,18,0.0,0,Accident,,,
2017,14,Singapore Grand Prix,2017-09-17,max_verstappen,VER,Max Verstappen,red_bull,Red Bull,33,2,19,0.0,0,Accident,,,
2017,14,Singapore Grand Prix,2017-09-17,raikkonen,RAI,Kimi Räikkönen,ferrari,Ferrari,7,4,20,0.0,0,Accident,,,
2017,15,Malaysian Grand Prix,2017-10-01,max_verstappen,VER,Max Verstappen,red_bull,Red Bull,33,3,1,25.0,56,Finished,4.0,,211.235
2017,15,Malaysian Grand Prix,2017-10-01,hamilton,HAM,Lewis Hamilton,mercedes,Mercedes,44,1,2,18.0,56,Finished,3.0,,211.269
2017,15,Malaysian Grand Prix,2017-10-01,ricciardo,RIC,Daniel Ricciardo,red_bull,Red Bull,3,4,3,15.0,56,Finished,5.0,,210.56
2017,15,Malaysian Grand Prix,2017-10-01,vettel,VET,Sebastian Vettel,ferrari,Ferrari,5,20,4,12.0,56,Finished,1.0,,212.104
2017,15,Malaysian Grand Prix,2017-10-01,bottas,BOT,Valtteri Bottas,mercedes,Mercedes,77,5,5,10.0,56,Finished,6.0,,209.424
2017,15,Malaysian Grand Prix,2017-10-01,perez,PER,Sergio Pérez,force_india,Force India,11,9,6,8.0,56,Finished,7.0,,208.751
2017,15,Malaysian Grand Prix,2017-10-01,vandoorne,VAN,Stoffel Vandoorne,mclaren,McLaren,2,7,7,6.0,55,+1 Lap,9.0,,208.012
2017,15,Malaysian Grand Prix,2017-10-01,stroll,STR,Lance Stroll,williams,Williams,18,13,8,4.0,55,+1 Lap,12.0,,206.513
2017,15,Malaysian Grand Prix,2017-10-01,massa,MAS,Felipe Massa,williams,Williams,19,11,9,2.0,55,+1 Lap,14.0,,205.838
2017,15,Malaysian Grand Prix,2017-10-01,ocon,OCO,Esteban Ocon,force_india,Force India,31,6,10,1.0,55,+1 Lap,15.0,,205.56
2017,15,Malaysian Grand Prix,2017-10-01,alonso,ALO,Fernando Alonso,mclaren,McLaren,14,10,11,0.0,55,+1 Lap,11.0,,206.783
2017,15,Malaysian Grand Prix,2017-10-01,kevin_magnussen,MAG,Kevin Magnussen,haas,Haas F1 Team,20,17,12,0.0,55,+1 Lap,18.0,,205.313
2017,15,Malaysian Grand Prix,2017-10-01,grosjean,GRO,Romain Grosjean,haas,Haas F1 Team,8,16,13,0.0,55,+1 Lap,8.0,,208.305
2017,15,Malaysian Grand Prix,2017-10-01,gasly,GAS,Pierre Gasly,toro_rosso,Toro Rosso,10,15,14,0.0,55,+1 Lap,16.0,,205.359
2017,15,Malaysian Grand Prix,2017-10-01,jolyon_palmer,PAL,Jolyon Palmer,renault,Renault,30,12,15,0.0,55,+1 Lap,17.0,,205.325
2017,15,Malaysian Grand Prix,2017-10-01,hulkenberg,HUL,Nico Hülkenberg,renault,Renault,27,8,16,0.0,55,+1 Lap,2.0,,211.686
2017,15,Malaysian Grand Prix,2017-10-01,wehrlein,WEH,Pascal Wehrlein,sauber,Sauber,94,18,17,0.0,55,+1 Lap,10.0,,207.01
2017,15,Malaysian Grand Prix,2017-10-01,ericsson,ERI,Marcus Ericsson,sauber,Sauber,9,19,18,0.0,54,+2 Laps,13.0,,206.507
2017,15,Malaysian Grand Prix,2017-10-01,sainz,SAI,Carlos Sainz,toro_rosso,Toro Rosso,55,14,19,0.0,29,Engine,19.0,,203.365
2017,15,Malaysian Grand Prix,2017-10-01,raikkonen,RAI,Kimi Räikkönen,ferrari,Ferrari,7,0,20,0.0,0,Battery,,,
2017,16,Japanese Grand Prix,2017-10-08,hamilton,HAM,Lewis Hamilton,mercedes,Mercedes,44,1,1,25.0,53,Finished,6.0,,222.917
2017,16,Japanese Grand Prix,2017-10-08,max_verstappen,VER,Max Verstappen,red_bull,Red Bull,33,4,2,18.0,53,Finished,5.0,,223.036
2017,16,Japanese Grand Prix,2017-10-08,ricciardo,RIC,Daniel Ricciardo,red_bull,Red Bull,3,3,3,15.0,53,Finished,3.0,,223.122
2017,16,Japanese Grand Prix,2017-10-08,bottas,BOT,Valtteri Bottas,mercedes,Mercedes,77,6,4,12.0,53,Finished,1.0,,224.439
2017,16,Japanese Grand Prix,2017-10-08,raikkonen,RAI,Kimi Räikkönen,ferrari,Ferrari,7,10,5,10.0,53,Finished,2.0,,224.364
2017,16,Japanese Grand Prix,2017-10-08,ocon,OCO,Esteban Ocon,force_india,Force India,31,5,6,8.0,53,Finished,11.0,,220.419
2017,16,Japanese Grand Prix,2017-10-08,perez,PER,Sergio Pérez,force_india,Force India,11,7,7,6.0,53,Finished,10.0,,220.649
2017,16,Japanese Grand Prix,2017-10-08,kevin_magnussen,MAG,Kevin Magnussen,haas,Haas F1 Team,20,12,8,4.0,53,Finished,13.0,,219.274
2017,16,Japanese Grand Prix,2017-10-08,grosjean,GRO,Romain Grosjean,haas,Haas F1 Team,8,13,9,2.0,53,Finished,14.0,,219.253
2017,16,Japanese Grand Prix,2017-10-08,massa,MAS,Felipe Massa,williams,Williams,19,8,10,1.0,52,+1 Lap,16.0,,217.891
2017,16,Japanese Grand Prix,2017-10-08,alonso,ALO,Fernando Alonso,mclaren,McLaren,14,20,11,0.0,52,+1 Lap,12.0,,219.797
2017,16,Japanese Grand Prix,2017-10-08,jolyon_palmer,PAL,Jolyon Palmer,renault,Renault,30,18,12,0.0,52,+1 Lap,7.0,,222.171
2017,16,Japanese Grand Prix,2017-10-08,gasly,GAS,Pierre Gasly,toro_rosso,Toro Rosso,10,14,13,0.0,52,+1 Lap,8.0,,221.141
2017,16,Japanese Grand Prix,2017-10-08,vandoorne,VAN,Stoffel Vandoorne,mclaren,McLaren,2,9,14,0.0,52,+1 Lap,4.0,,223.05
2017,16,Japanese Grand Prix,2017-10-08,wehrlein,WEH,Pascal Wehrlein,sauber,Sauber,94,17,15,0.0,51,+2 Laps,17.0,,216.791
2017,16,Japanese Grand Prix,2017-10-08,stroll,STR,Lance Stroll,williams,Williams,18,15,16,0.0,45,Wheel,9.0,,221.106
2017,16,Japanese Grand Prix,2017-10-08,hulkenberg,HUL,Nico Hülkenberg,renault,Renault,27,11,17,0.0,40,Front wing,15.0,,218.028
2017,16,Japanese Grand Prix,2017-10-08,ericsson,ERI,Marcus Ericsson,sauber,Sauber,9,16,18,0.0,7,Accident,18.0,,212.028
2017,16,Japanese Grand Prix,2017-10-08,vettel,VET,Sebastian Vettel,ferrari,Ferrari,5,2,19,0.0,4,Spark plugs,19.0,,165.314
2017,16,Japanese Grand Prix,2017-10-08,sainz,SAI,Carlos Sainz,toro_rosso,Toro Rosso,55,19,20,0.0,0,Accident,,,
2017,17,United States Grand Prix,2017-10-22,hamilton,HAM,Lewis Hamilton,mercedes,Mercedes,44,1,1,25.0,56,Finished,5.0,,200.927
2017,17,United States Grand Prix,2017-10-22,vettel,VET,Sebastian Vettel,ferrari,Ferrari,5,2,2,18.0,56,Finished,1.0,,203.003
2017,17,United States Grand Prix,2017-10-22,raikkonen,RAI,Kimi Räikkönen,ferrari,Ferrari,7,5,3,15.0,56,Finished,6.0,,200.86
2017,17,United States Grand Prix,2017-10-22,max_verstappen,VER,Max Verstappen,red_bull,Red Bull,33,16,4,12.0,56,Finished,4.0,,202.394
2017,17,United States Grand Prix,2017-10-22,bottas,BOT,Valtteri Bottas,mercedes,Mercedes,77,3,5,10.0,56,Finished,2.0,,203.001
2017,17,United States Grand Prix,2017-10-22,ocon,OCO,Esteban Ocon,force_india,Force India,31,6,6,8.0,56,Finished,13.0,,197.482
2017,17,United States Grand Prix,2017-10-22,sainz,SAI,Carlos Sainz,renault,Renault,55,7,7,6.0,56,Finished,12.0,,197.555
2017,17,United States Grand Prix,2017-10-22,perez,PER,Sergio Pérez,force_india,Force India,11,9,8,4.0,55,+1 Lap,14.0,,196.793
2017,17,United States Grand Prix,2017-10-22,massa,MAS,Felipe Massa,williams,Williams,19,10,9,2.0,55,+1 Lap,10.0,,198.208
2017,17,United States Grand Prix,2017-10-22,kvyat,KVY,Daniil Kvyat,toro_rosso,Toro Rosso,26,11,10,1.0,55,+1 Lap,15.0,,196.559
2017,17,United States Grand Prix,2017-10-22,stroll,STR,Lance Stroll,williams,Williams,18,15,11,0.0,55,+1 Lap,7.0,,199.133
2017,17,United States Grand Prix,2017-10-22,vandoorne,VAN,Stoffel Vandoorne,mclaren,McLaren,2,20,12,0.0,55,+1 Lap,11.0,,197.777
2017,17,United States Grand Prix,2017-10-22,brendon_hartley,HAR,Brendon Hartley,toro_rosso,Toro Rosso,39,19,13,0.0,55,+1 Lap,8.0,,198.509
2017,17,United States Grand Prix,2017-10-22,grosjean,GRO,Romain Grosjean,haas,Haas F1 Team,8,12,14,0.0,55,+1 Lap,17.0,,196.0
2017,17,United States Grand Prix,2017-10-22,ericsson,ERI,Marcus Ericsson,sauber,Sauber,9,13,15,0.0,55,+1 Lap,16.0,,196.423
2017,17,United States Grand Prix,2017-10-22,kevin_magnussen,MAG,Kevin Magnussen,haas,Haas F1 Team,20,17,16,0.0,55,+1 Lap,3.0,,202.739
2017,17,United States Grand Prix,2017-10-22,alonso,ALO,Fernando Alonso,mclaren,McLaren,14,8,17,0.0,24,Engine,18.0,,195.463
2017,17,United States Grand Prix,2017-10-22,ricciardo,RIC,Daniel Ricciardo,red_bull,Red Bull,3,4,18,0.0,14,Engine,9.0,,198.265
2017,17,United States Grand Prix,2017-10-22,wehrlein,WEH,Pascal Wehrlein,sauber,Sauber,94,14,19,0.0,5,Collision,20.0,,185.357
2017,17,United States Grand Prix,2017-10-22,hulkenberg,HUL,Nico Hülkenberg,renault,Renault,27,18,20,0.0,3,Engine,19.0,,190.34
2017,18,Mexican Grand Prix,2017-10-29,max_verstappen,VER,Max Verstappen,red_bull,Red Bull,33,2,1,25.0,71,Finished,2.0,,196.4
2017,18,Mexican Grand Prix,2017-10-29,bottas,BOT,Valtteri Bottas,mercedes,Mercedes,77,4,2,18.0,71,Finished,3.0,,195.207
2017,18,Mexican Grand Prix,2017-10-29,raikkonen,RAI,Kimi Räikkönen,ferrari,Ferrari,7,5,3,15.0,71,Finished,6.0,,193.549
2017,18,Mexican Grand Prix,2017-10-29,vettel,VET,Sebastian Vettel,ferrari,Ferrari,5,1,4,12.0,71,Finished,1.0,,196.666
2017,18,Mexican Grand Prix,2017-10-29,ocon,OCO,Esteban Ocon,force_india,Force India,31,6,5,10.0,70,+1 Lap,9.0,,191.416
2017,18,Mexican Grand Prix,2017-10-29,stroll,STR,Lance Stroll,williams,Williams,18,11,6,8.0,70,+1 Lap,12.0,,191.142
2017,18,Mexican Grand Prix,2017-10-29,perez,PER,Sergio Pérez,force_india,Force India,11,9,7,6.0,70,+1 Lap,4.0,,193.852
2017,18,Mexican Grand Prix,2017-10-29,kevin_magnussen,MAG,Kevin Magnussen,haas,Haas F1 Team,20,14,8,4.0,70,+1 Lap,14.0,,190.784
2017,18,Mexican Grand Prix,2017-10-29,hamilton,HAM,Lewis Hamilton,mercedes,Mercedes,44,3,9,2.0,70,+1 Lap,5.0,,193.813
2017,18,Mexican Grand Prix,2017-10-29,alonso,ALO,Fernando Alonso,mclaren,McLaren,14,18,10,1.0,70,+1 Lap,11.0,,191.255
2017,18,Mexican Grand Prix,2017-10-29,massa,MAS,Felipe Massa,williams,Williams,19,10,11,0.0,70,+1 Lap,13.0,,190.968
2017,18,Mexican Grand Prix,2017-10-29,vandoorne,VAN,Stoffel Vandoorne,mclaren,McLaren,2,19,12,0.0,70,+1 Lap,10.0,,191.355
2017,18,Mexican Grand Prix,2017-10-29,gasly,GAS,Pierre Gasly,toro_rosso,Toro Rosso,10,20,13,0.0,70,+1 Lap,8.0,,191.622
2017,18,Mexican Grand Prix,2017-10-29,wehrlein,WEH,Pascal Wehrlein,sauber,Sauber,94,13,14,0.0,69,+2 Laps,16.0,,189.793
2017,18,Mexican Grand Prix,2017-10-29,grosjean,GRO,Romain Grosjean,haas,Haas F1 Team,8,15,15,0.0,69,+2 Laps,7.0,,192.848
2017,18,Mexican Grand Prix,2017-10-29,sainz,SAI,Carlos Sainz,renault,Renault,55,8,16,0.0,59,Engine,15.0,,190.442
2017,18,Mexican Grand Prix,2017-10-29,ericsson,ERI,Marcus Ericsson,sauber,Sauber,9,12,17,0.0,55,Engine,17.0,,189.682
2017,18,Mexican Grand Prix,2017-10-29,brendon_hartley,HAR,Brendon Hartley,toro_rosso,Toro Rosso,28,17,18,0.0,30,Engine,19.0,,187.647
2017,18,Mexican Grand Prix,2017-10-29,hulkenberg,HUL,Nico Hülkenberg,renault,Renault,27,7,19,0.0,24,Electrical,18.0,,189.67
2017,18,Mexican Grand Prix,2017-10-29,ricciardo,RIC,Daniel Ricciardo,red_bull,Red Bull,3,16,20,0.0,5,Engine,20.0,,187.155
2017,19,Brazilian Grand Prix,2017-11-12,vettel,VET,Sebastian Vettel,ferrari,Ferrari,5,2,1,25.0,71,Finished,7.0,,213.849
2017,19,Brazilian Grand Prix,2017-11-12,bottas,BOT,Valtteri Bottas,mercedes,Mercedes,77,1,2,18.0,71,Finished,5.0,,214.064
2017,19,Brazilian Grand Prix,2017-11-12,raikkonen,RAI,Kimi Räikkönen,ferrari,Ferrari,7,3,3,15.0,71,Finished,6.0,,213.987
2017,19,Brazilian Grand Prix,2017-11-12,hamilton,HAM,Lewis Hamilton,mercedes,Mercedes,44,20,4,12.0,71,Finished,2.0,,215.914
2017,19,Brazilian Grand Prix,2017-11-12,max_verstappen,VER,Max Verstappen,red_bull,Red Bull,33,4,5,10.0,71,Finished,1.0,,218.349
2017,19,Brazilian Grand Prix,2017-11-12,ricciardo,RIC,Daniel Ricciardo,red_bull,Red Bull,3,14,6,8.0,71,Finished,4.0,,215.363
2017,19,Brazilian Grand Prix,2017-11-12,massa,MAS,Felipe Massa,williams,Williams,19,9,7,6.0,71,Finished,11.0,,211.19
2017,19,Brazilian Grand Prix,2017-11-12,alonso,ALO,Fernando Alonso,mclaren,McLaren,14,6,8,4.0,71,Finished,10.0,,211.193
2017,19,Brazilian Grand Prix,2017-11-12,perez,PER,Sergio Pérez,force_india,Force India,11,5,9,2.0,71,Finished,8.0,,212.347
2017,19,Brazilian Grand Prix,2017-11-12,hulkenberg,HUL,Nico Hülkenberg,renault,Renault,27,7,10,1.0,70,+1 Lap,15.0,,210.314
2017,19,Brazilian Grand Prix,2017-11-12,sainz,SAI,Carlos Sainz,renault,Renault,55,8,11,0.0,70,+1 Lap,13.0,,210.694
2017,19,Brazilian Grand Prix,2017-11-12,gasly,GAS,Pierre Gasly,toro_rosso,Toro Rosso,10,19,12,0.0,70,+1 Lap,9.0,,211.562
2017,19,Brazilian Grand Prix,2017-11-12,ericsson,ERI,Marcus Ericsson,sauber,Sauber,9,17,13,0.0,70,+1 Lap,14.0,,210.577
2017,19,Brazilian Grand Prix,2017-11-12,wehrlein,WEH,Pascal Wehrlein,sauber,Sauber,94,15,14,0.0,70,+1 Lap,17.0,,207.351
2017,19,Brazilian Grand Prix,2017-11-12,grosjean,GRO,Romain Grosjean,haas,Haas F1 Team,8,11,15,0.0,69,+2 Laps,12.0,,210.961
2017,19,Brazilian Grand Prix,2017-11-12,stroll,STR,Lance Stroll,williams,Williams,18,16,16,0.0,69,+2 Laps,3.0,,215.863
2017,19,Brazilian Grand Prix,2017-11-12,brendon_hartley,HAR,Brendon Hartley,toro_rosso,Toro Rosso,28,18,17,0.0,40,Engine,16.0,,207.779
2017,19,Brazilian Grand Prix,2017-11-12,ocon,OCO,Esteban Ocon,force_india,Force India,31,10,18,0.0,0,Accident,,,
2017,19,Brazilian Grand Prix,2017-11-12,vandoorne,VAN,Stoffel Vandoorne,mclaren,McLaren,2,12,19,0.0,0,Accident,,,
2017,19,Brazilian Grand Prix,2017-11-12,kevin_magnussen,MAG,Kevin Magnussen,haas,Haas F1 Team,20,13,20,0.0,0,Accident,,,
2017,20,Abu Dhabi Grand Prix,2017-11-26,bottas,BOT,Valtteri Bottas,mercedes,Mercedes,77,1,1,25.0,55,Finished,1.0,,198.652
2017,20,Abu Dhabi Grand Prix,2017-11-26,hamilton,HAM,Lewis Hamilton,mercedes,Mercedes,44,2,2,18.0,55,Finished,3.0,,197.041
2017,20,Abu Dhabi Grand Prix,2017-11-26,vettel,VET,Sebastian Vettel,ferrari,Ferrari,5,3,3,15.0,55,Finished,2.0,,198.416
2017,20,Abu Dhabi Grand Prix,2017-11-26,raikkonen,RAI,Kimi Räikkönen,ferrari,Ferrari,7,5,4,12.0,55,Finished,7.0,,195.376
2017,20,Abu Dhabi Grand Prix,2017-11-26,max_verstappen,VER,Max Verstappen,red_bull,Red Bull,33,6,5,10.0,55,Finished,5.0,,195.969
2017,20,Abu Dhabi Grand Prix,2017-11-26,hulkenberg,HUL,Nico Hülkenberg,renault,Renault,27,7,6,8.0,55,Finished,8.0,,195.303
2017,20,Abu Dhabi Grand Prix,2017-11-26,perez,PER,Sergio Pérez,force_india,Force India,11,8,7,6.0,55,Finished,11.0,,194.708
2017,20,Abu Dhabi Grand Prix,2017-11-26,ocon,OCO,Esteban Ocon,force_india,Force India,31,9,8,4.0,55,Finished,10.0,,194.86
2017,20,Abu Dhabi Grand Prix,2017-11-26,alonso,ALO,Fernando Alonso,mclaren,McLaren,14,11,9,2.0,54,+1 Lap,4.0,,193.41
2017,20,Abu Dhabi Grand Prix,2017-11-26,massa,MAS,Felipe Massa,williams,Williams,19,10,10,1.0,54,+1 Lap,13.0,,194.071
2017,20,Abu Dhabi Grand Prix,2017-11-26,grosjean,GRO,Romain Grosjean,haas,Haas F1 Team,8,16,11,0.0,54,+1 Lap,9.0,,195.187
2017,20,Abu Dhabi Grand Prix,2017-11-26,vandoorne,VAN,Stoffel Vandoorne,mclaren,McLaren,2,13,12,0.0,54,+1 Lap,20.0,,192.279
2017,20,Abu Dhabi Grand Prix,2017-11-26,kevin_magnussen,MAG,Kevin Magnussen,haas,Haas F1 Team,20,14,13,0.0,54,+1 Lap,19.0,,192.387
2017,20,Abu Dhabi Grand Prix,2017-11-26,wehrlein,WEH,Pascal Wehrlein,sauber,Sauber,94,18,14,0.0,54,+1 Lap,17.0,,192.5
2017,20,Abu Dhabi Grand Prix,2017-11-26,brendon_hartley,HAR,Brendon Hartley,toro_rosso,Toro Rosso,28,20,15,0.0,54,+1 Lap,18.0,,192.444
2017,20,Abu Dhabi Grand Prix,2017-11-26,gasly,GAS,Pierre Gasly,toro_rosso,Toro Rosso,10,17,16,0.0,54,+1 Lap,16.0,,192.542
2017,20,Abu Dhabi Grand Prix,2017-11-26,ericsson,ERI,Marcus Ericsson,sauber,Sauber,9,19,17,0.0,54,+1 Lap,15.0,,193.057
2017,20,Abu Dhabi Grand Prix,2017-11-26,stroll,STR,Lance Stroll,williams,Williams,18,15,18,0.0,54,+1 Lap,6.0,,195.402
2017,20,Abu Dhabi Grand Prix,2017-11-26,sainz,SAI,Carlos Sainz,renault,Renault,55,12,19,0.0,31,Wheel,14.0,,193.41
2017,20,Abu Dhabi Grand Prix,2017-11-26,ricciardo,RIC,Daniel Ricciardo,red_bull,Red Bull,3,4,20,0.0,20,Hydraulics,12.0,,194.579
2018,1,Australian Grand Prix,2018-03-25,vettel,VET,Sebastian Vettel,ferrari,Ferrari,5,3,1,25.0,58,Finished,4.0,,220.782
2018,1,Australian Grand Prix,2018-03-25,hamilton,HAM,Lewis Hamilton,mercedes,Mercedes,44,1,2,18.0,58,Finished,3.0,,220.845
2018,1,Australian Grand Prix,2018-03-25,raikkonen,RAI,Kimi Räikkönen,ferrari,Ferrari,7,2,3,15.0,58,Finished,2.0,,221.027
2018,1,Australian Grand Prix,2018-03-25,ricciardo,RIC,Daniel Ricciardo,red_bull,Red Bull,3,8,4,12.0,58,Finished,1.0,,222.128
2018,1,Australian Grand Prix,2018-03-25,alonso,ALO,Fernando Alonso,mclaren,McLaren,14,10,5,10.0,58,Finished,7.0,,219.489
2018,1,Australian Grand Prix,2018-03-25,max_verstappen,VER,Max Verstappen,red_bull,Red Bull,33,4,6,8.0,58,Finished,5.0,,219.737
2018,1,Australian Grand Prix,2018-03-25,hulkenberg,HUL,Nico Hülkenberg,renault,Renault,27,7,7,6.0,58,Finished,9.0,,219.23
2018,1,Australian Grand Prix,2018-03-25,bottas,BOT,Valtteri Bottas,mercedes,Mercedes,77,15,8,4.0,58,Finished,8.0,,219.386
2018,1,Australian Grand Prix,2018-03-25,vandoorne,VAN,Stoffel Vandoorne,mclaren,McLaren,2,11,9,2.0,58,Finished,6.0,,219.54
2018,1,Australian Grand Prix,2018-03-25,sainz,SAI,Carlos Sainz,renault,Renault,55,9,10,1.0,58,Finished,12.0,,217.079
2018,1,Australian Grand Prix,2018-03-25,perez,PER,Sergio Pérez,force_india,Force India,11,12,11,0.0,58,Finished,11.0,,217.849
2018,1,Australian Grand Prix,2018-03-25,ocon,OCO,Esteban Ocon,force_india,Force India,31,14,12,0.0,58,Finished,10.0,,217.931
2018,1,Australian Grand Prix,2018-03-25,leclerc,LEC,Charles Leclerc,sauber,Sauber,16,18,13,0.0,58,Finished,15.0,,215.085
2018,1,Australian Grand Prix,2018-03-25,stroll,STR,Lance Stroll,williams,Williams,18,13,14,0.0,58,Finished,14.0,,215.688
2018,1,Australian Grand Prix,2018-03-25,brendon_hartley,HAR,Brendon Hartley,toro_rosso,Toro Rosso,28,16,15,0.0,57,+1 Lap,13.0,,216.507
2018,1,Australian Grand Prix,2018-03-25,grosjean,GRO,Romain Grosjean,haas,Haas F1 Team,8,6,16,0.0,24,Wheel,16.0,,214.974
2018,1,Australian Grand Prix,2018-03-25,kevin_magnussen,MAG,Kevin Magnussen,haas,Haas F1 Team,20,5,17,0.0,22,Wheel,17.0,,213.224
2018,1,Australian Grand Prix,2018-03-25,gasly,GAS,Pierre Gasly,toro_rosso,Toro Rosso,10,20,18,0.0,13,Engine,18.0,,210.601
2018,1,Australian Grand Prix,2018-03-25,ericsson,ERI,Marcus Ericsson,sauber,Sauber,9,17,19,0.0,5,Steering,19.0,,207.036
2018,1,Australian Grand Prix,2018-03-25,sirotkin,SIR,Sergey Sirotkin,williams,Williams,35,19,20,0.0,4,Brakes,20.0,,206.224
2018,2,Bahrain Grand Prix,2018-04-08,vettel,VET,Sebastian Vettel,ferrari,Ferrari,5,1,1,25.0,57,Finished,7.0,,206.274
2018,2,Bahrain Grand Prix,2018-04-08,bottas,BOT,Valtteri Bottas,mercedes,Mercedes,77,3,2,18.0,57,Finished,1.0,,207.842
2018,2,Bahrain Grand Prix,2018-04-08,hamilton,HAM,Lewis Hamilton,mercedes,Mercedes,44,9,3,15.0,57,Finished,2.0,,207.371
2018,2,Bahrain Grand Prix,2018-04-08,gasly,GAS,Pierre Gasly,toro_rosso,Toro Rosso,10,5,4,12.0,57,Finished,11.0,,205.382
2018,2,Bahrain Grand Prix,2018-04-08,kevin_magnussen,MAG,Kevin Magnussen,haas,Haas F1 Team,20,6,5,10.0,57,Finished,5.0,,206.549
2018,2,Bahrain Grand Prix,2018-04-08,hulkenberg,HUL,Nico Hülkenberg,renault,Renault,27,7,6,8.0,57,Finished,9.0,,205.807
2018,2,Bahrain Grand Prix,2018-04-08,alonso,ALO,Fernando Alonso,mclaren,McLaren,14,13,7,6.0,56,+1 Lap,4.0,,206.898
2018,2,Bahrain Grand Prix,2018-04-08,vandoorne,VAN,Stoffel Vandoorne,mclaren,McLaren,2,14,8,4.0,56,+1 Lap,16.0,,204.803
2018,2,Bahrain Grand Prix,2018-04-08,ericsson,ERI,Marcus Ericsson,sauber,Sauber,9,17,9,2.0,56,+1 Lap,15.0,,204.885
2018,2,Bahrain Grand Prix,2018-04-08,ocon,OCO,Esteban Ocon,force_india,Force India,31,8,10,1.0,56,+1 Lap,12.0,,204.993
2018,2,Bahrain Grand Prix,2018-04-08,sainz,SAI,Carlos Sainz,renault,Renault,55,10,11,0.0,56,+1 Lap,18.0,,203.937
2018,2,Bahrain Grand Prix,2018-04-08,leclerc,LEC,Charles Leclerc,sauber,Sauber,16,19,12,0.0,56,+1 Lap,14.0,,204.924
2018,2,Bahrain Grand Prix,2018-04-08,grosjean,GRO,Romain Grosjean,haas,Haas F1 Team,8,16,13,0.0,56,+1 Lap,10.0,,205.759
2018,2,Bahrain Grand Prix,2018-04-08,stroll,STR,Lance Stroll,williams,Williams,18,20,14,0.0,56,+1 Lap,13.0,,204.961
2018,2,Bahrain Grand Prix,2018-04-08,sirotkin,SIR,Sergey Sirotkin,williams,Williams,35,18,15,0.0,56,+1 Lap,3.0,,207.151
2018,2,Bahrain Grand Prix,2018-04-08,perez,PER,Sergio Pérez,force_india,Force India,11,12,16,0.0,56,+1 Lap,17.0,,204.513
2018,2,Bahrain Grand Prix,2018-04-08,brendon_hartley,HAR,Brendon Hartley,toro_rosso,Toro Rosso,28,11,17,0.0,56,+1 Lap,8.0,,206.034
2018,2,Bahrain Grand Prix,2018-04-08,raikkonen,RAI,Kimi Räikkönen,ferrari,Ferrari,7,2,18,0.0,35,Wheel,6.0,,206.527
2018,2,Bahrain Grand Prix,2018-04-08,max_verstappen,VER,Max Verstappen,red_bull,Red Bull,33,15,19,0.0,3,Puncture,,,
2018,2,Bahrain Grand Prix,2018-04-08,ricciardo,RIC,Daniel Ricciardo,red_bull,Red Bull,3,4,20,0.0,1,Electrical,,,
2018,3,Chinese Grand Prix,2018-04-15,ricciardo,RIC,Daniel Ricciardo,red_bull,Red Bull,3,6,1,25.0,56,Finished,1.0,,204.871
2018,3,Chinese Grand Prix,2018-04-15,bottas,BOT,Valtteri Bottas,mercedes,Mercedes,77,3,2,18.0,56,Finished,6.0,,202.332
2018,3,Chinese Grand Prix,2018-04-15,raikkonen,RAI,Kimi Räikkönen,ferrari,Ferrari,7,2,3,15.0,56,Finished,3.0,,203.446
2018,3,Chinese Grand Prix,2018-04-15,hamilton,HAM,Lewis Hamilton,mercedes,Mercedes,44,4,4,12.0,56,Finished,4.0,,202.559
2018,3,Chinese Grand Prix,2018-04-15,max_verstappen,VER,Max Verstappen,red_bull,Red Bull,33,5,5,10.0,56,Finished,2.0,,203.974
2018,3,Chinese Grand Prix,2018-04-15,hulkenberg,HUL,Nico Hülkenberg,renault,Renault,27,7,6,8.0,56,Finished,5.0,,202.553
2018,3,Chinese Grand Prix,2018-04-15,alonso,ALO,Fernando Alonso,mclaren,McLaren,14,13,7,6.0,56,Finished,7.0,,201.818
2018,3,Chinese Grand Prix,2018-04-15,vettel,VET,Sebastian Vettel,ferrari,Ferrari,5,1,8,4.0,56,Finished,9.0,,201.311
2018,3,Chinese Grand Prix,2018-04-15,sainz,SAI,Carlos Sainz,renault,Renault,55,9,9,2.0,56,Finished,11.0,,200.744
2018,3,Chinese Grand Prix,2018-04-15,kevin_magnussen,MAG,Kevin Magnussen,haas,Haas F1 Team,20,11,10,1.0,56,Finished,14.0,,199.93
2018,3,Chinese Grand Prix,2018-04-15,ocon,OCO,Esteban Ocon,force_india,Force India,31,12,11,0.0,56,Finished,12.0,,200.271
2018,3,Chinese Grand Prix,2018-04-15,perez,PER,Sergio Pérez,force_india,Force India,11,8,12,0.0,56,Finished,10.0,,200.911
2018,3,Chinese Grand Prix,2018-04-15,vandoorne,VAN,Stoffel Vandoorne,mclaren,McLaren,2,14,13,0.0,56,Finished,13.0,,199.961
2018,3,Chinese Grand Prix,2018-04-15,stroll,STR,Lance Stroll,williams,Williams,18,18,14,0.0,56,Finished,17.0,,199.224
2018,3,Chinese Grand Prix,2018-04-15,sirotkin,SIR,Sergey Sirotkin,williams,Williams,35,16,15,0.0,56,Finished,18.0,,198.973
2018,3,Chinese Grand Prix,2018-04-15,ericsson,ERI,Marcus Ericsson,sauber,Sauber,9,20,16,0.0,56,Finished,16.0,,199.455
2018,3,Chinese Grand Prix,2018-04-15,grosjean,GRO,Romain Grosjean,haas,Haas F1 Team,8,10,17,0.0,56,Finished,8.0,,201.453
2018,3,Chinese Grand Prix,2018-04-15,gasly,GAS,Pierre Gasly,toro_rosso,Toro Rosso,10,17,18,0.0,56,Finished,15.0,,199.493
2018,3,Chinese Grand Prix,2018-04-15,leclerc,LEC,Charles Leclerc,sauber,Sauber,16,19,19,0.0,56,Finished,19.0,,198.603
2018,3,Chinese Grand Prix,2018-04-15,brendon_hartley,HAR,Brendon Hartley,toro_rosso,Toro Rosso,28,15,20,0.0,51,Collision damage,20.0,,197.468
2018,4,Azerbaijan Grand Prix,2018-04-29,hamilton,HAM,Lewis Hamilton,mercedes,Mercedes,44,2,1,25.0,51,Finished,2.0,,205.012
2018,4,Azerbaijan Grand Prix,2018-04-29,raikkonen,RAI,Kimi Räikkönen,ferrari,Ferrari,7,6,2,18.0,51,Finished,7.0,,202.874
2018,4,Azerbaijan Grand Prix,2018-04-29,perez,PER,Sergio Pérez,force_india,Force India,11,8,3,15.0,51,Finished,6.0,,203.48
2018,4,Azerbaijan Grand Prix,2018-04-29,vettel,VET,Sebastian Vettel,ferrari,Ferrari,5,1,4,12.0,51,Finished,4.0,,204.783
2018,4,Azerbaijan Grand Prix,2018-04-29,sainz,SAI,Carlos Sainz,renault,Renault,55,9,5,10.0,51,Finished,9.0,,202.242
2018,4,Azerbaijan Grand Prix,2018-04-29,leclerc,LEC,Charles Leclerc,sauber,Sauber,16,13,6,8.0,51,Finished,11.0,,201.212
2018,4,Azerbaijan Grand Prix,2018-04-29,alonso,ALO,Fernando Alonso,mclaren,McLaren,14,12,7,6.0,51,Finished,12.0,,201.126
2018,4,Azerbaijan Grand Prix,2018-04-29,stroll,STR,Lance Stroll,williams,Williams,18,10,8,4.0,51,Finished,8.0,,202.319
2018,4,Azerbaijan Grand Prix,2018-04-29,vandoorne,VAN,Stoffel Vandoorne,mclaren,McLaren,2,16,9,2.0,51,Finished,13.0,,200.72
2018,4,Azerbaijan Grand Prix,2018-04-29,brendon_hartley,HAR,Brendon Hartley,toro_rosso,Toro Rosso,28,19,10,1.0,51,Finished,17.0,,199.567
2018,4,Azerbaijan Grand Prix,2018-04-29,ericsson,ERI,Marcus Ericsson,sauber,Sauber,9,18,11,0.0,51,Finished,14.0,,200.239
2018,4,Azerbaijan Grand Prix,2018-04-29,gasly,GAS,Pierre Gasly,toro_rosso,Toro Rosso,10,17,12,0.0,51,Finished,15.0,,200.035
2018,4,Azerbaijan Grand Prix,2018-04-29,kevin_magnussen,MAG,Kevin Magnussen,haas,Haas F1 Team,20,15,13,0.0,51,Finished,16.0,,199.813
2018,4,Azerbaijan Grand Prix,2018-04-29,bottas,BOT,Valtteri Bottas,mercedes,Mercedes,77,3,14,0.0,48,Puncture,1.0,,205.525
2018,4,Azerbaijan Grand Prix,2018-04-29,grosjean,GRO,Romain Grosjean,haas,Haas F1 Team,8,20,15,0.0,42,Accident,10.0,,202.196
2018,4,Azerbaijan Grand Prix,2018-04-29,max_verstappen,VER,Max Verstappen,red_bull,Red Bull,33,5,16,0.0,39,Collision,5.0,,204.316
2018,4,Azerbaijan Grand Prix,2018-04-29,ricciardo,RIC,Daniel Ricciardo,red_bull,Red Bull,3,4,17,0.0,39,Collision,3.0,,204.999
2018,4,Azerbaijan Grand Prix,2018-04-29,hulkenberg,HUL,Nico Hülkenberg,renault,Renault,27,14,18,0.0,10,Accident,18.0,,198.506
2018,4,Azerbaijan Grand Prix,2018-04-29,ocon,OCO,Esteban Ocon,force_india,Force India,31,7,19,0.0,0,Collision,,,
2018,4,Azerbaijan Grand Prix,2018-04-29,sirotkin,SIR,Sergey Sirotkin,williams,Williams,35,11,20,0.0,0,Collision,,,
2018,5,Spanish Grand Prix,2018-05-13,hamilton,HAM,Lewis Hamilton,mercedes,Mercedes,44,1,1,25.0,66,Finished,3.0,,211.77
2018,5,Spanish Grand Prix,2018-05-13,bottas,BOT,Valtteri Bottas,mercedes,Mercedes,77,2,2,18.0,66,Finished,5.0,,210.85
2018,5,Spanish Grand Prix,2018-05-13,max_verstappen,VER,Max Verstappen,red_bull,Red Bull,33,5,3,15.0,66,Finished,4.0,,210.999
2018,5,Spanish Grand Prix,2018-05-13,vettel,VET,Sebastian Vettel,ferrari,Ferrari,5,3,4,12.0,66,Finished,2.0,,211.783
2018,5,Spanish Grand Prix,2018-05-13,ricciardo,RIC,Daniel Ricciardo,red_bull,Red Bull,3,6,5,10.0,66,Finished,1.0,,213.638
2018,5,Spanish Grand Prix,2018-05-13,kevin_magnussen,MAG,Kevin Magnussen,haas,Haas F1 Team,20,7,6,8.0,65,+1 Lap,6.0,,208.832
2018,5,Spanish Grand Prix,2018-05-13,sainz,SAI,Carlos Sainz,renault,Renault,55,9,7,6.0,65,+1 Lap,9.0,,206.064
2018,5,Spanish Grand Prix,2018-05-13,alonso,ALO,Fernando Alonso,mclaren,McLaren,14,8,8,4.0,65,+1 Lap,7.0,,207.588
2018,5,Spanish Grand Prix,2018-05-13,perez,PER,Sergio Pérez,force_india,Force India,11,15,9,2.0,64,+2 Laps,8.0,,206.562
2018,5,Spanish Grand Prix,2018-05-13,leclerc,LEC,Charles Leclerc,sauber,Sauber,16,14,10,1.0,64,+2 Laps,14.0,,204.062
2018,5,Spanish Grand Prix,2018-05-13,stroll,STR,Lance Stroll,williams,Williams,18,18,11,0.0,64,+2 Laps,12.0,,204.129
2018,5,Spanish Grand Prix,2018-05-13,brendon_hartley,HAR,Brendon Hartley,toro_rosso,Toro Rosso,28,20,12,0.0,64,+2 Laps,10.0,,205.773
2018,5,Spanish Grand Prix,2018-05-13,ericsson,ERI,Marcus Ericsson,sauber,Sauber,9,17,13,0.0,64,+2 Laps,15.0,,203.159
2018,5,Spanish Grand Prix,2018-05-13,sirotkin,SIR,Sergey Sirotkin,williams,Williams,35,19,14,0.0,63,+3 Laps,17.0,,202.685
2018,5,Spanish Grand Prix,2018-05-13,vandoorne,VAN,Stoffel Vandoorne,mclaren,McLaren,2,11,15,0.0,45,Gearbox,16.0,,202.896
2018,5,Spanish Grand Prix,2018-05-13,ocon,OCO,Esteban Ocon,force_india,Force India,31,13,16,0.0,38,Oil leak,13.0,,204.074
2018,5,Spanish Grand Prix,2018-05-13,raikkonen,RAI,Kimi Räikkönen,ferrari,Ferrari,7,4,17,0.0,25,Turbo,11.0,,205.541
2018,5,Spanish Grand Prix,2018-05-13,grosjean,GRO,Romain Grosjean,haas,Haas F1 Team,8,10,18,0.0,0,Collision,,,
2018,5,Spanish Grand Prix,2018-05-13,gasly,GAS,Pierre Gasly,toro_rosso,Toro Rosso,10,12,19,0.0,0,Collision,,,
2018,5,Spanish Grand Prix,2018-05-13,hulkenberg,HUL,Nico Hülkenberg,renault,Renault,27,16,20,0.0,0,Collision,,,
2018,6,Monaco Grand Prix,2018-05-27,ricciardo,RIC,Daniel Ricciardo,red_bull,Red Bull,3,1,1,25.0,78,Finished,5.0,,158.984
2018,6,Monaco Grand Prix,2018-05-27,vettel,VET,Sebastian Vettel,ferrari,Ferrari,5,2,2,18.0,78,Finished,7.0,,157.933
2018,6,Monaco Grand Prix,2018-05-27,hamilton,HAM,Lewis Hamilton,mercedes,Mercedes,44,3,3,15.0,78,Finished,8.0,,157.508
2018,6,Monaco Grand Prix,2018-05-27,raikkonen,RAI,Kimi Räikkönen,ferrari,Ferrari,7,4,4,12.0,78,Finished,10.0,,157.257
2018,6,Monaco Grand Prix,2018-05-27,bottas,BOT,Valtteri Bottas,mercedes,Mercedes,77,5,5,10.0,78,Finished,9.0,,157.422
2018,6,Monaco Grand Prix,2018-05-27,ocon,OCO,Esteban Ocon,force_india,Force India,31,6,6,8.0,78,Finished,14.0,,155.96
2018,6,Monaco Grand Prix,2018-05-27,gasly,GAS,Pierre Gasly,toro_rosso,Toro Rosso,10,10,7,6.0,78,Finished,15.0,,155.815
2018,6,Monaco Grand Prix,2018-05-27,hulkenberg,HUL,Nico Hülkenberg,renault,Renault,27,11,8,4.0,78,Finished,6.0,,157.941
2018,6,Monaco Grand Prix,2018-05-27,max_verstappen,VER,Max Verstappen,red_bull,Red Bull,33,20,9,2.0,78,Finished,1.0,,161.772
2018,6,Monaco Grand Prix,2018-05-27,sainz,SAI,Carlos Sainz,renault,Renault,55,8,10,1.0,78,Finished,18.0,,155.027
2018,6,Monaco Grand Prix,2018-05-27,ericsson,ERI,Marcus Ericsson,sauber,Sauber,9,16,11,0.0,78,Finished,12.0,,156.145
2018,6,Monaco Grand Prix,2018-05-27,perez,PER,Sergio Pérez,force_india,Force India,11,9,12,0.0,78,Finished,19.0,,154.917
2018,6,Monaco Grand Prix,2018-05-27,kevin_magnussen,MAG,Kevin Magnussen,haas,Haas F1 Team,20,19,13,0.0,78,Finished,17.0,,155.057
2018,6,Monaco Grand Prix,2018-05-27,vandoorne,VAN,Stoffel Vandoorne,mclaren,McLaren,2,12,14,0.0,77,+1 Lap,11.0,,156.291
2018,6,Monaco Grand Prix,2018-05-27,grosjean,GRO,Romain Grosjean,haas,Haas F1 Team,8,18,15,0.0,77,+1 Lap,2.0,,160.557
2018,6,Monaco Grand Prix,2018-05-27,sirotkin,SIR,Sergey Sirotkin,williams,Williams,35,13,16,0.0,77,+1 Lap,4.0,,159.484
2018,6,Monaco Grand Prix,2018-05-27,stroll,STR,Lance Stroll,williams,Williams,18,17,17,0.0,76,+2 Laps,3.0,,160.295
2018,6,Monaco Grand Prix,2018-05-27,leclerc,LEC,Charles Leclerc,sauber,Sauber,16,14,18,0.0,70,Collision,20.0,,154.59
2018,6,Monaco Grand Prix,2018-05-27,brendon_hartley,HAR,Brendon Hartley,toro_rosso,Toro Rosso,28,15,19,0.0,70,Collision,16.0,,155.667
2018,6,Monaco Grand Prix,2018-05-27,alonso,ALO,Fernando Alonso,mclaren,McLaren,14,7,20,0.0,52,Gearbox,13.0,,155.979
2018,7,Canadian Grand Prix,2018-06-10,vettel,VET,Sebastian Vettel,ferrari,Ferrari,5,1,1,25.0,68,Finished,2.0,,212.26
2018,7,Canadian Grand Prix,2018-06-10,bottas,BOT,Valtteri Bottas,mercedes,Mercedes,77,2,2,18.0,68,Finished,3.0,,212.179
2018,7,Canadian Grand Prix,2018-06-10,max_verstappen,VER,Max Verstappen,red_bull,Red Bull,33,3,3,15.0,68,Finished,1.0,,212.547
2018,7,Canadian Grand Prix,2018-06-10,ricciardo,RIC,Daniel Ricciardo,red_bull,Red Bull,3,6,4,12.0,68,Finished,5.0,,211.701
2018,7,Canadian Grand Prix,2018-06-10,hamilton,HAM,Lewis Hamilton,mercedes,Mercedes,44,4,5,10.0,68,Finished,6.0,,211.633
2018,7,Canadian Grand Prix,2018-06-10,raikkonen,RAI,Kimi Räikkönen,ferrari,Ferrari,7,5,6,8.0,68,Finished,4.0,,211.941
2018,7,Canadian Grand Prix,2018-06-10,hulkenberg,HUL,Nico Hülkenberg,renault,Renault,27,7,7,6.0,67,+1 Lap,11.0,,207.699
2018,7,Canadian Grand Prix,2018-06-10,sainz,SAI,Carlos Sainz,renault,Renault,55,9,8,4.0,67,+1 Lap,13.0,,207.485
2018,7,Canadian Grand Prix,2018-06-10,ocon,OCO,Esteban Ocon,force_india,Force India,31,8,9,2.0,67,+1 Lap,12.0,,207.639
2018,7,Canadian Grand Prix,2018-06-10,leclerc,LEC,Charles Leclerc,sauber,Sauber,16,13,10,1.0,67,+1 Lap,10.0,,207.996
2018,7,Canadian Grand Prix,2018-06-10,gasly,GAS,Pierre Gasly,toro_rosso,Toro Rosso,10,16,11,0.0,67,+1 Lap,14.0,,207.395
2018,7,Canadian Grand Prix,2018-06-10,grosjean,GRO,Romain Grosjean,haas,Haas F1 Team,8,20,12,0.0,67,+1 Lap,9.0,,208.024
2018,7,Canadian Grand Prix,2018-06-10,kevin_magnussen,MAG,Kevin Magnussen,haas,Haas F1 Team,20,11,13,0.0,67,+1 Lap,8.0,,208.214
2018,7,Canadian Grand Prix,2018-06-10,perez,PER,Sergio Pérez,force_india,Force India,11,10,14,0.0,67,+1 Lap,7.0,,209.049
2018,7,Canadian Grand Prix,2018-06-10,ericsson,ERI,Marcus Ericsson,sauber,Sauber,9,19,15,0.0,66,+2 Laps,18.0,,205.484
2018,7,Canadian Grand Prix,2018-06-10,vandoorne,VAN,Stoffel Vandoorne,mclaren,McLaren,2,15,16,0.0,66,+2 Laps,15.0,,207.214
2018,7,Canadian Grand Prix,2018-06-10,sirotkin,SIR,Sergey Sirotkin,williams,Williams,35,18,17,0.0,66,+2 Laps,16.0,,206.78
2018,7,Canadian Grand Prix,2018-06-10,alonso,ALO,Fernando Alonso,mclaren,McLaren,14,14,18,0.0,40,Exhaust,17.0,,206.085
2018,7,Canadian Grand Prix,2018-06-10,brendon_hartley,HAR,Brendon Hartley,toro_rosso,Toro Rosso,28,12,19,0.0,0,Collision,,,
2018,7,Canadian Grand Prix,2018-06-10,stroll,STR,Lance Stroll,williams,Williams,18,17,20,0.0,0,Collision,,,
2018,8,French Grand Prix,2018-06-24,hamilton,HAM,Lewis Hamilton,mercedes,Mercedes,44,1,1,25.0,53,Finished,5.0,,222.531
2018,8,French Grand Prix,2018-06-24,max_verstappen,VER,Max Verstappen,red_bull,Red Bull,33,4,2,18.0,53,Finished,2.0,,223.083
2018,8,French Grand Prix,2018-06-24,raikkonen,RAI,Kimi Räikkönen,ferrari,Ferrari,7,6,3,15.0,53,Finished,3.0,,222.792
2018,8,French Grand Prix,2018-06-24,ricciardo,RIC,Daniel Ricciardo,red_bull,Red Bull,3,5,4,12.0,53,Finished,7.0,,220.494
2018,8,French Grand Prix,2018-06-24,vettel,VET,Sebastian Vettel,ferrari,Ferrari,5,3,5,10.0,53,Finished,4.0,,222.587
2018,8,French Grand Prix,2018-06-24,kevin_magnussen,MAG,Kevin Magnussen,haas,Haas F1 Team,20,9,6,8.0,53,Finished,8.0,,220.395
2018,8,French Grand Prix,2018-06-24,bottas,BOT,Valtteri Bottas,mercedes,Mercedes,77,2,7,6.0,53,Finished,1.0,,223.201
2018,8,French Grand Prix,2018-06-24,sainz,SAI,Carlos Sainz,renault,Renault,55,7,8,4.0,53,Finished,9.0,,219.904
2018,8,French Grand Prix,2018-06-24,hulkenberg,HUL,Nico Hülkenberg,renault,Renault,27,12,9,2.0,53,Finished,11.0,,219.365
2018,8,French Grand Prix,2018-06-24,leclerc,LEC,Charles Leclerc,sauber,Sauber,16,8,10,1.0,53,Finished,12.0,,219.127
2018,8,French Grand Prix,2018-06-24,grosjean,GRO,Romain Grosjean,haas,Haas F1 Team,8,10,11,0.0,52,+1 Lap,10.0,,219.773
2018,8,French Grand Prix,2018-06-24,vandoorne,VAN,Stoffel Vandoorne,mclaren,McLaren,2,17,12,0.0,52,+1 Lap,14.0,,217.545
2018,8,French Grand Prix,2018-06-24,ericsson,ERI,Marcus Ericsson,sauber,Sauber,9,15,13,0.0,52,+1 Lap,13.0,,217.953
2018,8,French Grand Prix,2018-06-24,brendon_hartley,HAR,Brendon Hartley,toro_rosso,Toro Rosso,28,20,14,0.0,52,+1 Lap,15.0,,217.176
2018,8,French Grand Prix,2018-06-24,sirotkin,SIR,Sergey Sirotkin,williams,Williams,35,18,15,0.0,52,+1 Lap,16.0,,213.949
2018,8,French Grand Prix,2018-06-24,alonso,ALO,Fernando Alonso,mclaren,McLaren,14,16,16,0.0,50,Wheel,6.0,,221.071
2018,8,French Grand Prix,2018-06-24,stroll,STR,Lance Stroll,williams,Williams,18,19,17,0.0,48,Puncture,18.0,,213.907
2018,8,French Grand Prix,2018-06-24,perez,PER,Sergio Pérez,force_india,Force India,11,13,18,0.0,27,Engine,17.0,,213.907
2018,8,French Grand Prix,2018-06-24,ocon,OCO,Esteban Ocon,force_india,Force India,31,11,19,0.0,0,Collision,,,
2018,8,French Grand Prix,2018-06-24,gasly,GAS,Pierre Gasly,toro_rosso,Toro Rosso,10,14,20,0.0,0,Collision,,,
2018,9,Austrian Grand Prix,2018-07-01,max_verstappen,VER,Max Verstappen,red_bull,Red Bull,33,4,1,25.0,71,Finished,4.0,,230.491
2018,9,Austrian Grand Prix,2018-07-01,raikkonen,RAI,Kimi Räikkönen,ferrari,Ferrari,7,3,2,18.0,71,Finished,1.0,,232.16
2018,9,Austrian Grand Prix,2018-07-01,vettel,VET,Sebastian Vettel,ferrari,Ferrari,5,6,3,15.0,71,Finished,2.0,,231.728
2018,9,Austrian Grand Prix,2018-07-01,grosjean,GRO,Romain Grosjean,haas,Haas F1 Team,8,5,4,12.0,70,+1 Lap,16.0,,225.055
2018,9,Austrian Grand Prix,2018-07-01,kevin_magnussen,MAG,Kevin Magnussen,haas,Haas F1 Team,20,8,5,10.0,70,+1 Lap,7.0,,227.01
2018,9,Austrian Grand Prix,2018-07-01,ocon,OCO,Esteban Ocon,force_india,Force India,31,11,6,8.0,70,+1 Lap,11.0,,225.777
2018,9,Austrian Grand Prix,2018-07-01,perez,PER,Sergio Pérez,force_india,Force India,11,16,7,6.0,70,+1 Lap,8.0,,226.918
2018,9,Austrian Grand Prix,2018-07-01,alonso,ALO,Fernando Alonso,mclaren,McLaren,14,13,8,4.0,70,+1 Lap,9.0,,226.399
2018,9,Austrian Grand Prix,2018-07-01,leclerc,LEC,Charles Leclerc,sauber,Sauber,16,18,9,2.0,70,+1 Lap,14.0,,225.267
2018,9,Austrian Grand Prix,2018-07-01,ericsson,ERI,Marcus Ericsson,sauber,Sauber,9,20,10,1.0,70,+1 Lap,6.0,,227.876
2018,9,Austrian Grand Prix,2018-07-01,gasly,GAS,Pierre Gasly,toro_rosso,Toro Rosso,10,12,11,0.0,70,+1 Lap,19.0,,224.327
2018,9,Austrian Grand Prix,2018-07-01,sainz,SAI,Carlos Sainz,renault,Renault,55,9,12,0.0,70,+1 Lap,10.0,,226.053
2018,9,Austrian Grand Prix,2018-07-01,sirotkin,SIR,Sergey Sirotkin,williams,Williams,35,17,13,0.0,69,+2 Laps,13.0,,225.381
2018,9,Austrian Grand Prix,2018-07-01,stroll,STR,Lance Stroll,williams,Williams,18,14,14,0.0,69,+2 Laps,18.0,,224.626
2018,9,Austrian Grand Prix,2018-07-01,vandoorne,VAN,Stoffel Vandoorne,mclaren,McLaren,2,15,15,0.0,65,Collision damage,12.0,,225.633
2018,9,Austrian Grand Prix,2018-07-01,hamilton,HAM,Lewis Hamilton,mercedes,Mercedes,44,2,16,0.0,62,Fuel pressure,3.0,,231.18
2018,9,Austrian Grand Prix,2018-07-01,brendon_hartley,HAR,Brendon Hartley,toro_rosso,Toro Rosso,28,19,17,0.0,54,Hydraulics,17.0,,224.73
2018,9,Austrian Grand Prix,2018-07-01,ricciardo,RIC,Daniel Ricciardo,red_bull,Red Bull,3,7,18,0.0,53,Exhaust,5.0,,229.983
2018,9,Austrian Grand Prix,2018-07-01,bottas,BOT,Valtteri Bottas,mercedes,Mercedes,77,1,19,0.0,13,Hydraulics,15.0,,225.143
2018,9,Austrian Grand Prix,2018-07-01,hulkenberg,HUL,Nico Hülkenberg,renault,Renault,27,10,20,0.0,11,Engine,20.0,,220.869
2018,10,British Grand Prix,2018-07-08,vettel,VET,Sebastian Vettel,ferrari,Ferrari,5,2,1,25.0,52,Finished,1.0,,233.831
2018,10,British Grand Prix,2018-07-08,hamilton,HAM,Lewis Hamilton,mercedes,Mercedes,44,1,2,18.0,52,Finished,3.0,,232.424
2018,10,British Grand Prix,2018-07-08,raikkonen,RAI,Kimi Räikkönen,ferrari,Ferrari,7,3,3,15.0,52,Finished,2.0,,233.576
2018,10,British Grand Prix,2018-07-08,bottas,BOT,Valtteri Bottas,mercedes,Mercedes,77,4,4,12.0,52,Finished,4.0,,232.089
2018,10,British Grand Prix,2018-07-08,ricciardo,RIC,Daniel Ricciardo,red_bull,Red Bull,3,6,5,10.0,52,Finished,5.0,,231.551
2018,10,British Grand Prix,2018-07-08,hulkenberg,HUL,Nico Hülkenberg,renault,Renault,27,11,6,8.0,52,Finished,7.0,,227.049
2018,10,British Grand Prix,2018-07-08,ocon,OCO,Esteban Ocon,force_india,Force India,31,10,7,6.0,52,Finished,13.0,,226.562
2018,10,British Grand Prix,2018-07-08,alonso,ALO,Fernando Alonso,mclaren,McLaren,14,13,8,4.0,52,Finished,10.0,,226.862
2018,10,British Grand Prix,2018-07-08,kevin_magnussen,MAG,Kevin Magnussen,haas,Haas F1 Team,20,7,9,2.0,52,Finished,12.0,,226.567
2018,10,British Grand Prix,2018-07-08,perez,PER,Sergio Pérez,force_india,Force India,11,12,10,1.0,52,Finished,9.0,,226.887
2018,10,British Grand Prix,2018-07-08,vandoorne,VAN,Stoffel Vandoorne,mclaren,McLaren,2,17,11,0.0,52,Finished,11.0,,226.695
2018,10,British Grand Prix,2018-07-08,stroll,STR,Lance Stroll,williams,Williams,18,19,12,0.0,52,Finished,15.0,,225.927
2018,10,British Grand Prix,2018-07-08,gasly,GAS,Pierre Gasly,toro_rosso,Toro Rosso,10,14,13,0.0,52,Finished,8.0,,226.904
2018,10,British Grand Prix,2018-07-08,sirotkin,SIR,Sergey Sirotkin,williams,Williams,35,18,14,0.0,52,Finished,18.0,,224.134
2018,10,British Grand Prix,2018-07-08,max_verstappen,VER,Max Verstappen,red_bull,Red Bull,33,5,15,0.0,46,Brakes,6.0,,230.499
2018,10,British Grand Prix,2018-07-08,grosjean,GRO,Romain Grosjean,haas,Haas F1 Team,8,8,16,0.0,37,Collision,16.0,,224.678
2018,10,British Grand Prix,2018-07-08,sainz,SAI,Carlos Sainz,renault,Renault,55,16,17,0.0,37,Collision,17.0,,224.177
2018,10,British Grand Prix,2018-07-08,ericsson,ERI,Marcus Ericsson,sauber,Sauber,9,15,18,0.0,31,Accident,14.0,,226.395
2018,10,British Grand Prix,2018-07-08,leclerc,LEC,Charles Leclerc,sauber,Sauber,16,9,19,0.0,18,Tyre,19.0,,222.747
2018,10,British Grand Prix,2018-07-08,brendon_hartley,HAR,Brendon Hartley,toro_rosso,Toro Rosso,28,0,20,0.0,1,Power Unit,,,
2018,11,German Grand Prix,2018-07-22,hamilton,HAM,Lewis Hamilton,mercedes,Mercedes,44,14,1,25.0,67,Finished,1.0,,217.968
2018,11,German Grand Prix,2018-07-22,bottas,BOT,Valtteri Bottas,mercedes,Mercedes,77,2,2,18.0,67,Finished,2.0,,217.461
2018,11,German Grand Prix,2018-07-22,raikkonen,RAI,Kimi Räikkönen,ferrari,Ferrari,7,3,3,15.0,67,Finished,4.0,,216.691
2018,11,German Grand Prix,2018-07-22,max_verstappen,VER,Max Verstappen,red_bull,Red Bull,33,4,4,12.0,67,Finished,3.0,,217.085
2018,11,German Grand Prix,2018-07-22,hulkenberg,HUL,Nico Hülkenberg,renault,Renault,27,7,5,10.0,67,Finished,16.0,,211.351
2018,11,German Grand Prix,2018-07-22,grosjean,GRO,Romain Grosjean,haas,Haas F1 Team,8,6,6,8.0,67,Finished,5.0,,214.641
2018,11,German Grand Prix,2018-07-22,perez,PER,Sergio Pérez,force_india,Force India,11,10,7,6.0,67,Finished,15.0,,211.468
2018,11,German Grand Prix,2018-07-22,ocon,OCO,Esteban Ocon,force_india,Force India,31,15,8,4.0,67,Finished,17.0,,211.267
2018,11,German Grand Prix,2018-07-22,ericsson,ERI,Marcus Ericsson,sauber,Sauber,9,13,9,2.0,67,Finished,12.0,,211.8
2018,11,German Grand Prix,2018-07-22,brendon_hartley,HAR,Brendon Hartley,toro_rosso,Toro Rosso,28,17,10,1.0,67,Finished,9.0,,211.974
2018,11,German Grand Prix,2018-07-22,kevin_magnussen,MAG,Kevin Magnussen,haas,Haas F1 Team,20,5,11,0.0,67,Finished,10.0,,211.93
2018,11,German Grand Prix,2018-07-22,sainz,SAI,Carlos Sainz,renault,Renault,55,8,12,0.0,67,Finished,7.0,,212.661
2018,11,German Grand Prix,2018-07-22,vandoorne,VAN,Stoffel Vandoorne,mclaren,McLaren,2,19,13,0.0,67,Finished,8.0,,212.368
2018,11,German Grand Prix,2018-07-22,gasly,GAS,Pierre Gasly,toro_rosso,Toro Rosso,10,16,14,0.0,66,+1 Lap,13.0,,211.753
2018,11,German Grand Prix,2018-07-22,leclerc,LEC,Charles Leclerc,sauber,Sauber,16,9,15,0.0,66,+1 Lap,14.0,,211.509
2018,11,German Grand Prix,2018-07-22,alonso,ALO,Fernando Alonso,mclaren,McLaren,14,11,16,0.0,65,Retired,11.0,,211.811
2018,11,German Grand Prix,2018-07-22,stroll,STR,Lance Stroll,williams,Williams,18,18,17,0.0,53,Engine,19.0,,208.802
2018,11,German Grand Prix,2018-07-22,vettel,VET,Sebastian Vettel,ferrari,Ferrari,5,1,18,0.0,51,Accident,6.0,,213.046
2018,11,German Grand Prix,2018-07-22,sirotkin,SIR,Sergey Sirotkin,williams,Williams,35,12,19,0.0,51,Engine,20.0,,208.609
2018,11,German Grand Prix,2018-07-22,ricciardo,RIC,Daniel Ricciardo,red_bull,Red Bull,3,20,20,0.0,27,Engine,18.0,,210.4
2018,12,Hungarian Grand Prix,2018-07-29,hamilton,HAM,Lewis Hamilton,mercedes,Mercedes,44,1,1,25.0,70,Finished,4.0,,194.454
2018,12,Hungarian Grand Prix,2018-07-29,vettel,VET,Sebastian Vettel,ferrari,Ferrari,5,4,2,18.0,70,Finished,2.0,,197.007
2018,12,Hungarian Grand Prix,2018-07-29,raikkonen,RAI,Kimi Räikkönen,ferrari,Ferrari,7,3,3,15.0,70,Finished,3.0,,196.428
2018,12,Hungarian Grand Prix,2018-07-29,ricciardo,RIC,Daniel Ricciardo,red_bull,Red Bull,3,12,4,12.0,70,Finished,1.0,,197.115
2018,12,Hungarian Grand Prix,2018-07-29,bottas,BOT,Valtteri Bottas,mercedes,Mercedes,77,2,5,10.0,70,Finished,8.0,,192.957
2018,12,Hungarian Grand Prix,2018-07-29,gasly,GAS,Pierre Gasly,toro_rosso,Toro Rosso,10,6,6,8.0,70,Finished,7.0,,193.078
2018,12,Hungarian Grand Prix,2018-07-29,kevin_magnussen,MAG,Kevin Magnussen,haas,Haas F1 Team,20,9,7,6.0,69,+1 Lap,6.0,,193.987
2018,12,Hungarian Grand Prix,2018-07-29,alonso,ALO,Fernando Alonso,mclaren,McLaren,14,11,8,4.0,69,+1 Lap,9.0,,192.125
2018,12,Hungarian Grand Prix,2018-07-29,sainz,SAI,Carlos Sainz,renault,Renault,55,5,9,2.0,69,+1 Lap,13.0,,190.538
2018,12,Hungarian Grand Prix,2018-07-29,grosjean,GRO,Romain Grosjean,haas,Haas F1 Team,8,10,10,1.0,69,+1 Lap,10.0,,190.925
2018,12,Hungarian Grand Prix,2018-07-29,brendon_hartley,HAR,Brendon Hartley,toro_rosso,Toro Rosso,28,8,11,0.0,69,+1 Lap,11.0,,190.911
2018,12,Hungarian Grand Prix,2018-07-29,hulkenberg,HUL,Nico Hülkenberg,renault,Renault,27,13,12,0.0,69,+1 Lap,5.0,,194.085
2018,12,Hungarian Grand Prix,2018-07-29,ocon,OCO,Esteban Ocon,force_india,Force India,31,18,13,0.0,69,+1 Lap,14.0,,190.303
2018,12,Hungarian Grand Prix,2018-07-29,perez,PER,Sergio Pérez,force_india,Force India,11,19,14,0.0,69,+1 Lap,16.0,,189.419
2018,12,Hungarian Grand Prix,2018-07-29,ericsson,ERI,Marcus Ericsson,sauber,Sauber,9,14,15,0.0,68,+2 Laps,17.0,,188.495
2018,12,Hungarian Grand Prix,2018-07-29,sirotkin,SIR,Sergey Sirotkin,williams,Williams,35,20,16,0.0,68,+2 Laps,18.0,,188.412
2018,12,Hungarian Grand Prix,2018-07-29,stroll,STR,Lance Stroll,williams,Williams,18,15,17,0.0,68,+2 Laps,12.0,,190.8
2018,12,Hungarian Grand Prix,2018-07-29,vandoorne,VAN,Stoffel Vandoorne,mclaren,McLaren,2,16,18,0.0,49,Gearbox,15.0,,189.843
2018,12,Hungarian Grand Prix,2018-07-29,max_verstappen,VER,Max Verstappen,red_bull,Red Bull,33,7,19,0.0,5,Power loss,19.0,,187.79
2018,12,Hungarian Grand Prix,2018-07-29,leclerc,LEC,Charles Leclerc,sauber,Sauber,16,17,20,0.0,0,Suspension,,,
2018,13,Belgian Grand Prix,2018-08-26,vettel,VET,Sebastian Vettel,ferrari,Ferrari,5,2,1,25.0,44,Finished,2.0,,236.435
2018,13,Belgian Grand Prix,2018-08-26,hamilton,HAM,Lewis Hamilton,mercedes,Mercedes,44,1,2,18.0,44,Finished,3.0,,236.264
2018,13,Belgian Grand Prix,2018-08-26,max_verstappen,VER,Max Verstappen,red_bull,Red Bull,33,7,3,15.0,44,Finished,4.0,,235.767
2018,13,Belgian Grand Prix,2018-08-26,bottas,BOT,Valtteri Bottas,mercedes,Mercedes,77,19,4,12.0,44,Finished,1.0,,237.231
2018,13,Belgian Grand Prix,2018-08-26,perez,PER,Sergio Pérez,force_india,Force India,11,4,5,10.0,44,Finished,7.0,,233.293
2018,13,Belgian Grand Prix,2018-08-26,ocon,OCO,Esteban Ocon,force_india,Force India,31,3,6,8.0,44,Finished,6.0,,233.298
2018,13,Belgian Grand Prix,2018-08-26,grosjean,GRO,Romain Grosjean,haas,Haas F1 Team,8,5,7,6.0,44,Finished,8.0,,232.856
2018,13,Belgian Grand Prix,2018-08-26,kevin_magnussen,MAG,Kevin Magnussen,haas,Haas F1 Team,20,9,8,4.0,44,Finished,5.0,,233.602
2018,13,Belgian Grand Prix,2018-08-26,gasly,GAS,Pierre Gasly,toro_rosso,Toro Rosso,10,10,9,2.0,44,Finished,9.0,,232.202
2018,13,Belgian Grand Prix,2018-08-26,ericsson,ERI,Marcus Ericsson,sauber,Sauber,9,13,10,1.0,43,+1 Lap,11.0,,231.976
2018,13,Belgian Grand Prix,2018-08-26,sainz,SAI,Carlos Sainz,renault,Renault,55,14,11,0.0,43,+1 Lap,10.0,,232.027
2018,13,Belgian Grand Prix,2018-08-26,sirotkin,SIR,Sergey Sirotkin,williams,Williams,35,16,12,0.0,43,+1 Lap,14.0,,231.085
2018,13,Belgian Grand Prix,2018-08-26,stroll,STR,Lance Stroll,williams,Williams,18,17,13,0.0,43,+1 Lap,16.0,,230.717
2018,13,Belgian Grand Prix,2018-08-26,brendon_hartley,HAR,Brendon Hartley,toro_rosso,Toro Rosso,28,11,14,0.0,43,+1 Lap,12.0,,231.843
2018,13,Belgian Grand Prix,2018-08-26,vandoorne,VAN,Stoffel Vandoorne,mclaren,McLaren,2,18,15,0.0,43,+1 Lap,13.0,,231.418
2018,13,Belgian Grand Prix,2018-08-26,ricciardo,RIC,Daniel Ricciardo,red_bull,Red Bull,3,8,16,0.0,28,Retired,15.0,,230.812
2018,13,Belgian Grand Prix,2018-08-26,raikkonen,RAI,Kimi Räikkönen,ferrari,Ferrari,7,6,17,0.0,8,Brakes,17.0,,220.559
2018,13,Belgian Grand Prix,2018-08-26,leclerc,LEC,Charles Leclerc,sauber,Sauber,16,12,18,0.0,0,Accident,,,
2018,13,Belgian Grand Prix,2018-08-26,alonso,ALO,Fernando Alonso,mclaren,McLaren,14,15,19,0.0,0,Accident,,,
2018,13,Belgian Grand Prix,2018-08-26,hulkenberg,HUL,Nico Hülkenberg,renault,Renault,27,20,20,0.0,0,Accident,,,
2018,14,Italian Grand Prix,2018-09-02,hamilton,HAM,Lewis Hamilton,mercedes,Mercedes,44,3,1,25.0,53,Finished,1.0,,252.794
2018,14,Italian Grand Prix,2018-09-02,raikkonen,RAI,Kimi Räikkönen,ferrari,Ferrari,7,1,2,18.0,53,Finished,4.0,,249.713
2018,14,Italian Grand Prix,2018-09-02,bottas,BOT,Valtteri Bottas,mercedes,Mercedes,77,4,3,15.0,53,Finished,3.0,,251.544
2018,14,Italian Grand Prix,2018-09-02,vettel,VET,Sebastian Vettel,ferrari,Ferrari,5,2,4,12.0,53,Finished,2.0,,252.77
2018,14,Italian Grand Prix,2018-09-02,max_verstappen,VER,Max Verstappen,red_bull,Red Bull,33,5,5,10.0,53,Finished,6.0,,249.432
2018,14,Italian Grand Prix,2018-09-02,ocon,OCO,Esteban Ocon,force_india,Force India,31,8,6,8.0,53,Finished,12.0,,247.555
2018,14,Italian Grand Prix,2018-09-02,perez,PER,Sergio Pérez,force_india,Force India,11,14,7,6.0,53,Finished,11.0,,247.743
2018,14,Italian Grand Prix,2018-09-02,sainz,SAI,Carlos Sainz,renault,Renault,55,7,8,4.0,53,Finished,5.0,,249.671
2018,14,Italian Grand Prix,2018-09-02,stroll,STR,Lance Stroll,williams,Williams,18,10,9,2.0,52,+1 Lap,9.0,,248.106
2018,14,Italian Grand Prix,2018-09-02,sirotkin,SIR,Sergey Sirotkin,williams,Williams,35,12,10,1.0,52,+1 Lap,14.0,,246.568
2018,14,Italian Grand Prix,2018-09-02,leclerc,LEC,Charles Leclerc,sauber,Sauber,16,15,11,0.0,52,+1 Lap,8.0,,248.959
2018,14,Italian Grand Prix,2018-09-02,vandoorne,VAN,Stoffel Vandoorne,mclaren,McLaren,2,17,12,0.0,52,+1 Lap,13.0,,246.79
2018,14,Italian Grand Prix,2018-09-02,hulkenberg,HUL,Nico Hülkenberg,renault,Renault,27,20,13,0.0,52,+1 Lap,16.0,,246.01
2018,14,Italian Grand Prix,2018-09-02,gasly,GAS,Pierre Gasly,toro_rosso,Toro Rosso,10,9,14,0.0,52,+1 Lap,10.0,,248.097
2018,14,Italian Grand Prix,2018-09-02,ericsson,ERI,Marcus Ericsson,sauber,Sauber,9,18,15,0.0,52,+1 Lap,15.0,,246.024
2018,14,Italian Grand Prix,2018-09-02,kevin_magnussen,MAG,Kevin Magnussen,haas,Haas F1 Team,20,11,16,0.0,52,+1 Lap,7.0,,248.959
2018,14,Italian Grand Prix,2018-09-02,ricciardo,RIC,Daniel Ricciardo,red_bull,Red Bull,3,19,17,0.0,23,Engine,18.0,,243.369
2018,14,Italian Grand Prix,2018-09-02,alonso,ALO,Fernando Alonso,mclaren,McLaren,14,13,18,0.0,9,Engine,17.0,,244.691
2018,14,Italian Grand Prix,2018-09-02,brendon_hartley,HAR,Brendon Hartley,toro_rosso,Toro Rosso,28,16,19,0.0,0,Brakes,19.0,,239.685
2018,14,Italian Grand Prix,2018-09-02,grosjean,GRO,Romain Grosjean,haas,Haas F1 Team,8,6,20,0.0,53,Disqualified,,,
2018,15,Singapore Grand Prix,2018-09-16,hamilton,HAM,Lewis Hamilton,mercedes,Mercedes,44,1,1,25.0,61,Finished,2.0,,177.108
2018,15,Singapore Grand Prix,2018-09-16,max_verstappen,VER,Max Verstappen,red_bull,Red Bull,33,2,2,18.0,61,Finished,5.0,,176.368
2018,15,Singapore Grand Prix,2018-09-16,vettel,VET,Sebastian Vettel,ferrari,Ferrari,5,3,3,15.0,61,Finished,6.0,,174.137
2018,15,Singapore Grand Prix,2018-09-16,bottas,BOT,Valtteri Bottas,mercedes,Mercedes,77,4,4,12.0,61,Finished,8.0,,174.052
2018,15,Singapore Grand Prix,2018-09-16,raikkonen,RAI,Kimi Räikkönen,ferrari,Ferrari,7,5,5,10.0,61,Finished,7.0,,174.061
2018,15,Singapore Grand Prix,2018-09-16,ricciardo,RIC,Daniel Ricciardo,red_bull,Red Bull,3,6,6,8.0,61,Finished,3.0,,176.753
2018,15,Singapore Grand Prix,2018-09-16,alonso,ALO,Fernando Alonso,mclaren,McLaren,14,11,7,6.0,61,Finished,4.0,,176.677
2018,15,Singapore Grand Prix,2018-09-16,sainz,SAI,Carlos Sainz,renault,Renault,55,12,8,4.0,60,+1 Lap,12.0,,173.24
2018,15,Singapore Grand Prix,2018-09-16,leclerc,LEC,Charles Leclerc,sauber,Sauber,16,13,9,2.0,60,+1 Lap,11.0,,173.253
2018,15,Singapore Grand Prix,2018-09-16,hulkenberg,HUL,Nico Hülkenberg,renault,Renault,27,10,10,1.0,60,+1 Lap,19.0,,171.8
2018,15,Singapore Grand Prix,2018-09-16,ericsson,ERI,Marcus Ericsson,sauber,Sauber,9,14,11,0.0,60,+1 Lap,10.0,,173.309
2018,15,Singapore Grand Prix,2018-09-16,vandoorne,VAN,Stoffel Vandoorne,mclaren,McLaren,2,18,12,0.0,60,+1 Lap,14.0,,172.675
2018,15,Singapore Grand Prix,2018-09-16,gasly,GAS,Pierre Gasly,toro_rosso,Toro Rosso,10,15,13,0.0,60,+1 Lap,18.0,,171.848
2018,15,Singapore Grand Prix,2018-09-16,stroll,STR,Lance Stroll,williams,Williams,18,20,14,0.0,60,+1 Lap,17.0,,171.897
2018,15,Singapore Grand Prix,2018-09-16,grosjean,GRO,Romain Grosjean,haas,Haas F1 Team,8,8,15,0.0,60,+1 Lap,16.0,,172.106
2018,15,Singapore Grand Prix,2018-09-16,perez,PER,Sergio Pérez,force_india,Force India,11,7,16,0.0,60,+1 Lap,13.0,,172.947
2018,15,Singapore Grand Prix,2018-09-16,brendon_hartley,HAR,Brendon Hartley,toro_rosso,Toro Rosso,28,17,17,0.0,60,+1 Lap,9.0,,173.772
2018,15,Singapore Grand Prix,2018-09-16,kevin_magnussen,MAG,Kevin Magnussen,haas,Haas F1 Team,20,16,18,0.0,59,+2 Laps,1.0,,178.86
2018,15,Singapore Grand Prix,2018-09-16,sirotkin,SIR,Sergey Sirotkin,williams,Williams,35,19,19,0.0,59,+2 Laps,15.0,,172.11
2018,15,Singapore Grand Prix,2018-09-16,ocon,OCO,Esteban Ocon,force_india,Force India,31,9,20,0.0,0,Collision,,,
2018,16,Russian Grand Prix,2018-09-30,hamilton,HAM,Lewis Hamilton,mercedes,Mercedes,44,2,1,25.0,53,Finished,2.0,,219.492
2018,16,Russian Grand Prix,2018-09-30,bottas,BOT,Valtteri Bottas,mercedes,Mercedes,77,1,2,18.0,53,Finished,1.0,,219.617
2018,16,Russian Grand Prix,2018-09-30,vettel,VET,Sebastian Vettel,ferrari,Ferrari,5,3,3,15.0,53,Finished,3.0,,219.322
2018,16,Russian Grand Prix,2018-09-30,raikkonen,RAI,Kimi Räikkönen,ferrari,Ferrari,7,4,4,12.0,53,Finished,6.0,,217.913
2018,16,Russian Grand Prix,2018-09-30,max_verstappen,VER,Max Verstappen,red_bull,Red Bull,33,19,5,10.0,53,Finished,4.0,,218.655
2018,16,Russian Grand Prix,2018-09-30,ricciardo,RIC,Daniel Ricciardo,red_bull,Red Bull,3,18,6,8.0,53,Finished,5.0,,218.514
2018,16,Russian Grand Prix,2018-09-30,leclerc,LEC,Charles Leclerc,sauber,Sauber,16,7,7,6.0,53,Finished,9.0,,214.59
2018,16,Russian Grand Prix,2018-09-30,kevin_magnussen,MAG,Kevin Magnussen,haas,Haas F1 Team,20,5,8,4.0,52,+1 Lap,8.0,,214.791
2018,16,Russian Grand Prix,2018-09-30,ocon,OCO,Esteban Ocon,force_india,Force India,31,6,9,2.0,52,+1 Lap,12.0,,214.025
2018,16,Russian Grand Prix,2018-09-30,perez,PER,Sergio Pérez,force_india,Force India,11,8,10,1.0,52,+1 Lap,11.0,,214.168
2018,16,Russian Grand Prix,2018-09-30,grosjean,GRO,Romain Grosjean,haas,Haas F1 Team,8,9,11,0.0,52,+1 Lap,10.0,,214.29
2018,16,Russian Grand Prix,2018-09-30,hulkenberg,HUL,Nico Hülkenberg,renault,Renault,27,12,12,0.0,52,+1 Lap,13.0,,212.422
2018,16,Russian Grand Prix,2018-09-30,ericsson,ERI,Marcus Ericsson,sauber,Sauber,9,10,13,0.0,52,+1 Lap,7.0,,214.975
2018,16,Russian Grand Prix,2018-09-30,alonso,ALO,Fernando Alonso,mclaren,McLaren,14,16,14,0.0,52,+1 Lap,15.0,,211.394
2018,16,Russian Grand Prix,2018-09-30,stroll,STR,Lance Stroll,williams,Williams,18,14,15,0.0,52,+1 Lap,14.0,,211.724
2018,16,Russian Grand Prix,2018-09-30,vandoorne,VAN,Stoffel Vandoorne,mclaren,McLaren,2,15,16,0.0,51,+2 Laps,18.0,,210.692
2018,16,Russian Grand Prix,2018-09-30,sainz,SAI,Carlos Sainz,renault,Renault,55,11,17,0.0,51,+2 Laps,16.0,,211.095
2018,16,Russian Grand Prix,2018-09-30,sirotkin,SIR,Sergey Sirotkin,williams,Williams,35,13,18,0.0,51,+2 Laps,17.0,,210.869
2018,16,Russian Grand Prix,2018-09-30,gasly,GAS,Pierre Gasly,toro_rosso,Toro Rosso,10,17,19,0.0,4,Brakes,19.0,,202.292
2018,16,Russian Grand Prix,2018-09-30,brendon_hartley,HAR,Brendon Hartley,toro_rosso,Toro Rosso,28,20,20,0.0,4,Brakes,20.0,,198.889
2018,17,Japanese Grand Prix,2018-10-07,hamilton,HAM,Lewis Hamilton,mercedes,Mercedes,44,1,1,25.0,53,Finished,2.0,,225.307
2018,17,Japanese Grand Prix,2018-10-07,bottas,BOT,Valtteri Bottas,mercedes,Mercedes,77,2,2,18.0,53,Finished,3.0,,224.521
2018,17,Japanese Grand Prix,2018-10-07,max_verstappen,VER,Max Verstappen,red_bull,Red Bull,33,3,3,15.0,53,Finished,6.0,,223.903
2018,17,Japanese Grand Prix,2018-10-07,ricciardo,RIC,Daniel Ricciardo,red_bull,Red Bull,3,15,4,12.0,53,Finished,4.0,,224.336
2018,17,Japanese Grand Prix,2018-10-07,raikkonen,RAI,Kimi Räikkönen,ferrari,Ferrari,7,4,5,10.0,53,Finished,12.0,,221.869
2018,17,Japanese Grand Prix,2018-10-07,vettel,VET,Sebastian Vettel,ferrari,Ferrari,5,8,6,8.0,53,Finished,1.0,,226.447
2018,17,Japanese Grand Prix,2018-10-07,perez,PER,Sergio Pérez,force_india,Force India,11,9,7,6.0,53,Finished,9.0,,222.223
2018,17,Japanese Grand Prix,2018-10-07,grosjean,GRO,Romain Grosjean,haas,Haas F1 Team,8,5,8,4.0,53,Finished,15.0,,220.551
2018,17,Japanese Grand Prix,2018-10-07,ocon,OCO,Esteban Ocon,force_india,Force India,31,11,9,2.0,53,Finished,14.0,,220.821
2018,17,Japanese Grand Prix,2018-10-07,sainz,SAI,Carlos Sainz,renault,Renault,55,13,10,1.0,52,+1 Lap,11.0,,221.93
2018,17,Japanese Grand Prix,2018-10-07,gasly,GAS,Pierre Gasly,toro_rosso,Toro Rosso,10,7,11,0.0,52,+1 Lap,10.0,,222.081
2018,17,Japanese Grand Prix,2018-10-07,ericsson,ERI,Marcus Ericsson,sauber,Sauber,9,20,12,0.0,52,+1 Lap,19.0,,217.097
2018,17,Japanese Grand Prix,2018-10-07,brendon_hartley,HAR,Brendon Hartley,toro_rosso,Toro Rosso,28,6,13,0.0,52,+1 Lap,16.0,,220.386
2018,17,Japanese Grand Prix,2018-10-07,alonso,ALO,Fernando Alonso,mclaren,McLaren,14,18,14,0.0,52,+1 Lap,7.0,,222.53
2018,17,Japanese Grand Prix,2018-10-07,vandoorne,VAN,Stoffel Vandoorne,mclaren,McLaren,2,19,15,0.0,52,+1 Lap,18.0,,220.001
2018,17,Japanese Grand Prix,2018-10-07,sirotkin,SIR,Sergey Sirotkin,williams,Williams,35,17,16,0.0,52,+1 Lap,8.0,,222.431
2018,17,Japanese Grand Prix,2018-10-07,stroll,STR,Lance Stroll,williams,Williams,18,14,17,0.0,52,+1 Lap,5.0,,223.934
2018,17,Japanese Grand Prix,2018-10-07,leclerc,LEC,Charles Leclerc,sauber,Sauber,16,10,18,0.0,38,Mechanical,13.0,,221.183
2018,17,Japanese Grand Prix,2018-10-07,hulkenberg,HUL,Nico Hülkenberg,renault,Renault,27,16,19,0.0,37,Engine,17.0,,220.207
2018,17,Japanese Grand Prix,2018-10-07,kevin_magnussen,MAG,Kevin Magnussen,haas,Haas F1 Team,20,12,20,0.0,8,Collision damage,20.0,,209.244
2018,18,United States Grand Prix,2018-10-21,raikkonen,RAI,Kimi Räikkönen,ferrari,Ferrari,7,2,1,25.0,56,Finished,5.0,,201.527
2018,18,United States Grand Prix,2018-10-21,max_verstappen,VER,Max Verstappen,red_bull,Red Bull,33,18,2,18.0,56,Finished,2.0,,202.011
2018,18,United States Grand Prix,2018-10-21,hamilton,HAM,Lewis Hamilton,mercedes,Mercedes,44,1,3,15.0,56,Finished,1.0,,203.782
2018,18,United States Grand Prix,2018-10-21,vettel,VET,Sebastian Vettel,ferrari,Ferrari,5,5,4,12.0,56,Finished,3.0,,201.941
2018,18,United States Grand Prix,2018-10-21,bottas,BOT,Valtteri Bottas,mercedes,Mercedes,77,3,5,10.0,56,Finished,4.0,,201.551
2018,18,United States Grand Prix,2018-10-21,hulkenberg,HUL,Nico Hülkenberg,renault,Renault,27,7,6,8.0,56,Finished,8.0,,199.369
2018,18,United States Grand Prix,2018-10-21,sainz,SAI,Carlos Sainz,renault,Renault,55,11,7,6.0,56,Finished,11.0,,198.75
2018,18,United States Grand Prix,2018-10-21,perez,PER,Sergio Pérez,force_india,Force India,11,10,8,4.0,56,Finished,13.0,,198.483
2018,18,United States Grand Prix,2018-10-21,brendon_hartley,HAR,Brendon Hartley,toro_rosso,Toro Rosso,28,20,9,2.0,55,+1 Lap,6.0,,200.547
2018,18,United States Grand Prix,2018-10-21,ericsson,ERI,Marcus Ericsson,sauber,Sauber,9,16,10,1.0,55,+1 Lap,9.0,,199.327
2018,18,United States Grand Prix,2018-10-21,vandoorne,VAN,Stoffel Vandoorne,mclaren,McLaren,2,17,11,0.0,55,+1 Lap,12.0,,198.636
2018,18,United States Grand Prix,2018-10-21,gasly,GAS,Pierre Gasly,toro_rosso,Toro Rosso,10,19,12,0.0,55,+1 Lap,14.0,,198.273
2018,18,United States Grand Prix,2018-10-21,sirotkin,SIR,Sergey Sirotkin,williams,Williams,35,14,13,0.0,55,+1 Lap,7.0,,199.987
2018,18,United States Grand Prix,2018-10-21,stroll,STR,Lance Stroll,williams,Williams,18,15,14,0.0,54,+2 Laps,10.0,,199.173
2018,18,United States Grand Prix,2018-10-21,leclerc,LEC,Charles Leclerc,sauber,Sauber,16,9,15,0.0,31,Collision damage,16.0,,197.437
2018,18,United States Grand Prix,2018-10-21,ricciardo,RIC,Daniel Ricciardo,red_bull,Red Bull,3,4,16,0.0,8,Battery,15.0,,197.612
2018,18,United States Grand Prix,2018-10-21,grosjean,GRO,Romain Grosjean,haas,Haas F1 Team,8,8,17,0.0,2,Collision damage,18.0,,194.61
2018,18,United States Grand Prix,2018-10-21,alonso,ALO,Fernando Alonso,mclaren,McLaren,14,13,18,0.0,1,Collision,17.0,,196.633
2018,18,United States Grand Prix,2018-10-21,ocon,OCO,Esteban Ocon,force_india,Force India,31,6,19,0.0,56,Disqualified,,,
2018,18,United States Grand Prix,2018-10-21,kevin_magnussen,MAG,Kevin Magnussen,haas,Haas F1 Team,20,12,20,0.0,56,Disqualified,,,
2018,19,Mexican Grand Prix,2018-10-28,max_verstappen,VER,Max Verstappen,red_bull,Red Bull,33,2,1,25.0,71,Finished,2.0,,195.67
2018,19,Mexican Grand Prix,2018-10-28,vettel,VET,Sebastian Vettel,ferrari,Ferrari,5,4,2,18.0,71,Finished,4.0,,194.844
2018,19,Mexican Grand Prix,2018-10-28,raikkonen,RAI,Kimi Räikkönen,ferrari,Ferrari,7,6,3,15.0,71,Finished,5.0,,192.874
2018,19,Mexican Grand Prix,2018-10-28,hamilton,HAM,Lewis Hamilton,mercedes,Mercedes,44,3,4,12.0,71,Finished,8.0,,191.933
2018,19,Mexican Grand Prix,2018-10-28,bottas,BOT,Valtteri Bottas,mercedes,Mercedes,77,5,5,10.0,70,+1 Lap,1.0,,196.776
2018,19,Mexican Grand Prix,2018-10-28,hulkenberg,HUL,Nico Hülkenberg,renault,Renault,27,7,6,8.0,69,+2 Laps,7.0,,192.15
2018,19,Mexican Grand Prix,2018-10-28,leclerc,LEC,Charles Leclerc,sauber,Sauber,16,9,7,6.0,69,+2 Laps,6.0,,192.388
2018,19,Mexican Grand Prix,2018-10-28,vandoorne,VAN,Stoffel Vandoorne,mclaren,McLaren,2,15,8,4.0,69,+2 Laps,11.0,,189.138
2018,19,Mexican Grand Prix,2018-10-28,ericsson,ERI,Marcus Ericsson,sauber,Sauber,9,10,9,2.0,69,+2 Laps,14.0,,187.947
2018,19,Mexican Grand Prix,2018-10-28,gasly,GAS,Pierre Gasly,toro_rosso,Toro Rosso,10,20,10,1.0,69,+2 Laps,17.0,,187.232
2018,19,Mexican Grand Prix,2018-10-28,ocon,OCO,Esteban Ocon,force_india,Force India,31,11,11,0.0,69,+2 Laps,15.0,,187.517
2018,19,Mexican Grand Prix,2018-10-28,stroll,STR,Lance Stroll,williams,Williams,18,17,12,0.0,69,+2 Laps,18.0,,186.717
2018,19,Mexican Grand Prix,2018-10-28,sirotkin,SIR,Sergey Sirotkin,williams,Williams,35,19,13,0.0,69,+2 Laps,16.0,,187.492
2018,19,Mexican Grand Prix,2018-10-28,brendon_hartley,HAR,Brendon Hartley,toro_rosso,Toro Rosso,28,14,14,0.0,69,+2 Laps,13.0,,187.952
2018,19,Mexican Grand Prix,2018-10-28,kevin_magnussen,MAG,Kevin Magnussen,haas,Haas F1 Team,20,16,15,0.0,69,+2 Laps,10.0,,189.246
2018,19,Mexican Grand Prix,2018-10-28,grosjean,GRO,Romain Grosjean,haas,Haas F1 Team,8,18,16,0.0,68,+3 Laps,9.0,,190.419
2018,19,Mexican Grand Prix,2018-10-28,ricciardo,RIC,Daniel Ricciardo,red_bull,Red Bull,3,1,17,0.0,61,Engine,3.0,,194.991
2018,19,Mexican Grand Prix,2018-10-28,perez,PER,Sergio Pérez,force_india,Force India,11,13,18,0.0,38,Brakes,19.0,,185.461
2018,19,Mexican Grand Prix,2018-10-28,sainz,SAI,Carlos Sainz,renault,Renault,55,8,19,0.0,28,Suspension,12.0,,188.07
2018,19,Mexican Grand Prix,2018-10-28,alonso,ALO,Fernando Alonso,mclaren,McLaren,14,12,20,0.0,3,Engine,20.0,,184.025
2018,20,Brazilian Grand Prix,2018-11-11,hamilton,HAM,Lewis Hamilton,mercedes,Mercedes,44,1,1,25.0,71,Finished,7.0,,216.065
2018,20,Brazilian Grand Prix,2018-11-11,max_verstappen,VER,Max Verstappen,red_bull,Red Bull,33,5,2,18.0,71,Finished,4.0,,216.72
2018,20,Brazilian Grand Prix,2018-11-11,raikkonen,RAI,Kimi Räikkönen,ferrari,Ferrari,7,4,3,15.0,71,Finished,6.0,,216.143
2018,20,Brazilian Grand Prix,2018-11-11,ricciardo,RIC,Daniel Ricciardo,red_bull,Red Bull,3,11,4,12.0,71,Finished,3.0,,217.434
2018,20,Brazilian Grand Prix,2018-11-11,bottas,BOT,Valtteri Bottas,mercedes,Mercedes,77,3,5,10.0,71,Finished,1.0,,219.909
2018,20,Brazilian Grand Prix,2018-11-11,vettel,VET,Sebastian Vettel,ferrari,Ferrari,5,2,6,8.0,71,Finished,2.0,,219.005
2018,20,Brazilian Grand Prix,2018-11-11,leclerc,LEC,Charles Leclerc,sauber,Sauber,16,7,7,6.0,71,Finished,8.0,,215.204
2018,20,Brazilian Grand Prix,2018-11-11,grosjean,GRO,Romain Grosjean,haas,Haas F1 Team,8,8,8,4.0,71,Finished,12.0,,214.372
2018,20,Brazilian Grand Prix,2018-11-11,kevin_magnussen,MAG,Kevin Magnussen,haas,Haas F1 Team,20,10,9,2.0,71,Finished,10.0,,214.835
2018,20,Brazilian Grand Prix,2018-11-11,perez,PER,Sergio Pérez,force_india,Force India,11,12,10,1.0,70,+1 Lap,13.0,,214.046
2018,20,Brazilian Grand Prix,2018-11-11,brendon_hartley,HAR,Brendon Hartley,toro_rosso,Toro Rosso,28,16,11,0.0,70,+1 Lap,15.0,,212.647
2018,20,Brazilian Grand Prix,2018-11-11,sainz,SAI,Carlos Sainz,renault,Renault,55,15,12,0.0,70,+1 Lap,9.0,,214.945
2018,20,Brazilian Grand Prix,2018-11-11,gasly,GAS,Pierre Gasly,toro_rosso,Toro Rosso,10,9,13,0.0,70,+1 Lap,17.0,,210.132
2018,20,Brazilian Grand Prix,2018-11-11,vandoorne,VAN,Stoffel Vandoorne,mclaren,McLaren,2,20,14,0.0,70,+1 Lap,16.0,,212.591
2018,20,Brazilian Grand Prix,2018-11-11,ocon,OCO,Esteban Ocon,force_india,Force India,31,18,15,0.0,70,+1 Lap,11.0,,214.401
2018,20,Brazilian Grand Prix,2018-11-11,sirotkin,SIR,Sergey Sirotkin,williams,Williams,35,14,16,0.0,69,+2 Laps,19.0,,208.887
2018,20,Brazilian Grand Prix,2018-11-11,alonso,ALO,Fernando Alonso,mclaren,McLaren,14,17,17,0.0,69,+2 Laps,14.0,,213.542
2018,20,Brazilian Grand Prix,2018-11-11,stroll,STR,Lance Stroll,williams,Williams,18,19,18,0.0,69,+2 Laps,5.0,,216.197
2018,20,Brazilian Grand Prix,2018-11-11,hulkenberg,HUL,Nico Hülkenberg,renault,Renault,27,13,19,0.0,32,Overheating,18.0,,209.544
2018,20,Brazilian Grand Prix,2018-11-11,ericsson,ERI,Marcus Ericsson,sauber,Sauber,9,6,20,0.0,20,Collision,20.0,,206.059
2018,21,Abu Dhabi Grand Prix,2018-11-25,hamilton,HAM,Lewis Hamilton,mercedes,Mercedes,44,1,1,25.0,55,Finished,5.0,,197.267
2018,21,Abu Dhabi Grand Prix,2018-11-25,vettel,VET,Sebastian Vettel,ferrari,Ferrari,5,3,2,18.0,55,Finished,1.0,,198.225
2018,21,Abu Dhabi Grand Prix,2018-11-25,max_verstappen,VER,Max Verstappen,red_bull,Red Bull,33,6,3,15.0,55,Finished,6.0,,196.198
2018,21,Abu Dhabi Grand Prix,2018-11-25,ricciardo,RIC,Daniel Ricciardo,red_bull,Red Bull,3,5,4,12.0,55,Finished,3.0,,197.477
2018,21,Abu Dhabi Grand Prix,2018-11-25,bottas,BOT,Valtteri Bottas,mercedes,Mercedes,77,2,5,10.0,55,Finished,2.0,,198.056
2018,21,Abu Dhabi Grand Prix,2018-11-25,sainz,SAI,Carlos Sainz,renault,Renault,55,11,6,8.0,55,Finished,4.0,,197.278
2018,21,Abu Dhabi Grand Prix,2018-11-25,leclerc,LEC,Charles Leclerc,sauber,Sauber,16,8,7,6.0,55,Finished,10.0,,194.354
2018,21,Abu Dhabi Grand Prix,2018-11-25,perez,PER,Sergio Pérez,force_india,Force India,11,14,8,4.0,55,Finished,8.0,,194.467
2018,21,Abu Dhabi Grand Prix,2018-11-25,grosjean,GRO,Romain Grosjean,haas,Haas F1 Team,8,7,9,2.0,54,+1 Lap,11.0,,193.753
2018,21,Abu Dhabi Grand Prix,2018-11-25,kevin_magnussen,MAG,Kevin Magnussen,haas,Haas F1 Team,20,13,10,1.0,54,+1 Lap,9.0,,194.456
2018,21,Abu Dhabi Grand Prix,2018-11-25,alonso,ALO,Fernando Alonso,mclaren,McLaren,14,15,11,0.0,54,+1 Lap,7.0,,195.271
2018,21,Abu Dhabi Grand Prix,2018-11-25,brendon_hartley,HAR,Brendon Hartley,toro_rosso,Toro Rosso,28,16,12,0.0,54,+1 Lap,17.0,,191.932
2018,21,Abu Dhabi Grand Prix,2018-11-25,stroll,STR,Lance Stroll,williams,Williams,18,20,13,0.0,54,+1 Lap,16.0,,192.192
2018,21,Abu Dhabi Grand Prix,2018-11-25,vandoorne,VAN,Stoffel Vandoorne,mclaren,McLaren,2,18,14,0.0,54,+1 Lap,12.0,,193.652
2018,21,Abu Dhabi Grand Prix,2018-11-25,sirotkin,SIR,Sergey Sirotkin,williams,Williams,35,19,15,0.0,54,+1 Lap,14.0,,192.566
2018,21,Abu Dhabi Grand Prix,2018-11-25,gasly,GAS,Pierre Gasly,toro_rosso,Toro Rosso,10,17,16,0.0,46,Engine,15.0,,192.276
2018,21,Abu Dhabi Grand Prix,2018-11-25,ocon,OCO,Esteban Ocon,force_india,Force India,31,9,17,0.0,44,Engine,13.0,,193.012
2018,21,Abu Dhabi Grand Prix,2018-11-25,ericsson,ERI,Marcus Ericsson,sauber,Sauber,9,12,18,0.0,24,Power loss,19.0,,188.489
2018,21,Abu Dhabi Grand Prix,2018-11-25,raikkonen,RAI,Kimi Räikkönen,ferrari,Ferrari,7,4,19,0.0,6,Power loss,18.0,,190.064
2018,21,Abu Dhabi Grand Prix,2018-11-25,hulkenberg,HUL,Nico Hülkenberg,renault,Renault,27,10,20,0.0,0,Collision,,,
2019,1,Australian Grand Prix,2019-03-17,bottas,BOT,Valtteri Bottas,mercedes,Mercedes,77,2,1,26.0,58,Finished,1.0,,223.075
2019,1,Australian Grand Prix,2019-03-17,hamilton,HAM,Lewis Hamilton,mercedes,Mercedes,44,1,2,18.0,58,Finished,2.0,,221.839
2019,1,Australian Grand Prix,2019-03-17,max_verstappen,VER,Max Verstappen,red_bull,Red Bull,33,4,3,15.0,58,Finished,3.0,,221.327
2019,1,Australian Grand Prix,2019-03-17,vettel,VET,Sebastian Vettel,ferrari,Ferrari,5,3,4,12.0,58,Finished,8.0,,217.054
2019,1,Australian Grand Prix,2019-03-17,leclerc,LEC,Charles Leclerc,ferrari,Ferrari,16,5,5,10.0,58,Finished,4.0,,219.621
2019,1,Australian Grand Prix,2019-03-17,kevin_magnussen,MAG,Kevin Magnussen,haas,Haas F1 Team,20,7,6,8.0,58,Finished,9.0,,216.493
2019,1,Australian Grand Prix,2019-03-17,hulkenberg,HUL,Nico Hülkenberg,renault,Renault,27,11,7,6.0,57,+1 Lap,12.0,,215.851
2019,1,Australian Grand Prix,2019-03-17,raikkonen,RAI,Kimi Räikkönen,alfa,Alfa Romeo,7,9,8,4.0,57,+1 Lap,11.0,,216.277
2019,1,Australian Grand Prix,2019-03-17,stroll,STR,Lance Stroll,racing_point,Racing Point,18,16,9,2.0,57,+1 Lap,7.0,,218.011
2019,1,Australian Grand Prix,2019-03-17,kvyat,KVY,Daniil Kvyat,toro_rosso,Toro Rosso,26,15,10,1.0,57,+1 Lap,6.0,,218.31
2019,1,Australian Grand Prix,2019-03-17,gasly,GAS,Pierre Gasly,red_bull,Red Bull,10,17,11,0.0,57,+1 Lap,5.0,,218.858
2019,1,Australian Grand Prix,2019-03-17,norris,NOR,Lando Norris,mclaren,McLaren,4,8,12,0.0,57,+1 Lap,16.0,,215.581
2019,1,Australian Grand Prix,2019-03-17,perez,PER,Sergio Pérez,racing_point,Racing Point,11,10,13,0.0,57,+1 Lap,15.0,,215.751
2019,1,Australian Grand Prix,2019-03-17,albon,ALB,Alexander Albon,toro_rosso,Toro Rosso,23,13,14,0.0,57,+1 Lap,10.0,,216.478
2019,1,Australian Grand Prix,2019-03-17,giovinazzi,GIO,Antonio Giovinazzi,alfa,Alfa Romeo,99,14,15,0.0,57,+1 Lap,14.0,,215.766
2019,1,Australian Grand Prix,2019-03-17,russell,RUS,George Russell,williams,Williams,63,19,16,0.0,56,+2 Laps,17.0,,215.197
2019,1,Australian Grand Prix,2019-03-17,kubica,KUB,Robert Kubica,williams,Williams,88,20,17,0.0,55,+3 Laps,18.0,,213.821
2019,1,Australian Grand Prix,2019-03-17,grosjean,GRO,Romain Grosjean,haas,Haas F1 Team,8,6,18,0.0,29,Wheel,13.0,,215.807
2019,1,Australian Grand Prix,2019-03-17,ricciardo,RIC,Daniel Ricciardo,renault,Renault,3,12,19,0.0,28,Damage,19.0,,212.478
2019,1,Australian Grand Prix,2019-03-17,sainz,SAI,Carlos Sainz,mclaren,McLaren,55,18,20,0.0,9,Engine,20.0,,210.022
2019,2,Bahrain Grand Prix,2019-03-31,hamilton,HAM,Lewis Hamilton,mercedes,Mercedes,44,3,1,25.0,57,Finished,2.0,,208.314
2019,2,Bahrain Grand Prix,2019-03-31,bottas,BOT,Valtteri Bottas,mercedes,Mercedes,77,4,2,18.0,57,Finished,3.0,,206.808
2019,2,Bahrain Grand Prix,2019-03-31,leclerc,LEC,Charles Leclerc,ferrari,Ferrari,16,1,3,16.0,57,Finished,1.0,,208.575
2019,2,Bahrain Grand Prix,2019-03-31,max_verstappen,VER,Max Verstappen,red_bull,Red Bull,33,5,4,12.0,57,Finished,9.0,,204.417
2019,2,Bahrain Grand Prix,2019-03-31,vettel,VET,Sebastian Vettel,ferrari,Ferrari,5,2,5,10.0,57,Finished,4.0,,205.313
2019,2,Bahrain Grand Prix,2019-03-31,norris,NOR,Lando Norris,mclaren,McLaren,4,9,6,8.0,57,Finished,12.0,,203.422
2019,2,Bahrain Grand Prix,2019-03-31,raikkonen,RAI,Kimi Räikkönen,alfa,Alfa Romeo,7,8,7,6.0,57,Finished,11.0,,203.822
2019,2,Bahrain Grand Prix,2019-03-31,gasly,GAS,Pierre Gasly,red_bull,Red Bull,10,13,8,4.0,57,Finished,8.0,,204.46
2019,2,Bahrain Grand Prix,2019-03-31,albon,ALB,Alexander Albon,toro_rosso,Toro Rosso,23,12,9,2.0,57,Finished,16.0,,201.372
2019,2,Bahrain Grand Prix,2019-03-31,perez,PER,Sergio Pérez,racing_point,Racing Point,11,14,10,1.0,57,Finished,14.0,,202.254
2019,2,Bahrain Grand Prix,2019-03-31,giovinazzi,GIO,Antonio Giovinazzi,alfa,Alfa Romeo,99,16,11,0.0,57,Finished,7.0,,204.575
2019,2,Bahrain Grand Prix,2019-03-31,kvyat,KVY,Daniil Kvyat,toro_rosso,Toro Rosso,26,15,12,0.0,56,+1 Lap,5.0,,205.228
2019,2,Bahrain Grand Prix,2019-03-31,kevin_magnussen,MAG,Kevin Magnussen,haas,Haas F1 Team,20,6,13,0.0,56,+1 Lap,13.0,,203.178
2019,2,Bahrain Grand Prix,2019-03-31,stroll,STR,Lance Stroll,racing_point,Racing Point,18,18,14,0.0,56,+1 Lap,17.0,,200.781
2019,2,Bahrain Grand Prix,2019-03-31,russell,RUS,George Russell,williams,Williams,63,19,15,0.0,56,+1 Lap,19.0,,200.211
2019,2,Bahrain Grand Prix,2019-03-31,kubica,KUB,Robert Kubica,williams,Williams,88,20,16,0.0,55,+2 Laps,20.0,,199.005
2019,2,Bahrain Grand Prix,2019-03-31,hulkenberg,HUL,Nico Hülkenberg,renault,Renault,27,17,17,0.0,53,Engine,6.0,,204.623
2019,2,Bahrain Grand Prix,2019-03-31,ricciardo,RIC,Daniel Ricciardo,renault,Renault,3,10,18,0.0,53,Out of fuel,15.0,,201.487
2019,2,Bahrain Grand Prix,2019-03-31,sainz,SAI,Carlos Sainz,mclaren,McLaren,55,7,19,0.0,53,Collision damage,10.0,,203.829
2019,2,Bahrain Grand Prix,2019-03-31,grosjean,GRO,Romain Grosjean,haas,Haas F1 Team,8,11,20,0.0,16,Retired,18.0,,200.316
2019,3,Chinese Grand Prix,2019-04-14,hamilton,HAM,Lewis Hamilton,mercedes,Mercedes,44,2,1,25.0,56,Finished,5.0,,204.642
2019,3,Chinese Grand Prix,2019-04-14,bottas,BOT,Valtteri Bottas,mercedes,Mercedes,77,1,2,18.0,56,Finished,4.0,,206.842
2019,3,Chinese Grand Prix,2019-04-14,vettel,VET,Sebastian Vettel,ferrari,Ferrari,5,3,3,15.0,56,Finished,2.0,,206.921
2019,3,Chinese Grand Prix,2019-04-14,max_verstappen,VER,Max Verstappen,red_bull,Red Bull,33,5,4,12.0,56,Finished,6.0,,204.108
2019,3,Chinese Grand Prix,2019-04-14,leclerc,LEC,Charles Leclerc,ferrari,Ferrari,16,4,5,10.0,56,Finished,3.0,,206.869
2019,3,Chinese Grand Prix,2019-04-14,gasly,GAS,Pierre Gasly,red_bull,Red Bull,10,6,6,9.0,56,Finished,1.0,,207.126
2019,3,Chinese Grand Prix,2019-04-14,ricciardo,RIC,Daniel Ricciardo,renault,Renault,3,7,7,6.0,55,+1 Lap,16.0,,198.957
2019,3,Chinese Grand Prix,2019-04-14,perez,PER,Sergio Pérez,racing_point,Racing Point,11,12,8,4.0,55,+1 Lap,17.0,,198.816
2019,3,Chinese Grand Prix,2019-04-14,raikkonen,RAI,Kimi Räikkönen,alfa,Alfa Romeo,7,13,9,2.0,55,+1 Lap,12.0,,200.625
2019,3,Chinese Grand Prix,2019-04-14,albon,ALB,Alexander Albon,toro_rosso,Toro Rosso,23,0,10,1.0,55,+1 Lap,18.0,,198.416
2019,3,Chinese Grand Prix,2019-04-14,grosjean,GRO,Romain Grosjean,haas,Haas F1 Team,8,10,11,0.0,55,+1 Lap,8.0,,202.57
2019,3,Chinese Grand Prix,2019-04-14,stroll,STR,Lance Stroll,racing_point,Racing Point,18,16,12,0.0,55,+1 Lap,7.0,,202.978
2019,3,Chinese Grand Prix,2019-04-14,kevin_magnussen,MAG,Kevin Magnussen,haas,Haas F1 Team,20,9,13,0.0,55,+1 Lap,10.0,,201.327
2019,3,Chinese Grand Prix,2019-04-14,sainz,SAI,Carlos Sainz,mclaren,McLaren,55,14,14,0.0,55,+1 Lap,11.0,,201.263
2019,3,Chinese Grand Prix,2019-04-14,giovinazzi,GIO,Antonio Giovinazzi,alfa,Alfa Romeo,99,19,15,0.0,55,+1 Lap,14.0,,200.142
2019,3,Chinese Grand Prix,2019-04-14,russell,RUS,George Russell,williams,Williams,63,17,16,0.0,54,+2 Laps,9.0,,201.716
2019,3,Chinese Grand Prix,2019-04-14,kubica,KUB,Robert Kubica,williams,Williams,88,18,17,0.0,54,+2 Laps,20.0,,196.684
2019,3,Chinese Grand Prix,2019-04-14,norris,NOR,Lando Norris,mclaren,McLaren,4,15,18,0.0,50,Collision,15.0,,199.536
2019,3,Chinese Grand Prix,2019-04-14,kvyat,KVY,Daniil Kvyat,toro_rosso,Toro Rosso,26,11,19,0.0,41,Collision,13.0,,200.291
2019,3,Chinese Grand Prix,2019-04-14,hulkenberg,HUL,Nico Hülkenberg,renault,Renault,27,8,20,0.0,16,Power Unit,19.0,,196.871
2019,4,Azerbaijan Grand Prix,2019-04-28,bottas,BOT,Valtteri Bottas,mercedes,Mercedes,77,1,1,25.0,51,Finished,2.0,,207.748
2019,4,Azerbaijan Grand Prix,2019-04-28,hamilton,HAM,Lewis Hamilton,mercedes,Mercedes,44,2,2,18.0,51,Finished,3.0,,207.465
2019,4,Azerbaijan Grand Prix,2019-04-28,vettel,VET,Sebastian Vettel,ferrari,Ferrari,5,3,3,15.0,51,Finished,4.0,,206.546
2019,4,Azerbaijan Grand Prix,2019-04-28,max_verstappen,VER,Max Verstappen,red_bull,Red Bull,33,4,4,12.0,51,Finished,5.0,,206.221
2019,4,Azerbaijan Grand Prix,2019-04-28,leclerc,LEC,Charles Leclerc,ferrari,Ferrari,16,8,5,11.0,51,Finished,1.0,,209.795
2019,4,Azerbaijan Grand Prix,2019-04-28,perez,PER,Sergio Pérez,racing_point,Racing Point,11,5,6,8.0,51,Finished,7.0,,204.795
2019,4,Azerbaijan Grand Prix,2019-04-28,sainz,SAI,Carlos Sainz,mclaren,McLaren,55,9,7,6.0,51,Finished,10.0,,204.247
2019,4,Azerbaijan Grand Prix,2019-04-28,norris,NOR,Lando Norris,mclaren,McLaren,4,7,8,4.0,51,Finished,6.0,,205.047
2019,4,Azerbaijan Grand Prix,2019-04-28,stroll,STR,Lance Stroll,racing_point,Racing Point,18,13,9,2.0,51,Finished,12.0,,203.858
2019,4,Azerbaijan Grand Prix,2019-04-28,raikkonen,RAI,Kimi Räikkönen,alfa,Alfa Romeo,7,0,10,1.0,50,+1 Lap,13.0,,202.958
2019,4,Azerbaijan Grand Prix,2019-04-28,albon,ALB,Alexander Albon,toro_rosso,Toro Rosso,23,11,11,0.0,50,+1 Lap,9.0,,204.349
2019,4,Azerbaijan Grand Prix,2019-04-28,giovinazzi,GIO,Antonio Giovinazzi,alfa,Alfa Romeo,99,17,12,0.0,50,+1 Lap,11.0,,203.935
2019,4,Azerbaijan Grand Prix,2019-04-28,kevin_magnussen,MAG,Kevin Magnussen,haas,Haas F1 Team,20,12,13,0.0,50,+1 Lap,14.0,,202.572
2019,4,Azerbaijan Grand Prix,2019-04-28,hulkenberg,HUL,Nico Hülkenberg,renault,Renault,27,15,14,0.0,50,+1 Lap,17.0,,201.204
2019,4,Azerbaijan Grand Prix,2019-04-28,russell,RUS,George Russell,williams,Williams,63,16,15,0.0,49,+2 Laps,16.0,,201.497
2019,4,Azerbaijan Grand Prix,2019-04-28,kubica,KUB,Robert Kubica,williams,Williams,88,0,16,0.0,49,+2 Laps,19.0,,200.64
2019,4,Azerbaijan Grand Prix,2019-04-28,gasly,GAS,Pierre Gasly,red_bull,Red Bull,10,0,17,0.0,38,Transmission,8.0,,204.43
2019,4,Azerbaijan Grand Prix,2019-04-28,grosjean,GRO,Romain Grosjean,haas,Haas F1 Team,8,14,18,0.0,38,Brakes,20.0,,199.146
2019,4,Azerbaijan Grand Prix,2019-04-28,kvyat,KVY,Daniil Kvyat,toro_rosso,Toro Rosso,26,6,19,0.0,33,Collision,18.0,,200.692
2019,4,Azerbaijan Grand Prix,2019-04-28,ricciardo,RIC,Daniel Ricciardo,renault,Renault,3,10,20,0.0,31,Collision,15.0,,202.41
2019,5,Spanish Grand Prix,2019-05-12,hamilton,HAM,Lewis Hamilton,mercedes,Mercedes,44,2,1,26.0,66,Finished,1.0,,213.499
2019,5,Spanish Grand Prix,2019-05-12,bottas,BOT,Valtteri Bottas,mercedes,Mercedes,77,1,2,18.0,66,Finished,2.0,,212.835
2019,5,Spanish Grand Prix,2019-05-12,max_verstappen,VER,Max Verstappen,red_bull,Red Bull,33,4,3,15.0,66,Finished,3.0,,210.081
2019,5,Spanish Grand Prix,2019-05-12,vettel,VET,Sebastian Vettel,ferrari,Ferrari,5,3,4,12.0,66,Finished,4.0,,209.947
2019,5,Spanish Grand Prix,2019-05-12,leclerc,LEC,Charles Leclerc,ferrari,Ferrari,16,5,5,10.0,66,Finished,5.0,,209.469
2019,5,Spanish Grand Prix,2019-05-12,gasly,GAS,Pierre Gasly,red_bull,Red Bull,10,6,6,8.0,66,Finished,6.0,,208.08
2019,5,Spanish Grand Prix,2019-05-12,kevin_magnussen,MAG,Kevin Magnussen,haas,Haas F1 Team,20,8,7,6.0,66,Finished,9.0,,207.478
2019,5,Spanish Grand Prix,2019-05-12,sainz,SAI,Carlos Sainz,mclaren,McLaren,55,12,8,4.0,66,Finished,10.0,,207.249
2019,5,Spanish Grand Prix,2019-05-12,kvyat,KVY,Daniil Kvyat,toro_rosso,Toro Rosso,26,9,9,2.0,66,Finished,8.0,,207.591
2019,5,Spanish Grand Prix,2019-05-12,grosjean,GRO,Romain Grosjean,haas,Haas F1 Team,8,7,10,1.0,66,Finished,12.0,,206.743
2019,5,Spanish Grand Prix,2019-05-12,albon,ALB,Alexander Albon,toro_rosso,Toro Rosso,23,11,11,0.0,66,Finished,11.0,,206.817
2019,5,Spanish Grand Prix,2019-05-12,ricciardo,RIC,Daniel Ricciardo,renault,Renault,3,13,12,0.0,66,Finished,7.0,,207.876
2019,5,Spanish Grand Prix,2019-05-12,hulkenberg,HUL,Nico Hülkenberg,renault,Renault,27,0,13,0.0,66,Finished,13.0,,206.171
2019,5,Spanish Grand Prix,2019-05-12,raikkonen,RAI,Kimi Räikkönen,alfa,Alfa Romeo,7,14,14,0.0,66,Finished,14.0,,205.917
2019,5,Spanish Grand Prix,2019-05-12,perez,PER,Sergio Pérez,racing_point,Racing Point,11,15,15,0.0,66,Finished,16.0,,204.717
2019,5,Spanish Grand Prix,2019-05-12,giovinazzi,GIO,Antonio Giovinazzi,alfa,Alfa Romeo,99,18,16,0.0,66,Finished,15.0,,204.782
2019,5,Spanish Grand Prix,2019-05-12,russell,RUS,George Russell,williams,Williams,63,19,17,0.0,65,+1 Lap,17.0,,203.418
2019,5,Spanish Grand Prix,2019-05-12,kubica,KUB,Robert Kubica,williams,Williams,88,17,18,0.0,65,+1 Lap,19.0,,201.413
2019,5,Spanish Grand Prix,2019-05-12,stroll,STR,Lance Stroll,racing_point,Racing Point,18,16,19,0.0,44,Collision,20.0,,201.355
2019,5,Spanish Grand Prix,2019-05-12,norris,NOR,Lando Norris,mclaren,McLaren,4,10,20,0.0,44,Collision,18.0,,202.977
2019,6,Monaco Grand Prix,2019-05-26,hamilton,HAM,Lewis Hamilton,mercedes,Mercedes,44,1,1,25.0,78,Finished,6.0,,157.721
2019,6,Monaco Grand Prix,2019-05-26,vettel,VET,Sebastian Vettel,ferrari,Ferrari,5,4,2,18.0,78,Finished,9.0,,157.494
2019,6,Monaco Grand Prix,2019-05-26,bottas,BOT,Valtteri Bottas,mercedes,Mercedes,77,2,3,15.0,78,Finished,2.0,,159.828
2019,6,Monaco Grand Prix,2019-05-26,max_verstappen,VER,Max Verstappen,red_bull,Red Bull,33,3,4,12.0,78,Finished,7.0,,157.593
2019,6,Monaco Grand Prix,2019-05-26,gasly,GAS,Pierre Gasly,red_bull,Red Bull,10,8,5,11.0,78,Finished,1.0,,161.73
2019,6,Monaco Grand Prix,2019-05-26,sainz,SAI,Carlos Sainz,mclaren,McLaren,55,9,6,8.0,78,Finished,5.0,,158.295
2019,6,Monaco Grand Prix,2019-05-26,kvyat,KVY,Daniil Kvyat,toro_rosso,Toro Rosso,26,7,7,6.0,78,Finished,10.0,,157.471
2019,6,Monaco Grand Prix,2019-05-26,albon,ALB,Alexander Albon,toro_rosso,Toro Rosso,23,10,8,4.0,78,Finished,3.0,,158.89
2019,6,Monaco Grand Prix,2019-05-26,ricciardo,RIC,Daniel Ricciardo,renault,Renault,3,6,9,2.0,78,Finished,4.0,,158.701
2019,6,Monaco Grand Prix,2019-05-26,grosjean,GRO,Romain Grosjean,haas,Haas F1 Team,8,13,10,1.0,78,Finished,16.0,,156.531
2019,6,Monaco Grand Prix,2019-05-26,norris,NOR,Lando Norris,mclaren,McLaren,4,12,11,0.0,78,Finished,13.0,,157.214
2019,6,Monaco Grand Prix,2019-05-26,perez,PER,Sergio Pérez,racing_point,Racing Point,11,16,12,0.0,77,+1 Lap,15.0,,156.803
2019,6,Monaco Grand Prix,2019-05-26,hulkenberg,HUL,Nico Hülkenberg,renault,Renault,27,11,13,0.0,77,+1 Lap,8.0,,157.496
2019,6,Monaco Grand Prix,2019-05-26,kevin_magnussen,MAG,Kevin Magnussen,haas,Haas F1 Team,20,5,14,0.0,77,+1 Lap,17.0,,156.031
2019,6,Monaco Grand Prix,2019-05-26,russell,RUS,George Russell,williams,Williams,63,19,15,0.0,77,+1 Lap,18.0,,155.938
2019,6,Monaco Grand Prix,2019-05-26,stroll,STR,Lance Stroll,racing_point,Racing Point,18,17,16,0.0,77,+1 Lap,12.0,,157.284
2019,6,Monaco Grand Prix,2019-05-26,raikkonen,RAI,Kimi Räikkönen,alfa,Alfa Romeo,7,14,17,0.0,77,+1 Lap,14.0,,157.166
2019,6,Monaco Grand Prix,2019-05-26,kubica,KUB,Robert Kubica,williams,Williams,88,20,18,0.0,77,+1 Lap,19.0,,155.233
2019,6,Monaco Grand Prix,2019-05-26,giovinazzi,GIO,Antonio Giovinazzi,alfa,Alfa Romeo,99,18,19,0.0,76,+2 Laps,11.0,,157.448
2019,6,Monaco Grand Prix,2019-05-26,leclerc,LEC,Charles Leclerc,ferrari,Ferrari,16,15,20,0.0,16,Collision,20.0,,151.775
2019,7,Canadian Grand Prix,2019-06-09,hamilton,HAM,Lewis Hamilton,mercedes,Mercedes,44,2,1,25.0,70,Finished,4.0,,209.851
2019,7,Canadian Grand Prix,2019-06-09,vettel,VET,Sebastian Vettel,ferrari,Ferrari,5,1,2,18.0,70,Finished,5.0,,209.677
2019,7,Canadian Grand Prix,2019-06-09,leclerc,LEC,Charles Leclerc,ferrari,Ferrari,16,3,3,15.0,70,Finished,2.0,,211.14
2019,7,Canadian Grand Prix,2019-06-09,bottas,BOT,Valtteri Bottas,mercedes,Mercedes,77,6,4,13.0,70,Finished,1.0,,214.833
2019,7,Canadian Grand Prix,2019-06-09,max_verstappen,VER,Max Verstappen,red_bull,Red Bull,33,9,5,10.0,70,Finished,3.0,,209.98
2019,7,Canadian Grand Prix,2019-06-09,ricciardo,RIC,Daniel Ricciardo,renault,Renault,3,4,6,8.0,69,+1 Lap,9.0,,206.37
2019,7,Canadian Grand Prix,2019-06-09,hulkenberg,HUL,Nico Hülkenberg,renault,Renault,27,7,7,6.0,69,+1 Lap,7.0,,206.587
2019,7,Canadian Grand Prix,2019-06-09,gasly,GAS,Pierre Gasly,red_bull,Red Bull,10,5,8,4.0,69,+1 Lap,10.0,,206.147
2019,7,Canadian Grand Prix,2019-06-09,stroll,STR,Lance Stroll,racing_point,Racing Point,18,17,9,2.0,69,+1 Lap,8.0,,206.456
2019,7,Canadian Grand Prix,2019-06-09,kvyat,KVY,Daniil Kvyat,toro_rosso,Toro Rosso,26,10,10,1.0,69,+1 Lap,11.0,,206.036
2019,7,Canadian Grand Prix,2019-06-09,sainz,SAI,Carlos Sainz,mclaren,McLaren,55,11,11,0.0,69,+1 Lap,15.0,,205.301
2019,7,Canadian Grand Prix,2019-06-09,perez,PER,Sergio Pérez,racing_point,Racing Point,11,15,12,0.0,69,+1 Lap,13.0,,205.723
2019,7,Canadian Grand Prix,2019-06-09,giovinazzi,GIO,Antonio Giovinazzi,alfa,Alfa Romeo,99,12,13,0.0,69,+1 Lap,14.0,,205.586
2019,7,Canadian Grand Prix,2019-06-09,grosjean,GRO,Romain Grosjean,haas,Haas F1 Team,8,14,14,0.0,69,+1 Lap,12.0,,205.909
2019,7,Canadian Grand Prix,2019-06-09,raikkonen,RAI,Kimi Räikkönen,alfa,Alfa Romeo,7,16,15,0.0,69,+1 Lap,6.0,,208.101
2019,7,Canadian Grand Prix,2019-06-09,russell,RUS,George Russell,williams,Williams,63,18,16,0.0,68,+2 Laps,17.0,,203.254
2019,7,Canadian Grand Prix,2019-06-09,kevin_magnussen,MAG,Kevin Magnussen,haas,Haas F1 Team,20,0,17,0.0,68,+2 Laps,19.0,,203.075
2019,7,Canadian Grand Prix,2019-06-09,kubica,KUB,Robert Kubica,williams,Williams,88,19,18,0.0,67,+3 Laps,18.0,,203.139
2019,7,Canadian Grand Prix,2019-06-09,albon,ALB,Alexander Albon,toro_rosso,Toro Rosso,23,13,19,0.0,59,Collision damage,16.0,,203.491
2019,7,Canadian Grand Prix,2019-06-09,norris,NOR,Lando Norris,mclaren,McLaren,4,8,20,0.0,8,Suspension,20.0,,201.217
2019,8,French Grand Prix,2019-06-23,hamilton,HAM,Lewis Hamilton,mercedes,Mercedes,44,1,1,25.0,53,Finished,2.0,,226.717
2019,8,French Grand Prix,2019-06-23,bottas,BOT,Valtteri Bottas,mercedes,Mercedes,77,2,2,18.0,53,Finished,3.0,,224.725
2019,8,French Grand Prix,2019-06-23,leclerc,LEC,Charles Leclerc,ferrari,Ferrari,16,3,3,15.0,53,Finished,4.0,,224.146
2019,8,French Grand Prix,2019-06-23,max_verstappen,VER,Max Verstappen,red_bull,Red Bull,33,4,4,12.0,53,Finished,5.0,,223.351
2019,8,French Grand Prix,2019-06-23,vettel,VET,Sebastian Vettel,ferrari,Ferrari,5,7,5,11.0,53,Finished,1.0,,226.775
2019,8,French Grand Prix,2019-06-23,sainz,SAI,Carlos Sainz,mclaren,McLaren,55,6,6,8.0,53,Finished,6.0,,222.408
2019,8,French Grand Prix,2019-06-23,raikkonen,RAI,Kimi Räikkönen,alfa,Alfa Romeo,7,12,7,6.0,52,+1 Lap,8.0,,221.677
2019,8,French Grand Prix,2019-06-23,hulkenberg,HUL,Nico Hülkenberg,renault,Renault,27,13,8,4.0,52,+1 Lap,10.0,,221.497
2019,8,French Grand Prix,2019-06-23,norris,NOR,Lando Norris,mclaren,McLaren,4,5,9,2.0,52,+1 Lap,7.0,,221.955
2019,8,French Grand Prix,2019-06-23,gasly,GAS,Pierre Gasly,red_bull,Red Bull,10,9,10,1.0,52,+1 Lap,15.0,,220.922
2019,8,French Grand Prix,2019-06-23,ricciardo,RIC,Daniel Ricciardo,renault,Renault,3,8,11,0.0,52,+1 Lap,14.0,,221.032
2019,8,French Grand Prix,2019-06-23,perez,PER,Sergio Pérez,racing_point,Racing Point,11,14,12,0.0,52,+1 Lap,11.0,,221.348
2019,8,French Grand Prix,2019-06-23,stroll,STR,Lance Stroll,racing_point,Racing Point,18,17,13,0.0,52,+1 Lap,9.0,,221.558
2019,8,French Grand Prix,2019-06-23,kvyat,KVY,Daniil Kvyat,toro_rosso,Toro Rosso,26,19,14,0.0,52,+1 Lap,16.0,,220.857
2019,8,French Grand Prix,2019-06-23,albon,ALB,Alexander Albon,toro_rosso,Toro Rosso,23,11,15,0.0,52,+1 Lap,12.0,,221.313
2019,8,French Grand Prix,2019-06-23,giovinazzi,GIO,Antonio Giovinazzi,alfa,Alfa Romeo,99,10,16,0.0,52,+1 Lap,13.0,,221.113
2019,8,French Grand Prix,2019-06-23,kevin_magnussen,MAG,Kevin Magnussen,haas,Haas F1 Team,20,15,17,0.0,52,+1 Lap,18.0,,219.78
2019,8,French Grand Prix,2019-06-23,kubica,KUB,Robert Kubica,williams,Williams,88,18,18,0.0,51,+2 Laps,20.0,,217.696
2019,8,French Grand Prix,2019-06-23,russell,RUS,George Russell,williams,Williams,63,20,19,0.0,51,+2 Laps,19.0,,219.463
2019,8,French Grand Prix,2019-06-23,grosjean,GRO,Romain Grosjean,haas,Haas F1 Team,8,16,20,0.0,44,Retired,17.0,,219.782
2019,9,Austrian Grand Prix,2019-06-30,max_verstappen,VER,Max Verstappen,red_bull,Red Bull,33,2,1,26.0,71,Finished,1.0,,230.378
2019,9,Austrian Grand Prix,2019-06-30,leclerc,LEC,Charles Leclerc,ferrari,Ferrari,16,1,2,18.0,71,Finished,3.0,,228.62
2019,9,Austrian Grand Prix,2019-06-30,bottas,BOT,Valtteri Bottas,mercedes,Mercedes,77,3,3,15.0,71,Finished,7.0,,226.716
2019,9,Austrian Grand Prix,2019-06-30,vettel,VET,Sebastian Vettel,ferrari,Ferrari,5,9,4,12.0,71,Finished,2.0,,229.694
2019,9,Austrian Grand Prix,2019-06-30,hamilton,HAM,Lewis Hamilton,mercedes,Mercedes,44,4,5,10.0,71,Finished,5.0,,228.432
2019,9,Austrian Grand Prix,2019-06-30,norris,NOR,Lando Norris,mclaren,McLaren,4,5,6,8.0,70,+1 Lap,8.0,,226.274
2019,9,Austrian Grand Prix,2019-06-30,gasly,GAS,Pierre Gasly,red_bull,Red Bull,10,8,7,6.0,70,+1 Lap,9.0,,225.974
2019,9,Austrian Grand Prix,2019-06-30,sainz,SAI,Carlos Sainz,mclaren,McLaren,55,19,8,4.0,70,+1 Lap,6.0,,228.207
2019,9,Austrian Grand Prix,2019-06-30,raikkonen,RAI,Kimi Räikkönen,alfa,Alfa Romeo,7,6,9,2.0,70,+1 Lap,15.0,,224.876
2019,9,Austrian Grand Prix,2019-06-30,giovinazzi,GIO,Antonio Giovinazzi,alfa,Alfa Romeo,99,7,10,1.0,70,+1 Lap,13.0,,225.12
2019,9,Austrian Grand Prix,2019-06-30,perez,PER,Sergio Pérez,racing_point,Racing Point,11,13,11,0.0,70,+1 Lap,14.0,,225.087
2019,9,Austrian Grand Prix,2019-06-30,ricciardo,RIC,Daniel Ricciardo,renault,Renault,3,12,12,0.0,70,+1 Lap,4.0,,228.536
2019,9,Austrian Grand Prix,2019-06-30,hulkenberg,HUL,Nico Hülkenberg,renault,Renault,27,15,13,0.0,70,+1 Lap,16.0,,224.48
2019,9,Austrian Grand Prix,2019-06-30,stroll,STR,Lance Stroll,racing_point,Racing Point,18,14,14,0.0,70,+1 Lap,17.0,,224.35
2019,9,Austrian Grand Prix,2019-06-30,albon,ALB,Alexander Albon,toro_rosso,Toro Rosso,23,18,15,0.0,70,+1 Lap,11.0,,225.463
2019,9,Austrian Grand Prix,2019-06-30,grosjean,GRO,Romain Grosjean,haas,Haas F1 Team,8,11,16,0.0,70,+1 Lap,12.0,,225.329
2019,9,Austrian Grand Prix,2019-06-30,kvyat,KVY,Daniil Kvyat,toro_rosso,Toro Rosso,26,16,17,0.0,70,+1 Lap,18.0,,223.672
2019,9,Austrian Grand Prix,2019-06-30,russell,RUS,George Russell,williams,Williams,63,0,18,0.0,69,+2 Laps,19.0,,222.303
2019,9,Austrian Grand Prix,2019-06-30,kevin_magnussen,MAG,Kevin Magnussen,haas,Haas F1 Team,20,10,19,0.0,69,+2 Laps,10.0,,225.604
2019,9,Austrian Grand Prix,2019-06-30,kubica,KUB,Robert Kubica,williams,Williams,88,17,20,0.0,68,+3 Laps,20.0,,219.051
2019,10,British Grand Prix,2019-07-14,hamilton,HAM,Lewis Hamilton,mercedes,Mercedes,44,2,1,26.0,52,Finished,1.0,,242.735
2019,10,British Grand Prix,2019-07-14,bottas,BOT,Valtteri Bottas,mercedes,Mercedes,77,1,2,18.0,52,Finished,2.0,,242.633
2019,10,British Grand Prix,2019-07-14,leclerc,LEC,Charles Leclerc,ferrari,Ferrari,16,3,3,15.0,52,Finished,5.0,,237.452
2019,10,British Grand Prix,2019-07-14,gasly,GAS,Pierre Gasly,red_bull,Red Bull,10,5,4,12.0,52,Finished,8.0,,236.839
2019,10,British Grand Prix,2019-07-14,max_verstappen,VER,Max Verstappen,red_bull,Red Bull,33,4,5,10.0,52,Finished,4.0,,237.561
2019,10,British Grand Prix,2019-07-14,sainz,SAI,Carlos Sainz,mclaren,McLaren,55,13,6,8.0,52,Finished,11.0,,236.277
2019,10,British Grand Prix,2019-07-14,ricciardo,RIC,Daniel Ricciardo,renault,Renault,3,7,7,6.0,52,Finished,9.0,,236.628
2019,10,British Grand Prix,2019-07-14,raikkonen,RAI,Kimi Räikkönen,alfa,Alfa Romeo,7,12,8,4.0,52,Finished,14.0,,235.551
2019,10,British Grand Prix,2019-07-14,kvyat,KVY,Daniil Kvyat,toro_rosso,Toro Rosso,26,17,9,2.0,52,Finished,12.0,,235.875
2019,10,British Grand Prix,2019-07-14,hulkenberg,HUL,Nico Hülkenberg,renault,Renault,27,10,10,1.0,52,Finished,13.0,,235.773
2019,10,British Grand Prix,2019-07-14,norris,NOR,Lando Norris,mclaren,McLaren,4,8,11,0.0,52,Finished,10.0,,236.596
2019,10,British Grand Prix,2019-07-14,albon,ALB,Alexander Albon,toro_rosso,Toro Rosso,23,9,12,0.0,52,Finished,15.0,,233.378
2019,10,British Grand Prix,2019-07-14,stroll,STR,Lance Stroll,racing_point,Racing Point,18,18,13,0.0,52,Finished,6.0,,237.248
2019,10,British Grand Prix,2019-07-14,russell,RUS,George Russell,williams,Williams,63,19,14,0.0,51,+1 Lap,16.0,,233.017
2019,10,British Grand Prix,2019-07-14,kubica,KUB,Robert Kubica,williams,Williams,88,20,15,0.0,51,+1 Lap,17.0,,231.754
2019,10,British Grand Prix,2019-07-14,vettel,VET,Sebastian Vettel,ferrari,Ferrari,5,6,16,0.0,51,+1 Lap,3.0,,239.004
2019,10,British Grand Prix,2019-07-14,perez,PER,Sergio Pérez,racing_point,Racing Point,11,15,17,0.0,51,+1 Lap,7.0,,237.072
2019,10,British Grand Prix,2019-07-14,giovinazzi,GIO,Antonio Giovinazzi,alfa,Alfa Romeo,99,11,18,0.0,18,Spun off,18.0,,229.36
2019,10,British Grand Prix,2019-07-14,grosjean,GRO,Romain Grosjean,haas,Haas F1 Team,8,14,19,0.0,9,Collision,20.0,,224.775
2019,10,British Grand Prix,2019-07-14,kevin_magnussen,MAG,Kevin Magnussen,haas,Haas F1 Team,20,16,20,0.0,6,Collision,19.0,,227.001
2019,11,German Grand Prix,2019-07-28,max_verstappen,VER,Max Verstappen,red_bull,Red Bull,33,2,1,26.0,64,Finished,1.0,,214.839
2019,11,German Grand Prix,2019-07-28,vettel,VET,Sebastian Vettel,ferrari,Ferrari,5,20,2,18.0,64,Finished,2.0,,214.423
2019,11,German Grand Prix,2019-07-28,kvyat,KVY,Daniil Kvyat,toro_rosso,Toro Rosso,26,14,3,15.0,64,Finished,6.0,,211.9
2019,11,German Grand Prix,2019-07-28,stroll,STR,Lance Stroll,racing_point,Racing Point,18,15,4,12.0,64,Finished,8.0,,211.566
2019,11,German Grand Prix,2019-07-28,sainz,SAI,Carlos Sainz,mclaren,McLaren,55,7,5,10.0,64,Finished,9.0,,211.538
2019,11,German Grand Prix,2019-07-28,albon,ALB,Alexander Albon,toro_rosso,Toro Rosso,23,16,6,8.0,64,Finished,10.0,,211.514
2019,11,German Grand Prix,2019-07-28,grosjean,GRO,Romain Grosjean,haas,Haas F1 Team,8,6,7,6.0,64,Finished,7.0,,211.797
2019,11,German Grand Prix,2019-07-28,kevin_magnussen,MAG,Kevin Magnussen,haas,Haas F1 Team,20,12,8,4.0,64,Finished,5.0,,212.45
2019,11,German Grand Prix,2019-07-28,hamilton,HAM,Lewis Hamilton,mercedes,Mercedes,44,1,9,2.0,64,Finished,12.0,,208.935
2019,11,German Grand Prix,2019-07-28,kubica,KUB,Robert Kubica,williams,Williams,88,18,10,1.0,64,Finished,13.0,,208.271
2019,11,German Grand Prix,2019-07-28,russell,RUS,George Russell,williams,Williams,63,17,11,0.0,64,Finished,3.0,,212.51
2019,11,German Grand Prix,2019-07-28,raikkonen,RAI,Kimi Räikkönen,alfa,Alfa Romeo,7,5,12,0.0,64,Finished,15.0,,206.96
2019,11,German Grand Prix,2019-07-28,giovinazzi,GIO,Antonio Giovinazzi,alfa,Alfa Romeo,99,11,13,0.0,64,Finished,14.0,,207.646
2019,11,German Grand Prix,2019-07-28,gasly,GAS,Pierre Gasly,red_bull,Red Bull,10,4,14,0.0,61,Collision,4.0,,212.483
2019,11,German Grand Prix,2019-07-28,bottas,BOT,Valtteri Bottas,mercedes,Mercedes,77,3,15,0.0,56,Accident,11.0,,210.374
2019,11,German Grand Prix,2019-07-28,hulkenberg,HUL,Nico Hülkenberg,renault,Renault,27,9,16,0.0,39,Accident,17.0,,183.826
2019,11,German Grand Prix,2019-07-28,leclerc,LEC,Charles Leclerc,ferrari,Ferrari,16,10,17,0.0,27,Accident,16.0,,187.764
2019,11,German Grand Prix,2019-07-28,norris,NOR,Lando Norris,mclaren,McLaren,4,19,18,0.0,25,Power loss,18.0,,180.788
2019,11,German Grand Prix,2019-07-28,ricciardo,RIC,Daniel Ricciardo,renault,Renault,3,13,19,0.0,13,Exhaust,19.0,,177.719
2019,11,German Grand Prix,2019-07-28,perez,PER,Sergio Pérez,racing_point,Racing Point,11,8,20,0.0,1,Spun off,,,
2019,12,Hungarian Grand Prix,2019-08-04,hamilton,HAM,Lewis Hamilton,mercedes,Mercedes,44,3,1,25.0,70,Finished,2.0,,200.84
2019,12,Hungarian Grand Prix,2019-08-04,max_verstappen,VER,Max Verstappen,red_bull,Red Bull,33,1,2,19.0,70,Finished,1.0,,204.552
2019,12,Hungarian Grand Prix,2019-08-04,vettel,VET,Sebastian Vettel,ferrari,Ferrari,5,5,3,15.0,70,Finished,4.0,,197.673
2019,12,Hungarian Grand Prix,2019-08-04,leclerc,LEC,Charles Leclerc,ferrari,Ferrari,16,4,4,12.0,70,Finished,5.0,,195.937
2019,12,Hungarian Grand Prix,2019-08-04,sainz,SAI,Carlos Sainz,mclaren,McLaren,55,8,5,10.0,69,+1 Lap,10.0,,194.706
2019,12,Hungarian Grand Prix,2019-08-04,gasly,GAS,Pierre Gasly,red_bull,Red Bull,10,6,6,8.0,69,+1 Lap,12.0,,194.602
2019,12,Hungarian Grand Prix,2019-08-04,raikkonen,RAI,Kimi Räikkönen,alfa,Alfa Romeo,7,10,7,6.0,69,+1 Lap,9.0,,195.0
2019,12,Hungarian Grand Prix,2019-08-04,bottas,BOT,Valtteri Bottas,mercedes,Mercedes,77,2,8,4.0,69,+1 Lap,3.0,,198.807
2019,12,Hungarian Grand Prix,2019-08-04,norris,NOR,Lando Norris,mclaren,McLaren,4,7,9,2.0,69,+1 Lap,13.0,,194.26
2019,12,Hungarian Grand Prix,2019-08-04,albon,ALB,Alexander Albon,toro_rosso,Toro Rosso,23,12,10,1.0,69,+1 Lap,7.0,,195.626
2019,12,Hungarian Grand Prix,2019-08-04,perez,PER,Sergio Pérez,racing_point,Racing Point,11,16,11,0.0,69,+1 Lap,15.0,,192.962
2019,12,Hungarian Grand Prix,2019-08-04,hulkenberg,HUL,Nico Hülkenberg,renault,Renault,27,11,12,0.0,69,+1 Lap,14.0,,193.161
2019,12,Hungarian Grand Prix,2019-08-04,kevin_magnussen,MAG,Kevin Magnussen,haas,Haas F1 Team,20,14,13,0.0,69,+1 Lap,11.0,,194.691
2019,12,Hungarian Grand Prix,2019-08-04,ricciardo,RIC,Daniel Ricciardo,renault,Renault,3,20,14,0.0,69,+1 Lap,8.0,,195.098
2019,12,Hungarian Grand Prix,2019-08-04,kvyat,KVY,Daniil Kvyat,toro_rosso,Toro Rosso,26,13,15,0.0,68,+2 Laps,16.0,,192.496
2019,12,Hungarian Grand Prix,2019-08-04,russell,RUS,George Russell,williams,Williams,63,15,16,0.0,68,+2 Laps,17.0,,191.435
2019,12,Hungarian Grand Prix,2019-08-04,stroll,STR,Lance Stroll,racing_point,Racing Point,18,18,17,0.0,68,+2 Laps,6.0,,195.67
2019,12,Hungarian Grand Prix,2019-08-04,giovinazzi,GIO,Antonio Giovinazzi,alfa,Alfa Romeo,99,17,18,0.0,68,+2 Laps,19.0,,189.712
2019,12,Hungarian Grand Prix,2019-08-04,kubica,KUB,Robert Kubica,williams,Williams,88,19,19,0.0,67,+3 Laps,20.0,,189.026
2019,12,Hungarian Grand Prix,2019-08-04,grosjean,GRO,Romain Grosjean,haas,Haas F1 Team,8,9,20,0.0,49,Water pressure,18.0,,190.457
2019,13,Belgian Grand Prix,2019-09-01,leclerc,LEC,Charles Leclerc,ferrari,Ferrari,16,1,1,25.0,44,Finished,4.0,,236.39
2019,13,Belgian Grand Prix,2019-09-01,hamilton,HAM,Lewis Hamilton,mercedes,Mercedes,44,3,2,18.0,44,Finished,3.0,,236.577
2019,13,Belgian Grand Prix,2019-09-01,bottas,BOT,Valtteri Bottas,mercedes,Mercedes,77,4,3,15.0,44,Finished,2.0,,236.832
2019,13,Belgian Grand Prix,2019-09-01,vettel,VET,Sebastian Vettel,ferrari,Ferrari,5,2,4,13.0,44,Finished,1.0,,236.957
2019,13,Belgian Grand Prix,2019-09-01,albon,ALB,Alexander Albon,red_bull,Red Bull,23,17,5,10.0,44,Finished,5.0,,234.537
2019,13,Belgian Grand Prix,2019-09-01,perez,PER,Sergio Pérez,racing_point,Racing Point,11,7,6,8.0,44,Finished,13.0,,231.79
2019,13,Belgian Grand Prix,2019-09-01,kvyat,KVY,Daniil Kvyat,toro_rosso,Toro Rosso,26,19,7,6.0,44,Finished,7.0,,233.157
2019,13,Belgian Grand Prix,2019-09-01,hulkenberg,HUL,Nico Hülkenberg,renault,Renault,27,12,8,4.0,44,Finished,9.0,,232.714
2019,13,Belgian Grand Prix,2019-09-01,gasly,GAS,Pierre Gasly,toro_rosso,Toro Rosso,10,13,9,2.0,44,Finished,17.0,,229.848
2019,13,Belgian Grand Prix,2019-09-01,stroll,STR,Lance Stroll,racing_point,Racing Point,18,16,10,1.0,44,Finished,10.0,,232.697
2019,13,Belgian Grand Prix,2019-09-01,norris,NOR,Lando Norris,mclaren,McLaren,4,11,11,0.0,43,Engine,8.0,,232.774
2019,13,Belgian Grand Prix,2019-09-01,kevin_magnussen,MAG,Kevin Magnussen,haas,Haas F1 Team,20,8,12,0.0,43,+1 Lap,11.0,,232.012
2019,13,Belgian Grand Prix,2019-09-01,grosjean,GRO,Romain Grosjean,haas,Haas F1 Team,8,9,13,0.0,43,+1 Lap,16.0,,230.744
2019,13,Belgian Grand Prix,2019-09-01,ricciardo,RIC,Daniel Ricciardo,renault,Renault,3,10,14,0.0,43,+1 Lap,18.0,,228.285
2019,13,Belgian Grand Prix,2019-09-01,russell,RUS,George Russell,williams,Williams,63,14,15,0.0,43,+1 Lap,14.0,,231.622
2019,13,Belgian Grand Prix,2019-09-01,raikkonen,RAI,Kimi Räikkönen,alfa,Alfa Romeo,7,6,16,0.0,43,+1 Lap,12.0,,231.85
2019,13,Belgian Grand Prix,2019-09-01,kubica,KUB,Robert Kubica,williams,Williams,88,0,17,0.0,43,+1 Lap,15.0,,230.858
2019,13,Belgian Grand Prix,2019-09-01,giovinazzi,GIO,Antonio Giovinazzi,alfa,Alfa Romeo,99,18,18,0.0,42,Accident,6.0,,234.421
2019,13,Belgian Grand Prix,2019-09-01,sainz,SAI,Carlos Sainz,mclaren,McLaren,55,15,19,0.0,1,Power loss,,,
2019,13,Belgian Grand Prix,2019-09-01,max_verstappen,VER,Max Verstappen,red_bull,Red Bull,33,5,20,0.0,0,Accident,,,
2019,14,Italian Grand Prix,2019-09-08,leclerc,LEC,Charles Leclerc,ferrari,Ferrari,16,1,1,25.0,53,Finished,4.0,,251.235
2019,14,Italian Grand Prix,2019-09-08,bottas,BOT,Valtteri Bottas,mercedes,Mercedes,77,3,2,18.0,53,Finished,3.0,,251.69
2019,14,Italian Grand Prix,2019-09-08,hamilton,HAM,Lewis Hamilton,mercedes,Mercedes,44,2,3,16.0,53,Finished,1.0,,255.014
2019,14,Italian Grand Prix,2019-09-08,ricciardo,RIC,Daniel Ricciardo,renault,Renault,3,5,4,12.0,53,Finished,7.0,,249.859
2019,14,Italian Grand Prix,2019-09-08,hulkenberg,HUL,Nico Hülkenberg,renault,Renault,27,6,5,10.0,53,Finished,8.0,,249.337
2019,14,Italian Grand Prix,2019-09-08,albon,ALB,Alexander Albon,red_bull,Red Bull,23,8,6,8.0,53,Finished,6.0,,250.165
2019,14,Italian Grand Prix,2019-09-08,perez,PER,Sergio Pérez,racing_point,Racing Point,11,18,7,6.0,53,Finished,9.0,,248.953
2019,14,Italian Grand Prix,2019-09-08,max_verstappen,VER,Max Verstappen,red_bull,Red Bull,33,19,8,4.0,53,Finished,5.0,,250.83
2019,14,Italian Grand Prix,2019-09-08,giovinazzi,GIO,Antonio Giovinazzi,alfa,Alfa Romeo,99,10,9,2.0,52,+1 Lap,15.0,,246.793
2019,14,Italian Grand Prix,2019-09-08,norris,NOR,Lando Norris,mclaren,McLaren,4,16,10,1.0,52,+1 Lap,11.0,,248.141
2019,14,Italian Grand Prix,2019-09-08,gasly,GAS,Pierre Gasly,toro_rosso,Toro Rosso,10,17,11,0.0,52,+1 Lap,10.0,,248.611
2019,14,Italian Grand Prix,2019-09-08,stroll,STR,Lance Stroll,racing_point,Racing Point,18,9,12,0.0,52,+1 Lap,12.0,,247.784
2019,14,Italian Grand Prix,2019-09-08,vettel,VET,Sebastian Vettel,ferrari,Ferrari,5,4,13,0.0,52,+1 Lap,2.0,,251.872
2019,14,Italian Grand Prix,2019-09-08,russell,RUS,George Russell,williams,Williams,63,14,14,0.0,52,+1 Lap,16.0,,245.807
2019,14,Italian Grand Prix,2019-09-08,raikkonen,RAI,Kimi Räikkönen,alfa,Alfa Romeo,7,0,15,0.0,52,+1 Lap,13.0,,247.039
2019,14,Italian Grand Prix,2019-09-08,grosjean,GRO,Romain Grosjean,haas,Haas F1 Team,8,13,16,0.0,52,+1 Lap,17.0,,245.393
2019,14,Italian Grand Prix,2019-09-08,kubica,KUB,Robert Kubica,williams,Williams,88,15,17,0.0,51,+2 Laps,18.0,,245.382
2019,14,Italian Grand Prix,2019-09-08,kevin_magnussen,MAG,Kevin Magnussen,haas,Haas F1 Team,20,11,18,0.0,43,Hydraulics,14.0,,246.968
2019,14,Italian Grand Prix,2019-09-08,kvyat,KVY,Daniil Kvyat,toro_rosso,Toro Rosso,26,12,19,0.0,29,Engine,20.0,,243.142
2019,14,Italian Grand Prix,2019-09-08,sainz,SAI,Carlos Sainz,mclaren,McLaren,55,7,20,0.0,27,Wheel,19.0,,243.525
2019,15,Singapore Grand Prix,2019-09-22,vettel,VET,Sebastian Vettel,ferrari,Ferrari,5,3,1,25.0,61,Finished,5.0,,173.916
2019,15,Singapore Grand Prix,2019-09-22,leclerc,LEC,Charles Leclerc,ferrari,Ferrari,16,1,2,18.0,61,Finished,4.0,,174.047
2019,15,Singapore Grand Prix,2019-09-22,max_verstappen,VER,Max Verstappen,red_bull,Red Bull,33,4,3,15.0,61,Finished,8.0,,173.298
2019,15,Singapore Grand Prix,2019-09-22,hamilton,HAM,Lewis Hamilton,mercedes,Mercedes,44,2,4,12.0,61,Finished,7.0,,173.73
2019,15,Singapore Grand Prix,2019-09-22,bottas,BOT,Valtteri Bottas,mercedes,Mercedes,77,5,5,10.0,61,Finished,2.0,,176.046
2019,15,Singapore Grand Prix,2019-09-22,albon,ALB,Alexander Albon,red_bull,Red Bull,23,6,6,8.0,61,Finished,9.0,,173.159
2019,15,Singapore Grand Prix,2019-09-22,norris,NOR,Lando Norris,mclaren,McLaren,4,9,7,6.0,61,Finished,11.0,,172.412
2019,15,Singapore Grand Prix,2019-09-22,gasly,GAS,Pierre Gasly,toro_rosso,Toro Rosso,10,11,8,4.0,61,Finished,13.0,,172.326
2019,15,Singapore Grand Prix,2019-09-22,hulkenberg,HUL,Nico Hülkenberg,renault,Renault,27,8,9,2.0,61,Finished,12.0,,172.333
2019,15,Singapore Grand Prix,2019-09-22,giovinazzi,GIO,Antonio Giovinazzi,alfa,Alfa Romeo,99,10,10,1.0,61,Finished,10.0,,172.553
2019,15,Singapore Grand Prix,2019-09-22,grosjean,GRO,Romain Grosjean,haas,Haas F1 Team,8,17,11,0.0,61,Finished,16.0,,171.507
2019,15,Singapore Grand Prix,2019-09-22,sainz,SAI,Carlos Sainz,mclaren,McLaren,55,7,12,0.0,61,Finished,15.0,,172.001
2019,15,Singapore Grand Prix,2019-09-22,stroll,STR,Lance Stroll,racing_point,Racing Point,18,16,13,0.0,61,Finished,6.0,,173.76
2019,15,Singapore Grand Prix,2019-09-22,ricciardo,RIC,Daniel Ricciardo,renault,Renault,3,20,14,0.0,61,Finished,14.0,,172.088
2019,15,Singapore Grand Prix,2019-09-22,kvyat,KVY,Daniil Kvyat,toro_rosso,Toro Rosso,26,14,15,0.0,61,Finished,3.0,,174.634
2019,15,Singapore Grand Prix,2019-09-22,kubica,KUB,Robert Kubica,williams,Williams,88,19,16,0.0,61,Finished,18.0,,170.674
2019,15,Singapore Grand Prix,2019-09-22,kevin_magnussen,MAG,Kevin Magnussen,haas,Haas F1 Team,20,13,17,0.0,61,Finished,1.0,,178.168
2019,15,Singapore Grand Prix,2019-09-22,raikkonen,RAI,Kimi Räikkönen,alfa,Alfa Romeo,7,12,18,0.0,49,Collision,19.0,,170.245
2019,15,Singapore Grand Prix,2019-09-22,perez,PER,Sergio Pérez,racing_point,Racing Point,11,15,19,0.0,42,Engine,17.0,,170.85
2019,15,Singapore Grand Prix,2019-09-22,russell,RUS,George Russell,williams,Williams,63,18,20,0.0,34,Collision,20.0,,168.322
2019,16,Russian Grand Prix,2019-09-29,hamilton,HAM,Lewis Hamilton,mercedes,Mercedes,44,2,1,26.0,53,Finished,1.0,,219.847
2019,16,Russian Grand Prix,2019-09-29,bottas,BOT,Valtteri Bottas,mercedes,Mercedes,77,4,2,18.0,53,Finished,3.0,,218.58
2019,16,Russian Grand Prix,2019-09-29,leclerc,LEC,Charles Leclerc,ferrari,Ferrari,16,1,3,15.0,53,Finished,2.0,,218.86
2019,16,Russian Grand Prix,2019-09-29,max_verstappen,VER,Max Verstappen,red_bull,Red Bull,33,9,4,12.0,53,Finished,5.0,,217.18
2019,16,Russian Grand Prix,2019-09-29,albon,ALB,Alexander Albon,red_bull,Red Bull,23,0,5,10.0,53,Finished,4.0,,217.573
2019,16,Russian Grand Prix,2019-09-29,sainz,SAI,Carlos Sainz,mclaren,McLaren,55,5,6,8.0,53,Finished,6.0,,214.78
2019,16,Russian Grand Prix,2019-09-29,perez,PER,Sergio Pérez,racing_point,Racing Point,11,11,7,6.0,53,Finished,7.0,,214.73
2019,16,Russian Grand Prix,2019-09-29,norris,NOR,Lando Norris,mclaren,McLaren,4,7,8,4.0,53,Finished,11.0,,214.166
2019,16,Russian Grand Prix,2019-09-29,kevin_magnussen,MAG,Kevin Magnussen,haas,Haas F1 Team,20,13,9,2.0,53,Finished,8.0,,214.539
2019,16,Russian Grand Prix,2019-09-29,hulkenberg,HUL,Nico Hülkenberg,renault,Renault,27,6,10,1.0,53,Finished,12.0,,213.692
2019,16,Russian Grand Prix,2019-09-29,stroll,STR,Lance Stroll,racing_point,Racing Point,18,14,11,0.0,53,Finished,15.0,,213.493
2019,16,Russian Grand Prix,2019-09-29,kvyat,KVY,Daniil Kvyat,toro_rosso,Toro Rosso,26,19,12,0.0,53,Finished,9.0,,214.325
2019,16,Russian Grand Prix,2019-09-29,raikkonen,RAI,Kimi Räikkönen,alfa,Alfa Romeo,7,15,13,0.0,53,Finished,13.0,,213.541
2019,16,Russian Grand Prix,2019-09-29,gasly,GAS,Pierre Gasly,toro_rosso,Toro Rosso,10,16,14,0.0,53,Finished,14.0,,213.504
2019,16,Russian Grand Prix,2019-09-29,giovinazzi,GIO,Antonio Giovinazzi,alfa,Alfa Romeo,99,12,15,0.0,53,Finished,16.0,,213.309
2019,16,Russian Grand Prix,2019-09-29,kubica,KUB,Robert Kubica,williams,Williams,88,18,16,0.0,28,Brakes,19.0,,205.74
2019,16,Russian Grand Prix,2019-09-29,russell,RUS,George Russell,williams,Williams,63,17,17,0.0,27,Brakes,18.0,,206.998
2019,16,Russian Grand Prix,2019-09-29,vettel,VET,Sebastian Vettel,ferrari,Ferrari,5,3,18,0.0,26,Power loss,10.0,,214.288
2019,16,Russian Grand Prix,2019-09-29,ricciardo,RIC,Daniel Ricciardo,renault,Renault,3,10,19,0.0,24,Collision,17.0,,207.859
2019,16,Russian Grand Prix,2019-09-29,grosjean,GRO,Romain Grosjean,haas,Haas F1 Team,8,8,20,0.0,0,Collision,,,
2019,17,Japanese Grand Prix,2019-10-13,bottas,BOT,Valtteri Bottas,mercedes,Mercedes,77,3,1,25.0,52,Finished,4.0,,227.571
2019,17,Japanese Grand Prix,2019-10-13,vettel,VET,Sebastian Vettel,ferrari,Ferrari,5,1,2,18.0,52,Finished,5.0,,226.929
2019,17,Japanese Grand Prix,2019-10-13,hamilton,HAM,Lewis Hamilton,mercedes,Mercedes,44,4,3,16.0,52,Finished,1.0,,229.77
2019,17,Japanese Grand Prix,2019-10-13,albon,ALB,Alexander Albon,red_bull,Red Bull,23,6,4,12.0,52,Finished,8.0,,225.332
2019,17,Japanese Grand Prix,2019-10-13,sainz,SAI,Carlos Sainz,mclaren,McLaren,55,7,5,10.0,52,Finished,12.0,,223.434
2019,17,Japanese Grand Prix,2019-10-13,leclerc,LEC,Charles Leclerc,ferrari,Ferrari,16,2,6,8.0,51,+1 Lap,2.0,,228.195
2019,17,Japanese Grand Prix,2019-10-13,gasly,GAS,Pierre Gasly,toro_rosso,Toro Rosso,10,9,7,6.0,51,+1 Lap,17.0,,219.313
2019,17,Japanese Grand Prix,2019-10-13,perez,PER,Sergio Pérez,racing_point,Racing Point,11,17,8,4.0,51,+1 Lap,7.0,,225.706
2019,17,Japanese Grand Prix,2019-10-13,stroll,STR,Lance Stroll,racing_point,Racing Point,18,12,9,2.0,51,+1 Lap,14.0,,220.721
2019,17,Japanese Grand Prix,2019-10-13,kvyat,KVY,Daniil Kvyat,toro_rosso,Toro Rosso,26,14,10,1.0,51,+1 Lap,10.0,,224.21
2019,17,Japanese Grand Prix,2019-10-13,norris,NOR,Lando Norris,mclaren,McLaren,4,8,11,0.0,51,+1 Lap,13.0,,222.121
2019,17,Japanese Grand Prix,2019-10-13,raikkonen,RAI,Kimi Räikkönen,alfa,Alfa Romeo,7,13,12,0.0,51,+1 Lap,9.0,,224.328
2019,17,Japanese Grand Prix,2019-10-13,grosjean,GRO,Romain Grosjean,haas,Haas F1 Team,8,10,13,0.0,51,+1 Lap,16.0,,220.082
2019,17,Japanese Grand Prix,2019-10-13,giovinazzi,GIO,Antonio Giovinazzi,alfa,Alfa Romeo,99,11,14,0.0,51,+1 Lap,6.0,,226.322
2019,17,Japanese Grand Prix,2019-10-13,kevin_magnussen,MAG,Kevin Magnussen,haas,Haas F1 Team,20,19,15,0.0,51,+1 Lap,3.0,,227.894
2019,17,Japanese Grand Prix,2019-10-13,russell,RUS,George Russell,williams,Williams,63,18,16,0.0,50,+2 Laps,18.0,,218.998
2019,17,Japanese Grand Prix,2019-10-13,kubica,KUB,Robert Kubica,williams,Williams,88,0,17,0.0,50,+2 Laps,19.0,,217.012
2019,17,Japanese Grand Prix,2019-10-13,max_verstappen,VER,Max Verstappen,red_bull,Red Bull,33,5,18,0.0,14,Brakes,20.0,,214.965
2019,17,Japanese Grand Prix,2019-10-13,ricciardo,RIC,Daniel Ricciardo,renault,Renault,3,16,19,0.0,51,Disqualified,11.0,,223.63
2019,17,Japanese Grand Prix,2019-10-13,hulkenberg,HUL,Nico Hülkenberg,renault,Renault,27,15,20,0.0,51,Disqualified,15.0,,220.237
2019,18,Mexican Grand Prix,2019-10-27,hamilton,HAM,Lewis Hamilton,mercedes,Mercedes,44,3,1,25.0,71,Finished,4.0,,194.993
2019,18,Mexican Grand Prix,2019-10-27,vettel,VET,Sebastian Vettel,ferrari,Ferrari,5,2,2,18.0,71,Finished,3.0,,195.19
2019,18,Mexican Grand Prix,2019-10-27,bottas,BOT,Valtteri Bottas,mercedes,Mercedes,77,6,3,15.0,71,Finished,5.0,,194.912
2019,18,Mexican Grand Prix,2019-10-27,leclerc,LEC,Charles Leclerc,ferrari,Ferrari,16,1,4,13.0,71,Finished,1.0,,195.557
2019,18,Mexican Grand Prix,2019-10-27,albon,ALB,Alexander Albon,red_bull,Red Bull,23,5,5,10.0,71,Finished,2.0,,195.328
2019,18,Mexican Grand Prix,2019-10-27,max_verstappen,VER,Max Verstappen,red_bull,Red Bull,33,4,6,8.0,71,Finished,11.0,,192.702
2019,18,Mexican Grand Prix,2019-10-27,perez,PER,Sergio Pérez,racing_point,Racing Point,11,11,7,6.0,71,Finished,12.0,,192.512
2019,18,Mexican Grand Prix,2019-10-27,ricciardo,RIC,Daniel Ricciardo,renault,Renault,3,13,8,4.0,71,Finished,9.0,,193.327
2019,18,Mexican Grand Prix,2019-10-27,gasly,GAS,Pierre Gasly,toro_rosso,Toro Rosso,10,10,9,2.0,70,+1 Lap,6.0,,194.824
2019,18,Mexican Grand Prix,2019-10-27,hulkenberg,HUL,Nico Hülkenberg,renault,Renault,27,12,10,1.0,70,+1 Lap,14.0,,191.783
2019,18,Mexican Grand Prix,2019-10-27,kvyat,KVY,Daniil Kvyat,toro_rosso,Toro Rosso,26,9,11,0.0,70,+1 Lap,7.0,,193.91
2019,18,Mexican Grand Prix,2019-10-27,stroll,STR,Lance Stroll,racing_point,Racing Point,18,16,12,0.0,70,+1 Lap,15.0,,191.473
2019,18,Mexican Grand Prix,2019-10-27,sainz,SAI,Carlos Sainz,mclaren,McLaren,55,7,13,0.0,70,+1 Lap,10.0,,192.929
2019,18,Mexican Grand Prix,2019-10-27,giovinazzi,GIO,Antonio Giovinazzi,alfa,Alfa Romeo,99,15,14,0.0,70,+1 Lap,16.0,,191.255
2019,18,Mexican Grand Prix,2019-10-27,kevin_magnussen,MAG,Kevin Magnussen,haas,Haas F1 Team,20,17,15,0.0,69,+2 Laps,20.0,,189.691
2019,18,Mexican Grand Prix,2019-10-27,russell,RUS,George Russell,williams,Williams,63,19,16,0.0,69,+2 Laps,17.0,,190.615
2019,18,Mexican Grand Prix,2019-10-27,grosjean,GRO,Romain Grosjean,haas,Haas F1 Team,8,18,17,0.0,69,+2 Laps,18.0,,189.926
2019,18,Mexican Grand Prix,2019-10-27,kubica,KUB,Robert Kubica,williams,Williams,88,20,18,0.0,69,+2 Laps,13.0,,192.009
2019,18,Mexican Grand Prix,2019-10-27,raikkonen,RAI,Kimi Räikkönen,alfa,Alfa Romeo,7,14,19,0.0,58,Overheating,8.0,,193.481
2019,18,Mexican Grand Prix,2019-10-27,norris,NOR,Lando Norris,mclaren,McLaren,4,8,20,0.0,48,Withdrew,19.0,,189.782
2019,19,United States Grand Prix,2019-11-03,bottas,BOT,Valtteri Bottas,mercedes,Mercedes,77,1,1,25.0,56,Finished,2.0,,204.696
2019,19,United States Grand Prix,2019-11-03,hamilton,HAM,Lewis Hamilton,mercedes,Mercedes,44,5,2,18.0,56,Finished,7.0,,201.6
2019,19,United States Grand Prix,2019-11-03,max_verstappen,VER,Max Verstappen,red_bull,Red Bull,33,3,3,15.0,56,Finished,5.0,,202.077
2019,19,United States Grand Prix,2019-11-03,leclerc,LEC,Charles Leclerc,ferrari,Ferrari,16,4,4,13.0,56,Finished,1.0,,206.374
2019,19,United States Grand Prix,2019-11-03,albon,ALB,Alexander Albon,red_bull,Red Bull,23,6,5,10.0,56,Finished,3.0,,202.458
2019,19,United States Grand Prix,2019-11-03,ricciardo,RIC,Daniel Ricciardo,renault,Renault,3,9,6,8.0,56,Finished,14.0,,197.354
2019,19,United States Grand Prix,2019-11-03,norris,NOR,Lando Norris,mclaren,McLaren,4,8,7,6.0,56,Finished,4.0,,202.365
2019,19,United States Grand Prix,2019-11-03,sainz,SAI,Carlos Sainz,mclaren,McLaren,55,7,8,4.0,55,+1 Lap,15.0,,196.806
2019,19,United States Grand Prix,2019-11-03,hulkenberg,HUL,Nico Hülkenberg,renault,Renault,27,11,9,2.0,55,+1 Lap,6.0,,201.619
2019,19,United States Grand Prix,2019-11-03,perez,PER,Sergio Pérez,racing_point,Racing Point,11,0,10,1.0,55,+1 Lap,11.0,,198.141
2019,19,United States Grand Prix,2019-11-03,raikkonen,RAI,Kimi Räikkönen,alfa,Alfa Romeo,7,17,11,0.0,55,+1 Lap,9.0,,199.249
2019,19,United States Grand Prix,2019-11-03,kvyat,KVY,Daniil Kvyat,toro_rosso,Toro Rosso,26,13,12,0.0,55,+1 Lap,8.0,,200.535
2019,19,United States Grand Prix,2019-11-03,stroll,STR,Lance Stroll,racing_point,Racing Point,18,14,13,0.0,55,+1 Lap,13.0,,197.716
2019,19,United States Grand Prix,2019-11-03,giovinazzi,GIO,Antonio Giovinazzi,alfa,Alfa Romeo,99,16,14,0.0,55,+1 Lap,10.0,,198.539
2019,19,United States Grand Prix,2019-11-03,grosjean,GRO,Romain Grosjean,haas,Haas F1 Team,8,15,15,0.0,55,+1 Lap,18.0,,195.979
2019,19,United States Grand Prix,2019-11-03,gasly,GAS,Pierre Gasly,toro_rosso,Toro Rosso,10,10,16,0.0,54,Suspension,16.0,,196.795
2019,19,United States Grand Prix,2019-11-03,russell,RUS,George Russell,williams,Williams,63,18,17,0.0,54,+2 Laps,17.0,,196.039
2019,19,United States Grand Prix,2019-11-03,kevin_magnussen,MAG,Kevin Magnussen,haas,Haas F1 Team,20,12,18,0.0,52,Brakes,12.0,,197.781
2019,19,United States Grand Prix,2019-11-03,kubica,KUB,Robert Kubica,williams,Williams,88,19,19,0.0,31,Oil leak,20.0,,191.147
2019,19,United States Grand Prix,2019-11-03,vettel,VET,Sebastian Vettel,ferrari,Ferrari,5,2,20,0.0,7,Suspension,19.0,,194.262
2019,20,Brazilian Grand Prix,2019-11-17,max_verstappen,VER,Max Verstappen,red_bull,Red Bull,33,1,1,25.0,71,Finished,2.0,,218.909
2019,20,Brazilian Grand Prix,2019-11-17,gasly,GAS,Pierre Gasly,toro_rosso,Toro Rosso,10,6,2,18.0,71,Finished,9.0,,214.185
2019,20,Brazilian Grand Prix,2019-11-17,sainz,SAI,Carlos Sainz,mclaren,McLaren,55,20,3,15.0,71,Finished,16.0,,212.039
2019,20,Brazilian Grand Prix,2019-11-17,raikkonen,RAI,Kimi Räikkönen,alfa,Alfa Romeo,7,8,4,12.0,71,Finished,15.0,,212.106
2019,20,Brazilian Grand Prix,2019-11-17,giovinazzi,GIO,Antonio Giovinazzi,alfa,Alfa Romeo,99,12,5,10.0,71,Finished,14.0,,212.44
2019,20,Brazilian Grand Prix,2019-11-17,ricciardo,RIC,Daniel Ricciardo,renault,Renault,3,11,6,8.0,71,Finished,11.0,,213.278
2019,20,Brazilian Grand Prix,2019-11-17,hamilton,HAM,Lewis Hamilton,mercedes,Mercedes,44,3,7,6.0,71,Finished,3.0,,218.232
2019,20,Brazilian Grand Prix,2019-11-17,norris,NOR,Lando Norris,mclaren,McLaren,4,10,8,4.0,71,Finished,7.0,,214.472
2019,20,Brazilian Grand Prix,2019-11-17,perez,PER,Sergio Pérez,racing_point,Racing Point,11,15,9,2.0,71,Finished,12.0,,212.965
2019,20,Brazilian Grand Prix,2019-11-17,kvyat,KVY,Daniil Kvyat,toro_rosso,Toro Rosso,26,16,10,1.0,71,Finished,8.0,,214.304
2019,20,Brazilian Grand Prix,2019-11-17,kevin_magnussen,MAG,Kevin Magnussen,haas,Haas F1 Team,20,9,11,0.0,71,Finished,17.0,,211.738
2019,20,Brazilian Grand Prix,2019-11-17,russell,RUS,George Russell,williams,Williams,63,18,12,0.0,71,Finished,19.0,,210.331
2019,20,Brazilian Grand Prix,2019-11-17,grosjean,GRO,Romain Grosjean,haas,Haas F1 Team,8,7,13,0.0,71,Finished,18.0,,210.711
2019,20,Brazilian Grand Prix,2019-11-17,albon,ALB,Alexander Albon,red_bull,Red Bull,23,5,14,0.0,71,Finished,4.0,,218.217
2019,20,Brazilian Grand Prix,2019-11-17,hulkenberg,HUL,Nico Hülkenberg,renault,Renault,27,13,15,0.0,71,Finished,13.0,,212.69
2019,20,Brazilian Grand Prix,2019-11-17,kubica,KUB,Robert Kubica,williams,Williams,88,19,16,0.0,70,+1 Lap,20.0,,208.072
2019,20,Brazilian Grand Prix,2019-11-17,vettel,VET,Sebastian Vettel,ferrari,Ferrari,5,2,17,0.0,65,Collision,5.0,,217.309
2019,20,Brazilian Grand Prix,2019-11-17,leclerc,LEC,Charles Leclerc,ferrari,Ferrari,16,14,18,0.0,65,Collision,6.0,,217.19
2019,20,Brazilian Grand Prix,2019-11-17,stroll,STR,Lance Stroll,racing_point,Racing Point,18,17,19,0.0,65,Suspension,10.0,,213.66
2019,20,Brazilian Grand Prix,2019-11-17,bottas,BOT,Valtteri Bottas,mercedes,Mercedes,77,4,20,0.0,51,Power Unit,1.0,,219.417
2019,21,Abu Dhabi Grand Prix,2019-12-01,hamilton,HAM,Lewis Hamilton,mercedes,Mercedes,44,1,1,26.0,55,Finished,1.0,,201.387
2019,21,Abu Dhabi Grand Prix,2019-12-01,max_verstappen,VER,Max Verstappen,red_bull,Red Bull,33,2,2,18.0,55,Finished,5.0,,197.731
2019,21,Abu Dhabi Grand Prix,2019-12-01,leclerc,LEC,Charles Leclerc,ferrari,Ferrari,16,3,3,15.0,55,Finished,4.0,,199.064
2019,21,Abu Dhabi Grand Prix,2019-12-01,bottas,BOT,Valtteri Bottas,mercedes,Mercedes,77,20,4,12.0,55,Finished,2.0,,200.515
2019,21,Abu Dhabi Grand Prix,2019-12-01,vettel,VET,Sebastian Vettel,ferrari,Ferrari,5,4,5,10.0,55,Finished,3.0,,199.688
2019,21,Abu Dhabi Grand Prix,2019-12-01,albon,ALB,Alexander Albon,red_bull,Red Bull,23,5,6,8.0,55,Finished,8.0,,195.603
2019,21,Abu Dhabi Grand Prix,2019-12-01,perez,PER,Sergio Pérez,racing_point,Racing Point,11,10,7,6.0,54,+1 Lap,11.0,,194.803
2019,21,Abu Dhabi Grand Prix,2019-12-01,norris,NOR,Lando Norris,mclaren,McLaren,4,6,8,4.0,54,+1 Lap,12.0,,194.071
2019,21,Abu Dhabi Grand Prix,2019-12-01,kvyat,KVY,Daniil Kvyat,toro_rosso,Toro Rosso,26,13,9,2.0,54,+1 Lap,9.0,,195.597
2019,21,Abu Dhabi Grand Prix,2019-12-01,sainz,SAI,Carlos Sainz,mclaren,McLaren,55,8,10,1.0,54,+1 Lap,7.0,,197.389
2019,21,Abu Dhabi Grand Prix,2019-12-01,ricciardo,RIC,Daniel Ricciardo,renault,Renault,3,7,11,0.0,54,+1 Lap,6.0,,197.592
2019,21,Abu Dhabi Grand Prix,2019-12-01,hulkenberg,HUL,Nico Hülkenberg,renault,Renault,27,9,12,0.0,54,+1 Lap,16.0,,193.605
2019,21,Abu Dhabi Grand Prix,2019-12-01,raikkonen,RAI,Kimi Räikkönen,alfa,Alfa Romeo,7,17,13,0.0,54,+1 Lap,14.0,,193.853
2019,21,Abu Dhabi Grand Prix,2019-12-01,kevin_magnussen,MAG,Kevin Magnussen,haas,Haas F1 Team,20,14,14,0.0,54,+1 Lap,19.0,,192.642
2019,21,Abu Dhabi Grand Prix,2019-12-01,grosjean,GRO,Romain Grosjean,haas,Haas F1 Team,8,15,15,0.0,54,+1 Lap,18.0,,192.873
2019,21,Abu Dhabi Grand Prix,2019-12-01,giovinazzi,GIO,Antonio Giovinazzi,alfa,Alfa Romeo,99,16,16,0.0,54,+1 Lap,15.0,,193.639
2019,21,Abu Dhabi Grand Prix,2019-12-01,russell,RUS,George Russell,williams,Williams,63,18,17,0.0,54,+1 Lap,13.0,,193.981
2019,21,Abu Dhabi Grand Prix,2019-12-01,gasly,GAS,Pierre Gasly,toro_rosso,Toro Rosso,10,11,18,0.0,53,+2 Laps,10.0,,195.231
2019,21,Abu Dhabi Grand Prix,2019-12-01,kubica,KUB,Robert Kubica,williams,Williams,88,19,19,0.0,53,+2 Laps,20.0,,191.333
2019,21,Abu Dhabi Grand Prix,2019-12-01,stroll,STR,Lance Stroll,racing_point,Racing Point,18,12,20,0.0,45,Brakes,17.0,,193.507
2020,1,Austrian Grand Prix,2020-07-05,bottas,BOT,Valtteri Bottas,mercedes,Mercedes,77,1,1,25.0,71,Finished,2.0,,229.758
2020,1,Austrian Grand Prix,2020-07-05,leclerc,LEC,Charles Leclerc,ferrari,Ferrari,16,7,2,18.0,71,Finished,4.0,,228.933
2020,1,Austrian Grand Prix,2020-07-05,norris,NOR,Lando Norris,mclaren,McLaren,4,3,3,16.0,71,Finished,1.0,,230.378
2020,1,Austrian Grand Prix,2020-07-05,hamilton,HAM,Lewis Hamilton,mercedes,Mercedes,44,5,4,12.0,71,Finished,3.0,,229.572
2020,1,Austrian Grand Prix,2020-07-05,sainz,SAI,Carlos Sainz,mclaren,McLaren,55,8,5,10.0,71,Finished,5.0,,228.687
2020,1,Austrian Grand Prix,2020-07-05,perez,PER,Sergio Pérez,racing_point,Racing Point,11,6,6,8.0,71,Finished,6.0,,227.579
2020,1,Austrian Grand Prix,2020-07-05,gasly,GAS,Pierre Gasly,alphatauri,AlphaTauri,10,12,7,6.0,71,Finished,11.0,,225.205
2020,1,Austrian Grand Prix,2020-07-05,ocon,OCO,Esteban Ocon,renault,Renault,31,14,8,4.0,71,Finished,10.0,,225.509
2020,1,Austrian Grand Prix,2020-07-05,giovinazzi,GIO,Antonio Giovinazzi,alfa,Alfa Romeo,99,18,9,2.0,71,Finished,9.0,,225.954
2020,1,Austrian Grand Prix,2020-07-05,vettel,VET,Sebastian Vettel,ferrari,Ferrari,5,11,10,1.0,71,Finished,8.0,,226.524
2020,1,Austrian Grand Prix,2020-07-05,latifi,LAT,Nicholas Latifi,williams,Williams,6,20,11,0.0,71,Finished,16.0,,223.146
2020,1,Austrian Grand Prix,2020-07-05,kvyat,KVY,Daniil Kvyat,alphatauri,AlphaTauri,26,13,12,0.0,69,Suspension,13.0,,224.847
2020,1,Austrian Grand Prix,2020-07-05,albon,ALB,Alexander Albon,red_bull,Red Bull,23,4,13,0.0,67,Electronics,7.0,,227.156
2020,1,Austrian Grand Prix,2020-07-05,raikkonen,RAI,Kimi Räikkönen,alfa,Alfa Romeo,7,19,14,0.0,53,Wheel,12.0,,225.185
2020,1,Austrian Grand Prix,2020-07-05,russell,RUS,George Russell,williams,Williams,63,17,15,0.0,49,Fuel pressure,14.0,,224.256
2020,1,Austrian Grand Prix,2020-07-05,grosjean,GRO,Romain Grosjean,haas,Haas F1 Team,8,15,16,0.0,49,Brakes,17.0,,221.347
2020,1,Austrian Grand Prix,2020-07-05,kevin_magnussen,MAG,Kevin Magnussen,haas,Haas F1 Team,20,16,17,0.0,24,Brakes,20.0,,219.807
2020,1,Austrian Grand Prix,2020-07-05,stroll,STR,Lance Stroll,racing_point,Racing Point,18,9,18,0.0,20,Engine,18.0,,221.039
2020,1,Austrian Grand Prix,2020-07-05,ricciardo,RIC,Daniel Ricciardo,renault,Renault,3,10,19,0.0,17,Overheating,19.0,,220.15
2020,1,Austrian Grand Prix,2020-07-05,max_verstappen,VER,Max Verstappen,red_bull,Red Bull,33,2,20,0.0,11,Electronics,15.0,,224.146
2020,2,Styrian Grand Prix,2020-07-12,hamilton,HAM,Lewis Hamilton,mercedes,Mercedes,44,1,1,25.0,71,Finished,3.0,,232.989
2020,2,Styrian Grand Prix,2020-07-12,bottas,BOT,Valtteri Bottas,mercedes,Mercedes,77,4,2,18.0,71,Finished,7.0,,230.177
2020,2,Styrian Grand Prix,2020-07-12,max_verstappen,VER,Max Verstappen,red_bull,Red Bull,33,2,3,15.0,71,Finished,2.0,,235.01
2020,2,Styrian Grand Prix,2020-07-12,albon,ALB,Alexander Albon,red_bull,Red Bull,23,6,4,12.0,71,Finished,6.0,,230.981
2020,2,Styrian Grand Prix,2020-07-12,norris,NOR,Lando Norris,mclaren,McLaren,4,9,5,10.0,71,Finished,5.0,,231.345
2020,2,Styrian Grand Prix,2020-07-12,perez,PER,Sergio Pérez,racing_point,Racing Point,11,17,6,8.0,71,Finished,4.0,,231.362
2020,2,Styrian Grand Prix,2020-07-12,stroll,STR,Lance Stroll,racing_point,Racing Point,18,12,7,6.0,71,Finished,10.0,,229.162
2020,2,Styrian Grand Prix,2020-07-12,ricciardo,RIC,Daniel Ricciardo,renault,Renault,3,8,8,4.0,71,Finished,9.0,,229.166
2020,2,Styrian Grand Prix,2020-07-12,sainz,SAI,Carlos Sainz,mclaren,McLaren,55,3,9,3.0,70,+1 Lap,1.0,,236.894
2020,2,Styrian Grand Prix,2020-07-12,kvyat,KVY,Daniil Kvyat,alphatauri,AlphaTauri,26,13,10,1.0,70,+1 Lap,13.0,,227.336
2020,2,Styrian Grand Prix,2020-07-12,raikkonen,RAI,Kimi Räikkönen,alfa,Alfa Romeo,7,16,11,0.0,70,+1 Lap,14.0,,227.322
2020,2,Styrian Grand Prix,2020-07-12,kevin_magnussen,MAG,Kevin Magnussen,haas,Haas F1 Team,20,15,12,0.0,70,+1 Lap,11.0,,228.569
2020,2,Styrian Grand Prix,2020-07-12,grosjean,GRO,Romain Grosjean,haas,Haas F1 Team,8,0,13,0.0,70,+1 Lap,12.0,,228.442
2020,2,Styrian Grand Prix,2020-07-12,giovinazzi,GIO,Antonio Giovinazzi,alfa,Alfa Romeo,99,19,14,0.0,70,+1 Lap,15.0,,226.891
2020,2,Styrian Grand Prix,2020-07-12,gasly,GAS,Pierre Gasly,alphatauri,AlphaTauri,10,7,15,0.0,70,+1 Lap,8.0,,229.183
2020,2,Styrian Grand Prix,2020-07-12,russell,RUS,George Russell,williams,Williams,63,11,16,0.0,69,+2 Laps,16.0,,226.597
2020,2,Styrian Grand Prix,2020-07-12,latifi,LAT,Nicholas Latifi,williams,Williams,6,18,17,0.0,69,+2 Laps,17.0,,225.922
2020,2,Styrian Grand Prix,2020-07-12,ocon,OCO,Esteban Ocon,renault,Renault,31,5,18,0.0,25,Overheating,18.0,,224.243
2020,2,Styrian Grand Prix,2020-07-12,leclerc,LEC,Charles Leclerc,ferrari,Ferrari,16,14,19,0.0,4,Collision damage,19.0,,162.979
2020,2,Styrian Grand Prix,2020-07-12,vettel,VET,Sebastian Vettel,ferrari,Ferrari,5,10,20,0.0,1,Collision damage,,,
2020,3,Hungarian Grand Prix,2020-07-19,hamilton,HAM,Lewis Hamilton,mercedes,Mercedes,44,1,1,26.0,70,Finished,1.0,,205.823
2020,3,Hungarian Grand Prix,2020-07-19,max_verstappen,VER,Max Verstappen,red_bull,Red Bull,33,7,2,18.0,70,Finished,4.0,,199.176
2020,3,Hungarian Grand Prix,2020-07-19,bottas,BOT,Valtteri Bottas,mercedes,Mercedes,77,2,3,15.0,70,Finished,2.0,,203.072
2020,3,Hungarian Grand Prix,2020-07-19,stroll,STR,Lance Stroll,racing_point,Racing Point,18,3,4,12.0,70,Finished,3.0,,199.708
2020,3,Hungarian Grand Prix,2020-07-19,albon,ALB,Alexander Albon,red_bull,Red Bull,23,13,5,10.0,70,Finished,5.0,,198.534
2020,3,Hungarian Grand Prix,2020-07-19,vettel,VET,Sebastian Vettel,ferrari,Ferrari,5,5,6,8.0,69,+1 Lap,14.0,,196.254
2020,3,Hungarian Grand Prix,2020-07-19,perez,PER,Sergio Pérez,racing_point,Racing Point,11,4,7,6.0,69,+1 Lap,10.0,,196.923
2020,3,Hungarian Grand Prix,2020-07-19,ricciardo,RIC,Daniel Ricciardo,renault,Renault,3,11,8,4.0,69,+1 Lap,7.0,,198.305
2020,3,Hungarian Grand Prix,2020-07-19,sainz,SAI,Carlos Sainz,mclaren,McLaren,55,9,9,2.0,69,+1 Lap,15.0,,195.976
2020,3,Hungarian Grand Prix,2020-07-19,kevin_magnussen,MAG,Kevin Magnussen,haas,Haas F1 Team,20,0,10,1.0,69,+1 Lap,6.0,,198.492
2020,3,Hungarian Grand Prix,2020-07-19,leclerc,LEC,Charles Leclerc,ferrari,Ferrari,16,6,11,0.0,69,+1 Lap,16.0,,195.142
2020,3,Hungarian Grand Prix,2020-07-19,kvyat,KVY,Daniil Kvyat,alphatauri,AlphaTauri,26,17,12,0.0,69,+1 Lap,18.0,,194.841
2020,3,Hungarian Grand Prix,2020-07-19,norris,NOR,Lando Norris,mclaren,McLaren,4,8,13,0.0,69,+1 Lap,8.0,,197.28
2020,3,Hungarian Grand Prix,2020-07-19,ocon,OCO,Esteban Ocon,renault,Renault,31,14,14,0.0,69,+1 Lap,13.0,,196.503
2020,3,Hungarian Grand Prix,2020-07-19,raikkonen,RAI,Kimi Räikkönen,alfa,Alfa Romeo,7,20,15,0.0,69,+1 Lap,17.0,,194.978
2020,3,Hungarian Grand Prix,2020-07-19,grosjean,GRO,Romain Grosjean,haas,Haas F1 Team,8,0,16,0.0,69,+1 Lap,12.0,,196.574
2020,3,Hungarian Grand Prix,2020-07-19,giovinazzi,GIO,Antonio Giovinazzi,alfa,Alfa Romeo,99,19,17,0.0,69,+1 Lap,11.0,,196.908
2020,3,Hungarian Grand Prix,2020-07-19,russell,RUS,George Russell,williams,Williams,63,12,18,0.0,69,+1 Lap,9.0,,197.184
2020,3,Hungarian Grand Prix,2020-07-19,latifi,LAT,Nicholas Latifi,williams,Williams,6,15,19,0.0,65,+5 Laps,19.0,,194.236
2020,3,Hungarian Grand Prix,2020-07-19,gasly,GAS,Pierre Gasly,alphatauri,AlphaTauri,10,10,20,0.0,15,Engine,20.0,,187.893
2020,4,British Grand Prix,2020-08-02,hamilton,HAM,Lewis Hamilton,mercedes,Mercedes,44,1,1,25.0,52,Finished,3.0,,237.652
2020,4,British Grand Prix,2020-08-02,max_verstappen,VER,Max Verstappen,red_bull,Red Bull,33,3,2,19.0,52,Finished,1.0,,243.494
2020,4,British Grand Prix,2020-08-02,leclerc,LEC,Charles Leclerc,ferrari,Ferrari,16,4,3,15.0,52,Finished,9.0,,236.13
2020,4,British Grand Prix,2020-08-02,ricciardo,RIC,Daniel Ricciardo,renault,Renault,3,8,4,12.0,52,Finished,5.0,,237.004
2020,4,British Grand Prix,2020-08-02,norris,NOR,Lando Norris,mclaren,McLaren,4,5,5,10.0,52,Finished,12.0,,235.488
2020,4,British Grand Prix,2020-08-02,ocon,OCO,Esteban Ocon,renault,Renault,31,9,6,8.0,52,Finished,6.0,,236.98
2020,4,British Grand Prix,2020-08-02,gasly,GAS,Pierre Gasly,alphatauri,AlphaTauri,10,11,7,6.0,52,Finished,7.0,,236.684
2020,4,British Grand Prix,2020-08-02,albon,ALB,Alexander Albon,red_bull,Red Bull,23,12,8,4.0,52,Finished,2.0,,239.123
2020,4,British Grand Prix,2020-08-02,stroll,STR,Lance Stroll,racing_point,Racing Point,18,6,9,2.0,52,Finished,13.0,,234.402
2020,4,British Grand Prix,2020-08-02,vettel,VET,Sebastian Vettel,ferrari,Ferrari,5,10,10,1.0,52,Finished,15.0,,234.242
2020,4,British Grand Prix,2020-08-02,bottas,BOT,Valtteri Bottas,mercedes,Mercedes,77,2,11,0.0,52,Finished,4.0,,237.58
2020,4,British Grand Prix,2020-08-02,russell,RUS,George Russell,williams,Williams,63,20,12,0.0,52,Finished,16.0,,233.404
2020,4,British Grand Prix,2020-08-02,sainz,SAI,Carlos Sainz,mclaren,McLaren,55,7,13,0.0,52,Finished,10.0,,235.776
2020,4,British Grand Prix,2020-08-02,giovinazzi,GIO,Antonio Giovinazzi,alfa,Alfa Romeo,99,15,14,0.0,52,Finished,17.0,,233.109
2020,4,British Grand Prix,2020-08-02,latifi,LAT,Nicholas Latifi,williams,Williams,6,18,15,0.0,52,Finished,14.0,,234.335
2020,4,British Grand Prix,2020-08-02,grosjean,GRO,Romain Grosjean,haas,Haas F1 Team,8,17,16,0.0,52,Finished,8.0,,236.212
2020,4,British Grand Prix,2020-08-02,raikkonen,RAI,Kimi Räikkönen,alfa,Alfa Romeo,7,16,17,0.0,51,+1 Lap,11.0,,235.71
2020,4,British Grand Prix,2020-08-02,kvyat,KVY,Daniil Kvyat,alphatauri,AlphaTauri,26,19,18,0.0,11,Accident,18.0,,229.412
2020,4,British Grand Prix,2020-08-02,kevin_magnussen,MAG,Kevin Magnussen,haas,Haas F1 Team,20,14,19,0.0,1,Collision,,,
2020,4,British Grand Prix,2020-08-02,hulkenberg,HUL,Nico Hülkenberg,racing_point,Racing Point,27,13,20,0.0,0,Power Unit,,,
2020,5,70th Anniversary Grand Prix,2020-08-09,max_verstappen,VER,Max Verstappen,red_bull,Red Bull,33,4,1,25.0,52,Finished,2.0,,237.049
2020,5,70th Anniversary Grand Prix,2020-08-09,hamilton,HAM,Lewis Hamilton,mercedes,Mercedes,44,2,2,19.0,52,Finished,1.0,,239.766
2020,5,70th Anniversary Grand Prix,2020-08-09,bottas,BOT,Valtteri Bottas,mercedes,Mercedes,77,1,3,15.0,52,Finished,4.0,,236.256
2020,5,70th Anniversary Grand Prix,2020-08-09,leclerc,LEC,Charles Leclerc,ferrari,Ferrari,16,8,4,12.0,52,Finished,8.0,,234.203
2020,5,70th Anniversary Grand Prix,2020-08-09,albon,ALB,Alexander Albon,red_bull,Red Bull,23,9,5,10.0,52,Finished,3.0,,237.017
2020,5,70th Anniversary Grand Prix,2020-08-09,stroll,STR,Lance Stroll,racing_point,Racing Point,18,6,6,8.0,52,Finished,15.0,,233.365
2020,5,70th Anniversary Grand Prix,2020-08-09,hulkenberg,HUL,Nico Hülkenberg,racing_point,Racing Point,27,3,7,6.0,52,Finished,6.0,,235.412
2020,5,70th Anniversary Grand Prix,2020-08-09,ocon,OCO,Esteban Ocon,renault,Renault,31,14,8,4.0,52,Finished,10.0,,234.144
2020,5,70th Anniversary Grand Prix,2020-08-09,norris,NOR,Lando Norris,mclaren,McLaren,4,10,9,2.0,52,Finished,11.0,,233.826
2020,5,70th Anniversary Grand Prix,2020-08-09,kvyat,KVY,Daniil Kvyat,alphatauri,AlphaTauri,26,16,10,1.0,52,Finished,12.0,,233.723
2020,5,70th Anniversary Grand Prix,2020-08-09,gasly,GAS,Pierre Gasly,alphatauri,AlphaTauri,10,7,11,0.0,52,Finished,7.0,,235.399
2020,5,70th Anniversary Grand Prix,2020-08-09,vettel,VET,Sebastian Vettel,ferrari,Ferrari,5,11,12,0.0,52,Finished,13.0,,233.602
2020,5,70th Anniversary Grand Prix,2020-08-09,sainz,SAI,Carlos Sainz,mclaren,McLaren,55,12,13,0.0,52,Finished,9.0,,234.193
2020,5,70th Anniversary Grand Prix,2020-08-09,ricciardo,RIC,Daniel Ricciardo,renault,Renault,3,5,14,0.0,51,+1 Lap,16.0,,232.621
2020,5,70th Anniversary Grand Prix,2020-08-09,raikkonen,RAI,Kimi Räikkönen,alfa,Alfa Romeo,7,20,15,0.0,51,+1 Lap,18.0,,231.13
2020,5,70th Anniversary Grand Prix,2020-08-09,grosjean,GRO,Romain Grosjean,haas,Haas F1 Team,8,13,16,0.0,51,+1 Lap,14.0,,233.581
2020,5,70th Anniversary Grand Prix,2020-08-09,giovinazzi,GIO,Antonio Giovinazzi,alfa,Alfa Romeo,99,19,17,0.0,51,+1 Lap,19.0,,230.954
2020,5,70th Anniversary Grand Prix,2020-08-09,russell,RUS,George Russell,williams,Williams,63,15,18,0.0,51,+1 Lap,17.0,,232.01
2020,5,70th Anniversary Grand Prix,2020-08-09,latifi,LAT,Nicholas Latifi,williams,Williams,6,18,19,0.0,51,+1 Lap,5.0,,235.77
2020,5,70th Anniversary Grand Prix,2020-08-09,kevin_magnussen,MAG,Kevin Magnussen,haas,Haas F1 Team,20,17,20,0.0,43,Retired,20.0,,230.944
2020,6,Spanish Grand Prix,2020-08-16,hamilton,HAM,Lewis Hamilton,mercedes,Mercedes,44,1,1,25.0,66,Finished,2.0,,209.942
2020,6,Spanish Grand Prix,2020-08-16,max_verstappen,VER,Max Verstappen,red_bull,Red Bull,33,3,2,18.0,66,Finished,4.0,,205.677
2020,6,Spanish Grand Prix,2020-08-16,bottas,BOT,Valtteri Bottas,mercedes,Mercedes,77,2,3,16.0,66,Finished,1.0,,214.343
2020,6,Spanish Grand Prix,2020-08-16,stroll,STR,Lance Stroll,racing_point,Racing Point,18,5,4,12.0,65,+1 Lap,8.0,,204.306
2020,6,Spanish Grand Prix,2020-08-16,perez,PER,Sergio Pérez,racing_point,Racing Point,11,4,5,10.0,65,+1 Lap,16.0,,203.09
2020,6,Spanish Grand Prix,2020-08-16,sainz,SAI,Carlos Sainz,mclaren,McLaren,55,7,6,8.0,65,+1 Lap,5.0,,204.938
2020,6,Spanish Grand Prix,2020-08-16,vettel,VET,Sebastian Vettel,ferrari,Ferrari,5,11,7,6.0,65,+1 Lap,18.0,,202.618
2020,6,Spanish Grand Prix,2020-08-16,albon,ALB,Alexander Albon,red_bull,Red Bull,23,6,8,4.0,65,+1 Lap,11.0,,203.883
2020,6,Spanish Grand Prix,2020-08-16,gasly,GAS,Pierre Gasly,alphatauri,AlphaTauri,10,10,9,2.0,65,+1 Lap,17.0,,203.021
2020,6,Spanish Grand Prix,2020-08-16,norris,NOR,Lando Norris,mclaren,McLaren,4,8,10,1.0,65,+1 Lap,13.0,,203.393
2020,6,Spanish Grand Prix,2020-08-16,ricciardo,RIC,Daniel Ricciardo,renault,Renault,3,13,11,0.0,65,+1 Lap,14.0,,203.215
2020,6,Spanish Grand Prix,2020-08-16,kvyat,KVY,Daniil Kvyat,alphatauri,AlphaTauri,26,12,12,0.0,65,+1 Lap,12.0,,203.531
2020,6,Spanish Grand Prix,2020-08-16,ocon,OCO,Esteban Ocon,renault,Renault,31,15,13,0.0,65,+1 Lap,10.0,,203.933
2020,6,Spanish Grand Prix,2020-08-16,raikkonen,RAI,Kimi Räikkönen,alfa,Alfa Romeo,7,14,14,0.0,65,+1 Lap,7.0,,204.645
2020,6,Spanish Grand Prix,2020-08-16,kevin_magnussen,MAG,Kevin Magnussen,haas,Haas F1 Team,20,16,15,0.0,65,+1 Lap,19.0,,200.757
2020,6,Spanish Grand Prix,2020-08-16,giovinazzi,GIO,Antonio Giovinazzi,alfa,Alfa Romeo,99,20,16,0.0,65,+1 Lap,6.0,,204.863
2020,6,Spanish Grand Prix,2020-08-16,russell,RUS,George Russell,williams,Williams,63,18,17,0.0,65,+1 Lap,15.0,,203.119
2020,6,Spanish Grand Prix,2020-08-16,latifi,LAT,Nicholas Latifi,williams,Williams,6,19,18,0.0,64,+2 Laps,9.0,,204.291
2020,6,Spanish Grand Prix,2020-08-16,grosjean,GRO,Romain Grosjean,haas,Haas F1 Team,8,17,19,0.0,64,+2 Laps,3.0,,208.409
2020,6,Spanish Grand Prix,2020-08-16,leclerc,LEC,Charles Leclerc,ferrari,Ferrari,16,9,20,0.0,38,Electronics,20.0,,199.576
2020,7,Belgian Grand Prix,2020-08-30,hamilton,HAM,Lewis Hamilton,mercedes,Mercedes,44,1,1,25.0,44,Finished,2.0,,233.99
2020,7,Belgian Grand Prix,2020-08-30,bottas,BOT,Valtteri Bottas,mercedes,Mercedes,77,2,2,18.0,44,Finished,5.0,,233.503
2020,7,Belgian Grand Prix,2020-08-30,max_verstappen,VER,Max Verstappen,red_bull,Red Bull,33,3,3,15.0,44,Finished,8.0,,232.809
2020,7,Belgian Grand Prix,2020-08-30,ricciardo,RIC,Daniel Ricciardo,renault,Renault,3,4,4,13.0,44,Finished,1.0,,234.589
2020,7,Belgian Grand Prix,2020-08-30,ocon,OCO,Esteban Ocon,renault,Renault,31,6,5,10.0,44,Finished,10.0,,232.305
2020,7,Belgian Grand Prix,2020-08-30,albon,ALB,Alexander Albon,red_bull,Red Bull,23,5,6,8.0,44,Finished,12.0,,231.886
2020,7,Belgian Grand Prix,2020-08-30,norris,NOR,Lando Norris,mclaren,McLaren,4,10,7,6.0,44,Finished,11.0,,232.279
2020,7,Belgian Grand Prix,2020-08-30,gasly,GAS,Pierre Gasly,alphatauri,AlphaTauri,10,12,8,4.0,44,Finished,3.0,,233.815
2020,7,Belgian Grand Prix,2020-08-30,stroll,STR,Lance Stroll,racing_point,Racing Point,18,9,9,2.0,44,Finished,13.0,,231.036
2020,7,Belgian Grand Prix,2020-08-30,perez,PER,Sergio Pérez,racing_point,Racing Point,11,8,10,1.0,44,Finished,9.0,,232.628
2020,7,Belgian Grand Prix,2020-08-30,kvyat,KVY,Daniil Kvyat,alphatauri,AlphaTauri,26,11,11,0.0,44,Finished,15.0,,229.572
2020,7,Belgian Grand Prix,2020-08-30,raikkonen,RAI,Kimi Räikkönen,alfa,Alfa Romeo,7,16,12,0.0,44,Finished,14.0,,229.593
2020,7,Belgian Grand Prix,2020-08-30,vettel,VET,Sebastian Vettel,ferrari,Ferrari,5,14,13,0.0,44,Finished,16.0,,229.309
2020,7,Belgian Grand Prix,2020-08-30,leclerc,LEC,Charles Leclerc,ferrari,Ferrari,16,13,14,0.0,44,Finished,4.0,,233.813
2020,7,Belgian Grand Prix,2020-08-30,grosjean,GRO,Romain Grosjean,haas,Haas F1 Team,8,17,15,0.0,44,Finished,17.0,,229.184
2020,7,Belgian Grand Prix,2020-08-30,latifi,LAT,Nicholas Latifi,williams,Williams,6,19,16,0.0,44,Finished,6.0,,233.362
2020,7,Belgian Grand Prix,2020-08-30,kevin_magnussen,MAG,Kevin Magnussen,haas,Haas F1 Team,20,20,17,0.0,44,Finished,7.0,,233.287
2020,7,Belgian Grand Prix,2020-08-30,giovinazzi,GIO,Antonio Giovinazzi,alfa,Alfa Romeo,99,18,18,0.0,9,Accident,19.0,,225.545
2020,7,Belgian Grand Prix,2020-08-30,russell,RUS,George Russell,williams,Williams,63,15,19,0.0,9,Debris,18.0,,225.624
2020,7,Belgian Grand Prix,2020-08-30,sainz,SAI,Carlos Sainz,mclaren,McLaren,55,7,20,0.0,0,Exhaust,,,
2020,8,Italian Grand Prix,2020-09-06,gasly,GAS,Pierre Gasly,alphatauri,AlphaTauri,10,10,1,25.0,53,Finished,6.0,,248.162
2020,8,Italian Grand Prix,2020-09-06,sainz,SAI,Carlos Sainz,mclaren,McLaren,55,3,2,18.0,53,Finished,2.0,,248.62
2020,8,Italian Grand Prix,2020-09-06,stroll,STR,Lance Stroll,racing_point,Racing Point,18,8,3,15.0,53,Finished,3.0,,248.576
2020,8,Italian Grand Prix,2020-09-06,norris,NOR,Lando Norris,mclaren,McLaren,4,6,4,12.0,53,Finished,7.0,,247.587
2020,8,Italian Grand Prix,2020-09-06,bottas,BOT,Valtteri Bottas,mercedes,Mercedes,77,2,5,10.0,53,Finished,5.0,,248.386
2020,8,Italian Grand Prix,2020-09-06,ricciardo,RIC,Daniel Ricciardo,renault,Renault,3,7,6,8.0,53,Finished,4.0,,248.573
2020,8,Italian Grand Prix,2020-09-06,hamilton,HAM,Lewis Hamilton,mercedes,Mercedes,44,1,7,7.0,53,Finished,1.0,,252.033
2020,8,Italian Grand Prix,2020-09-06,ocon,OCO,Esteban Ocon,renault,Renault,31,12,8,4.0,53,Finished,11.0,,246.831
2020,8,Italian Grand Prix,2020-09-06,kvyat,KVY,Daniil Kvyat,alphatauri,AlphaTauri,26,11,9,2.0,53,Finished,10.0,,246.863
2020,8,Italian Grand Prix,2020-09-06,perez,PER,Sergio Pérez,racing_point,Racing Point,11,4,10,1.0,53,Finished,8.0,,247.282
2020,8,Italian Grand Prix,2020-09-06,latifi,LAT,Nicholas Latifi,williams,Williams,6,20,11,0.0,53,Finished,16.0,,245.353
2020,8,Italian Grand Prix,2020-09-06,grosjean,GRO,Romain Grosjean,haas,Haas F1 Team,8,16,12,0.0,53,Finished,12.0,,245.972
2020,8,Italian Grand Prix,2020-09-06,raikkonen,RAI,Kimi Räikkönen,alfa,Alfa Romeo,7,14,13,0.0,53,Finished,13.0,,245.827
2020,8,Italian Grand Prix,2020-09-06,russell,RUS,George Russell,williams,Williams,63,19,14,0.0,53,Finished,9.0,,247.033
2020,8,Italian Grand Prix,2020-09-06,albon,ALB,Alexander Albon,red_bull,Red Bull,23,9,15,0.0,53,Finished,15.0,,245.564
2020,8,Italian Grand Prix,2020-09-06,giovinazzi,GIO,Antonio Giovinazzi,alfa,Alfa Romeo,99,18,16,0.0,53,Finished,14.0,,245.766
2020,8,Italian Grand Prix,2020-09-06,max_verstappen,VER,Max Verstappen,red_bull,Red Bull,33,5,17,0.0,30,Power Unit,17.0,,243.804
2020,8,Italian Grand Prix,2020-09-06,leclerc,LEC,Charles Leclerc,ferrari,Ferrari,16,13,18,0.0,23,Accident,19.0,,242.424
2020,8,Italian Grand Prix,2020-09-06,kevin_magnussen,MAG,Kevin Magnussen,haas,Haas F1 Team,20,15,19,0.0,17,Power Unit,18.0,,243.099
2020,8,Italian Grand Prix,2020-09-06,vettel,VET,Sebastian Vettel,ferrari,Ferrari,5,17,20,0.0,6,Brakes,20.0,,239.415
2020,9,Tuscan Grand Prix,2020-09-13,hamilton,HAM,Lewis Hamilton,mercedes,Mercedes,44,1,1,26.0,59,Finished,1.0,,239.518
2020,9,Tuscan Grand Prix,2020-09-13,bottas,BOT,Valtteri Bottas,mercedes,Mercedes,77,2,2,18.0,59,Finished,2.0,,237.712
2020,9,Tuscan Grand Prix,2020-09-13,albon,ALB,Alexander Albon,red_bull,Red Bull,23,4,3,15.0,59,Finished,3.0,,235.909
2020,9,Tuscan Grand Prix,2020-09-13,ricciardo,RIC,Daniel Ricciardo,renault,Renault,3,8,4,12.0,59,Finished,4.0,,234.774
2020,9,Tuscan Grand Prix,2020-09-13,perez,PER,Sergio Pérez,racing_point,Racing Point,11,7,5,10.0,59,Finished,5.0,,234.175
2020,9,Tuscan Grand Prix,2020-09-13,norris,NOR,Lando Norris,mclaren,McLaren,4,11,6,8.0,59,Finished,7.0,,232.542
2020,9,Tuscan Grand Prix,2020-09-13,kvyat,KVY,Daniil Kvyat,alphatauri,AlphaTauri,26,12,7,6.0,59,Finished,10.0,,231.8
2020,9,Tuscan Grand Prix,2020-09-13,leclerc,LEC,Charles Leclerc,ferrari,Ferrari,16,5,8,4.0,59,Finished,9.0,,232.453
2020,9,Tuscan Grand Prix,2020-09-13,raikkonen,RAI,Kimi Räikkönen,alfa,Alfa Romeo,7,13,9,2.0,59,Finished,6.0,,232.64
2020,9,Tuscan Grand Prix,2020-09-13,vettel,VET,Sebastian Vettel,ferrari,Ferrari,5,14,10,1.0,59,Finished,8.0,,232.531
2020,9,Tuscan Grand Prix,2020-09-13,russell,RUS,George Russell,williams,Williams,63,18,11,0.0,59,Finished,11.0,,231.269
2020,9,Tuscan Grand Prix,2020-09-13,grosjean,GRO,Romain Grosjean,haas,Haas F1 Team,8,15,12,0.0,59,Finished,13.0,,229.532
2020,9,Tuscan Grand Prix,2020-09-13,stroll,STR,Lance Stroll,racing_point,Racing Point,18,6,13,0.0,42,Puncture,12.0,,230.077
2020,9,Tuscan Grand Prix,2020-09-13,ocon,OCO,Esteban Ocon,renault,Renault,31,10,14,0.0,7,Brakes,15.0,,143.27
2020,9,Tuscan Grand Prix,2020-09-13,latifi,LAT,Nicholas Latifi,williams,Williams,6,19,15,0.0,6,Collision,14.0,,143.736
2020,9,Tuscan Grand Prix,2020-09-13,kevin_magnussen,MAG,Kevin Magnussen,haas,Haas F1 Team,20,20,16,0.0,5,Collision,17.0,,141.108
2020,9,Tuscan Grand Prix,2020-09-13,giovinazzi,GIO,Antonio Giovinazzi,alfa,Alfa Romeo,99,17,17,0.0,5,Collision,16.0,,141.111
2020,9,Tuscan Grand Prix,2020-09-13,sainz,SAI,Carlos Sainz,mclaren,McLaren,55,9,18,0.0,5,Collision,18.0,,140.802
2020,9,Tuscan Grand Prix,2020-09-13,max_verstappen,VER,Max Verstappen,red_bull,Red Bull,33,3,19,0.0,0,Collision,,,
2020,9,Tuscan Grand Prix,2020-09-13,gasly,GAS,Pierre Gasly,alphatauri,AlphaTauri,10,16,20,0.0,0,Collision,,,
2020,10,Russian Grand Prix,2020-09-27,bottas,BOT,Valtteri Bottas,mercedes,Mercedes,77,3,1,26.0,53,Finished,1.0,,216.972
2020,10,Russian Grand Prix,2020-09-27,max_verstappen,VER,Max Verstappen,red_bull,Red Bull,33,2,2,18.0,53,Finished,3.0,,216.298
2020,10,Russian Grand Prix,2020-09-27,hamilton,HAM,Lewis Hamilton,mercedes,Mercedes,44,1,3,15.0,53,Finished,7.0,,214.66
2020,10,Russian Grand Prix,2020-09-27,perez,PER,Sergio Pérez,racing_point,Racing Point,11,4,4,12.0,53,Finished,8.0,,214.515
2020,10,Russian Grand Prix,2020-09-27,ricciardo,RIC,Daniel Ricciardo,renault,Renault,3,5,5,10.0,53,Finished,6.0,,215.074
2020,10,Russian Grand Prix,2020-09-27,leclerc,LEC,Charles Leclerc,ferrari,Ferrari,16,10,6,8.0,53,Finished,11.0,,212.54
2020,10,Russian Grand Prix,2020-09-27,ocon,OCO,Esteban Ocon,renault,Renault,31,7,7,6.0,53,Finished,13.0,,212.191
2020,10,Russian Grand Prix,2020-09-27,kvyat,KVY,Daniil Kvyat,alphatauri,AlphaTauri,26,11,8,4.0,53,Finished,12.0,,212.369
2020,10,Russian Grand Prix,2020-09-27,gasly,GAS,Pierre Gasly,alphatauri,AlphaTauri,10,9,9,2.0,53,Finished,2.0,,216.523
2020,10,Russian Grand Prix,2020-09-27,albon,ALB,Alexander Albon,red_bull,Red Bull,23,15,10,1.0,53,Finished,9.0,,214.001
2020,10,Russian Grand Prix,2020-09-27,giovinazzi,GIO,Antonio Giovinazzi,alfa,Alfa Romeo,99,17,11,0.0,52,+1 Lap,16.0,,211.021
2020,10,Russian Grand Prix,2020-09-27,kevin_magnussen,MAG,Kevin Magnussen,haas,Haas F1 Team,20,18,12,0.0,52,+1 Lap,17.0,,209.731
2020,10,Russian Grand Prix,2020-09-27,vettel,VET,Sebastian Vettel,ferrari,Ferrari,5,14,13,0.0,52,+1 Lap,14.0,,211.398
2020,10,Russian Grand Prix,2020-09-27,raikkonen,RAI,Kimi Räikkönen,alfa,Alfa Romeo,7,19,14,0.0,52,+1 Lap,10.0,,212.96
2020,10,Russian Grand Prix,2020-09-27,norris,NOR,Lando Norris,mclaren,McLaren,4,8,15,0.0,52,+1 Lap,5.0,,216.198
2020,10,Russian Grand Prix,2020-09-27,latifi,LAT,Nicholas Latifi,williams,Williams,6,20,16,0.0,52,+1 Lap,18.0,,208.352
2020,10,Russian Grand Prix,2020-09-27,grosjean,GRO,Romain Grosjean,haas,Haas F1 Team,8,16,17,0.0,52,+1 Lap,15.0,,211.343
2020,10,Russian Grand Prix,2020-09-27,russell,RUS,George Russell,williams,Williams,63,13,18,0.0,52,+1 Lap,4.0,,216.254
2020,10,Russian Grand Prix,2020-09-27,sainz,SAI,Carlos Sainz,mclaren,McLaren,55,6,19,0.0,0,Accident,,,
2020,10,Russian Grand Prix,2020-09-27,stroll,STR,Lance Stroll,racing_point,Racing Point,18,12,20,0.0,0,Collision,,,
2020,11,Eifel Grand Prix,2020-10-11,hamilton,HAM,Lewis Hamilton,mercedes,Mercedes,44,2,1,25.0,60,Finished,2.0,,210.253
2020,11,Eifel Grand Prix,2020-10-11,max_verstappen,VER,Max Verstappen,red_bull,Red Bull,33,3,2,19.0,60,Finished,1.0,,210.267
2020,11,Eifel Grand Prix,2020-10-11,ricciardo,RIC,Daniel Ricciardo,renault,Renault,3,6,3,15.0,60,Finished,3.0,,206.876
2020,11,Eifel Grand Prix,2020-10-11,perez,PER,Sergio Pérez,racing_point,Racing Point,11,9,4,12.0,60,Finished,4.0,,206.608
2020,11,Eifel Grand Prix,2020-10-11,sainz,SAI,Carlos Sainz,mclaren,McLaren,55,10,5,10.0,60,Finished,6.0,,205.625
2020,11,Eifel Grand Prix,2020-10-11,gasly,GAS,Pierre Gasly,alphatauri,AlphaTauri,10,12,6,8.0,60,Finished,5.0,,205.668
2020,11,Eifel Grand Prix,2020-10-11,leclerc,LEC,Charles Leclerc,ferrari,Ferrari,16,4,7,6.0,60,Finished,10.0,,204.303
2020,11,Eifel Grand Prix,2020-10-11,hulkenberg,HUL,Nico Hülkenberg,racing_point,Racing Point,27,20,8,4.0,60,Finished,11.0,,204.256
2020,11,Eifel Grand Prix,2020-10-11,grosjean,GRO,Romain Grosjean,haas,Haas F1 Team,8,16,9,2.0,60,Finished,14.0,,202.407
2020,11,Eifel Grand Prix,2020-10-11,giovinazzi,GIO,Antonio Giovinazzi,alfa,Alfa Romeo,99,14,10,1.0,60,Finished,12.0,,203.861
2020,11,Eifel Grand Prix,2020-10-11,vettel,VET,Sebastian Vettel,ferrari,Ferrari,5,11,11,0.0,60,Finished,7.0,,204.99
2020,11,Eifel Grand Prix,2020-10-11,raikkonen,RAI,Kimi Räikkönen,alfa,Alfa Romeo,7,19,12,0.0,60,Finished,9.0,,204.755
2020,11,Eifel Grand Prix,2020-10-11,kevin_magnussen,MAG,Kevin Magnussen,haas,Haas F1 Team,20,15,13,0.0,60,Finished,8.0,,204.881
2020,11,Eifel Grand Prix,2020-10-11,latifi,LAT,Nicholas Latifi,williams,Williams,6,18,14,0.0,60,Finished,13.0,,202.816
2020,11,Eifel Grand Prix,2020-10-11,kvyat,KVY,Daniil Kvyat,alphatauri,AlphaTauri,26,13,15,0.0,60,Finished,16.0,,200.975
2020,11,Eifel Grand Prix,2020-10-11,norris,NOR,Lando Norris,mclaren,McLaren,4,8,16,0.0,42,Power Unit,17.0,,200.727
2020,11,Eifel Grand Prix,2020-10-11,albon,ALB,Alexander Albon,red_bull,Red Bull,23,5,17,0.0,23,Radiator,18.0,,200.723
2020,11,Eifel Grand Prix,2020-10-11,ocon,OCO,Esteban Ocon,renault,Renault,31,7,18,0.0,22,Gearbox,19.0,,198.873
2020,11,Eifel Grand Prix,2020-10-11,bottas,BOT,Valtteri Bottas,mercedes,Mercedes,77,1,19,0.0,18,Power Unit,15.0,,201.697
2020,11,Eifel Grand Prix,2020-10-11,russell,RUS,George Russell,williams,Williams,63,17,20,0.0,12,Collision,20.0,,196.06
2020,12,Portuguese Grand Prix,2020-10-25,hamilton,HAM,Lewis Hamilton,mercedes,Mercedes,44,1,1,26.0,66,Finished,1.0,,212.708
2020,12,Portuguese Grand Prix,2020-10-25,bottas,BOT,Valtteri Bottas,mercedes,Mercedes,77,2,2,18.0,66,Finished,2.0,,211.113
2020,12,Portuguese Grand Prix,2020-10-25,max_verstappen,VER,Max Verstappen,red_bull,Red Bull,33,3,3,15.0,66,Finished,4.0,,209.767
2020,12,Portuguese Grand Prix,2020-10-25,leclerc,LEC,Charles Leclerc,ferrari,Ferrari,16,4,4,12.0,66,Finished,7.0,,208.322
2020,12,Portuguese Grand Prix,2020-10-25,gasly,GAS,Pierre Gasly,alphatauri,AlphaTauri,10,9,5,10.0,65,+1 Lap,9.0,,207.952
2020,12,Portuguese Grand Prix,2020-10-25,sainz,SAI,Carlos Sainz,mclaren,McLaren,55,7,6,8.0,65,+1 Lap,6.0,,208.685
2020,12,Portuguese Grand Prix,2020-10-25,perez,PER,Sergio Pérez,racing_point,Racing Point,11,5,7,6.0,65,+1 Lap,11.0,,207.306
2020,12,Portuguese Grand Prix,2020-10-25,ocon,OCO,Esteban Ocon,renault,Renault,31,11,8,4.0,65,+1 Lap,12.0,,207.16
2020,12,Portuguese Grand Prix,2020-10-25,ricciardo,RIC,Daniel Ricciardo,renault,Renault,3,10,9,2.0,65,+1 Lap,14.0,,207.04
2020,12,Portuguese Grand Prix,2020-10-25,vettel,VET,Sebastian Vettel,ferrari,Ferrari,5,15,10,1.0,65,+1 Lap,10.0,,207.489
2020,12,Portuguese Grand Prix,2020-10-25,raikkonen,RAI,Kimi Räikkönen,alfa,Alfa Romeo,7,16,11,0.0,65,+1 Lap,15.0,,206.652
2020,12,Portuguese Grand Prix,2020-10-25,albon,ALB,Alexander Albon,red_bull,Red Bull,23,6,12,0.0,65,+1 Lap,5.0,,209.673
2020,12,Portuguese Grand Prix,2020-10-25,norris,NOR,Lando Norris,mclaren,McLaren,4,8,13,0.0,65,+1 Lap,3.0,,211.073
2020,12,Portuguese Grand Prix,2020-10-25,russell,RUS,George Russell,williams,Williams,63,14,14,0.0,65,+1 Lap,13.0,,207.101
2020,12,Portuguese Grand Prix,2020-10-25,giovinazzi,GIO,Antonio Giovinazzi,alfa,Alfa Romeo,99,17,15,0.0,65,+1 Lap,20.0,,204.544
2020,12,Portuguese Grand Prix,2020-10-25,kevin_magnussen,MAG,Kevin Magnussen,haas,Haas F1 Team,20,19,16,0.0,65,+1 Lap,16.0,,205.632
2020,12,Portuguese Grand Prix,2020-10-25,grosjean,GRO,Romain Grosjean,haas,Haas F1 Team,8,18,17,0.0,65,+1 Lap,17.0,,205.118
2020,12,Portuguese Grand Prix,2020-10-25,latifi,LAT,Nicholas Latifi,williams,Williams,6,20,18,0.0,64,+2 Laps,19.0,,204.629
2020,12,Portuguese Grand Prix,2020-10-25,kvyat,KVY,Daniil Kvyat,alphatauri,AlphaTauri,26,13,19,0.0,64,+2 Laps,8.0,,208.216
2020,12,Portuguese Grand Prix,2020-10-25,stroll,STR,Lance Stroll,racing_point,Racing Point,18,12,20,0.0,51,Collision damage,18.0,,205.043
2020,13,Emilia Romagna Grand Prix,2020-11-01,hamilton,HAM,Lewis Hamilton,mercedes,Mercedes,44,2,1,26.0,63,Finished,1.0,,234.121
2020,13,Emilia Romagna Grand Prix,2020-11-01,bottas,BOT,Valtteri Bottas,mercedes,Mercedes,77,1,2,18.0,63,Finished,2.0,,232.831
2020,13,Emilia Romagna Grand Prix,2020-11-01,ricciardo,RIC,Daniel Ricciardo,renault,Renault,3,5,3,15.0,63,Finished,4.0,,227.878
2020,13,Emilia Romagna Grand Prix,2020-11-01,kvyat,KVY,Daniil Kvyat,alphatauri,AlphaTauri,26,8,4,12.0,63,Finished,6.0,,227.543
2020,13,Emilia Romagna Grand Prix,2020-11-01,leclerc,LEC,Charles Leclerc,ferrari,Ferrari,16,7,5,10.0,63,Finished,12.0,,226.067
2020,13,Emilia Romagna Grand Prix,2020-11-01,perez,PER,Sergio Pérez,racing_point,Racing Point,11,11,6,8.0,63,Finished,9.0,,226.325
2020,13,Emilia Romagna Grand Prix,2020-11-01,sainz,SAI,Carlos Sainz,mclaren,McLaren,55,10,7,6.0,63,Finished,11.0,,226.226
2020,13,Emilia Romagna Grand Prix,2020-11-01,norris,NOR,Lando Norris,mclaren,McLaren,4,9,8,4.0,63,Finished,8.0,,226.368
2020,13,Emilia Romagna Grand Prix,2020-11-01,raikkonen,RAI,Kimi Räikkönen,alfa,Alfa Romeo,7,18,9,2.0,63,Finished,10.0,,226.313
2020,13,Emilia Romagna Grand Prix,2020-11-01,giovinazzi,GIO,Antonio Giovinazzi,alfa,Alfa Romeo,99,20,10,1.0,63,Finished,15.0,,224.286
2020,13,Emilia Romagna Grand Prix,2020-11-01,latifi,LAT,Nicholas Latifi,williams,Williams,6,19,11,0.0,63,Finished,14.0,,224.499
2020,13,Emilia Romagna Grand Prix,2020-11-01,vettel,VET,Sebastian Vettel,ferrari,Ferrari,5,14,12,0.0,63,Finished,7.0,,227.248
2020,13,Emilia Romagna Grand Prix,2020-11-01,stroll,STR,Lance Stroll,racing_point,Racing Point,18,15,13,0.0,63,Finished,13.0,,225.528
2020,13,Emilia Romagna Grand Prix,2020-11-01,grosjean,GRO,Romain Grosjean,haas,Haas F1 Team,8,16,14,0.0,63,Finished,17.0,,224.206
2020,13,Emilia Romagna Grand Prix,2020-11-01,albon,ALB,Alexander Albon,red_bull,Red Bull,23,6,15,0.0,63,Finished,3.0,,231.991
2020,13,Emilia Romagna Grand Prix,2020-11-01,russell,RUS,George Russell,williams,Williams,63,13,16,0.0,51,Accident,16.0,,224.237
2020,13,Emilia Romagna Grand Prix,2020-11-01,max_verstappen,VER,Max Verstappen,red_bull,Red Bull,33,3,17,0.0,50,Puncture,5.0,,227.628
2020,13,Emilia Romagna Grand Prix,2020-11-01,kevin_magnussen,MAG,Kevin Magnussen,haas,Haas F1 Team,20,17,18,0.0,47,Illness,18.0,,222.93
2020,13,Emilia Romagna Grand Prix,2020-11-01,ocon,OCO,Esteban Ocon,renault,Renault,31,12,19,0.0,27,Gearbox,19.0,,221.998
2020,13,Emilia Romagna Grand Prix,2020-11-01,gasly,GAS,Pierre Gasly,alphatauri,AlphaTauri,10,4,20,0.0,8,Water pressure,20.0,,219.797
2020,14,Turkish Grand Prix,2020-11-15,hamilton,HAM,Lewis Hamilton,mercedes,Mercedes,44,6,1,25.0,58,Finished,6.0,,193.302
2020,14,Turkish Grand Prix,2020-11-15,perez,PER,Sergio Pérez,racing_point,Racing Point,11,3,2,18.0,58,Finished,12.0,,191.417
2020,14,Turkish Grand Prix,2020-11-15,vettel,VET,Sebastian Vettel,ferrari,Ferrari,5,11,3,15.0,58,Finished,8.0,,192.819
2020,14,Turkish Grand Prix,2020-11-15,leclerc,LEC,Charles Leclerc,ferrari,Ferrari,16,12,4,12.0,58,Finished,11.0,,192.242
2020,14,Turkish Grand Prix,2020-11-15,sainz,SAI,Carlos Sainz,mclaren,McLaren,55,15,5,10.0,58,Finished,4.0,,194.592
2020,14,Turkish Grand Prix,2020-11-15,max_verstappen,VER,Max Verstappen,red_bull,Red Bull,33,2,6,8.0,58,Finished,3.0,,195.231
2020,14,Turkish Grand Prix,2020-11-15,albon,ALB,Alexander Albon,red_bull,Red Bull,23,4,7,6.0,58,Finished,5.0,,193.915
2020,14,Turkish Grand Prix,2020-11-15,norris,NOR,Lando Norris,mclaren,McLaren,4,14,8,5.0,58,Finished,1.0,,198.508
2020,14,Turkish Grand Prix,2020-11-15,stroll,STR,Lance Stroll,racing_point,Racing Point,18,1,9,2.0,58,Finished,10.0,,192.319
2020,14,Turkish Grand Prix,2020-11-15,ricciardo,RIC,Daniel Ricciardo,renault,Renault,3,5,10,1.0,58,Finished,13.0,,190.875
2020,14,Turkish Grand Prix,2020-11-15,ocon,OCO,Esteban Ocon,renault,Renault,31,7,11,0.0,57,+1 Lap,16.0,,190.254
2020,14,Turkish Grand Prix,2020-11-15,kvyat,KVY,Daniil Kvyat,alphatauri,AlphaTauri,26,16,12,0.0,57,+1 Lap,17.0,,190.229
2020,14,Turkish Grand Prix,2020-11-15,gasly,GAS,Pierre Gasly,alphatauri,AlphaTauri,10,19,13,0.0,57,+1 Lap,7.0,,192.966
2020,14,Turkish Grand Prix,2020-11-15,bottas,BOT,Valtteri Bottas,mercedes,Mercedes,77,9,14,0.0,57,+1 Lap,2.0,,195.704
2020,14,Turkish Grand Prix,2020-11-15,raikkonen,RAI,Kimi Räikkönen,alfa,Alfa Romeo,7,8,15,0.0,57,+1 Lap,9.0,,192.663
2020,14,Turkish Grand Prix,2020-11-15,russell,RUS,George Russell,williams,Williams,63,0,16,0.0,57,+1 Lap,14.0,,190.616
2020,14,Turkish Grand Prix,2020-11-15,kevin_magnussen,MAG,Kevin Magnussen,haas,Haas F1 Team,20,13,17,0.0,55,Withdrew,15.0,,190.363
2020,14,Turkish Grand Prix,2020-11-15,grosjean,GRO,Romain Grosjean,haas,Haas F1 Team,8,17,18,0.0,49,Collision damage,18.0,,186.063
2020,14,Turkish Grand Prix,2020-11-15,latifi,LAT,Nicholas Latifi,williams,Williams,6,0,19,0.0,39,Collision damage,19.0,,185.678
2020,14,Turkish Grand Prix,2020-11-15,giovinazzi,GIO,Antonio Giovinazzi,alfa,Alfa Romeo,99,10,20,0.0,11,Gearbox,20.0,,172.934
2020,15,Bahrain Grand Prix,2020-11-29,hamilton,HAM,Lewis Hamilton,mercedes,Mercedes,44,1,1,25.0,57,Finished,3.0,,209.803
2020,15,Bahrain Grand Prix,2020-11-29,max_verstappen,VER,Max Verstappen,red_bull,Red Bull,33,3,2,19.0,57,Finished,1.0,,211.741
2020,15,Bahrain Grand Prix,2020-11-29,albon,ALB,Alexander Albon,red_bull,Red Bull,23,4,3,15.0,57,Finished,10.0,,207.967
2020,15,Bahrain Grand Prix,2020-11-29,norris,NOR,Lando Norris,mclaren,McLaren,4,9,4,12.0,57,Finished,7.0,,208.18
2020,15,Bahrain Grand Prix,2020-11-29,sainz,SAI,Carlos Sainz,mclaren,McLaren,55,15,5,10.0,57,Finished,5.0,,208.575
2020,15,Bahrain Grand Prix,2020-11-29,gasly,GAS,Pierre Gasly,alphatauri,AlphaTauri,10,8,6,8.0,57,Finished,16.0,,205.482
2020,15,Bahrain Grand Prix,2020-11-29,ricciardo,RIC,Daniel Ricciardo,renault,Renault,3,6,7,6.0,57,Finished,2.0,,209.887
2020,15,Bahrain Grand Prix,2020-11-29,bottas,BOT,Valtteri Bottas,mercedes,Mercedes,77,2,8,4.0,57,Finished,4.0,,208.706
2020,15,Bahrain Grand Prix,2020-11-29,ocon,OCO,Esteban Ocon,renault,Renault,31,7,9,2.0,57,Finished,13.0,,206.49
2020,15,Bahrain Grand Prix,2020-11-29,leclerc,LEC,Charles Leclerc,ferrari,Ferrari,16,12,10,1.0,56,+1 Lap,8.0,,208.098
2020,15,Bahrain Grand Prix,2020-11-29,kvyat,KVY,Daniil Kvyat,alphatauri,AlphaTauri,26,10,11,0.0,56,+1 Lap,12.0,,206.957
2020,15,Bahrain Grand Prix,2020-11-29,russell,RUS,George Russell,williams,Williams,63,14,12,0.0,56,+1 Lap,17.0,,204.995
2020,15,Bahrain Grand Prix,2020-11-29,vettel,VET,Sebastian Vettel,ferrari,Ferrari,5,11,13,0.0,56,+1 Lap,11.0,,207.575
2020,15,Bahrain Grand Prix,2020-11-29,latifi,LAT,Nicholas Latifi,williams,Williams,6,20,14,0.0,56,+1 Lap,15.0,,205.973
2020,15,Bahrain Grand Prix,2020-11-29,raikkonen,RAI,Kimi Räikkönen,alfa,Alfa Romeo,7,17,15,0.0,56,+1 Lap,6.0,,208.213
2020,15,Bahrain Grand Prix,2020-11-29,giovinazzi,GIO,Antonio Giovinazzi,alfa,Alfa Romeo,99,16,16,0.0,56,+1 Lap,14.0,,206.092
2020,15,Bahrain Grand Prix,2020-11-29,kevin_magnussen,MAG,Kevin Magnussen,haas,Haas F1 Team,20,18,17,0.0,56,+1 Lap,18.0,,204.567
2020,15,Bahrain Grand Prix,2020-11-29,perez,PER,Sergio Pérez,racing_point,Racing Point,11,5,18,0.0,53,Engine,9.0,,208.089
2020,15,Bahrain Grand Prix,2020-11-29,stroll,STR,Lance Stroll,racing_point,Racing Point,18,13,19,0.0,2,Collision,,,
2020,15,Bahrain Grand Prix,2020-11-29,grosjean,GRO,Romain Grosjean,haas,Haas F1 Team,8,19,20,0.0,0,Collision,,,
2020,16,Sakhir Grand Prix,2020-12-06,perez,PER,Sergio Pérez,racing_point,Racing Point,11,5,1,25.0,87,Finished,3.0,,224.599
2020,16,Sakhir Grand Prix,2020-12-06,ocon,OCO,Esteban Ocon,renault,Renault,31,11,2,18.0,87,Finished,12.0,,222.402
2020,16,Sakhir Grand Prix,2020-12-06,stroll,STR,Lance Stroll,racing_point,Racing Point,18,10,3,15.0,87,Finished,14.0,,222.255
2020,16,Sakhir Grand Prix,2020-12-06,sainz,SAI,Carlos Sainz,mclaren,McLaren,55,8,4,12.0,87,Finished,9.0,,223.122
2020,16,Sakhir Grand Prix,2020-12-06,ricciardo,RIC,Daniel Ricciardo,renault,Renault,3,7,5,10.0,87,Finished,6.0,,223.85
2020,16,Sakhir Grand Prix,2020-12-06,albon,ALB,Alexander Albon,red_bull,Red Bull,23,12,6,8.0,87,Finished,8.0,,223.548
2020,16,Sakhir Grand Prix,2020-12-06,kvyat,KVY,Daniil Kvyat,alphatauri,AlphaTauri,26,6,7,6.0,87,Finished,7.0,,223.764
2020,16,Sakhir Grand Prix,2020-12-06,bottas,BOT,Valtteri Bottas,mercedes,Mercedes,77,1,8,4.0,87,Finished,2.0,,225.497
2020,16,Sakhir Grand Prix,2020-12-06,russell,RUS,George Russell,mercedes,Mercedes,63,2,9,3.0,87,Finished,1.0,,230.214
2020,16,Sakhir Grand Prix,2020-12-06,norris,NOR,Lando Norris,mclaren,McLaren,4,19,10,1.0,87,Finished,11.0,,222.713
2020,16,Sakhir Grand Prix,2020-12-06,gasly,GAS,Pierre Gasly,alphatauri,AlphaTauri,10,9,11,0.0,87,Finished,10.0,,222.908
2020,16,Sakhir Grand Prix,2020-12-06,vettel,VET,Sebastian Vettel,ferrari,Ferrari,5,13,12,0.0,87,Finished,5.0,,224.141
2020,16,Sakhir Grand Prix,2020-12-06,giovinazzi,GIO,Antonio Giovinazzi,alfa,Alfa Romeo,99,14,13,0.0,87,Finished,4.0,,224.212
2020,16,Sakhir Grand Prix,2020-12-06,raikkonen,RAI,Kimi Räikkönen,alfa,Alfa Romeo,7,18,14,0.0,87,Finished,13.0,,222.305
2020,16,Sakhir Grand Prix,2020-12-06,kevin_magnussen,MAG,Kevin Magnussen,haas,Haas F1 Team,20,15,15,0.0,87,Finished,16.0,,221.76
2020,16,Sakhir Grand Prix,2020-12-06,aitken,AIT,Jack Aitken,williams,Williams,89,17,16,0.0,87,Finished,15.0,,222.24
2020,16,Sakhir Grand Prix,2020-12-06,pietro_fittipaldi,FIT,Pietro Fittipaldi,haas,Haas F1 Team,51,20,17,0.0,87,Finished,17.0,,220.892
2020,16,Sakhir Grand Prix,2020-12-06,latifi,LAT,Nicholas Latifi,williams,Williams,6,16,18,0.0,52,Engine,18.0,,219.132
2020,16,Sakhir Grand Prix,2020-12-06,max_verstappen,VER,Max Verstappen,red_bull,Red Bull,33,3,19,0.0,0,Accident,,,
2020,16,Sakhir Grand Prix,2020-12-06,leclerc,LEC,Charles Leclerc,ferrari,Ferrari,16,4,20,0.0,0,Collision,,,
2020,17,Abu Dhabi Grand Prix,2020-12-13,max_verstappen,VER,Max Verstappen,red_bull,Red Bull,33,1,1,25.0,55,Finished,2.0,,198.046
2020,17,Abu Dhabi Grand Prix,2020-12-13,bottas,BOT,Valtteri Bottas,mercedes,Mercedes,77,2,2,18.0,55,Finished,3.0,,197.707
2020,17,Abu Dhabi Grand Prix,2020-12-13,hamilton,HAM,Lewis Hamilton,mercedes,Mercedes,44,3,3,15.0,55,Finished,5.0,,197.144
2020,17,Abu Dhabi Grand Prix,2020-12-13,albon,ALB,Alexander Albon,red_bull,Red Bull,23,5,4,12.0,55,Finished,4.0,,197.52
2020,17,Abu Dhabi Grand Prix,2020-12-13,norris,NOR,Lando Norris,mclaren,McLaren,4,4,5,10.0,55,Finished,12.0,,196.092
2020,17,Abu Dhabi Grand Prix,2020-12-13,sainz,SAI,Carlos Sainz,mclaren,McLaren,55,6,6,8.0,55,Finished,11.0,,196.125
2020,17,Abu Dhabi Grand Prix,2020-12-13,ricciardo,RIC,Daniel Ricciardo,renault,Renault,3,11,7,7.0,55,Finished,1.0,,198.109
2020,17,Abu Dhabi Grand Prix,2020-12-13,gasly,GAS,Pierre Gasly,alphatauri,AlphaTauri,10,9,8,4.0,55,Finished,15.0,,195.116
2020,17,Abu Dhabi Grand Prix,2020-12-13,ocon,OCO,Esteban Ocon,renault,Renault,31,10,9,2.0,55,Finished,18.0,,194.32
2020,17,Abu Dhabi Grand Prix,2020-12-13,stroll,STR,Lance Stroll,racing_point,Racing Point,18,8,10,1.0,55,Finished,9.0,,196.281
2020,17,Abu Dhabi Grand Prix,2020-12-13,kvyat,KVY,Daniil Kvyat,alphatauri,AlphaTauri,26,7,11,0.0,54,+1 Lap,17.0,,194.679
2020,17,Abu Dhabi Grand Prix,2020-12-13,raikkonen,RAI,Kimi Räikkönen,alfa,Alfa Romeo,7,15,12,0.0,54,+1 Lap,14.0,,195.739
2020,17,Abu Dhabi Grand Prix,2020-12-13,leclerc,LEC,Charles Leclerc,ferrari,Ferrari,16,12,13,0.0,54,+1 Lap,10.0,,196.2
2020,17,Abu Dhabi Grand Prix,2020-12-13,vettel,VET,Sebastian Vettel,ferrari,Ferrari,5,13,14,0.0,54,+1 Lap,6.0,,197.037
2020,17,Abu Dhabi Grand Prix,2020-12-13,russell,RUS,George Russell,williams,Williams,63,16,15,0.0,54,+1 Lap,20.0,,193.504
2020,17,Abu Dhabi Grand Prix,2020-12-13,giovinazzi,GIO,Antonio Giovinazzi,alfa,Alfa Romeo,99,14,16,0.0,54,+1 Lap,7.0,,196.65
2020,17,Abu Dhabi Grand Prix,2020-12-13,latifi,LAT,Nicholas Latifi,williams,Williams,6,18,17,0.0,54,+1 Lap,16.0,,195.073
2020,17,Abu Dhabi Grand Prix,2020-12-13,kevin_magnussen,MAG,Kevin Magnussen,haas,Haas F1 Team,20,20,18,0.0,54,+1 Lap,13.0,,196.025
2020,17,Abu Dhabi Grand Prix,2020-12-13,pietro_fittipaldi,FIT,Pietro Fittipaldi,haas,Haas F1 Team,51,17,19,0.0,53,+2 Laps,8.0,,196.588
2020,17,Abu Dhabi Grand Prix,2020-12-13,perez,PER,Sergio Pérez,racing_point,Racing Point,11,19,20,0.0,8,Transmission,19.0,,193.625
2021,1,Bahrain Grand Prix,2021-03-28,hamilton,HAM,Lewis Hamilton,mercedes,Mercedes,44,2,1,25.0,56,Finished,4.0,,207.235
2021,1,Bahrain Grand Prix,2021-03-28,max_verstappen,VER,Max Verstappen,red_bull,Red Bull,33,1,2,18.0,56,Finished,2.0,,208.984
2021,1,Bahrain Grand Prix,2021-03-28,bottas,BOT,Valtteri Bottas,mercedes,Mercedes,77,3,3,16.0,56,Finished,1.0,,211.566
2021,1,Bahrain Grand Prix,2021-03-28,norris,NOR,Lando Norris,mclaren,McLaren,4,7,4,12.0,56,Finished,6.0,,206.398
2021,1,Bahrain Grand Prix,2021-03-28,perez,PER,Sergio Pérez,red_bull,Red Bull,11,0,5,10.0,56,Finished,3.0,,207.334
2021,1,Bahrain Grand Prix,2021-03-28,leclerc,LEC,Charles Leclerc,ferrari,Ferrari,16,4,6,8.0,56,Finished,11.0,,205.112
2021,1,Bahrain Grand Prix,2021-03-28,ricciardo,RIC,Daniel Ricciardo,mclaren,McLaren,3,6,7,6.0,56,Finished,10.0,,205.233
2021,1,Bahrain Grand Prix,2021-03-28,sainz,SAI,Carlos Sainz,ferrari,Ferrari,55,8,8,4.0,56,Finished,7.0,,206.151
2021,1,Bahrain Grand Prix,2021-03-28,tsunoda,TSU,Yuki Tsunoda,alphatauri,AlphaTauri,22,13,9,2.0,56,Finished,8.0,,205.603
2021,1,Bahrain Grand Prix,2021-03-28,stroll,STR,Lance Stroll,aston_martin,Aston Martin,18,10,10,1.0,56,Finished,9.0,,205.378
2021,1,Bahrain Grand Prix,2021-03-28,raikkonen,RAI,Kimi Räikkönen,alfa,Alfa Romeo,7,14,11,0.0,56,Finished,14.0,,204.672
2021,1,Bahrain Grand Prix,2021-03-28,giovinazzi,GIO,Antonio Giovinazzi,alfa,Alfa Romeo,99,12,12,0.0,55,+1 Lap,13.0,,204.823
2021,1,Bahrain Grand Prix,2021-03-28,ocon,OCO,Esteban Ocon,alpine,Alpine F1 Team,31,16,13,0.0,55,+1 Lap,15.0,,204.548
2021,1,Bahrain Grand Prix,2021-03-28,russell,RUS,George Russell,williams,Williams,63,15,14,0.0,55,+1 Lap,12.0,,205.008
2021,1,Bahrain Grand Prix,2021-03-28,vettel,VET,Sebastian Vettel,aston_martin,Aston Martin,5,20,15,0.0,55,+1 Lap,16.0,,203.871
2021,1,Bahrain Grand Prix,2021-03-28,mick_schumacher,MSC,Mick Schumacher,haas,Haas F1 Team,47,18,16,0.0,55,+1 Lap,18.0,,202.667
2021,1,Bahrain Grand Prix,2021-03-28,gasly,GAS,Pierre Gasly,alphatauri,AlphaTauri,10,5,17,0.0,52,Retired,5.0,,207.069
2021,1,Bahrain Grand Prix,2021-03-28,latifi,LAT,Nicholas Latifi,williams,Williams,6,17,18,0.0,51,Retired,19.0,,201.685
2021,1,Bahrain Grand Prix,2021-03-28,alonso,ALO,Fernando Alonso,alpine,Alpine F1 Team,14,9,19,0.0,32,Brakes,17.0,,202.816
2021,1,Bahrain Grand Prix,2021-03-28,mazepin,MAZ,Nikita Mazepin,haas,Haas F1 Team,9,19,20,0.0,0,Accident,,,
2021,2,Emilia Romagna Grand Prix,2021-04-18,max_verstappen,VER,Max Verstappen,red_bull,Red Bull,33,3,1,25.0,63,Finished,2.0,,227.96
2021,2,Emilia Romagna Grand Prix,2021-04-18,hamilton,HAM,Lewis Hamilton,mercedes,Mercedes,44,1,2,19.0,63,Finished,1.0,,230.403
2021,2,Emilia Romagna Grand Prix,2021-04-18,norris,NOR,Lando Norris,mclaren,McLaren,4,7,3,15.0,63,Finished,3.0,,225.819
2021,2,Emilia Romagna Grand Prix,2021-04-18,leclerc,LEC,Charles Leclerc,ferrari,Ferrari,16,4,4,12.0,63,Finished,6.0,,225.473
2021,2,Emilia Romagna Grand Prix,2021-04-18,sainz,SAI,Carlos Sainz,ferrari,Ferrari,55,11,5,10.0,63,Finished,7.0,,225.154
2021,2,Emilia Romagna Grand Prix,2021-04-18,ricciardo,RIC,Daniel Ricciardo,mclaren,McLaren,3,6,6,8.0,63,Finished,12.0,,222.739
2021,2,Emilia Romagna Grand Prix,2021-04-18,gasly,GAS,Pierre Gasly,alphatauri,AlphaTauri,10,5,7,6.0,63,Finished,9.0,,223.718
2021,2,Emilia Romagna Grand Prix,2021-04-18,stroll,STR,Lance Stroll,aston_martin,Aston Martin,18,10,8,4.0,63,Finished,8.0,,224.32
2021,2,Emilia Romagna Grand Prix,2021-04-18,ocon,OCO,Esteban Ocon,alpine,Alpine F1 Team,31,9,9,2.0,63,Finished,15.0,,222.512
2021,2,Emilia Romagna Grand Prix,2021-04-18,alonso,ALO,Fernando Alonso,alpine,Alpine F1 Team,14,15,10,1.0,63,Finished,14.0,,222.526
2021,2,Emilia Romagna Grand Prix,2021-04-18,perez,PER,Sergio Pérez,red_bull,Red Bull,11,2,11,0.0,63,Finished,13.0,,222.585
2021,2,Emilia Romagna Grand Prix,2021-04-18,tsunoda,TSU,Yuki Tsunoda,alphatauri,AlphaTauri,22,20,12,0.0,63,Finished,4.0,,225.603
2021,2,Emilia Romagna Grand Prix,2021-04-18,raikkonen,RAI,Kimi Räikkönen,alfa,Alfa Romeo,7,16,13,0.0,63,Finished,5.0,,225.548
2021,2,Emilia Romagna Grand Prix,2021-04-18,giovinazzi,GIO,Antonio Giovinazzi,alfa,Alfa Romeo,99,17,14,0.0,62,+1 Lap,16.0,,222.378
2021,2,Emilia Romagna Grand Prix,2021-04-18,vettel,VET,Sebastian Vettel,aston_martin,Aston Martin,5,0,15,0.0,61,Gearbox,10.0,,223.491
2021,2,Emilia Romagna Grand Prix,2021-04-18,mick_schumacher,MSC,Mick Schumacher,haas,Haas F1 Team,47,18,16,0.0,61,+2 Laps,11.0,,223.156
2021,2,Emilia Romagna Grand Prix,2021-04-18,mazepin,MAZ,Nikita Mazepin,haas,Haas F1 Team,9,19,17,0.0,61,+2 Laps,17.0,,219.8
2021,2,Emilia Romagna Grand Prix,2021-04-18,bottas,BOT,Valtteri Bottas,mercedes,Mercedes,77,8,18,0.0,30,Collision,19.0,,199.721
2021,2,Emilia Romagna Grand Prix,2021-04-18,russell,RUS,George Russell,williams,Williams,63,12,19,0.0,30,Collision,18.0,,204.203
2021,2,Emilia Romagna Grand Prix,2021-04-18,latifi,LAT,Nicholas Latifi,williams,Williams,6,14,20,0.0,0,Collision,,,
2021,3,Portuguese Grand Prix,2021-05-02,hamilton,HAM,Lewis Hamilton,mercedes,Mercedes,44,2,1,25.0,66,Finished,4.0,,206.971
2021,3,Portuguese Grand Prix,2021-05-02,max_verstappen,VER,Max Verstappen,red_bull,Red Bull,33,3,2,18.0,66,Finished,3.0,,207.581
2021,3,Portuguese Grand Prix,2021-05-02,bottas,BOT,Valtteri Bottas,mercedes,Mercedes,77,1,3,16.0,66,Finished,1.0,,209.738
2021,3,Portuguese Grand Prix,2021-05-02,perez,PER,Sergio Pérez,red_bull,Red Bull,11,4,4,12.0,66,Finished,2.0,,207.715
2021,3,Portuguese Grand Prix,2021-05-02,norris,NOR,Lando Norris,mclaren,McLaren,4,7,5,10.0,66,Finished,7.0,,205.038
2021,3,Portuguese Grand Prix,2021-05-02,leclerc,LEC,Charles Leclerc,ferrari,Ferrari,16,8,6,8.0,66,Finished,6.0,,205.541
2021,3,Portuguese Grand Prix,2021-05-02,ocon,OCO,Esteban Ocon,alpine,Alpine F1 Team,31,6,7,6.0,66,Finished,8.0,,204.562
2021,3,Portuguese Grand Prix,2021-05-02,alonso,ALO,Fernando Alonso,alpine,Alpine F1 Team,14,13,8,4.0,66,Finished,5.0,,206.718
2021,3,Portuguese Grand Prix,2021-05-02,ricciardo,RIC,Daniel Ricciardo,mclaren,McLaren,3,16,9,2.0,66,Finished,10.0,,204.31
2021,3,Portuguese Grand Prix,2021-05-02,gasly,GAS,Pierre Gasly,alphatauri,AlphaTauri,10,9,10,1.0,66,Finished,11.0,,204.243
2021,3,Portuguese Grand Prix,2021-05-02,sainz,SAI,Carlos Sainz,ferrari,Ferrari,55,5,11,0.0,66,Finished,14.0,,203.471
2021,3,Portuguese Grand Prix,2021-05-02,giovinazzi,GIO,Antonio Giovinazzi,alfa,Alfa Romeo,99,12,12,0.0,65,+1 Lap,13.0,,203.862
2021,3,Portuguese Grand Prix,2021-05-02,vettel,VET,Sebastian Vettel,aston_martin,Aston Martin,5,10,13,0.0,65,+1 Lap,15.0,,203.246
2021,3,Portuguese Grand Prix,2021-05-02,stroll,STR,Lance Stroll,aston_martin,Aston Martin,18,17,14,0.0,65,+1 Lap,9.0,,204.352
2021,3,Portuguese Grand Prix,2021-05-02,tsunoda,TSU,Yuki Tsunoda,alphatauri,AlphaTauri,22,14,15,0.0,65,+1 Lap,12.0,,204.133
2021,3,Portuguese Grand Prix,2021-05-02,russell,RUS,George Russell,williams,Williams,63,11,16,0.0,65,+1 Lap,16.0,,202.661
2021,3,Portuguese Grand Prix,2021-05-02,mick_schumacher,MSC,Mick Schumacher,haas,Haas F1 Team,47,19,17,0.0,64,+2 Laps,17.0,,202.414
2021,3,Portuguese Grand Prix,2021-05-02,latifi,LAT,Nicholas Latifi,williams,Williams,6,18,18,0.0,64,+2 Laps,18.0,,201.44
2021,3,Portuguese Grand Prix,2021-05-02,mazepin,MAZ,Nikita Mazepin,haas,Haas F1 Team,9,20,19,0.0,64,+2 Laps,19.0,,200.27
2021,3,Portuguese Grand Prix,2021-05-02,raikkonen,RAI,Kimi Räikkönen,alfa,Alfa Romeo,7,15,20,0.0,1,Collision damage,,,
2021,4,Spanish Grand Prix,2021-05-09,hamilton,HAM,Lewis Hamilton,mercedes,Mercedes,44,1,1,25.0,66,Finished,5.0,,208.64
2021,4,Spanish Grand Prix,2021-05-09,max_verstappen,VER,Max Verstappen,red_bull,Red Bull,33,2,2,19.0,66,Finished,1.0,,215.357
2021,4,Spanish Grand Prix,2021-05-09,bottas,BOT,Valtteri Bottas,mercedes,Mercedes,77,3,3,15.0,66,Finished,2.0,,211.884
2021,4,Spanish Grand Prix,2021-05-09,leclerc,LEC,Charles Leclerc,ferrari,Ferrari,16,4,4,12.0,66,Finished,4.0,,209.174
2021,4,Spanish Grand Prix,2021-05-09,perez,PER,Sergio Pérez,red_bull,Red Bull,11,8,5,10.0,66,Finished,3.0,,211.743
2021,4,Spanish Grand Prix,2021-05-09,ricciardo,RIC,Daniel Ricciardo,mclaren,McLaren,3,7,6,8.0,66,Finished,10.0,,205.612
2021,4,Spanish Grand Prix,2021-05-09,sainz,SAI,Carlos Sainz,ferrari,Ferrari,55,6,7,6.0,66,Finished,9.0,,206.33
2021,4,Spanish Grand Prix,2021-05-09,norris,NOR,Lando Norris,mclaren,McLaren,4,9,8,4.0,65,+1 Lap,7.0,,207.064
2021,4,Spanish Grand Prix,2021-05-09,ocon,OCO,Esteban Ocon,alpine,Alpine F1 Team,31,5,9,2.0,65,+1 Lap,18.0,,202.014
2021,4,Spanish Grand Prix,2021-05-09,gasly,GAS,Pierre Gasly,alphatauri,AlphaTauri,10,12,10,1.0,65,+1 Lap,8.0,,206.82
2021,4,Spanish Grand Prix,2021-05-09,stroll,STR,Lance Stroll,aston_martin,Aston Martin,18,11,11,0.0,65,+1 Lap,11.0,,203.735
2021,4,Spanish Grand Prix,2021-05-09,raikkonen,RAI,Kimi Räikkönen,alfa,Alfa Romeo,7,17,12,0.0,65,+1 Lap,15.0,,203.094
2021,4,Spanish Grand Prix,2021-05-09,vettel,VET,Sebastian Vettel,aston_martin,Aston Martin,5,13,13,0.0,65,+1 Lap,14.0,,203.211
2021,4,Spanish Grand Prix,2021-05-09,russell,RUS,George Russell,williams,Williams,63,15,14,0.0,65,+1 Lap,17.0,,202.264
2021,4,Spanish Grand Prix,2021-05-09,giovinazzi,GIO,Antonio Giovinazzi,alfa,Alfa Romeo,99,14,15,0.0,65,+1 Lap,13.0,,203.255
2021,4,Spanish Grand Prix,2021-05-09,latifi,LAT,Nicholas Latifi,williams,Williams,6,19,16,0.0,65,+1 Lap,16.0,,203.003
2021,4,Spanish Grand Prix,2021-05-09,alonso,ALO,Fernando Alonso,alpine,Alpine F1 Team,14,10,17,0.0,65,+1 Lap,6.0,,207.311
2021,4,Spanish Grand Prix,2021-05-09,mick_schumacher,MSC,Mick Schumacher,haas,Haas F1 Team,47,18,18,0.0,64,+2 Laps,12.0,,203.661
2021,4,Spanish Grand Prix,2021-05-09,mazepin,MAZ,Nikita Mazepin,haas,Haas F1 Team,9,20,19,0.0,64,+2 Laps,19.0,,200.261
2021,4,Spanish Grand Prix,2021-05-09,tsunoda,TSU,Yuki Tsunoda,alphatauri,AlphaTauri,22,16,20,0.0,6,Electrical,20.0,,198.408
2021,5,Monaco Grand Prix,2021-05-23,max_verstappen,VER,Max Verstappen,red_bull,Red Bull,33,2,1,25.0,78,Finished,6.0,,160.929
2021,5,Monaco Grand Prix,2021-05-23,sainz,SAI,Carlos Sainz,ferrari,Ferrari,55,4,2,18.0,78,Finished,5.0,,160.989
2021,5,Monaco Grand Prix,2021-05-23,norris,NOR,Lando Norris,mclaren,McLaren,4,5,3,15.0,78,Finished,7.0,,160.883
2021,5,Monaco Grand Prix,2021-05-23,perez,PER,Sergio Pérez,red_bull,Red Bull,11,9,4,12.0,78,Finished,3.0,,161.138
2021,5,Monaco Grand Prix,2021-05-23,vettel,VET,Sebastian Vettel,aston_martin,Aston Martin,5,8,5,10.0,78,Finished,11.0,,159.503
2021,5,Monaco Grand Prix,2021-05-23,gasly,GAS,Pierre Gasly,alphatauri,AlphaTauri,10,6,6,8.0,78,Finished,14.0,,159.3
2021,5,Monaco Grand Prix,2021-05-23,hamilton,HAM,Lewis Hamilton,mercedes,Mercedes,44,7,7,7.0,78,Finished,1.0,,164.769
2021,5,Monaco Grand Prix,2021-05-23,stroll,STR,Lance Stroll,aston_martin,Aston Martin,18,13,8,4.0,77,+1 Lap,8.0,,160.875
2021,5,Monaco Grand Prix,2021-05-23,ocon,OCO,Esteban Ocon,alpine,Alpine F1 Team,31,11,9,2.0,77,+1 Lap,12.0,,159.503
2021,5,Monaco Grand Prix,2021-05-23,giovinazzi,GIO,Antonio Giovinazzi,alfa,Alfa Romeo,99,10,10,1.0,77,+1 Lap,13.0,,159.472
2021,5,Monaco Grand Prix,2021-05-23,raikkonen,RAI,Kimi Räikkönen,alfa,Alfa Romeo,7,14,11,0.0,77,+1 Lap,9.0,,160.237
2021,5,Monaco Grand Prix,2021-05-23,ricciardo,RIC,Daniel Ricciardo,mclaren,McLaren,3,12,12,0.0,77,+1 Lap,4.0,,161.082
2021,5,Monaco Grand Prix,2021-05-23,alonso,ALO,Fernando Alonso,alpine,Alpine F1 Team,14,17,13,0.0,77,+1 Lap,10.0,,160.12
2021,5,Monaco Grand Prix,2021-05-23,russell,RUS,George Russell,williams,Williams,63,15,14,0.0,77,+1 Lap,15.0,,159.033
2021,5,Monaco Grand Prix,2021-05-23,latifi,LAT,Nicholas Latifi,williams,Williams,6,18,15,0.0,77,+1 Lap,16.0,,158.961
2021,5,Monaco Grand Prix,2021-05-23,tsunoda,TSU,Yuki Tsunoda,alphatauri,AlphaTauri,22,16,16,0.0,77,+1 Lap,2.0,,162.259
2021,5,Monaco Grand Prix,2021-05-23,mazepin,MAZ,Nikita Mazepin,haas,Haas F1 Team,9,19,17,0.0,75,+3 Laps,19.0,,156.287
2021,5,Monaco Grand Prix,2021-05-23,mick_schumacher,MSC,Mick Schumacher,haas,Haas F1 Team,47,20,18,0.0,75,+3 Laps,18.0,,157.189
2021,5,Monaco Grand Prix,2021-05-23,bottas,BOT,Valtteri Bottas,mercedes,Mercedes,77,3,19,0.0,29,Wheel nut,17.0,,158.682
2021,5,Monaco Grand Prix,2021-05-23,leclerc,LEC,Charles Leclerc,ferrari,Ferrari,16,1,20,0.0,0,Driveshaft,,,
2021,6,Azerbaijan Grand Prix,2021-06-06,perez,PER,Sergio Pérez,red_bull,Red Bull,11,6,1,25.0,51,Finished,2.0,,206.432
2021,6,Azerbaijan Grand Prix,2021-06-06,vettel,VET,Sebastian Vettel,aston_martin,Aston Martin,5,11,2,18.0,51,Finished,4.0,,206.032
2021,6,Azerbaijan Grand Prix,2021-06-06,gasly,GAS,Pierre Gasly,alphatauri,AlphaTauri,10,4,3,15.0,51,Finished,6.0,,205.386
2021,6,Azerbaijan Grand Prix,2021-06-06,leclerc,LEC,Charles Leclerc,ferrari,Ferrari,16,1,4,12.0,51,Finished,8.0,,205.071
2021,6,Azerbaijan Grand Prix,2021-06-06,norris,NOR,Lando Norris,mclaren,McLaren,4,9,5,10.0,51,Finished,7.0,,205.18
2021,6,Azerbaijan Grand Prix,2021-06-06,alonso,ALO,Fernando Alonso,alpine,Alpine F1 Team,14,8,6,8.0,51,Finished,11.0,,204.601
2021,6,Azerbaijan Grand Prix,2021-06-06,tsunoda,TSU,Yuki Tsunoda,alphatauri,AlphaTauri,22,7,7,6.0,51,Finished,5.0,,205.936
2021,6,Azerbaijan Grand Prix,2021-06-06,sainz,SAI,Carlos Sainz,ferrari,Ferrari,55,5,8,4.0,51,Finished,13.0,,204.454
2021,6,Azerbaijan Grand Prix,2021-06-06,ricciardo,RIC,Daniel Ricciardo,mclaren,McLaren,3,13,9,2.0,51,Finished,14.0,,204.428
2021,6,Azerbaijan Grand Prix,2021-06-06,raikkonen,RAI,Kimi Räikkönen,alfa,Alfa Romeo,7,14,10,1.0,51,Finished,10.0,,204.645
2021,6,Azerbaijan Grand Prix,2021-06-06,giovinazzi,GIO,Antonio Giovinazzi,alfa,Alfa Romeo,99,20,11,0.0,51,Finished,9.0,,204.696
2021,6,Azerbaijan Grand Prix,2021-06-06,bottas,BOT,Valtteri Bottas,mercedes,Mercedes,77,10,12,0.0,51,Finished,12.0,,204.521
2021,6,Azerbaijan Grand Prix,2021-06-06,mick_schumacher,MSC,Mick Schumacher,haas,Haas F1 Team,47,17,13,0.0,51,Finished,18.0,,200.799
2021,6,Azerbaijan Grand Prix,2021-06-06,mazepin,MAZ,Nikita Mazepin,haas,Haas F1 Team,9,18,14,0.0,51,Finished,19.0,,200.569
2021,6,Azerbaijan Grand Prix,2021-06-06,hamilton,HAM,Lewis Hamilton,mercedes,Mercedes,44,2,15,0.0,51,Finished,3.0,,206.27
2021,6,Azerbaijan Grand Prix,2021-06-06,latifi,LAT,Nicholas Latifi,williams,Williams,6,16,16,0.0,51,Finished,17.0,,202.712
2021,6,Azerbaijan Grand Prix,2021-06-06,russell,RUS,George Russell,williams,Williams,63,15,17,0.0,48,Gearbox,15.0,,203.954
2021,6,Azerbaijan Grand Prix,2021-06-06,max_verstappen,VER,Max Verstappen,red_bull,Red Bull,33,3,18,0.0,45,Accident,1.0,,206.839
2021,6,Azerbaijan Grand Prix,2021-06-06,stroll,STR,Lance Stroll,aston_martin,Aston Martin,18,19,19,0.0,29,Accident,16.0,,203.478
2021,6,Azerbaijan Grand Prix,2021-06-06,ocon,OCO,Esteban Ocon,alpine,Alpine F1 Team,31,12,20,0.0,3,Turbo,20.0,,194.955
2021,7,French Grand Prix,2021-06-20,max_verstappen,VER,Max Verstappen,red_bull,Red Bull,33,1,1,26.0,53,Finished,1.0,,218.156
2021,7,French Grand Prix,2021-06-20,hamilton,HAM,Lewis Hamilton,mercedes,Mercedes,44,2,2,18.0,53,Finished,5.0,,215.903
2021,7,French Grand Prix,2021-06-20,perez,PER,Sergio Pérez,red_bull,Red Bull,11,4,3,15.0,53,Finished,2.0,,217.504
2021,7,French Grand Prix,2021-06-20,bottas,BOT,Valtteri Bottas,mercedes,Mercedes,77,3,4,12.0,53,Finished,3.0,,216.905
2021,7,French Grand Prix,2021-06-20,norris,NOR,Lando Norris,mclaren,McLaren,4,8,5,10.0,53,Finished,6.0,,215.87
2021,7,French Grand Prix,2021-06-20,ricciardo,RIC,Daniel Ricciardo,mclaren,McLaren,3,10,6,8.0,53,Finished,14.0,,213.896
2021,7,French Grand Prix,2021-06-20,gasly,GAS,Pierre Gasly,alphatauri,AlphaTauri,10,6,7,6.0,53,Finished,11.0,,214.378
2021,7,French Grand Prix,2021-06-20,alonso,ALO,Fernando Alonso,alpine,Alpine F1 Team,14,9,8,4.0,53,Finished,7.0,,215.382
2021,7,French Grand Prix,2021-06-20,vettel,VET,Sebastian Vettel,aston_martin,Aston Martin,5,12,9,2.0,53,Finished,4.0,,216.508
2021,7,French Grand Prix,2021-06-20,stroll,STR,Lance Stroll,aston_martin,Aston Martin,18,19,10,1.0,53,Finished,9.0,,214.981
2021,7,French Grand Prix,2021-06-20,sainz,SAI,Carlos Sainz,ferrari,Ferrari,55,5,11,0.0,53,Finished,18.0,,212.584
2021,7,French Grand Prix,2021-06-20,russell,RUS,George Russell,williams,Williams,63,14,12,0.0,52,+1 Lap,13.0,,213.918
2021,7,French Grand Prix,2021-06-20,tsunoda,TSU,Yuki Tsunoda,alphatauri,AlphaTauri,22,0,13,0.0,52,+1 Lap,19.0,,212.479
2021,7,French Grand Prix,2021-06-20,ocon,OCO,Esteban Ocon,alpine,Alpine F1 Team,31,11,14,0.0,52,+1 Lap,15.0,,213.2
2021,7,French Grand Prix,2021-06-20,giovinazzi,GIO,Antonio Giovinazzi,alfa,Alfa Romeo,99,13,15,0.0,52,+1 Lap,16.0,,213.077
2021,7,French Grand Prix,2021-06-20,leclerc,LEC,Charles Leclerc,ferrari,Ferrari,16,7,16,0.0,52,+1 Lap,8.0,,215.304
2021,7,French Grand Prix,2021-06-20,raikkonen,RAI,Kimi Räikkönen,alfa,Alfa Romeo,7,17,17,0.0,52,+1 Lap,10.0,,214.621
2021,7,French Grand Prix,2021-06-20,latifi,LAT,Nicholas Latifi,williams,Williams,6,16,18,0.0,52,+1 Lap,12.0,,213.92
2021,7,French Grand Prix,2021-06-20,mick_schumacher,MSC,Mick Schumacher,haas,Haas F1 Team,47,15,19,0.0,52,+1 Lap,17.0,,212.765
2021,7,French Grand Prix,2021-06-20,mazepin,MAZ,Nikita Mazepin,haas,Haas F1 Team,9,18,20,0.0,52,+1 Lap,20.0,,211.758
2021,8,Styrian Grand Prix,2021-06-27,max_verstappen,VER,Max Verstappen,red_bull,Red Bull,33,1,1,25.0,71,Finished,3.0,,228.542
2021,8,Styrian Grand Prix,2021-06-27,hamilton,HAM,Lewis Hamilton,mercedes,Mercedes,44,2,2,19.0,71,Finished,1.0,,231.811
2021,8,Styrian Grand Prix,2021-06-27,bottas,BOT,Valtteri Bottas,mercedes,Mercedes,77,5,3,15.0,71,Finished,5.0,,226.537
2021,8,Styrian Grand Prix,2021-06-27,perez,PER,Sergio Pérez,red_bull,Red Bull,11,4,4,12.0,71,Finished,2.0,,228.956
2021,8,Styrian Grand Prix,2021-06-27,norris,NOR,Lando Norris,mclaren,McLaren,4,3,5,10.0,70,+1 Lap,7.0,,225.604
2021,8,Styrian Grand Prix,2021-06-27,sainz,SAI,Carlos Sainz,ferrari,Ferrari,55,12,6,8.0,70,+1 Lap,4.0,,226.57
2021,8,Styrian Grand Prix,2021-06-27,leclerc,LEC,Charles Leclerc,ferrari,Ferrari,16,7,7,6.0,70,+1 Lap,6.0,,226.145
2021,8,Styrian Grand Prix,2021-06-27,stroll,STR,Lance Stroll,aston_martin,Aston Martin,18,9,8,4.0,70,+1 Lap,14.0,,222.746
2021,8,Styrian Grand Prix,2021-06-27,alonso,ALO,Fernando Alonso,alpine,Alpine F1 Team,14,8,9,2.0,70,+1 Lap,13.0,,222.867
2021,8,Styrian Grand Prix,2021-06-27,tsunoda,TSU,Yuki Tsunoda,alphatauri,AlphaTauri,22,11,10,1.0,70,+1 Lap,11.0,,223.184
2021,8,Styrian Grand Prix,2021-06-27,raikkonen,RAI,Kimi Räikkönen,alfa,Alfa Romeo,7,18,11,0.0,70,+1 Lap,8.0,,224.869
2021,8,Styrian Grand Prix,2021-06-27,vettel,VET,Sebastian Vettel,aston_martin,Aston Martin,5,14,12,0.0,70,+1 Lap,15.0,,222.637
2021,8,Styrian Grand Prix,2021-06-27,ricciardo,RIC,Daniel Ricciardo,mclaren,McLaren,3,13,13,0.0,70,+1 Lap,9.0,,224.295
2021,8,Styrian Grand Prix,2021-06-27,ocon,OCO,Esteban Ocon,alpine,Alpine F1 Team,31,17,14,0.0,70,+1 Lap,10.0,,223.421
2021,8,Styrian Grand Prix,2021-06-27,giovinazzi,GIO,Antonio Giovinazzi,alfa,Alfa Romeo,99,15,15,0.0,70,+1 Lap,12.0,,222.95
2021,8,Styrian Grand Prix,2021-06-27,mick_schumacher,MSC,Mick Schumacher,haas,Haas F1 Team,47,19,16,0.0,69,+2 Laps,16.0,,222.052
2021,8,Styrian Grand Prix,2021-06-27,latifi,LAT,Nicholas Latifi,williams,Williams,6,16,17,0.0,68,+3 Laps,17.0,,221.739
2021,8,Styrian Grand Prix,2021-06-27,mazepin,MAZ,Nikita Mazepin,haas,Haas F1 Team,9,20,18,0.0,68,+3 Laps,19.0,,219.092
2021,8,Styrian Grand Prix,2021-06-27,russell,RUS,George Russell,williams,Williams,63,10,19,0.0,36,Engine,18.0,,220.496
2021,8,Styrian Grand Prix,2021-06-27,gasly,GAS,Pierre Gasly,alphatauri,AlphaTauri,10,6,20,0.0,1,Collision,,,
2021,9,Austrian Grand Prix,2021-07-04,max_verstappen,VER,Max Verstappen,red_bull,Red Bull,33,1,1,26.0,71,Finished,1.0,,234.815
2021,9,Austrian Grand Prix,2021-07-04,bottas,BOT,Valtteri Bottas,mercedes,Mercedes,77,5,2,18.0,71,Finished,6.0,,227.349
2021,9,Austrian Grand Prix,2021-07-04,norris,NOR,Lando Norris,mclaren,McLaren,4,2,3,15.0,71,Finished,10.0,,227.027
2021,9,Austrian Grand Prix,2021-07-04,hamilton,HAM,Lewis Hamilton,mercedes,Mercedes,44,4,4,12.0,71,Finished,3.0,,228.177
2021,9,Austrian Grand Prix,2021-07-04,sainz,SAI,Carlos Sainz,ferrari,Ferrari,55,10,5,10.0,71,Finished,2.0,,229.402
2021,9,Austrian Grand Prix,2021-07-04,perez,PER,Sergio Pérez,red_bull,Red Bull,11,3,6,8.0,71,Finished,5.0,,227.956
2021,9,Austrian Grand Prix,2021-07-04,ricciardo,RIC,Daniel Ricciardo,mclaren,McLaren,3,13,7,6.0,71,Finished,14.0,,225.876
2021,9,Austrian Grand Prix,2021-07-04,leclerc,LEC,Charles Leclerc,ferrari,Ferrari,16,12,8,4.0,71,Finished,13.0,,226.277
2021,9,Austrian Grand Prix,2021-07-04,gasly,GAS,Pierre Gasly,alphatauri,AlphaTauri,10,6,9,2.0,71,Finished,4.0,,228.11
2021,9,Austrian Grand Prix,2021-07-04,alonso,ALO,Fernando Alonso,alpine,Alpine F1 Team,14,14,10,1.0,70,+1 Lap,7.0,,227.246
2021,9,Austrian Grand Prix,2021-07-04,russell,RUS,George Russell,williams,Williams,63,8,11,0.0,70,+1 Lap,16.0,,225.613
2021,9,Austrian Grand Prix,2021-07-04,tsunoda,TSU,Yuki Tsunoda,alphatauri,AlphaTauri,22,7,12,0.0,70,+1 Lap,9.0,,227.08
2021,9,Austrian Grand Prix,2021-07-04,stroll,STR,Lance Stroll,aston_martin,Aston Martin,18,9,13,0.0,70,+1 Lap,12.0,,226.405
2021,9,Austrian Grand Prix,2021-07-04,giovinazzi,GIO,Antonio Giovinazzi,alfa,Alfa Romeo,99,15,14,0.0,70,+1 Lap,17.0,,225.149
2021,9,Austrian Grand Prix,2021-07-04,raikkonen,RAI,Kimi Räikkönen,alfa,Alfa Romeo,7,16,15,0.0,70,+1 Lap,15.0,,225.699
2021,9,Austrian Grand Prix,2021-07-04,latifi,LAT,Nicholas Latifi,williams,Williams,6,18,16,0.0,70,+1 Lap,11.0,,226.865
2021,9,Austrian Grand Prix,2021-07-04,vettel,VET,Sebastian Vettel,aston_martin,Aston Martin,5,11,17,0.0,69,Collision,8.0,,227.196
2021,9,Austrian Grand Prix,2021-07-04,mick_schumacher,MSC,Mick Schumacher,haas,Haas F1 Team,47,19,18,0.0,69,+2 Laps,18.0,,224.007
2021,9,Austrian Grand Prix,2021-07-04,mazepin,MAZ,Nikita Mazepin,haas,Haas F1 Team,9,20,19,0.0,69,+2 Laps,19.0,,222.842
2021,9,Austrian Grand Prix,2021-07-04,ocon,OCO,Esteban Ocon,alpine,Alpine F1 Team,31,17,20,0.0,0,Collision,,,
2021,10,British Grand Prix,2021-07-18,hamilton,HAM,Lewis Hamilton,mercedes,Mercedes,44,2,1,25.0,52,Finished,2.0,,236.43
2021,10,British Grand Prix,2021-07-18,leclerc,LEC,Charles Leclerc,ferrari,Ferrari,16,4,2,18.0,52,Finished,5.0,,234.159
2021,10,British Grand Prix,2021-07-18,bottas,BOT,Valtteri Bottas,mercedes,Mercedes,77,3,3,15.0,52,Finished,4.0,,234.275
2021,10,British Grand Prix,2021-07-18,norris,NOR,Lando Norris,mclaren,McLaren,4,5,4,12.0,52,Finished,9.0,,231.979
2021,10,British Grand Prix,2021-07-18,ricciardo,RIC,Daniel Ricciardo,mclaren,McLaren,3,6,5,10.0,52,Finished,8.0,,232.325
2021,10,British Grand Prix,2021-07-18,sainz,SAI,Carlos Sainz,ferrari,Ferrari,55,10,6,8.0,52,Finished,7.0,,232.48
2021,10,British Grand Prix,2021-07-18,alonso,ALO,Fernando Alonso,alpine,Alpine F1 Team,14,7,7,6.0,52,Finished,10.0,,231.276
2021,10,British Grand Prix,2021-07-18,stroll,STR,Lance Stroll,aston_martin,Aston Martin,18,14,8,4.0,52,Finished,12.0,,230.537
2021,10,British Grand Prix,2021-07-18,ocon,OCO,Esteban Ocon,alpine,Alpine F1 Team,31,9,9,2.0,52,Finished,14.0,,229.992
2021,10,British Grand Prix,2021-07-18,tsunoda,TSU,Yuki Tsunoda,alphatauri,AlphaTauri,22,16,10,1.0,52,Finished,6.0,,233.497
2021,10,British Grand Prix,2021-07-18,gasly,GAS,Pierre Gasly,alphatauri,AlphaTauri,10,11,11,0.0,52,Finished,3.0,,234.945
2021,10,British Grand Prix,2021-07-18,russell,RUS,George Russell,williams,Williams,63,12,12,0.0,51,+1 Lap,13.0,,230.394
2021,10,British Grand Prix,2021-07-18,giovinazzi,GIO,Antonio Giovinazzi,alfa,Alfa Romeo,99,15,13,0.0,51,+1 Lap,15.0,,229.653
2021,10,British Grand Prix,2021-07-18,latifi,LAT,Nicholas Latifi,williams,Williams,6,17,14,0.0,51,+1 Lap,16.0,,229.328
2021,10,British Grand Prix,2021-07-18,raikkonen,RAI,Kimi Räikkönen,alfa,Alfa Romeo,7,13,15,0.0,51,+1 Lap,11.0,,230.78
2021,10,British Grand Prix,2021-07-18,perez,PER,Sergio Pérez,red_bull,Red Bull,11,0,16,0.0,51,+1 Lap,1.0,,239.317
2021,10,British Grand Prix,2021-07-18,mazepin,MAZ,Nikita Mazepin,haas,Haas F1 Team,9,19,17,0.0,51,+1 Lap,18.0,,228.262
2021,10,British Grand Prix,2021-07-18,mick_schumacher,MSC,Mick Schumacher,haas,Haas F1 Team,47,18,18,0.0,51,+1 Lap,17.0,,228.377
2021,10,British Grand Prix,2021-07-18,vettel,VET,Sebastian Vettel,aston_martin,Aston Martin,5,8,19,0.0,40,Retired,19.0,,227.894
2021,10,British Grand Prix,2021-07-18,max_verstappen,VER,Max Verstappen,red_bull,Red Bull,33,1,20,0.0,0,Collision,,,
2021,11,Hungarian Grand Prix,2021-08-01,ocon,OCO,Esteban Ocon,alpine,Alpine F1 Team,31,8,1,25.0,70,Finished,5.0,,193.704
2021,11,Hungarian Grand Prix,2021-08-01,hamilton,HAM,Lewis Hamilton,mercedes,Mercedes,44,1,2,18.0,70,Finished,2.0,,200.363
2021,11,Hungarian Grand Prix,2021-08-01,sainz,SAI,Carlos Sainz,ferrari,Ferrari,55,15,3,15.0,70,Finished,6.0,,193.699
2021,11,Hungarian Grand Prix,2021-08-01,alonso,ALO,Fernando Alonso,alpine,Alpine F1 Team,14,9,4,12.0,70,Finished,3.0,,196.264
2021,11,Hungarian Grand Prix,2021-08-01,gasly,GAS,Pierre Gasly,alphatauri,AlphaTauri,10,5,5,11.0,70,Finished,1.0,,201.183
2021,11,Hungarian Grand Prix,2021-08-01,tsunoda,TSU,Yuki Tsunoda,alphatauri,AlphaTauri,22,16,6,8.0,70,Finished,10.0,,191.286
2021,11,Hungarian Grand Prix,2021-08-01,latifi,LAT,Nicholas Latifi,williams,Williams,6,18,7,6.0,70,Finished,14.0,,190.406
2021,11,Hungarian Grand Prix,2021-08-01,russell,RUS,George Russell,williams,Williams,63,17,8,4.0,70,Finished,9.0,,192.074
2021,11,Hungarian Grand Prix,2021-08-01,max_verstappen,VER,Max Verstappen,red_bull,Red Bull,33,3,9,2.0,70,Finished,4.0,,194.843
2021,11,Hungarian Grand Prix,2021-08-01,raikkonen,RAI,Kimi Räikkönen,alfa,Alfa Romeo,7,13,10,1.0,69,+1 Lap,8.0,,193.473
2021,11,Hungarian Grand Prix,2021-08-01,ricciardo,RIC,Daniel Ricciardo,mclaren,McLaren,3,11,11,0.0,69,+1 Lap,13.0,,190.473
2021,11,Hungarian Grand Prix,2021-08-01,mick_schumacher,MSC,Mick Schumacher,haas,Haas F1 Team,47,20,12,0.0,69,+1 Lap,11.0,,190.683
2021,11,Hungarian Grand Prix,2021-08-01,giovinazzi,GIO,Antonio Giovinazzi,alfa,Alfa Romeo,99,0,13,0.0,69,+1 Lap,12.0,,190.625
2021,11,Hungarian Grand Prix,2021-08-01,mazepin,MAZ,Nikita Mazepin,haas,Haas F1 Team,9,19,14,0.0,3,Collision,,,
2021,11,Hungarian Grand Prix,2021-08-01,norris,NOR,Lando Norris,mclaren,McLaren,4,6,15,0.0,2,Collision,,,
2021,11,Hungarian Grand Prix,2021-08-01,bottas,BOT,Valtteri Bottas,mercedes,Mercedes,77,2,16,0.0,0,Collision,,,
2021,11,Hungarian Grand Prix,2021-08-01,perez,PER,Sergio Pérez,red_bull,Red Bull,11,4,17,0.0,0,Collision,,,
2021,11,Hungarian Grand Prix,2021-08-01,leclerc,LEC,Charles Leclerc,ferrari,Ferrari,16,7,18,0.0,0,Collision,,,
2021,11,Hungarian Grand Prix,2021-08-01,stroll,STR,Lance Stroll,aston_martin,Aston Martin,18,12,19,0.0,0,Collision,,,
2021,11,Hungarian Grand Prix,2021-08-01,vettel,VET,Sebastian Vettel,aston_martin,Aston Martin,5,10,20,0.0,70,Disqualified,7.0,,193.613
2021,12,Belgian Grand Prix,2021-08-29,max_verstappen,VER,Max Verstappen,red_bull,Red Bull,33,1,1,12.5,1,Finished,,,
2021,12,Belgian Grand Prix,2021-08-29,russell,RUS,George Russell,williams,Williams,63,2,2,9.0,1,Finished,,,
2021,12,Belgian Grand Prix,2021-08-29,hamilton,HAM,Lewis Hamilton,mercedes,Mercedes,44,3,3,7.5,1,Finished,,,
2021,12,Belgian Grand Prix,2021-08-29,ricciardo,RIC,Daniel Ricciardo,mclaren,McLaren,3,4,4,6.0,1,Finished,,,
2021,12,Belgian Grand Prix,2021-08-29,vettel,VET,Sebastian Vettel,aston_martin,Aston Martin,5,5,5,5.0,1,Finished,,,
2021,12,Belgian Grand Prix,2021-08-29,gasly,GAS,Pierre Gasly,alphatauri,AlphaTauri,10,6,6,4.0,1,Finished,,,
2021,12,Belgian Grand Prix,2021-08-29,ocon,OCO,Esteban Ocon,alpine,Alpine F1 Team,31,8,7,3.0,1,Finished,,,
2021,12,Belgian Grand Prix,2021-08-29,leclerc,LEC,Charles Leclerc,ferrari,Ferrari,16,9,8,2.0,1,Finished,,,
2021,12,Belgian Grand Prix,2021-08-29,latifi,LAT,Nicholas Latifi,williams,Williams,6,10,9,1.0,1,Finished,,,
2021,12,Belgian Grand Prix,2021-08-29,sainz,SAI,Carlos Sainz,ferrari,Ferrari,55,11,10,0.5,1,Finished,,,
2021,12,Belgian Grand Prix,2021-08-29,alonso,ALO,Fernando Alonso,alpine,Alpine F1 Team,14,12,11,0.0,1,Finished,,,
2021,12,Belgian Grand Prix,2021-08-29,bottas,BOT,Valtteri Bottas,mercedes,Mercedes,77,13,12,0.0,1,Finished,,,
2021,12,Belgian Grand Prix,2021-08-29,giovinazzi,GIO,Antonio Giovinazzi,alfa,Alfa Romeo,99,14,13,0.0,1,Finished,,,
2021,12,Belgian Grand Prix,2021-08-29,norris,NOR,Lando Norris,mclaren,McLaren,4,15,14,0.0,1,Finished,,,
2021,12,Belgian Grand Prix,2021-08-29,tsunoda,TSU,Yuki Tsunoda,alphatauri,AlphaTauri,22,16,15,0.0,1,Finished,,,
2021,12,Belgian Grand Prix,2021-08-29,mick_schumacher,MSC,Mick Schumacher,haas,Haas F1 Team,47,17,16,0.0,1,Finished,,,
2021,12,Belgian Grand Prix,2021-08-29,mazepin,MAZ,Nikita Mazepin,haas,Haas F1 Team,9,18,17,0.0,1,Finished,,,
2021,12,Belgian Grand Prix,2021-08-29,raikkonen,RAI,Kimi Räikkönen,alfa,Alfa Romeo,7,0,18,0.0,1,Finished,,,
2021,12,Belgian Grand Prix,2021-08-29,perez,PER,Sergio Pérez,red_bull,Red Bull,11,0,19,0.0,1,Finished,,,
2021,12,Belgian Grand Prix,2021-08-29,stroll,STR,Lance Stroll,aston_martin,Aston Martin,18,19,20,0.0,1,Finished,,,
2021,13,Dutch Grand Prix,2021-09-05,max_verstappen,VER,Max Verstappen,red_bull,Red Bull,33,1,1,25.0,72,Finished,3.0,,209.244
2021,13,Dutch Grand Prix,2021-09-05,hamilton,HAM,Lewis Hamilton,mercedes,Mercedes,44,2,2,19.0,72,Finished,1.0,,215.654
2021,13,Dutch Grand Prix,2021-09-05,bottas,BOT,Valtteri Bottas,mercedes,Mercedes,77,3,3,15.0,72,Finished,2.0,,211.338
2021,13,Dutch Grand Prix,2021-09-05,gasly,GAS,Pierre Gasly,alphatauri,AlphaTauri,10,4,4,12.0,71,+1 Lap,10.0,,204.929
2021,13,Dutch Grand Prix,2021-09-05,leclerc,LEC,Charles Leclerc,ferrari,Ferrari,16,5,5,10.0,71,+1 Lap,9.0,,205.033
2021,13,Dutch Grand Prix,2021-09-05,alonso,ALO,Fernando Alonso,alpine,Alpine F1 Team,14,9,6,8.0,71,+1 Lap,7.0,,206.294
2021,13,Dutch Grand Prix,2021-09-05,sainz,SAI,Carlos Sainz,ferrari,Ferrari,55,6,7,6.0,71,+1 Lap,13.0,,203.725
2021,13,Dutch Grand Prix,2021-09-05,perez,PER,Sergio Pérez,red_bull,Red Bull,11,0,8,4.0,71,+1 Lap,4.0,,208.714
2021,13,Dutch Grand Prix,2021-09-05,ocon,OCO,Esteban Ocon,alpine,Alpine F1 Team,31,8,9,2.0,71,+1 Lap,8.0,,205.321
2021,13,Dutch Grand Prix,2021-09-05,norris,NOR,Lando Norris,mclaren,McLaren,4,13,10,1.0,71,+1 Lap,6.0,,206.535
2021,13,Dutch Grand Prix,2021-09-05,ricciardo,RIC,Daniel Ricciardo,mclaren,McLaren,3,10,11,0.0,71,+1 Lap,11.0,,204.65
2021,13,Dutch Grand Prix,2021-09-05,stroll,STR,Lance Stroll,aston_martin,Aston Martin,18,12,12,0.0,70,+2 Laps,15.0,,202.78
2021,13,Dutch Grand Prix,2021-09-05,vettel,VET,Sebastian Vettel,aston_martin,Aston Martin,5,15,13,0.0,70,+2 Laps,5.0,,207.312
2021,13,Dutch Grand Prix,2021-09-05,giovinazzi,GIO,Antonio Giovinazzi,alfa,Alfa Romeo,99,7,14,0.0,70,+2 Laps,12.0,,204.091
2021,13,Dutch Grand Prix,2021-09-05,kubica,KUB,Robert Kubica,alfa,Alfa Romeo,88,16,15,0.0,70,+2 Laps,14.0,,203.234
2021,13,Dutch Grand Prix,2021-09-05,latifi,LAT,Nicholas Latifi,williams,Williams,6,0,16,0.0,70,+2 Laps,18.0,,202.301
2021,13,Dutch Grand Prix,2021-09-05,russell,RUS,George Russell,williams,Williams,63,11,17,0.0,69,Gearbox,16.0,,202.734
2021,13,Dutch Grand Prix,2021-09-05,mick_schumacher,MSC,Mick Schumacher,haas,Haas F1 Team,47,17,18,0.0,69,+3 Laps,19.0,,201.936
2021,13,Dutch Grand Prix,2021-09-05,tsunoda,TSU,Yuki Tsunoda,alphatauri,AlphaTauri,22,14,19,0.0,48,Power Unit,17.0,,202.319
2021,13,Dutch Grand Prix,2021-09-05,mazepin,MAZ,Nikita Mazepin,haas,Haas F1 Team,9,18,20,0.0,41,Hydraulics,20.0,,201.567
2021,14,Italian Grand Prix,2021-09-12,ricciardo,RIC,Daniel Ricciardo,mclaren,McLaren,3,2,1,26.0,53,Finished,1.0,,245.894
2021,14,Italian Grand Prix,2021-09-12,norris,NOR,Lando Norris,mclaren,McLaren,4,3,2,18.0,53,Finished,3.0,,245.434
2021,14,Italian Grand Prix,2021-09-12,bottas,BOT,Valtteri Bottas,mercedes,Mercedes,77,19,3,15.0,53,Finished,2.0,,245.85
2021,14,Italian Grand Prix,2021-09-12,leclerc,LEC,Charles Leclerc,ferrari,Ferrari,16,5,4,12.0,53,Finished,6.0,,244.433
2021,14,Italian Grand Prix,2021-09-12,perez,PER,Sergio Pérez,red_bull,Red Bull,11,8,5,10.0,53,Finished,4.0,,244.901
2021,14,Italian Grand Prix,2021-09-12,sainz,SAI,Carlos Sainz,ferrari,Ferrari,55,6,6,8.0,53,Finished,8.0,,243.747
2021,14,Italian Grand Prix,2021-09-12,stroll,STR,Lance Stroll,aston_martin,Aston Martin,18,9,7,6.0,53,Finished,13.0,,242.912
2021,14,Italian Grand Prix,2021-09-12,alonso,ALO,Fernando Alonso,alpine,Alpine F1 Team,14,10,8,4.0,53,Finished,7.0,,243.995
2021,14,Italian Grand Prix,2021-09-12,russell,RUS,George Russell,williams,Williams,63,14,9,2.0,53,Finished,11.0,,242.963
2021,14,Italian Grand Prix,2021-09-12,ocon,OCO,Esteban Ocon,alpine,Alpine F1 Team,31,12,10,1.0,53,Finished,9.0,,243.727
2021,14,Italian Grand Prix,2021-09-12,latifi,LAT,Nicholas Latifi,williams,Williams,6,13,11,0.0,53,Finished,16.0,,242.63
2021,14,Italian Grand Prix,2021-09-12,vettel,VET,Sebastian Vettel,aston_martin,Aston Martin,5,11,12,0.0,53,Finished,15.0,,242.672
2021,14,Italian Grand Prix,2021-09-12,giovinazzi,GIO,Antonio Giovinazzi,alfa,Alfa Romeo,99,7,13,0.0,53,Finished,10.0,,243.295
2021,14,Italian Grand Prix,2021-09-12,kubica,KUB,Robert Kubica,alfa,Alfa Romeo,88,17,14,0.0,53,Finished,12.0,,242.924
2021,14,Italian Grand Prix,2021-09-12,mick_schumacher,MSC,Mick Schumacher,haas,Haas F1 Team,47,18,15,0.0,53,Finished,17.0,,240.52
2021,14,Italian Grand Prix,2021-09-12,mazepin,MAZ,Nikita Mazepin,haas,Haas F1 Team,9,16,16,0.0,41,Power Unit,18.0,,239.155
2021,14,Italian Grand Prix,2021-09-12,hamilton,HAM,Lewis Hamilton,mercedes,Mercedes,44,4,17,0.0,25,Collision,14.0,,242.864
2021,14,Italian Grand Prix,2021-09-12,max_verstappen,VER,Max Verstappen,red_bull,Red Bull,33,1,18,0.0,25,Collision,5.0,,244.852
2021,14,Italian Grand Prix,2021-09-12,gasly,GAS,Pierre Gasly,alphatauri,AlphaTauri,10,0,19,0.0,3,Suspension,19.0,,234.31
2021,14,Italian Grand Prix,2021-09-12,tsunoda,TSU,Yuki Tsunoda,alphatauri,AlphaTauri,22,0,20,0.0,0,Brakes,,,
2021,15,Russian Grand Prix,2021-09-26,hamilton,HAM,Lewis Hamilton,mercedes,Mercedes,44,4,1,25.0,53,Finished,2.0,,215.76
2021,15,Russian Grand Prix,2021-09-26,max_verstappen,VER,Max Verstappen,red_bull,Red Bull,33,20,2,18.0,53,Finished,5.0,,213.959
2021,15,Russian Grand Prix,2021-09-26,sainz,SAI,Carlos Sainz,ferrari,Ferrari,55,2,3,15.0,53,Finished,12.0,,212.024
2021,15,Russian Grand Prix,2021-09-26,ricciardo,RIC,Daniel Ricciardo,mclaren,McLaren,3,5,4,12.0,53,Finished,9.0,,212.388
2021,15,Russian Grand Prix,2021-09-26,bottas,BOT,Valtteri Bottas,mercedes,Mercedes,77,16,5,10.0,53,Finished,3.0,,214.352
2021,15,Russian Grand Prix,2021-09-26,alonso,ALO,Fernando Alonso,alpine,Alpine F1 Team,14,6,6,8.0,53,Finished,6.0,,213.331
2021,15,Russian Grand Prix,2021-09-26,norris,NOR,Lando Norris,mclaren,McLaren,4,1,7,7.0,53,Finished,1.0,,216.096
2021,15,Russian Grand Prix,2021-09-26,raikkonen,RAI,Kimi Räikkönen,alfa,Alfa Romeo,7,13,8,4.0,53,Finished,16.0,,209.921
2021,15,Russian Grand Prix,2021-09-26,perez,PER,Sergio Pérez,red_bull,Red Bull,11,8,9,2.0,53,Finished,10.0,,212.193
2021,15,Russian Grand Prix,2021-09-26,russell,RUS,George Russell,williams,Williams,63,3,10,1.0,53,Finished,18.0,,209.28
2021,15,Russian Grand Prix,2021-09-26,stroll,STR,Lance Stroll,aston_martin,Aston Martin,18,7,11,0.0,53,Finished,17.0,,209.555
2021,15,Russian Grand Prix,2021-09-26,vettel,VET,Sebastian Vettel,aston_martin,Aston Martin,5,10,12,0.0,52,+1 Lap,11.0,,212.116
2021,15,Russian Grand Prix,2021-09-26,gasly,GAS,Pierre Gasly,alphatauri,AlphaTauri,10,11,13,0.0,52,+1 Lap,4.0,,214.214
2021,15,Russian Grand Prix,2021-09-26,ocon,OCO,Esteban Ocon,alpine,Alpine F1 Team,31,9,14,0.0,52,+1 Lap,19.0,,209.276
2021,15,Russian Grand Prix,2021-09-26,leclerc,LEC,Charles Leclerc,ferrari,Ferrari,16,19,15,0.0,52,+1 Lap,7.0,,212.667
2021,15,Russian Grand Prix,2021-09-26,giovinazzi,GIO,Antonio Giovinazzi,alfa,Alfa Romeo,99,17,16,0.0,52,+1 Lap,8.0,,212.53
2021,15,Russian Grand Prix,2021-09-26,tsunoda,TSU,Yuki Tsunoda,alphatauri,AlphaTauri,22,12,17,0.0,52,+1 Lap,13.0,,210.612
2021,15,Russian Grand Prix,2021-09-26,mazepin,MAZ,Nikita Mazepin,haas,Haas F1 Team,9,15,18,0.0,51,+2 Laps,20.0,,206.982
2021,15,Russian Grand Prix,2021-09-26,latifi,LAT,Nicholas Latifi,williams,Williams,6,18,19,0.0,47,Accident,14.0,,210.528
2021,15,Russian Grand Prix,2021-09-26,mick_schumacher,MSC,Mick Schumacher,haas,Haas F1 Team,47,14,20,0.0,32,Oil leak,15.0,,209.948
2021,16,Turkish Grand Prix,2021-10-10,bottas,BOT,Valtteri Bottas,mercedes,Mercedes,77,1,1,26.0,58,Finished,1.0,,212.5
2021,16,Turkish Grand Prix,2021-10-10,max_verstappen,VER,Max Verstappen,red_bull,Red Bull,33,2,2,18.0,58,Finished,9.0,,207.169
2021,16,Turkish Grand Prix,2021-10-10,perez,PER,Sergio Pérez,red_bull,Red Bull,11,6,3,15.0,58,Finished,4.0,,207.841
2021,16,Turkish Grand Prix,2021-10-10,leclerc,LEC,Charles Leclerc,ferrari,Ferrari,16,3,4,12.0,58,Finished,8.0,,207.218
2021,16,Turkish Grand Prix,2021-10-10,hamilton,HAM,Lewis Hamilton,mercedes,Mercedes,44,11,5,10.0,58,Finished,10.0,,207.16
2021,16,Turkish Grand Prix,2021-10-10,gasly,GAS,Pierre Gasly,alphatauri,AlphaTauri,10,4,6,8.0,58,Finished,11.0,,207.046
2021,16,Turkish Grand Prix,2021-10-10,norris,NOR,Lando Norris,mclaren,McLaren,4,7,7,6.0,58,Finished,3.0,,207.87
2021,16,Turkish Grand Prix,2021-10-10,sainz,SAI,Carlos Sainz,ferrari,Ferrari,55,19,8,4.0,58,Finished,2.0,,209.057
2021,16,Turkish Grand Prix,2021-10-10,stroll,STR,Lance Stroll,aston_martin,Aston Martin,18,8,9,2.0,58,Finished,6.0,,207.506
2021,16,Turkish Grand Prix,2021-10-10,ocon,OCO,Esteban Ocon,alpine,Alpine F1 Team,31,12,10,1.0,57,+1 Lap,19.0,,203.171
2021,16,Turkish Grand Prix,2021-10-10,giovinazzi,GIO,Antonio Giovinazzi,alfa,Alfa Romeo,99,16,11,0.0,57,+1 Lap,13.0,,206.845
2021,16,Turkish Grand Prix,2021-10-10,raikkonen,RAI,Kimi Räikkönen,alfa,Alfa Romeo,7,17,12,0.0,57,+1 Lap,5.0,,207.556
2021,16,Turkish Grand Prix,2021-10-10,ricciardo,RIC,Daniel Ricciardo,mclaren,McLaren,3,20,13,0.0,57,+1 Lap,15.0,,206.067
2021,16,Turkish Grand Prix,2021-10-10,tsunoda,TSU,Yuki Tsunoda,alphatauri,AlphaTauri,22,9,14,0.0,57,+1 Lap,12.0,,206.979
2021,16,Turkish Grand Prix,2021-10-10,russell,RUS,George Russell,williams,Williams,63,13,15,0.0,57,+1 Lap,16.0,,205.749
2021,16,Turkish Grand Prix,2021-10-10,alonso,ALO,Fernando Alonso,alpine,Alpine F1 Team,14,5,16,0.0,57,+1 Lap,14.0,,206.073
2021,16,Turkish Grand Prix,2021-10-10,latifi,LAT,Nicholas Latifi,williams,Williams,6,15,17,0.0,57,+1 Lap,17.0,,205.149
2021,16,Turkish Grand Prix,2021-10-10,vettel,VET,Sebastian Vettel,aston_martin,Aston Martin,5,10,18,0.0,57,+1 Lap,7.0,,207.233
2021,16,Turkish Grand Prix,2021-10-10,mick_schumacher,MSC,Mick Schumacher,haas,Haas F1 Team,47,14,19,0.0,56,+2 Laps,18.0,,203.98
2021,16,Turkish Grand Prix,2021-10-10,mazepin,MAZ,Nikita Mazepin,haas,Haas F1 Team,9,18,20,0.0,56,+2 Laps,20.0,,201.353
2021,17,United States Grand Prix,2021-10-24,max_verstappen,VER,Max Verstappen,red_bull,Red Bull,33,1,1,25.0,56,Finished,2.0,,200.278
2021,17,United States Grand Prix,2021-10-24,hamilton,HAM,Lewis Hamilton,mercedes,Mercedes,44,2,2,19.0,56,Finished,1.0,,201.521
2021,17,United States Grand Prix,2021-10-24,perez,PER,Sergio Pérez,red_bull,Red Bull,11,3,3,15.0,56,Finished,4.0,,199.333
2021,17,United States Grand Prix,2021-10-24,leclerc,LEC,Charles Leclerc,ferrari,Ferrari,16,4,4,12.0,56,Finished,3.0,,199.861
2021,17,United States Grand Prix,2021-10-24,ricciardo,RIC,Daniel Ricciardo,mclaren,McLaren,3,6,5,10.0,56,Finished,8.0,,197.785
2021,17,United States Grand Prix,2021-10-24,bottas,BOT,Valtteri Bottas,mercedes,Mercedes,77,9,6,8.0,56,Finished,6.0,,198.176
2021,17,United States Grand Prix,2021-10-24,sainz,SAI,Carlos Sainz,ferrari,Ferrari,55,5,7,6.0,56,Finished,9.0,,197.722
2021,17,United States Grand Prix,2021-10-24,norris,NOR,Lando Norris,mclaren,McLaren,4,7,8,4.0,56,Finished,7.0,,198.016
2021,17,United States Grand Prix,2021-10-24,tsunoda,TSU,Yuki Tsunoda,alphatauri,AlphaTauri,22,10,9,2.0,55,+1 Lap,13.0,,196.209
2021,17,United States Grand Prix,2021-10-24,vettel,VET,Sebastian Vettel,aston_martin,Aston Martin,5,18,10,1.0,55,+1 Lap,10.0,,197.517
2021,17,United States Grand Prix,2021-10-24,giovinazzi,GIO,Antonio Giovinazzi,alfa,Alfa Romeo,99,12,11,0.0,55,+1 Lap,12.0,,196.221
2021,17,United States Grand Prix,2021-10-24,stroll,STR,Lance Stroll,aston_martin,Aston Martin,18,13,12,0.0,55,+1 Lap,14.0,,196.135
2021,17,United States Grand Prix,2021-10-24,raikkonen,RAI,Kimi Räikkönen,alfa,Alfa Romeo,7,15,13,0.0,55,+1 Lap,15.0,,195.843
2021,17,United States Grand Prix,2021-10-24,russell,RUS,George Russell,williams,Williams,63,20,14,0.0,55,+1 Lap,11.0,,196.269
2021,17,United States Grand Prix,2021-10-24,latifi,LAT,Nicholas Latifi,williams,Williams,6,14,15,0.0,55,+1 Lap,17.0,,194.924
2021,17,United States Grand Prix,2021-10-24,mick_schumacher,MSC,Mick Schumacher,haas,Haas F1 Team,47,16,16,0.0,54,+2 Laps,16.0,,195.737
2021,17,United States Grand Prix,2021-10-24,mazepin,MAZ,Nikita Mazepin,haas,Haas F1 Team,9,17,17,0.0,54,+2 Laps,20.0,,192.9
2021,17,United States Grand Prix,2021-10-24,alonso,ALO,Fernando Alonso,alpine,Alpine F1 Team,14,19,18,0.0,49,Rear wing,5.0,,198.335
2021,17,United States Grand Prix,2021-10-24,ocon,OCO,Esteban Ocon,alpine,Alpine F1 Team,31,11,19,0.0,40,Mechanical,19.0,,194.207
2021,17,United States Grand Prix,2021-10-24,gasly,GAS,Pierre Gasly,alphatauri,AlphaTauri,10,8,20,0.0,14,Suspension,18.0,,194.547
2021,18,Mexico City Grand Prix,2021-11-07,max_verstappen,VER,Max Verstappen,red_bull,Red Bull,33,3,1,25.0,71,Finished,2.0,,196.134
2021,18,Mexico City Grand Prix,2021-11-07,hamilton,HAM,Lewis Hamilton,mercedes,Mercedes,44,2,2,18.0,71,Finished,4.0,,194.116
2021,18,Mexico City Grand Prix,2021-11-07,perez,PER,Sergio Pérez,red_bull,Red Bull,11,4,3,15.0,71,Finished,3.0,,194.976
2021,18,Mexico City Grand Prix,2021-11-07,gasly,GAS,Pierre Gasly,alphatauri,AlphaTauri,10,5,4,12.0,71,Finished,7.0,,192.453
2021,18,Mexico City Grand Prix,2021-11-07,leclerc,LEC,Charles Leclerc,ferrari,Ferrari,16,8,5,10.0,71,Finished,9.0,,192.083
2021,18,Mexico City Grand Prix,2021-11-07,sainz,SAI,Carlos Sainz,ferrari,Ferrari,55,6,6,8.0,70,+1 Lap,5.0,,193.484
2021,18,Mexico City Grand Prix,2021-11-07,vettel,VET,Sebastian Vettel,aston_martin,Aston Martin,5,9,7,6.0,70,+1 Lap,6.0,,192.572
2021,18,Mexico City Grand Prix,2021-11-07,raikkonen,RAI,Kimi Räikkönen,alfa,Alfa Romeo,7,10,8,4.0,70,+1 Lap,11.0,,191.969
2021,18,Mexico City Grand Prix,2021-11-07,alonso,ALO,Fernando Alonso,alpine,Alpine F1 Team,14,12,9,2.0,70,+1 Lap,10.0,,191.973
2021,18,Mexico City Grand Prix,2021-11-07,norris,NOR,Lando Norris,mclaren,McLaren,4,18,10,1.0,70,+1 Lap,8.0,,192.197
2021,18,Mexico City Grand Prix,2021-11-07,giovinazzi,GIO,Antonio Giovinazzi,alfa,Alfa Romeo,99,11,11,0.0,70,+1 Lap,16.0,,190.061
2021,18,Mexico City Grand Prix,2021-11-07,ricciardo,RIC,Daniel Ricciardo,mclaren,McLaren,3,7,12,0.0,70,+1 Lap,13.0,,191.126
2021,18,Mexico City Grand Prix,2021-11-07,ocon,OCO,Esteban Ocon,alpine,Alpine F1 Team,31,19,13,0.0,70,+1 Lap,14.0,,190.47
2021,18,Mexico City Grand Prix,2021-11-07,stroll,STR,Lance Stroll,aston_martin,Aston Martin,18,20,14,0.0,69,+2 Laps,12.0,,191.454
2021,18,Mexico City Grand Prix,2021-11-07,bottas,BOT,Valtteri Bottas,mercedes,Mercedes,77,1,15,0.0,69,+2 Laps,1.0,,199.223
2021,18,Mexico City Grand Prix,2021-11-07,russell,RUS,George Russell,williams,Williams,63,16,16,0.0,69,+2 Laps,18.0,,188.919
2021,18,Mexico City Grand Prix,2021-11-07,latifi,LAT,Nicholas Latifi,williams,Williams,6,13,17,0.0,69,+2 Laps,17.0,,190.008
2021,18,Mexico City Grand Prix,2021-11-07,mazepin,MAZ,Nikita Mazepin,haas,Haas F1 Team,9,15,18,0.0,68,+3 Laps,15.0,,190.344
2021,18,Mexico City Grand Prix,2021-11-07,mick_schumacher,MSC,Mick Schumacher,haas,Haas F1 Team,47,14,19,0.0,0,Collision,,,
2021,18,Mexico City Grand Prix,2021-11-07,tsunoda,TSU,Yuki Tsunoda,alphatauri,AlphaTauri,22,17,20,0.0,0,Collision,,,
2021,19,São Paulo Grand Prix,2021-11-14,hamilton,HAM,Lewis Hamilton,mercedes,Mercedes,44,10,1,25.0,71,Finished,2.0,,215.503
2021,19,São Paulo Grand Prix,2021-11-14,max_verstappen,VER,Max Verstappen,red_bull,Red Bull,33,2,2,18.0,71,Finished,3.0,,214.005
2021,19,São Paulo Grand Prix,2021-11-14,bottas,BOT,Valtteri Bottas,mercedes,Mercedes,77,1,3,15.0,71,Finished,4.0,,213.887
2021,19,São Paulo Grand Prix,2021-11-14,perez,PER,Sergio Pérez,red_bull,Red Bull,11,4,4,13.0,71,Finished,1.0,,218.453
2021,19,São Paulo Grand Prix,2021-11-14,leclerc,LEC,Charles Leclerc,ferrari,Ferrari,16,6,5,10.0,71,Finished,7.0,,213.018
2021,19,São Paulo Grand Prix,2021-11-14,sainz,SAI,Carlos Sainz,ferrari,Ferrari,55,3,6,8.0,71,Finished,6.0,,213.346
2021,19,São Paulo Grand Prix,2021-11-14,gasly,GAS,Pierre Gasly,alphatauri,AlphaTauri,10,7,7,6.0,70,+1 Lap,8.0,,211.839
2021,19,São Paulo Grand Prix,2021-11-14,ocon,OCO,Esteban Ocon,alpine,Alpine F1 Team,31,8,8,4.0,70,+1 Lap,16.0,,208.415
2021,19,São Paulo Grand Prix,2021-11-14,alonso,ALO,Fernando Alonso,alpine,Alpine F1 Team,14,12,9,2.0,70,+1 Lap,12.0,,209.848
2021,19,São Paulo Grand Prix,2021-11-14,norris,NOR,Lando Norris,mclaren,McLaren,4,5,10,1.0,70,+1 Lap,10.0,,210.306
2021,19,São Paulo Grand Prix,2021-11-14,vettel,VET,Sebastian Vettel,aston_martin,Aston Martin,5,9,11,0.0,70,+1 Lap,9.0,,210.668
2021,19,São Paulo Grand Prix,2021-11-14,raikkonen,RAI,Kimi Räikkönen,alfa,Alfa Romeo,7,0,12,0.0,70,+1 Lap,5.0,,213.607
2021,19,São Paulo Grand Prix,2021-11-14,russell,RUS,George Russell,williams,Williams,63,17,13,0.0,70,+1 Lap,15.0,,208.626
2021,19,São Paulo Grand Prix,2021-11-14,giovinazzi,GIO,Antonio Giovinazzi,alfa,Alfa Romeo,99,13,14,0.0,70,+1 Lap,14.0,,208.985
2021,19,São Paulo Grand Prix,2021-11-14,tsunoda,TSU,Yuki Tsunoda,alphatauri,AlphaTauri,22,15,15,0.0,70,+1 Lap,13.0,,209.05
2021,19,São Paulo Grand Prix,2021-11-14,latifi,LAT,Nicholas Latifi,williams,Williams,6,16,16,0.0,70,+1 Lap,18.0,,207.896
2021,19,São Paulo Grand Prix,2021-11-14,mazepin,MAZ,Nikita Mazepin,haas,Haas F1 Team,9,19,17,0.0,69,+2 Laps,19.0,,206.958
2021,19,São Paulo Grand Prix,2021-11-14,mick_schumacher,MSC,Mick Schumacher,haas,Haas F1 Team,47,18,18,0.0,69,+2 Laps,11.0,,210.215
2021,19,São Paulo Grand Prix,2021-11-14,ricciardo,RIC,Daniel Ricciardo,mclaren,McLaren,3,11,19,0.0,49,Power loss,17.0,,208.379
2021,19,São Paulo Grand Prix,2021-11-14,stroll,STR,Lance Stroll,aston_martin,Aston Martin,18,14,20,0.0,47,Collision damage,20.0,,205.887
2021,20,Qatar Grand Prix,2021-11-21,hamilton,HAM,Lewis Hamilton,mercedes,Mercedes,44,1,1,25.0,57,Finished,2.0,,227.633
2021,20,Qatar Grand Prix,2021-11-21,max_verstappen,VER,Max Verstappen,red_bull,Red Bull,33,7,2,19.0,57,Finished,1.0,,232.799
2021,20,Qatar Grand Prix,2021-11-21,alonso,ALO,Fernando Alonso,alpine,Alpine F1 Team,14,3,3,15.0,57,Finished,10.0,,223.437
2021,20,Qatar Grand Prix,2021-11-21,perez,PER,Sergio Pérez,red_bull,Red Bull,11,11,4,12.0,57,Finished,3.0,,226.227
2021,20,Qatar Grand Prix,2021-11-21,ocon,OCO,Esteban Ocon,alpine,Alpine F1 Team,31,9,5,10.0,57,Finished,13.0,,222.464
2021,20,Qatar Grand Prix,2021-11-21,stroll,STR,Lance Stroll,aston_martin,Aston Martin,18,12,6,8.0,57,Finished,17.0,,221.713
2021,20,Qatar Grand Prix,2021-11-21,sainz,SAI,Carlos Sainz,ferrari,Ferrari,55,5,7,6.0,57,Finished,9.0,,223.726
2021,20,Qatar Grand Prix,2021-11-21,leclerc,LEC,Charles Leclerc,ferrari,Ferrari,16,13,8,4.0,57,Finished,8.0,,223.765
2021,20,Qatar Grand Prix,2021-11-21,norris,NOR,Lando Norris,mclaren,McLaren,4,4,9,2.0,56,+1 Lap,4.0,,225.876
2021,20,Qatar Grand Prix,2021-11-21,vettel,VET,Sebastian Vettel,aston_martin,Aston Martin,5,10,10,1.0,56,+1 Lap,7.0,,224.078
2021,20,Qatar Grand Prix,2021-11-21,gasly,GAS,Pierre Gasly,alphatauri,AlphaTauri,10,2,11,0.0,56,+1 Lap,11.0,,222.572
2021,20,Qatar Grand Prix,2021-11-21,ricciardo,RIC,Daniel Ricciardo,mclaren,McLaren,3,14,12,0.0,56,+1 Lap,14.0,,222.115
2021,20,Qatar Grand Prix,2021-11-21,tsunoda,TSU,Yuki Tsunoda,alphatauri,AlphaTauri,22,8,13,0.0,56,+1 Lap,12.0,,222.51
2021,20,Qatar Grand Prix,2021-11-21,raikkonen,RAI,Kimi Räikkönen,alfa,Alfa Romeo,7,16,14,0.0,56,+1 Lap,6.0,,224.275
2021,20,Qatar Grand Prix,2021-11-21,giovinazzi,GIO,Antonio Giovinazzi,alfa,Alfa Romeo,99,18,15,0.0,56,+1 Lap,18.0,,220.534
2021,20,Qatar Grand Prix,2021-11-21,mick_schumacher,MSC,Mick Schumacher,haas,Haas F1 Team,47,19,16,0.0,56,+1 Lap,19.0,,219.065
2021,20,Qatar Grand Prix,2021-11-21,russell,RUS,George Russell,williams,Williams,63,15,17,0.0,55,+2 Laps,5.0,,225.818
2021,20,Qatar Grand Prix,2021-11-21,mazepin,MAZ,Nikita Mazepin,haas,Haas F1 Team,9,20,18,0.0,55,+2 Laps,16.0,,221.754
2021,20,Qatar Grand Prix,2021-11-21,latifi,LAT,Nicholas Latifi,williams,Williams,6,17,19,0.0,50,Puncture,20.0,,218.275
2021,20,Qatar Grand Prix,2021-11-21,bottas,BOT,Valtteri Bottas,mercedes,Mercedes,77,6,20,0.0,48,Damage,15.0,,221.992
2021,21,Saudi Arabian Grand Prix,2021-12-05,hamilton,HAM,Lewis Hamilton,mercedes,Mercedes,44,1,1,26.0,50,Finished,1.0,,244.962
2021,21,Saudi Arabian Grand Prix,2021-12-05,max_verstappen,VER,Max Verstappen,red_bull,Red Bull,33,3,2,18.0,50,Finished,3.0,,242.943
2021,21,Saudi Arabian Grand Prix,2021-12-05,bottas,BOT,Valtteri Bottas,mercedes,Mercedes,77,2,3,15.0,50,Finished,2.0,,243.155
2021,21,Saudi Arabian Grand Prix,2021-12-05,ocon,OCO,Esteban Ocon,alpine,Alpine F1 Team,31,9,4,12.0,50,Finished,6.0,,242.125
2021,21,Saudi Arabian Grand Prix,2021-12-05,ricciardo,RIC,Daniel Ricciardo,mclaren,McLaren,3,11,5,10.0,50,Finished,11.0,,239.725
2021,21,Saudi Arabian Grand Prix,2021-12-05,gasly,GAS,Pierre Gasly,alphatauri,AlphaTauri,10,6,6,8.0,50,Finished,9.0,,240.813
2021,21,Saudi Arabian Grand Prix,2021-12-05,leclerc,LEC,Charles Leclerc,ferrari,Ferrari,16,4,7,6.0,50,Finished,4.0,,242.643
2021,21,Saudi Arabian Grand Prix,2021-12-05,sainz,SAI,Carlos Sainz,ferrari,Ferrari,55,15,8,4.0,50,Finished,7.0,,241.983
2021,21,Saudi Arabian Grand Prix,2021-12-05,giovinazzi,GIO,Antonio Giovinazzi,alfa,Alfa Romeo,99,10,9,2.0,50,Finished,15.0,,239.34
2021,21,Saudi Arabian Grand Prix,2021-12-05,norris,NOR,Lando Norris,mclaren,McLaren,4,7,10,1.0,50,Finished,8.0,,241.817
2021,21,Saudi Arabian Grand Prix,2021-12-05,stroll,STR,Lance Stroll,aston_martin,Aston Martin,18,18,11,0.0,50,Finished,14.0,,239.498
2021,21,Saudi Arabian Grand Prix,2021-12-05,latifi,LAT,Nicholas Latifi,williams,Williams,6,16,12,0.0,50,Finished,12.0,,239.635
2021,21,Saudi Arabian Grand Prix,2021-12-05,alonso,ALO,Fernando Alonso,alpine,Alpine F1 Team,14,13,13,0.0,49,+1 Lap,5.0,,242.558
2021,21,Saudi Arabian Grand Prix,2021-12-05,tsunoda,TSU,Yuki Tsunoda,alphatauri,AlphaTauri,22,8,14,0.0,49,+1 Lap,10.0,,240.269
2021,21,Saudi Arabian Grand Prix,2021-12-05,raikkonen,RAI,Kimi Räikkönen,alfa,Alfa Romeo,7,12,15,0.0,49,+1 Lap,13.0,,239.565
2021,21,Saudi Arabian Grand Prix,2021-12-05,vettel,VET,Sebastian Vettel,aston_martin,Aston Martin,5,17,16,0.0,44,Collision damage,16.0,,236.375
2021,21,Saudi Arabian Grand Prix,2021-12-05,perez,PER,Sergio Pérez,red_bull,Red Bull,11,5,17,0.0,14,Collision,17.0,,236.104
2021,21,Saudi Arabian Grand Prix,2021-12-05,mazepin,MAZ,Nikita Mazepin,haas,Haas F1 Team,9,20,18,0.0,14,Collision,20.0,,229.036
2021,21,Saudi Arabian Grand Prix,2021-12-05,russell,RUS,George Russell,williams,Williams,63,14,19,0.0,14,Collision,19.0,,231.211
2021,21,Saudi Arabian Grand Prix,2021-12-05,mick_schumacher,MSC,Mick Schumacher,haas,Haas F1 Team,47,19,20,0.0,8,Accident,18.0,,231.421
2021,22,Abu Dhabi Grand Prix,2021-12-12,max_verstappen,VER,Max Verstappen,red_bull,Red Bull,33,1,1,26.0,58,Finished,1.0,,220.8
2021,22,Abu Dhabi Grand Prix,2021-12-12,hamilton,HAM,Lewis Hamilton,mercedes,Mercedes,44,2,2,18.0,58,Finished,3.0,,219.495
2021,22,Abu Dhabi Grand Prix,2021-12-12,sainz,SAI,Carlos Sainz,ferrari,Ferrari,55,5,3,15.0,58,Finished,9.0,,216.982
2021,22,Abu Dhabi Grand Prix,2021-12-12,tsunoda,TSU,Yuki Tsunoda,alphatauri,AlphaTauri,22,8,4,12.0,58,Finished,7.0,,217.285
2021,22,Abu Dhabi Grand Prix,2021-12-12,gasly,GAS,Pierre Gasly,alphatauri,AlphaTauri,10,12,5,10.0,58,Finished,6.0,,217.668
2021,22,Abu Dhabi Grand Prix,2021-12-12,bottas,BOT,Valtteri Bottas,mercedes,Mercedes,77,6,6,8.0,58,Finished,5.0,,218.871
2021,22,Abu Dhabi Grand Prix,2021-12-12,norris,NOR,Lando Norris,mclaren,McLaren,4,3,7,6.0,58,Finished,4.0,,219.123
2021,22,Abu Dhabi Grand Prix,2021-12-12,alonso,ALO,Fernando Alonso,alpine,Alpine F1 Team,14,11,8,4.0,58,Finished,8.0,,217.01
2021,22,Abu Dhabi Grand Prix,2021-12-12,ocon,OCO,Esteban Ocon,alpine,Alpine F1 Team,31,9,9,2.0,58,Finished,10.0,,215.431
2021,22,Abu Dhabi Grand Prix,2021-12-12,leclerc,LEC,Charles Leclerc,ferrari,Ferrari,16,7,10,1.0,58,Finished,12.0,,214.983
2021,22,Abu Dhabi Grand Prix,2021-12-12,vettel,VET,Sebastian Vettel,aston_martin,Aston Martin,5,15,11,0.0,58,Finished,11.0,,215.299
2021,22,Abu Dhabi Grand Prix,2021-12-12,ricciardo,RIC,Daniel Ricciardo,mclaren,McLaren,3,10,12,0.0,57,+1 Lap,14.0,,214.28
2021,22,Abu Dhabi Grand Prix,2021-12-12,stroll,STR,Lance Stroll,aston_martin,Aston Martin,18,13,13,0.0,57,+1 Lap,13.0,,214.657
2021,22,Abu Dhabi Grand Prix,2021-12-12,mick_schumacher,MSC,Mick Schumacher,haas,Haas F1 Team,47,19,14,0.0,57,+1 Lap,17.0,,212.522
2021,22,Abu Dhabi Grand Prix,2021-12-12,perez,PER,Sergio Pérez,red_bull,Red Bull,11,4,15,0.0,55,Engine,2.0,,219.993
2021,22,Abu Dhabi Grand Prix,2021-12-12,latifi,LAT,Nicholas Latifi,williams,Williams,6,16,16,0.0,50,Accident,15.0,,212.912
2021,22,Abu Dhabi Grand Prix,2021-12-12,giovinazzi,GIO,Antonio Giovinazzi,alfa,Alfa Romeo,99,14,17,0.0,33,Gearbox,16.0,,212.557
2021,22,Abu Dhabi Grand Prix,2021-12-12,russell,RUS,George Russell,williams,Williams,63,17,18,0.0,26,Gearbox,19.0,,209.732
2021,22,Abu Dhabi Grand Prix,2021-12-12,raikkonen,RAI,Kimi Räikkönen,alfa,Alfa Romeo,7,18,19,0.0,25,Brakes,18.0,,211.951
2021,22,Abu Dhabi Grand Prix,2021-12-12,mazepin,MAZ,Nikita Mazepin,haas,Haas F1 Team,9,20,20,0.0,0,Illness,,,
2022,1,Bahrain Grand Prix,2022-03-20,leclerc,LEC,Charles Leclerc,ferrari,Ferrari,16,1,1,26.0,57,Finished,1.0,,206.018
2022,1,Bahrain Grand Prix,2022-03-20,sainz,SAI,Carlos Sainz,ferrari,Ferrari,55,3,2,18.0,57,Finished,3.0,,203.501
2022,1,Bahrain Grand Prix,2022-03-20,hamilton,HAM,Lewis Hamilton,mercedes,Mercedes,44,5,3,15.0,57,Finished,5.0,,202.469
2022,1,Bahrain Grand Prix,2022-03-20,russell,RUS,George Russell,mercedes,Mercedes,63,9,4,12.0,57,Finished,6.0,,202.313
2022,1,Bahrain Grand Prix,2022-03-20,kevin_magnussen,MAG,Kevin Magnussen,haas,Haas F1 Team,20,7,5,10.0,57,Finished,8.0,,201.641
2022,1,Bahrain Grand Prix,2022-03-20,bottas,BOT,Valtteri Bottas,alfa,Alfa Romeo,77,6,6,8.0,57,Finished,7.0,,201.691
2022,1,Bahrain Grand Prix,2022-03-20,ocon,OCO,Esteban Ocon,alpine,Alpine F1 Team,31,11,7,6.0,57,Finished,14.0,,200.63
2022,1,Bahrain Grand Prix,2022-03-20,tsunoda,TSU,Yuki Tsunoda,alphatauri,AlphaTauri,22,16,8,4.0,57,Finished,13.0,,200.642
2022,1,Bahrain Grand Prix,2022-03-20,alonso,ALO,Fernando Alonso,alpine,Alpine F1 Team,14,8,9,2.0,57,Finished,10.0,,201.412
2022,1,Bahrain Grand Prix,2022-03-20,zhou,ZHO,Guanyu Zhou,alfa,Alfa Romeo,24,15,10,1.0,57,Finished,9.0,,201.512
2022,1,Bahrain Grand Prix,2022-03-20,mick_schumacher,MSC,Mick Schumacher,haas,Haas F1 Team,47,12,11,0.0,57,Finished,11.0,,200.948
2022,1,Bahrain Grand Prix,2022-03-20,stroll,STR,Lance Stroll,aston_martin,Aston Martin,18,19,12,0.0,57,Finished,15.0,,200.555
2022,1,Bahrain Grand Prix,2022-03-20,albon,ALB,Alexander Albon,williams,Williams,23,14,13,0.0,57,Finished,18.0,,200.125
2022,1,Bahrain Grand Prix,2022-03-20,ricciardo,RIC,Daniel Ricciardo,mclaren,McLaren,3,18,14,0.0,57,Finished,16.0,,200.318
2022,1,Bahrain Grand Prix,2022-03-20,norris,NOR,Lando Norris,mclaren,McLaren,4,13,15,0.0,57,Finished,12.0,,200.882
2022,1,Bahrain Grand Prix,2022-03-20,latifi,LAT,Nicholas Latifi,williams,Williams,6,20,16,0.0,57,Finished,20.0,,198.3
2022,1,Bahrain Grand Prix,2022-03-20,hulkenberg,HUL,Nico Hülkenberg,aston_martin,Aston Martin,27,17,17,0.0,57,Finished,19.0,,198.401
2022,1,Bahrain Grand Prix,2022-03-20,perez,PER,Sergio Pérez,red_bull,Red Bull,11,4,18,0.0,56,Fuel pressure,4.0,,202.762
2022,1,Bahrain Grand Prix,2022-03-20,max_verstappen,VER,Max Verstappen,red_bull,Red Bull,1,2,19,0.0,54,Fuel pressure,2.0,,204.14
2022,1,Bahrain Grand Prix,2022-03-20,gasly,GAS,Pierre Gasly,alphatauri,AlphaTauri,10,10,20,0.0,44,Power Unit,17.0,,200.189
2022,2,Saudi Arabian Grand Prix,2022-03-27,max_verstappen,VER,Max Verstappen,red_bull,Red Bull,1,4,1,25.0,50,Finished,2.0,,242.191
2022,2,Saudi Arabian Grand Prix,2022-03-27,leclerc,LEC,Charles Leclerc,ferrari,Ferrari,16,2,2,19.0,50,Finished,1.0,,242.556
2022,2,Saudi Arabian Grand Prix,2022-03-27,sainz,SAI,Carlos Sainz,ferrari,Ferrari,55,3,3,15.0,50,Finished,3.0,,241.841
2022,2,Saudi Arabian Grand Prix,2022-03-27,perez,PER,Sergio Pérez,red_bull,Red Bull,11,1,4,12.0,50,Finished,4.0,,241.481
2022,2,Saudi Arabian Grand Prix,2022-03-27,russell,RUS,George Russell,mercedes,Mercedes,63,6,5,10.0,50,Finished,7.0,,239.454
2022,2,Saudi Arabian Grand Prix,2022-03-27,ocon,OCO,Esteban Ocon,alpine,Alpine F1 Team,31,5,6,8.0,50,Finished,9.0,,238.729
2022,2,Saudi Arabian Grand Prix,2022-03-27,norris,NOR,Lando Norris,mclaren,McLaren,4,11,7,6.0,50,Finished,5.0,,239.629
2022,2,Saudi Arabian Grand Prix,2022-03-27,gasly,GAS,Pierre Gasly,alphatauri,AlphaTauri,10,9,8,4.0,50,Finished,10.0,,237.796
2022,2,Saudi Arabian Grand Prix,2022-03-27,kevin_magnussen,MAG,Kevin Magnussen,haas,Haas F1 Team,20,10,9,2.0,50,Finished,6.0,,239.562
2022,2,Saudi Arabian Grand Prix,2022-03-27,hamilton,HAM,Lewis Hamilton,mercedes,Mercedes,44,15,10,1.0,50,Finished,8.0,,239.001
2022,2,Saudi Arabian Grand Prix,2022-03-27,zhou,ZHO,Guanyu Zhou,alfa,Alfa Romeo,24,12,11,0.0,50,Finished,13.0,,236.642
2022,2,Saudi Arabian Grand Prix,2022-03-27,hulkenberg,HUL,Nico Hülkenberg,aston_martin,Aston Martin,27,17,12,0.0,50,Finished,11.0,,237.332
2022,2,Saudi Arabian Grand Prix,2022-03-27,stroll,STR,Lance Stroll,aston_martin,Aston Martin,18,13,13,0.0,49,+1 Lap,16.0,,235.334
2022,2,Saudi Arabian Grand Prix,2022-03-27,albon,ALB,Alexander Albon,williams,Williams,23,16,14,0.0,47,Collision damage,15.0,,235.528
2022,2,Saudi Arabian Grand Prix,2022-03-27,bottas,BOT,Valtteri Bottas,alfa,Alfa Romeo,77,8,15,0.0,36,Cooling system,14.0,,236.503
2022,2,Saudi Arabian Grand Prix,2022-03-27,alonso,ALO,Fernando Alonso,alpine,Alpine F1 Team,14,7,16,0.0,35,Water pump,12.0,,236.876
2022,2,Saudi Arabian Grand Prix,2022-03-27,ricciardo,RIC,Daniel Ricciardo,mclaren,McLaren,3,14,17,0.0,35,Gearbox,17.0,,235.232
2022,2,Saudi Arabian Grand Prix,2022-03-27,latifi,LAT,Nicholas Latifi,williams,Williams,6,18,18,0.0,14,Accident,18.0,,227.892
2022,2,Saudi Arabian Grand Prix,2022-03-27,tsunoda,TSU,Yuki Tsunoda,alphatauri,AlphaTauri,22,19,19,0.0,0,Power Unit,,,
2022,2,Saudi Arabian Grand Prix,2022-03-27,mick_schumacher,MSC,Mick Schumacher,haas,Haas F1 Team,47,0,20,0.0,0,Withdrew,,,
2022,3,Australian Grand Prix,2022-04-10,leclerc,LEC,Charles Leclerc,ferrari,Ferrari,16,1,1,26.0,58,Finished,1.0,,236.74
2022,3,Australian Grand Prix,2022-04-10,perez,PER,Sergio Pérez,red_bull,Red Bull,11,3,2,18.0,58,Finished,3.0,,234.305
2022,3,Australian Grand Prix,2022-04-10,russell,RUS,George Russell,mercedes,Mercedes,63,6,3,15.0,58,Finished,4.0,,233.152
2022,3,Australian Grand Prix,2022-04-10,hamilton,HAM,Lewis Hamilton,mercedes,Mercedes,44,5,4,12.0,58,Finished,7.0,,232.039
2022,3,Australian Grand Prix,2022-04-10,norris,NOR,Lando Norris,mclaren,McLaren,4,4,5,10.0,58,Finished,8.0,,231.018
2022,3,Australian Grand Prix,2022-04-10,ricciardo,RIC,Daniel Ricciardo,mclaren,McLaren,3,7,6,8.0,58,Finished,9.0,,230.449
2022,3,Australian Grand Prix,2022-04-10,ocon,OCO,Esteban Ocon,alpine,Alpine F1 Team,31,8,7,6.0,58,Finished,10.0,,230.399
2022,3,Australian Grand Prix,2022-04-10,bottas,BOT,Valtteri Bottas,alfa,Alfa Romeo,77,12,8,4.0,58,Finished,5.0,,232.707
2022,3,Australian Grand Prix,2022-04-10,gasly,GAS,Pierre Gasly,alphatauri,AlphaTauri,10,11,9,2.0,58,Finished,13.0,,229.669
2022,3,Australian Grand Prix,2022-04-10,albon,ALB,Alexander Albon,williams,Williams,23,20,10,1.0,58,Finished,12.0,,230.064
2022,3,Australian Grand Prix,2022-04-10,zhou,ZHO,Guanyu Zhou,alfa,Alfa Romeo,24,14,11,0.0,58,Finished,11.0,,230.198
2022,3,Australian Grand Prix,2022-04-10,stroll,STR,Lance Stroll,aston_martin,Aston Martin,18,19,12,0.0,58,Finished,17.0,,227.304
2022,3,Australian Grand Prix,2022-04-10,mick_schumacher,MSC,Mick Schumacher,haas,Haas F1 Team,47,15,13,0.0,57,+1 Lap,14.0,,228.908
2022,3,Australian Grand Prix,2022-04-10,kevin_magnussen,MAG,Kevin Magnussen,haas,Haas F1 Team,20,16,14,0.0,57,+1 Lap,15.0,,228.729
2022,3,Australian Grand Prix,2022-04-10,tsunoda,TSU,Yuki Tsunoda,alphatauri,AlphaTauri,22,13,15,0.0,57,+1 Lap,16.0,,227.985
2022,3,Australian Grand Prix,2022-04-10,latifi,LAT,Nicholas Latifi,williams,Williams,6,18,16,0.0,57,+1 Lap,18.0,,226.518
2022,3,Australian Grand Prix,2022-04-10,alonso,ALO,Fernando Alonso,alpine,Alpine F1 Team,14,10,17,0.0,57,+1 Lap,2.0,,235.024
2022,3,Australian Grand Prix,2022-04-10,max_verstappen,VER,Max Verstappen,red_bull,Red Bull,1,2,18,0.0,38,Fuel leak,6.0,,232.633
2022,3,Australian Grand Prix,2022-04-10,vettel,VET,Sebastian Vettel,aston_martin,Aston Martin,5,17,19,0.0,22,Accident,19.0,,223.042
2022,3,Australian Grand Prix,2022-04-10,sainz,SAI,Carlos Sainz,ferrari,Ferrari,55,9,20,0.0,1,Spun off,,,
2022,4,Emilia Romagna Grand Prix,2022-04-24,max_verstappen,VER,Max Verstappen,red_bull,Red Bull,1,1,1,26.0,63,Finished,1.0,,225.281
2022,4,Emilia Romagna Grand Prix,2022-04-24,perez,PER,Sergio Pérez,red_bull,Red Bull,11,3,2,18.0,63,Finished,3.0,,223.845
2022,4,Emilia Romagna Grand Prix,2022-04-24,norris,NOR,Lando Norris,mclaren,McLaren,4,5,3,15.0,63,Finished,7.0,,218.439
2022,4,Emilia Romagna Grand Prix,2022-04-24,russell,RUS,George Russell,mercedes,Mercedes,63,11,4,12.0,63,Finished,8.0,,218.28
2022,4,Emilia Romagna Grand Prix,2022-04-24,bottas,BOT,Valtteri Bottas,alfa,Alfa Romeo,77,7,5,10.0,63,Finished,6.0,,218.831
2022,4,Emilia Romagna Grand Prix,2022-04-24,leclerc,LEC,Charles Leclerc,ferrari,Ferrari,16,2,6,8.0,63,Finished,2.0,,224.914
2022,4,Emilia Romagna Grand Prix,2022-04-24,tsunoda,TSU,Yuki Tsunoda,alphatauri,AlphaTauri,22,12,7,6.0,63,Finished,5.0,,219.412
2022,4,Emilia Romagna Grand Prix,2022-04-24,vettel,VET,Sebastian Vettel,aston_martin,Aston Martin,5,13,8,4.0,63,Finished,9.0,,217.61
2022,4,Emilia Romagna Grand Prix,2022-04-24,kevin_magnussen,MAG,Kevin Magnussen,haas,Haas F1 Team,20,8,9,2.0,63,Finished,10.0,,217.538
2022,4,Emilia Romagna Grand Prix,2022-04-24,stroll,STR,Lance Stroll,aston_martin,Aston Martin,18,15,10,1.0,62,+1 Lap,16.0,,216.176
2022,4,Emilia Romagna Grand Prix,2022-04-24,albon,ALB,Alexander Albon,williams,Williams,23,18,11,0.0,62,+1 Lap,17.0,,216.157
2022,4,Emilia Romagna Grand Prix,2022-04-24,gasly,GAS,Pierre Gasly,alphatauri,AlphaTauri,10,17,12,0.0,62,+1 Lap,15.0,,216.274
2022,4,Emilia Romagna Grand Prix,2022-04-24,hamilton,HAM,Lewis Hamilton,mercedes,Mercedes,44,14,13,0.0,62,+1 Lap,13.0,,217.054
2022,4,Emilia Romagna Grand Prix,2022-04-24,ocon,OCO,Esteban Ocon,alpine,Alpine F1 Team,31,16,14,0.0,62,+1 Lap,18.0,,215.814
2022,4,Emilia Romagna Grand Prix,2022-04-24,zhou,ZHO,Guanyu Zhou,alfa,Alfa Romeo,24,0,15,0.0,62,+1 Lap,11.0,,217.41
2022,4,Emilia Romagna Grand Prix,2022-04-24,latifi,LAT,Nicholas Latifi,williams,Williams,6,19,16,0.0,62,+1 Lap,12.0,,217.271
2022,4,Emilia Romagna Grand Prix,2022-04-24,mick_schumacher,MSC,Mick Schumacher,haas,Haas F1 Team,47,10,17,0.0,62,+1 Lap,4.0,,223.704
2022,4,Emilia Romagna Grand Prix,2022-04-24,ricciardo,RIC,Daniel Ricciardo,mclaren,McLaren,3,6,18,0.0,62,+1 Lap,14.0,,216.634
2022,4,Emilia Romagna Grand Prix,2022-04-24,alonso,ALO,Fernando Alonso,alpine,Alpine F1 Team,14,9,19,0.0,6,Collision damage,19.0,,177.282
2022,4,Emilia Romagna Grand Prix,2022-04-24,sainz,SAI,Carlos Sainz,ferrari,Ferrari,55,4,20,0.0,0,Collision,,,
2022,5,Miami Grand Prix,2022-05-08,max_verstappen,VER,Max Verstappen,red_bull,Red Bull,1,3,1,26.0,57,Finished,1.0,,213.255
2022,5,Miami Grand Prix,2022-05-08,leclerc,LEC,Charles Leclerc,ferrari,Ferrari,16,1,2,18.0,57,Finished,2.0,,212.959
2022,5,Miami Grand Prix,2022-05-08,sainz,SAI,Carlos Sainz,ferrari,Ferrari,55,2,3,15.0,57,Finished,3.0,,212.258
2022,5,Miami Grand Prix,2022-05-08,perez,PER,Sergio Pérez,red_bull,Red Bull,11,4,4,12.0,57,Finished,4.0,,212.191
2022,5,Miami Grand Prix,2022-05-08,russell,RUS,George Russell,mercedes,Mercedes,63,12,5,10.0,57,Finished,5.0,,211.325
2022,5,Miami Grand Prix,2022-05-08,hamilton,HAM,Lewis Hamilton,mercedes,Mercedes,44,6,6,8.0,57,Finished,7.0,,209.629
2022,5,Miami Grand Prix,2022-05-08,bottas,BOT,Valtteri Bottas,alfa,Alfa Romeo,77,5,7,6.0,57,Finished,10.0,,209.083
2022,5,Miami Grand Prix,2022-05-08,ocon,OCO,Esteban Ocon,alpine,Alpine F1 Team,31,20,8,4.0,57,Finished,9.0,,209.13
2022,5,Miami Grand Prix,2022-05-08,albon,ALB,Alexander Albon,williams,Williams,23,18,9,2.0,57,Finished,15.0,,208.494
2022,5,Miami Grand Prix,2022-05-08,stroll,STR,Lance Stroll,aston_martin,Aston Martin,18,0,10,1.0,57,Finished,12.0,,208.796
2022,5,Miami Grand Prix,2022-05-08,alonso,ALO,Fernando Alonso,alpine,Alpine F1 Team,14,11,11,0.0,57,Finished,13.0,,208.753
2022,5,Miami Grand Prix,2022-05-08,tsunoda,TSU,Yuki Tsunoda,alphatauri,AlphaTauri,22,9,12,0.0,57,Finished,8.0,,209.417
2022,5,Miami Grand Prix,2022-05-08,ricciardo,RIC,Daniel Ricciardo,mclaren,McLaren,3,14,13,0.0,57,Finished,11.0,,208.901
2022,5,Miami Grand Prix,2022-05-08,latifi,LAT,Nicholas Latifi,williams,Williams,6,19,14,0.0,57,Finished,18.0,,206.896
2022,5,Miami Grand Prix,2022-05-08,mick_schumacher,MSC,Mick Schumacher,haas,Haas F1 Team,47,15,15,0.0,57,Finished,6.0,,210.565
2022,5,Miami Grand Prix,2022-05-08,kevin_magnussen,MAG,Kevin Magnussen,haas,Haas F1 Team,20,16,16,0.0,56,Front wing,17.0,,208.351
2022,5,Miami Grand Prix,2022-05-08,vettel,VET,Sebastian Vettel,aston_martin,Aston Martin,5,0,17,0.0,54,Collision,16.0,,208.423
2022,5,Miami Grand Prix,2022-05-08,gasly,GAS,Pierre Gasly,alphatauri,AlphaTauri,10,7,18,0.0,45,Suspension,19.0,,206.199
2022,5,Miami Grand Prix,2022-05-08,norris,NOR,Lando Norris,mclaren,McLaren,4,8,19,0.0,39,Collision,14.0,,208.575
2022,5,Miami Grand Prix,2022-05-08,zhou,ZHO,Guanyu Zhou,alfa,Alfa Romeo,24,17,20,0.0,6,Water leak,20.0,,203.52
2022,6,Spanish Grand Prix,2022-05-22,max_verstappen,VER,Max Verstappen,red_bull,Red Bull,1,2,1,25.0,66,Finished,4.0,,196.943
2022,6,Spanish Grand Prix,2022-05-22,perez,PER,Sergio Pérez,red_bull,Red Bull,11,5,2,19.0,66,Finished,1.0,,200.099
2022,6,Spanish Grand Prix,2022-05-22,russell,RUS,George Russell,mercedes,Mercedes,63,4,3,15.0,66,Finished,3.0,,198.851
2022,6,Spanish Grand Prix,2022-05-22,sainz,SAI,Carlos Sainz,ferrari,Ferrari,55,3,4,12.0,66,Finished,7.0,,195.731
2022,6,Spanish Grand Prix,2022-05-22,hamilton,HAM,Lewis Hamilton,mercedes,Mercedes,44,6,5,10.0,66,Finished,2.0,,199.755
2022,6,Spanish Grand Prix,2022-05-22,bottas,BOT,Valtteri Bottas,alfa,Alfa Romeo,77,7,6,8.0,66,Finished,8.0,,194.802
2022,6,Spanish Grand Prix,2022-05-22,ocon,OCO,Esteban Ocon,alpine,Alpine F1 Team,31,12,7,6.0,66,Finished,6.0,,195.845
2022,6,Spanish Grand Prix,2022-05-22,norris,NOR,Lando Norris,mclaren,McLaren,4,11,8,4.0,66,Finished,5.0,,196.568
2022,6,Spanish Grand Prix,2022-05-22,alonso,ALO,Fernando Alonso,alpine,Alpine F1 Team,14,20,9,2.0,65,+1 Lap,9.0,,194.344
2022,6,Spanish Grand Prix,2022-05-22,tsunoda,TSU,Yuki Tsunoda,alphatauri,AlphaTauri,22,13,10,1.0,65,+1 Lap,10.0,,193.831
2022,6,Spanish Grand Prix,2022-05-22,vettel,VET,Sebastian Vettel,aston_martin,Aston Martin,5,16,11,0.0,65,+1 Lap,18.0,,192.059
2022,6,Spanish Grand Prix,2022-05-22,ricciardo,RIC,Daniel Ricciardo,mclaren,McLaren,3,9,12,0.0,65,+1 Lap,15.0,,192.816
2022,6,Spanish Grand Prix,2022-05-22,gasly,GAS,Pierre Gasly,alphatauri,AlphaTauri,10,14,13,0.0,65,+1 Lap,12.0,,193.477
2022,6,Spanish Grand Prix,2022-05-22,mick_schumacher,MSC,Mick Schumacher,haas,Haas F1 Team,47,10,14,0.0,65,+1 Lap,16.0,,192.459
2022,6,Spanish Grand Prix,2022-05-22,stroll,STR,Lance Stroll,aston_martin,Aston Martin,18,17,15,0.0,65,+1 Lap,11.0,,193.724
2022,6,Spanish Grand Prix,2022-05-22,latifi,LAT,Nicholas Latifi,williams,Williams,6,19,16,0.0,64,+2 Laps,14.0,,192.902
2022,6,Spanish Grand Prix,2022-05-22,kevin_magnussen,MAG,Kevin Magnussen,haas,Haas F1 Team,20,8,17,0.0,64,+2 Laps,17.0,,192.261
2022,6,Spanish Grand Prix,2022-05-22,albon,ALB,Alexander Albon,williams,Williams,23,18,18,0.0,64,+2 Laps,19.0,,190.641
2022,6,Spanish Grand Prix,2022-05-22,zhou,ZHO,Guanyu Zhou,alfa,Alfa Romeo,24,15,19,0.0,28,Power loss,20.0,,190.352
2022,6,Spanish Grand Prix,2022-05-22,leclerc,LEC,Charles Leclerc,ferrari,Ferrari,16,1,20,0.0,27,Turbo,13.0,,193.381
2022,7,Monaco Grand Prix,2022-05-29,perez,PER,Sergio Pérez,red_bull,Red Bull,11,3,1,25.0,64,Finished,4.0,,158.01
2022,7,Monaco Grand Prix,2022-05-29,sainz,SAI,Carlos Sainz,ferrari,Ferrari,55,2,2,18.0,64,Finished,7.0,,157.197
2022,7,Monaco Grand Prix,2022-05-29,max_verstappen,VER,Max Verstappen,red_bull,Red Bull,1,4,3,15.0,64,Finished,5.0,,157.96
2022,7,Monaco Grand Prix,2022-05-29,leclerc,LEC,Charles Leclerc,ferrari,Ferrari,16,1,4,12.0,64,Finished,6.0,,157.552
2022,7,Monaco Grand Prix,2022-05-29,russell,RUS,George Russell,mercedes,Mercedes,63,6,5,10.0,64,Finished,8.0,,156.36
2022,7,Monaco Grand Prix,2022-05-29,norris,NOR,Lando Norris,mclaren,McLaren,4,5,6,9.0,64,Finished,1.0,,160.834
2022,7,Monaco Grand Prix,2022-05-29,alonso,ALO,Fernando Alonso,alpine,Alpine F1 Team,14,7,7,6.0,64,Finished,3.0,,158.314
2022,7,Monaco Grand Prix,2022-05-29,hamilton,HAM,Lewis Hamilton,mercedes,Mercedes,44,8,8,4.0,64,Finished,9.0,,155.605
2022,7,Monaco Grand Prix,2022-05-29,bottas,BOT,Valtteri Bottas,alfa,Alfa Romeo,77,12,9,2.0,64,Finished,14.0,,154.809
2022,7,Monaco Grand Prix,2022-05-29,vettel,VET,Sebastian Vettel,aston_martin,Aston Martin,5,9,10,1.0,64,Finished,12.0,,154.893
2022,7,Monaco Grand Prix,2022-05-29,gasly,GAS,Pierre Gasly,alphatauri,AlphaTauri,10,17,11,0.0,64,Finished,10.0,,155.321
2022,7,Monaco Grand Prix,2022-05-29,ocon,OCO,Esteban Ocon,alpine,Alpine F1 Team,31,10,12,0.0,64,Finished,13.0,,154.867
2022,7,Monaco Grand Prix,2022-05-29,ricciardo,RIC,Daniel Ricciardo,mclaren,McLaren,3,14,13,0.0,64,Finished,11.0,,154.945
2022,7,Monaco Grand Prix,2022-05-29,stroll,STR,Lance Stroll,aston_martin,Aston Martin,18,18,14,0.0,64,Finished,15.0,,154.665
2022,7,Monaco Grand Prix,2022-05-29,latifi,LAT,Nicholas Latifi,williams,Williams,6,19,15,0.0,63,+1 Lap,18.0,,152.88
2022,7,Monaco Grand Prix,2022-05-29,zhou,ZHO,Guanyu Zhou,alfa,Alfa Romeo,24,20,16,0.0,63,+1 Lap,17.0,,153.621
2022,7,Monaco Grand Prix,2022-05-29,tsunoda,TSU,Yuki Tsunoda,alphatauri,AlphaTauri,22,11,17,0.0,63,+1 Lap,2.0,,159.465
2022,7,Monaco Grand Prix,2022-05-29,albon,ALB,Alexander Albon,williams,Williams,23,16,18,0.0,48,Mechanical,16.0,,153.969
2022,7,Monaco Grand Prix,2022-05-29,mick_schumacher,MSC,Mick Schumacher,haas,Haas F1 Team,47,15,19,0.0,24,Accident,19.0,,141.701
2022,7,Monaco Grand Prix,2022-05-29,kevin_magnussen,MAG,Kevin Magnussen,haas,Haas F1 Team,20,13,20,0.0,19,Water pressure,20.0,,128.135
2022,8,Azerbaijan Grand Prix,2022-06-12,max_verstappen,VER,Max Verstappen,red_bull,Red Bull,1,3,1,25.0,51,Finished,2.0,,203.779
2022,8,Azerbaijan Grand Prix,2022-06-12,perez,PER,Sergio Pérez,red_bull,Red Bull,11,2,2,19.0,51,Finished,1.0,,203.787
2022,8,Azerbaijan Grand Prix,2022-06-12,russell,RUS,George Russell,mercedes,Mercedes,63,5,3,15.0,51,Finished,4.0,,201.636
2022,8,Azerbaijan Grand Prix,2022-06-12,hamilton,HAM,Lewis Hamilton,mercedes,Mercedes,44,7,4,12.0,51,Finished,3.0,,201.887
2022,8,Azerbaijan Grand Prix,2022-06-12,gasly,GAS,Pierre Gasly,alphatauri,AlphaTauri,10,6,5,10.0,51,Finished,16.0,,199.143
2022,8,Azerbaijan Grand Prix,2022-06-12,vettel,VET,Sebastian Vettel,aston_martin,Aston Martin,5,9,6,8.0,51,Finished,12.0,,199.719
2022,8,Azerbaijan Grand Prix,2022-06-12,alonso,ALO,Fernando Alonso,alpine,Alpine F1 Team,14,10,7,6.0,51,Finished,8.0,,200.12
2022,8,Azerbaijan Grand Prix,2022-06-12,ricciardo,RIC,Daniel Ricciardo,mclaren,McLaren,3,12,8,4.0,51,Finished,13.0,,199.589
2022,8,Azerbaijan Grand Prix,2022-06-12,norris,NOR,Lando Norris,mclaren,McLaren,4,11,9,2.0,51,Finished,9.0,,200.105
2022,8,Azerbaijan Grand Prix,2022-06-12,ocon,OCO,Esteban Ocon,alpine,Alpine F1 Team,31,13,10,1.0,51,Finished,14.0,,199.551
2022,8,Azerbaijan Grand Prix,2022-06-12,bottas,BOT,Valtteri Bottas,alfa,Alfa Romeo,77,15,11,0.0,50,+1 Lap,11.0,,199.768
2022,8,Azerbaijan Grand Prix,2022-06-12,albon,ALB,Alexander Albon,williams,Williams,23,17,12,0.0,50,+1 Lap,7.0,,200.163
2022,8,Azerbaijan Grand Prix,2022-06-12,tsunoda,TSU,Yuki Tsunoda,alphatauri,AlphaTauri,22,8,13,0.0,50,+1 Lap,5.0,,200.987
2022,8,Azerbaijan Grand Prix,2022-06-12,mick_schumacher,MSC,Mick Schumacher,haas,Haas F1 Team,47,20,14,0.0,50,+1 Lap,15.0,,199.343
2022,8,Azerbaijan Grand Prix,2022-06-12,latifi,LAT,Nicholas Latifi,williams,Williams,6,18,15,0.0,50,+1 Lap,20.0,,197.209
2022,8,Azerbaijan Grand Prix,2022-06-12,stroll,STR,Lance Stroll,aston_martin,Aston Martin,18,19,16,0.0,46,Vibrations,10.0,,200.029
2022,8,Azerbaijan Grand Prix,2022-06-12,kevin_magnussen,MAG,Kevin Magnussen,haas,Haas F1 Team,20,16,17,0.0,31,Power Unit,18.0,,198.648
2022,8,Azerbaijan Grand Prix,2022-06-12,zhou,ZHO,Guanyu Zhou,alfa,Alfa Romeo,24,14,18,0.0,23,Hydraulics,17.0,,198.769
2022,8,Azerbaijan Grand Prix,2022-06-12,leclerc,LEC,Charles Leclerc,ferrari,Ferrari,16,1,19,0.0,21,Power Unit,6.0,,200.972
2022,8,Azerbaijan Grand Prix,2022-06-12,sainz,SAI,Carlos Sainz,ferrari,Ferrari,55,4,20,0.0,8,Hydraulics,19.0,,198.304
2022,9,Canadian Grand Prix,2022-06-19,max_verstappen,VER,Max Verstappen,red_bull,Red Bull,1,1,1,25.0,70,Finished,2.0,,207.012
2022,9,Canadian Grand Prix,2022-06-19,sainz,SAI,Carlos Sainz,ferrari,Ferrari,55,3,2,19.0,70,Finished,1.0,,207.258
2022,9,Canadian Grand Prix,2022-06-19,hamilton,HAM,Lewis Hamilton,mercedes,Mercedes,44,4,3,15.0,70,Finished,4.0,,206.12
2022,9,Canadian Grand Prix,2022-06-19,russell,RUS,George Russell,mercedes,Mercedes,63,8,4,12.0,70,Finished,5.0,,205.443
2022,9,Canadian Grand Prix,2022-06-19,leclerc,LEC,Charles Leclerc,ferrari,Ferrari,16,19,5,10.0,70,Finished,3.0,,206.843
2022,9,Canadian Grand Prix,2022-06-19,ocon,OCO,Esteban Ocon,alpine,Alpine F1 Team,31,7,6,8.0,70,Finished,9.0,,203.6
2022,9,Canadian Grand Prix,2022-06-19,bottas,BOT,Valtteri Bottas,alfa,Alfa Romeo,77,11,7,6.0,70,Finished,8.0,,203.864
2022,9,Canadian Grand Prix,2022-06-19,zhou,ZHO,Guanyu Zhou,alfa,Alfa Romeo,24,10,8,4.0,70,Finished,7.0,,204.084
2022,9,Canadian Grand Prix,2022-06-19,alonso,ALO,Fernando Alonso,alpine,Alpine F1 Team,14,2,9,2.0,70,Finished,6.0,,205.014
2022,9,Canadian Grand Prix,2022-06-19,stroll,STR,Lance Stroll,aston_martin,Aston Martin,18,17,10,1.0,70,Finished,10.0,,202.782
2022,9,Canadian Grand Prix,2022-06-19,ricciardo,RIC,Daniel Ricciardo,mclaren,McLaren,3,9,11,0.0,70,Finished,13.0,,201.452
2022,9,Canadian Grand Prix,2022-06-19,vettel,VET,Sebastian Vettel,aston_martin,Aston Martin,5,16,12,0.0,70,Finished,15.0,,201.39
2022,9,Canadian Grand Prix,2022-06-19,albon,ALB,Alexander Albon,williams,Williams,23,12,13,0.0,70,Finished,14.0,,201.403
2022,9,Canadian Grand Prix,2022-06-19,gasly,GAS,Pierre Gasly,alphatauri,AlphaTauri,10,15,14,0.0,70,Finished,12.0,,201.768
2022,9,Canadian Grand Prix,2022-06-19,norris,NOR,Lando Norris,mclaren,McLaren,4,14,15,0.0,70,Finished,11.0,,202.588
2022,9,Canadian Grand Prix,2022-06-19,latifi,LAT,Nicholas Latifi,williams,Williams,6,18,16,0.0,70,Finished,18.0,,199.893
2022,9,Canadian Grand Prix,2022-06-19,kevin_magnussen,MAG,Kevin Magnussen,haas,Haas F1 Team,20,5,17,0.0,70,Finished,16.0,,201.158
2022,9,Canadian Grand Prix,2022-06-19,tsunoda,TSU,Yuki Tsunoda,alphatauri,AlphaTauri,22,20,18,0.0,47,Accident,17.0,,200.482
2022,9,Canadian Grand Prix,2022-06-19,mick_schumacher,MSC,Mick Schumacher,haas,Haas F1 Team,47,6,19,0.0,18,Engine,20.0,,198.812
2022,9,Canadian Grand Prix,2022-06-19,perez,PER,Sergio Pérez,red_bull,Red Bull,11,13,20,0.0,7,Gearbox,19.0,,199.122
2022,10,British Grand Prix,2022-07-03,sainz,SAI,Carlos Sainz,ferrari,Ferrari,55,1,1,25.0,52,Finished,2.0,,233.53
2022,10,British Grand Prix,2022-07-03,perez,PER,Sergio Pérez,red_bull,Red Bull,11,4,2,18.0,52,Finished,3.0,,233.212
2022,10,British Grand Prix,2022-07-03,hamilton,HAM,Lewis Hamilton,mercedes,Mercedes,44,5,3,16.0,52,Finished,1.0,,234.312
2022,10,British Grand Prix,2022-07-03,leclerc,LEC,Charles Leclerc,ferrari,Ferrari,16,3,4,12.0,52,Finished,4.0,,232.33
2022,10,British Grand Prix,2022-07-03,alonso,ALO,Fernando Alonso,alpine,Alpine F1 Team,14,7,5,10.0,52,Finished,5.0,,231.501
2022,10,British Grand Prix,2022-07-03,norris,NOR,Lando Norris,mclaren,McLaren,4,6,6,8.0,52,Finished,6.0,,231.41
2022,10,British Grand Prix,2022-07-03,max_verstappen,VER,Max Verstappen,red_bull,Red Bull,1,2,7,6.0,52,Finished,8.0,,229.633
2022,10,British Grand Prix,2022-07-03,mick_schumacher,MSC,Mick Schumacher,haas,Haas F1 Team,47,19,8,4.0,52,Finished,7.0,,230.244
2022,10,British Grand Prix,2022-07-03,vettel,VET,Sebastian Vettel,aston_martin,Aston Martin,5,18,9,2.0,52,Finished,10.0,,229.343
2022,10,British Grand Prix,2022-07-03,kevin_magnussen,MAG,Kevin Magnussen,haas,Haas F1 Team,20,17,10,1.0,52,Finished,12.0,,228.872
2022,10,British Grand Prix,2022-07-03,stroll,STR,Lance Stroll,aston_martin,Aston Martin,18,20,11,0.0,52,Finished,9.0,,229.571
2022,10,British Grand Prix,2022-07-03,latifi,LAT,Nicholas Latifi,williams,Williams,6,10,12,0.0,52,Finished,13.0,,227.339
2022,10,British Grand Prix,2022-07-03,ricciardo,RIC,Daniel Ricciardo,mclaren,McLaren,3,14,13,0.0,52,Finished,11.0,,228.914
2022,10,British Grand Prix,2022-07-03,tsunoda,TSU,Yuki Tsunoda,alphatauri,AlphaTauri,22,13,14,0.0,52,Finished,15.0,,226.016
2022,10,British Grand Prix,2022-07-03,ocon,OCO,Esteban Ocon,alpine,Alpine F1 Team,31,15,15,0.0,37,Fuel pump,14.0,,226.729
2022,10,British Grand Prix,2022-07-03,gasly,GAS,Pierre Gasly,alphatauri,AlphaTauri,10,11,16,0.0,26,Collision damage,16.0,,224.148
2022,10,British Grand Prix,2022-07-03,bottas,BOT,Valtteri Bottas,alfa,Alfa Romeo,77,12,17,0.0,20,Gearbox,17.0,,222.996
2022,10,British Grand Prix,2022-07-03,russell,RUS,George Russell,mercedes,Mercedes,63,8,18,0.0,0,Collision,,,
2022,10,British Grand Prix,2022-07-03,zhou,ZHO,Guanyu Zhou,alfa,Alfa Romeo,24,9,19,0.0,0,Collision,,,
2022,10,British Grand Prix,2022-07-03,albon,ALB,Alexander Albon,williams,Williams,23,16,20,0.0,0,Collision,,,
2022,11,Austrian Grand Prix,2022-07-10,leclerc,LEC,Charles Leclerc,ferrari,Ferrari,16,2,1,25.0,71,Finished,2.0,,230.01
2022,11,Austrian Grand Prix,2022-07-10,max_verstappen,VER,Max Verstappen,red_bull,Red Bull,1,1,2,19.0,71,Finished,1.0,,231.063
2022,11,Austrian Grand Prix,2022-07-10,hamilton,HAM,Lewis Hamilton,mercedes,Mercedes,44,8,3,15.0,71,Finished,5.0,,225.286
2022,11,Austrian Grand Prix,2022-07-10,russell,RUS,George Russell,mercedes,Mercedes,63,4,4,12.0,71,Finished,6.0,,225.042
2022,11,Austrian Grand Prix,2022-07-10,ocon,OCO,Esteban Ocon,alpine,Alpine F1 Team,31,6,5,10.0,71,Finished,10.0,,223.476
2022,11,Austrian Grand Prix,2022-07-10,mick_schumacher,MSC,Mick Schumacher,haas,Haas F1 Team,47,9,6,8.0,70,+1 Lap,11.0,,223.264
2022,11,Austrian Grand Prix,2022-07-10,norris,NOR,Lando Norris,mclaren,McLaren,4,10,7,6.0,70,+1 Lap,8.0,,224.298
2022,11,Austrian Grand Prix,2022-07-10,kevin_magnussen,MAG,Kevin Magnussen,haas,Haas F1 Team,20,7,8,4.0,70,+1 Lap,14.0,,222.265
2022,11,Austrian Grand Prix,2022-07-10,ricciardo,RIC,Daniel Ricciardo,mclaren,McLaren,3,11,9,2.0,70,+1 Lap,13.0,,222.309
2022,11,Austrian Grand Prix,2022-07-10,alonso,ALO,Fernando Alonso,alpine,Alpine F1 Team,14,19,10,1.0,70,+1 Lap,3.0,,226.739
2022,11,Austrian Grand Prix,2022-07-10,bottas,BOT,Valtteri Bottas,alfa,Alfa Romeo,77,0,11,0.0,70,+1 Lap,7.0,,224.421
2022,11,Austrian Grand Prix,2022-07-10,albon,ALB,Alexander Albon,williams,Williams,23,15,12,0.0,70,+1 Lap,12.0,,223.123
2022,11,Austrian Grand Prix,2022-07-10,stroll,STR,Lance Stroll,aston_martin,Aston Martin,18,12,13,0.0,70,+1 Lap,17.0,,221.916
2022,11,Austrian Grand Prix,2022-07-10,zhou,ZHO,Guanyu Zhou,alfa,Alfa Romeo,24,13,14,0.0,70,+1 Lap,9.0,,224.053
2022,11,Austrian Grand Prix,2022-07-10,gasly,GAS,Pierre Gasly,alphatauri,AlphaTauri,10,14,15,0.0,70,+1 Lap,18.0,,221.739
2022,11,Austrian Grand Prix,2022-07-10,tsunoda,TSU,Yuki Tsunoda,alphatauri,AlphaTauri,22,16,16,0.0,70,+1 Lap,16.0,,221.995
2022,11,Austrian Grand Prix,2022-07-10,vettel,VET,Sebastian Vettel,aston_martin,Aston Martin,5,18,17,0.0,70,+1 Lap,15.0,,222.065
2022,11,Austrian Grand Prix,2022-07-10,sainz,SAI,Carlos Sainz,ferrari,Ferrari,55,3,18,0.0,56,Power Unit,4.0,,226.438
2022,11,Austrian Grand Prix,2022-07-10,latifi,LAT,Nicholas Latifi,williams,Williams,6,17,19,0.0,48,Undertray,19.0,,219.28
2022,11,Austrian Grand Prix,2022-07-10,perez,PER,Sergio Pérez,red_bull,Red Bull,11,5,20,0.0,24,Collision damage,20.0,,216.371
2022,12,French Grand Prix,2022-07-24,max_verstappen,VER,Max Verstappen,red_bull,Red Bull,1,2,1,25.0,53,Finished,2.0,,215.724
2022,12,French Grand Prix,2022-07-24,hamilton,HAM,Lewis Hamilton,mercedes,Mercedes,44,4,2,18.0,53,Finished,4.0,,215.333
2022,12,French Grand Prix,2022-07-24,russell,RUS,George Russell,mercedes,Mercedes,63,6,3,15.0,53,Finished,3.0,,215.598
2022,12,French Grand Prix,2022-07-24,perez,PER,Sergio Pérez,red_bull,Red Bull,11,3,4,12.0,53,Finished,5.0,,215.086
2022,12,French Grand Prix,2022-07-24,sainz,SAI,Carlos Sainz,ferrari,Ferrari,55,19,5,11.0,53,Finished,1.0,,219.575
2022,12,French Grand Prix,2022-07-24,alonso,ALO,Fernando Alonso,alpine,Alpine F1 Team,14,7,6,8.0,53,Finished,8.0,,214.254
2022,12,French Grand Prix,2022-07-24,norris,NOR,Lando Norris,mclaren,McLaren,4,5,7,6.0,53,Finished,11.0,,212.356
2022,12,French Grand Prix,2022-07-24,ocon,OCO,Esteban Ocon,alpine,Alpine F1 Team,31,10,8,4.0,53,Finished,9.0,,213.116
2022,12,French Grand Prix,2022-07-24,ricciardo,RIC,Daniel Ricciardo,mclaren,McLaren,3,9,9,2.0,53,Finished,14.0,,212.151
2022,12,French Grand Prix,2022-07-24,stroll,STR,Lance Stroll,aston_martin,Aston Martin,18,15,10,1.0,53,Finished,15.0,,212.04
2022,12,French Grand Prix,2022-07-24,vettel,VET,Sebastian Vettel,aston_martin,Aston Martin,5,12,11,0.0,53,Finished,12.0,,212.341
2022,12,French Grand Prix,2022-07-24,gasly,GAS,Pierre Gasly,alphatauri,AlphaTauri,10,14,12,0.0,53,Finished,10.0,,212.896
2022,12,French Grand Prix,2022-07-24,albon,ALB,Alexander Albon,williams,Williams,23,13,13,0.0,53,Finished,16.0,,212.01
2022,12,French Grand Prix,2022-07-24,bottas,BOT,Valtteri Bottas,alfa,Alfa Romeo,77,11,14,0.0,53,Finished,6.0,,214.685
2022,12,French Grand Prix,2022-07-24,mick_schumacher,MSC,Mick Schumacher,haas,Haas F1 Team,47,17,15,0.0,53,Finished,13.0,,212.29
2022,12,French Grand Prix,2022-07-24,zhou,ZHO,Guanyu Zhou,alfa,Alfa Romeo,24,16,16,0.0,47,+6 Laps,18.0,,211.649
2022,12,French Grand Prix,2022-07-24,latifi,LAT,Nicholas Latifi,williams,Williams,6,18,17,0.0,40,Collision damage,19.0,,211.05
2022,12,French Grand Prix,2022-07-24,kevin_magnussen,MAG,Kevin Magnussen,haas,Haas F1 Team,20,20,18,0.0,37,Collision damage,17.0,,211.869
2022,12,French Grand Prix,2022-07-24,leclerc,LEC,Charles Leclerc,ferrari,Ferrari,16,1,19,0.0,17,Accident,7.0,,214.411
2022,12,French Grand Prix,2022-07-24,tsunoda,TSU,Yuki Tsunoda,alphatauri,AlphaTauri,22,8,20,0.0,17,Undertray,20.0,,209.858
2022,13,Hungarian Grand Prix,2022-07-31,max_verstappen,VER,Max Verstappen,red_bull,Red Bull,1,10,1,25.0,70,Finished,6.0,,192.041
2022,13,Hungarian Grand Prix,2022-07-31,hamilton,HAM,Lewis Hamilton,mercedes,Mercedes,44,7,2,19.0,70,Finished,1.0,,193.787
2022,13,Hungarian Grand Prix,2022-07-31,russell,RUS,George Russell,mercedes,Mercedes,63,1,3,15.0,70,Finished,9.0,,190.556
2022,13,Hungarian Grand Prix,2022-07-31,sainz,SAI,Carlos Sainz,ferrari,Ferrari,55,2,4,12.0,70,Finished,4.0,,192.336
2022,13,Hungarian Grand Prix,2022-07-31,perez,PER,Sergio Pérez,red_bull,Red Bull,11,11,5,10.0,70,Finished,3.0,,192.477
2022,13,Hungarian Grand Prix,2022-07-31,leclerc,LEC,Charles Leclerc,ferrari,Ferrari,16,3,6,8.0,70,Finished,2.0,,193.227
2022,13,Hungarian Grand Prix,2022-07-31,norris,NOR,Lando Norris,mclaren,McLaren,4,4,7,6.0,70,Finished,11.0,,189.92
2022,13,Hungarian Grand Prix,2022-07-31,alonso,ALO,Fernando Alonso,alpine,Alpine F1 Team,14,6,8,4.0,69,+1 Lap,18.0,,187.804
2022,13,Hungarian Grand Prix,2022-07-31,ocon,OCO,Esteban Ocon,alpine,Alpine F1 Team,31,5,9,2.0,69,+1 Lap,20.0,,187.424
2022,13,Hungarian Grand Prix,2022-07-31,vettel,VET,Sebastian Vettel,aston_martin,Aston Martin,5,18,10,1.0,69,+1 Lap,10.0,,190.423
2022,13,Hungarian Grand Prix,2022-07-31,stroll,STR,Lance Stroll,aston_martin,Aston Martin,18,14,11,0.0,69,+1 Lap,7.0,,191.317
2022,13,Hungarian Grand Prix,2022-07-31,gasly,GAS,Pierre Gasly,alphatauri,AlphaTauri,10,0,12,0.0,69,+1 Lap,14.0,,189.564
2022,13,Hungarian Grand Prix,2022-07-31,zhou,ZHO,Guanyu Zhou,alfa,Alfa Romeo,24,12,13,0.0,69,+1 Lap,5.0,,192.268
2022,13,Hungarian Grand Prix,2022-07-31,mick_schumacher,MSC,Mick Schumacher,haas,Haas F1 Team,47,15,14,0.0,69,+1 Lap,13.0,,189.674
2022,13,Hungarian Grand Prix,2022-07-31,ricciardo,RIC,Daniel Ricciardo,mclaren,McLaren,3,9,15,0.0,69,+1 Lap,17.0,,188.533
2022,13,Hungarian Grand Prix,2022-07-31,kevin_magnussen,MAG,Kevin Magnussen,haas,Haas F1 Team,20,13,16,0.0,69,+1 Lap,15.0,,188.856
2022,13,Hungarian Grand Prix,2022-07-31,albon,ALB,Alexander Albon,williams,Williams,23,17,17,0.0,69,+1 Lap,12.0,,189.911
2022,13,Hungarian Grand Prix,2022-07-31,latifi,LAT,Nicholas Latifi,williams,Williams,6,19,18,0.0,69,+1 Lap,8.0,,191.221
2022,13,Hungarian Grand Prix,2022-07-31,tsunoda,TSU,Yuki Tsunoda,alphatauri,AlphaTauri,22,16,19,0.0,68,+2 Laps,16.0,,188.795
2022,13,Hungarian Grand Prix,2022-07-31,bottas,BOT,Valtteri Bottas,alfa,Alfa Romeo,77,8,20,0.0,65,Power Unit,19.0,,187.752
2022,14,Belgian Grand Prix,2022-08-28,max_verstappen,VER,Max Verstappen,red_bull,Red Bull,1,14,1,26.0,44,Finished,1.0,,230.575
2022,14,Belgian Grand Prix,2022-08-28,perez,PER,Sergio Pérez,red_bull,Red Bull,11,2,2,18.0,44,Finished,3.0,,227.64
2022,14,Belgian Grand Prix,2022-08-28,sainz,SAI,Carlos Sainz,ferrari,Ferrari,55,1,3,15.0,44,Finished,7.0,,225.174
2022,14,Belgian Grand Prix,2022-08-28,russell,RUS,George Russell,mercedes,Mercedes,63,5,4,12.0,44,Finished,4.0,,227.581
2022,14,Belgian Grand Prix,2022-08-28,alonso,ALO,Fernando Alonso,alpine,Alpine F1 Team,14,3,5,10.0,44,Finished,13.0,,223.397
2022,14,Belgian Grand Prix,2022-08-28,leclerc,LEC,Charles Leclerc,ferrari,Ferrari,16,15,6,8.0,44,Finished,2.0,,229.255
2022,14,Belgian Grand Prix,2022-08-28,ocon,OCO,Esteban Ocon,alpine,Alpine F1 Team,31,16,7,6.0,44,Finished,6.0,,225.698
2022,14,Belgian Grand Prix,2022-08-28,vettel,VET,Sebastian Vettel,aston_martin,Aston Martin,5,10,8,4.0,44,Finished,11.0,,224.098
2022,14,Belgian Grand Prix,2022-08-28,gasly,GAS,Pierre Gasly,alphatauri,AlphaTauri,10,0,9,2.0,44,Finished,15.0,,223.132
2022,14,Belgian Grand Prix,2022-08-28,albon,ALB,Alexander Albon,williams,Williams,23,6,10,1.0,44,Finished,16.0,,223.027
2022,14,Belgian Grand Prix,2022-08-28,stroll,STR,Lance Stroll,aston_martin,Aston Martin,18,9,11,0.0,44,Finished,14.0,,223.373
2022,14,Belgian Grand Prix,2022-08-28,norris,NOR,Lando Norris,mclaren,McLaren,4,17,12,0.0,44,Finished,5.0,,225.777
2022,14,Belgian Grand Prix,2022-08-28,tsunoda,TSU,Yuki Tsunoda,alphatauri,AlphaTauri,22,0,13,0.0,44,Finished,10.0,,224.255
2022,14,Belgian Grand Prix,2022-08-28,zhou,ZHO,Guanyu Zhou,alfa,Alfa Romeo,24,18,14,0.0,44,Finished,9.0,,224.493
2022,14,Belgian Grand Prix,2022-08-28,ricciardo,RIC,Daniel Ricciardo,mclaren,McLaren,3,7,15,0.0,44,Finished,17.0,,222.978
2022,14,Belgian Grand Prix,2022-08-28,kevin_magnussen,MAG,Kevin Magnussen,haas,Haas F1 Team,20,12,16,0.0,43,+1 Lap,18.0,,222.482
2022,14,Belgian Grand Prix,2022-08-28,mick_schumacher,MSC,Mick Schumacher,haas,Haas F1 Team,47,19,17,0.0,43,+1 Lap,12.0,,223.837
2022,14,Belgian Grand Prix,2022-08-28,latifi,LAT,Nicholas Latifi,williams,Williams,6,11,18,0.0,43,+1 Lap,8.0,,224.615
2022,14,Belgian Grand Prix,2022-08-28,bottas,BOT,Valtteri Bottas,alfa,Alfa Romeo,77,13,19,0.0,1,Accident,,,
2022,14,Belgian Grand Prix,2022-08-28,hamilton,HAM,Lewis Hamilton,mercedes,Mercedes,44,4,20,0.0,0,Collision damage,,,
2022,15,Dutch Grand Prix,2022-09-04,max_verstappen,VER,Max Verstappen,red_bull,Red Bull,1,1,1,26.0,72,Finished,1.0,,208.173
2022,15,Dutch Grand Prix,2022-09-04,russell,RUS,George Russell,mercedes,Mercedes,63,6,2,18.0,72,Finished,2.0,,208.119
2022,15,Dutch Grand Prix,2022-09-04,leclerc,LEC,Charles Leclerc,ferrari,Ferrari,16,2,3,15.0,72,Finished,6.0,,206.044
2022,15,Dutch Grand Prix,2022-09-04,hamilton,HAM,Lewis Hamilton,mercedes,Mercedes,44,4,4,12.0,72,Finished,3.0,,207.604
2022,15,Dutch Grand Prix,2022-09-04,perez,PER,Sergio Pérez,red_bull,Red Bull,11,5,5,10.0,72,Finished,5.0,,206.069
2022,15,Dutch Grand Prix,2022-09-04,alonso,ALO,Fernando Alonso,alpine,Alpine F1 Team,14,13,6,8.0,72,Finished,4.0,,206.792
2022,15,Dutch Grand Prix,2022-09-04,norris,NOR,Lando Norris,mclaren,McLaren,4,7,7,6.0,72,Finished,8.0,,205.236
2022,15,Dutch Grand Prix,2022-09-04,sainz,SAI,Carlos Sainz,ferrari,Ferrari,55,3,8,4.0,72,Finished,7.0,,205.409
2022,15,Dutch Grand Prix,2022-09-04,ocon,OCO,Esteban Ocon,alpine,Alpine F1 Team,31,12,9,2.0,72,Finished,11.0,,204.203
2022,15,Dutch Grand Prix,2022-09-04,stroll,STR,Lance Stroll,aston_martin,Aston Martin,18,10,10,1.0,72,Finished,10.0,,204.314
2022,15,Dutch Grand Prix,2022-09-04,gasly,GAS,Pierre Gasly,alphatauri,AlphaTauri,10,11,11,0.0,72,Finished,12.0,,203.983
2022,15,Dutch Grand Prix,2022-09-04,albon,ALB,Alexander Albon,williams,Williams,23,15,12,0.0,72,Finished,15.0,,202.986
2022,15,Dutch Grand Prix,2022-09-04,mick_schumacher,MSC,Mick Schumacher,haas,Haas F1 Team,47,8,13,0.0,72,Finished,13.0,,203.798
2022,15,Dutch Grand Prix,2022-09-04,vettel,VET,Sebastian Vettel,aston_martin,Aston Martin,5,19,14,0.0,72,Finished,9.0,,204.808
2022,15,Dutch Grand Prix,2022-09-04,kevin_magnussen,MAG,Kevin Magnussen,haas,Haas F1 Team,20,18,15,0.0,72,Finished,14.0,,203.431
2022,15,Dutch Grand Prix,2022-09-04,zhou,ZHO,Guanyu Zhou,alfa,Alfa Romeo,24,14,16,0.0,72,Finished,17.0,,201.901
2022,15,Dutch Grand Prix,2022-09-04,ricciardo,RIC,Daniel Ricciardo,mclaren,McLaren,3,17,17,0.0,72,Finished,16.0,,202.871
2022,15,Dutch Grand Prix,2022-09-04,latifi,LAT,Nicholas Latifi,williams,Williams,6,20,18,0.0,71,+1 Lap,18.0,,201.567
2022,15,Dutch Grand Prix,2022-09-04,bottas,BOT,Valtteri Bottas,alfa,Alfa Romeo,77,16,19,0.0,53,Engine,19.0,,199.526
2022,15,Dutch Grand Prix,2022-09-04,tsunoda,TSU,Yuki Tsunoda,alphatauri,AlphaTauri,22,9,20,0.0,43,Differential,20.0,,198.765
2022,16,Italian Grand Prix,2022-09-11,max_verstappen,VER,Max Verstappen,red_bull,Red Bull,1,7,1,25.0,53,Finished,6.0,,246.088
2022,16,Italian Grand Prix,2022-09-11,leclerc,LEC,Charles Leclerc,ferrari,Ferrari,16,1,2,18.0,53,Finished,2.0,,247.282
2022,16,Italian Grand Prix,2022-09-11,russell,RUS,George Russell,mercedes,Mercedes,63,2,3,15.0,53,Finished,7.0,,244.522
2022,16,Italian Grand Prix,2022-09-11,sainz,SAI,Carlos Sainz,ferrari,Ferrari,55,18,4,12.0,53,Finished,4.0,,246.96
2022,16,Italian Grand Prix,2022-09-11,hamilton,HAM,Lewis Hamilton,mercedes,Mercedes,44,19,5,10.0,53,Finished,3.0,,246.995
2022,16,Italian Grand Prix,2022-09-11,perez,PER,Sergio Pérez,red_bull,Red Bull,11,13,6,9.0,53,Finished,1.0,,248.182
2022,16,Italian Grand Prix,2022-09-11,norris,NOR,Lando Norris,mclaren,McLaren,4,3,7,6.0,53,Finished,5.0,,246.167
2022,16,Italian Grand Prix,2022-09-11,gasly,GAS,Pierre Gasly,alphatauri,AlphaTauri,10,5,8,4.0,53,Finished,14.0,,240.489
2022,16,Italian Grand Prix,2022-09-11,de_vries,DEV,Nyck de Vries,williams,Williams,45,8,9,2.0,53,Finished,13.0,,240.75
2022,16,Italian Grand Prix,2022-09-11,zhou,ZHO,Guanyu Zhou,alfa,Alfa Romeo,24,9,10,1.0,53,Finished,10.0,,241.484
2022,16,Italian Grand Prix,2022-09-11,ocon,OCO,Esteban Ocon,alpine,Alpine F1 Team,31,14,11,0.0,53,Finished,11.0,,240.837
2022,16,Italian Grand Prix,2022-09-11,mick_schumacher,MSC,Mick Schumacher,haas,Haas F1 Team,47,17,12,0.0,53,Finished,8.0,,244.493
2022,16,Italian Grand Prix,2022-09-11,bottas,BOT,Valtteri Bottas,alfa,Alfa Romeo,77,15,13,0.0,52,+1 Lap,9.0,,243.329
2022,16,Italian Grand Prix,2022-09-11,tsunoda,TSU,Yuki Tsunoda,alphatauri,AlphaTauri,22,20,14,0.0,52,+1 Lap,17.0,,240.105
2022,16,Italian Grand Prix,2022-09-11,latifi,LAT,Nicholas Latifi,williams,Williams,6,10,15,0.0,52,+1 Lap,15.0,,240.268
2022,16,Italian Grand Prix,2022-09-11,kevin_magnussen,MAG,Kevin Magnussen,haas,Haas F1 Team,20,16,16,0.0,52,+1 Lap,16.0,,240.268
2022,16,Italian Grand Prix,2022-09-11,ricciardo,RIC,Daniel Ricciardo,mclaren,McLaren,3,4,17,0.0,45,Oil leak,12.0,,240.809
2022,16,Italian Grand Prix,2022-09-11,stroll,STR,Lance Stroll,aston_martin,Aston Martin,18,12,18,0.0,39,Engine,19.0,,238.43
2022,16,Italian Grand Prix,2022-09-11,alonso,ALO,Fernando Alonso,alpine,Alpine F1 Team,14,6,19,0.0,31,Water pressure,18.0,,239.152
2022,16,Italian Grand Prix,2022-09-11,vettel,VET,Sebastian Vettel,aston_martin,Aston Martin,5,11,20,0.0,10,Engine,20.0,,238.337
2022,17,Singapore Grand Prix,2022-10-02,perez,PER,Sergio Pérez,red_bull,Red Bull,11,2,1,25.0,59,Finished,2.0,,168.509
2022,17,Singapore Grand Prix,2022-10-02,leclerc,LEC,Charles Leclerc,ferrari,Ferrari,16,1,2,18.0,59,Finished,4.0,,167.598
2022,17,Singapore Grand Prix,2022-10-02,sainz,SAI,Carlos Sainz,ferrari,Ferrari,55,4,3,15.0,59,Finished,3.0,,168.122
2022,17,Singapore Grand Prix,2022-10-02,norris,NOR,Lando Norris,mclaren,McLaren,4,6,4,12.0,59,Finished,6.0,,166.893
2022,17,Singapore Grand Prix,2022-10-02,ricciardo,RIC,Daniel Ricciardo,mclaren,McLaren,3,16,5,10.0,59,Finished,12.0,,164.196
2022,17,Singapore Grand Prix,2022-10-02,stroll,STR,Lance Stroll,aston_martin,Aston Martin,18,11,6,8.0,59,Finished,7.0,,165.272
2022,17,Singapore Grand Prix,2022-10-02,max_verstappen,VER,Max Verstappen,red_bull,Red Bull,1,8,7,6.0,59,Finished,5.0,,167.0
2022,17,Singapore Grand Prix,2022-10-02,vettel,VET,Sebastian Vettel,aston_martin,Aston Martin,5,13,8,4.0,59,Finished,11.0,,164.696
2022,17,Singapore Grand Prix,2022-10-02,hamilton,HAM,Lewis Hamilton,mercedes,Mercedes,44,3,9,2.0,59,Finished,10.0,,164.766
2022,17,Singapore Grand Prix,2022-10-02,gasly,GAS,Pierre Gasly,alphatauri,AlphaTauri,10,7,10,1.0,59,Finished,9.0,,164.845
2022,17,Singapore Grand Prix,2022-10-02,bottas,BOT,Valtteri Bottas,alfa,Alfa Romeo,77,15,11,0.0,59,Finished,13.0,,162.937
2022,17,Singapore Grand Prix,2022-10-02,kevin_magnussen,MAG,Kevin Magnussen,haas,Haas F1 Team,20,9,12,0.0,59,Finished,14.0,,162.641
2022,17,Singapore Grand Prix,2022-10-02,mick_schumacher,MSC,Mick Schumacher,haas,Haas F1 Team,47,12,13,0.0,58,+1 Lap,8.0,,165.262
2022,17,Singapore Grand Prix,2022-10-02,russell,RUS,George Russell,mercedes,Mercedes,63,0,14,0.0,57,+2 Laps,1.0,,171.211
2022,17,Singapore Grand Prix,2022-10-02,tsunoda,TSU,Yuki Tsunoda,alphatauri,AlphaTauri,22,10,15,0.0,34,Accident,15.0,,153.532
2022,17,Singapore Grand Prix,2022-10-02,ocon,OCO,Esteban Ocon,alpine,Alpine F1 Team,31,17,16,0.0,26,Engine,17.0,,150.504
2022,17,Singapore Grand Prix,2022-10-02,albon,ALB,Alexander Albon,williams,Williams,23,18,17,0.0,25,Collision damage,18.0,,149.251
2022,17,Singapore Grand Prix,2022-10-02,alonso,ALO,Fernando Alonso,alpine,Alpine F1 Team,14,5,18,0.0,20,Engine,16.0,,151.306
2022,17,Singapore Grand Prix,2022-10-02,latifi,LAT,Nicholas Latifi,williams,Williams,6,19,19,0.0,7,Collision damage,20.0,,145.135
2022,17,Singapore Grand Prix,2022-10-02,zhou,ZHO,Guanyu Zhou,alfa,Alfa Romeo,24,14,20,0.0,6,Collision,19.0,,145.168
2022,18,Japanese Grand Prix,2022-10-09,max_verstappen,VER,Max Verstappen,red_bull,Red Bull,1,1,1,25.0,28,Finished,4.0,,199.266
2022,18,Japanese Grand Prix,2022-10-09,perez,PER,Sergio Pérez,red_bull,Red Bull,11,4,2,18.0,28,Finished,9.0,,196.995
2022,18,Japanese Grand Prix,2022-10-09,leclerc,LEC,Charles Leclerc,ferrari,Ferrari,16,2,3,15.0,28,Finished,3.0,,200.07
2022,18,Japanese Grand Prix,2022-10-09,ocon,OCO,Esteban Ocon,alpine,Alpine F1 Team,31,5,4,12.0,28,Finished,11.0,,196.184
2022,18,Japanese Grand Prix,2022-10-09,hamilton,HAM,Lewis Hamilton,mercedes,Mercedes,44,6,5,10.0,28,Finished,7.0,,198.097
2022,18,Japanese Grand Prix,2022-10-09,vettel,VET,Sebastian Vettel,aston_martin,Aston Martin,5,9,6,8.0,28,Finished,12.0,,195.441
2022,18,Japanese Grand Prix,2022-10-09,alonso,ALO,Fernando Alonso,alpine,Alpine F1 Team,14,7,7,6.0,28,Finished,2.0,,200.218
2022,18,Japanese Grand Prix,2022-10-09,russell,RUS,George Russell,mercedes,Mercedes,63,8,8,4.0,28,Finished,13.0,,195.368
2022,18,Japanese Grand Prix,2022-10-09,latifi,LAT,Nicholas Latifi,williams,Williams,6,20,9,2.0,28,Finished,18.0,,192.904
2022,18,Japanese Grand Prix,2022-10-09,norris,NOR,Lando Norris,mclaren,McLaren,4,10,10,1.0,28,Finished,17.0,,193.253
2022,18,Japanese Grand Prix,2022-10-09,ricciardo,RIC,Daniel Ricciardo,mclaren,McLaren,3,11,11,0.0,28,Finished,15.0,,193.848
2022,18,Japanese Grand Prix,2022-10-09,stroll,STR,Lance Stroll,aston_martin,Aston Martin,18,19,12,0.0,28,Finished,5.0,,198.709
2022,18,Japanese Grand Prix,2022-10-09,tsunoda,TSU,Yuki Tsunoda,alphatauri,AlphaTauri,22,13,13,0.0,28,Finished,8.0,,197.418
2022,18,Japanese Grand Prix,2022-10-09,kevin_magnussen,MAG,Kevin Magnussen,haas,Haas F1 Team,20,18,14,0.0,28,Finished,16.0,,193.437
2022,18,Japanese Grand Prix,2022-10-09,bottas,BOT,Valtteri Bottas,alfa,Alfa Romeo,77,12,15,0.0,28,Finished,14.0,,193.889
2022,18,Japanese Grand Prix,2022-10-09,zhou,ZHO,Guanyu Zhou,alfa,Alfa Romeo,24,14,16,0.0,28,Finished,1.0,,200.22
2022,18,Japanese Grand Prix,2022-10-09,mick_schumacher,MSC,Mick Schumacher,haas,Haas F1 Team,47,15,17,0.0,28,Finished,6.0,,198.366
2022,18,Japanese Grand Prix,2022-10-09,gasly,GAS,Pierre Gasly,alphatauri,AlphaTauri,10,17,18,0.0,28,Finished,10.0,,196.21
2022,18,Japanese Grand Prix,2022-10-09,sainz,SAI,Carlos Sainz,ferrari,Ferrari,55,3,19,0.0,0,Accident,,,
2022,18,Japanese Grand Prix,2022-10-09,albon,ALB,Alexander Albon,williams,Williams,23,16,20,0.0,0,Hydraulics,,,
2022,19,United States Grand Prix,2022-10-23,max_verstappen,VER,Max Verstappen,red_bull,Red Bull,1,2,1,25.0,56,Finished,2.0,,199.383
2022,19,United States Grand Prix,2022-10-23,hamilton,HAM,Lewis Hamilton,mercedes,Mercedes,44,3,2,18.0,56,Finished,5.0,,198.805
2022,19,United States Grand Prix,2022-10-23,leclerc,LEC,Charles Leclerc,ferrari,Ferrari,16,12,3,15.0,56,Finished,4.0,,199.003
2022,19,United States Grand Prix,2022-10-23,perez,PER,Sergio Pérez,red_bull,Red Bull,11,9,4,12.0,56,Finished,3.0,,199.339
2022,19,United States Grand Prix,2022-10-23,russell,RUS,George Russell,mercedes,Mercedes,63,4,5,11.0,56,Finished,1.0,,200.902
2022,19,United States Grand Prix,2022-10-23,norris,NOR,Lando Norris,mclaren,McLaren,4,6,6,8.0,56,Finished,7.0,,195.878
2022,19,United States Grand Prix,2022-10-23,alonso,ALO,Fernando Alonso,alpine,Alpine F1 Team,14,14,7,6.0,56,Finished,8.0,,195.461
2022,19,United States Grand Prix,2022-10-23,vettel,VET,Sebastian Vettel,aston_martin,Aston Martin,5,10,8,4.0,56,Finished,16.0,,193.54
2022,19,United States Grand Prix,2022-10-23,kevin_magnussen,MAG,Kevin Magnussen,haas,Haas F1 Team,20,13,9,2.0,56,Finished,11.0,,194.184
2022,19,United States Grand Prix,2022-10-23,tsunoda,TSU,Yuki Tsunoda,alphatauri,AlphaTauri,22,19,10,1.0,56,Finished,6.0,,196.031
2022,19,United States Grand Prix,2022-10-23,ocon,OCO,Esteban Ocon,alpine,Alpine F1 Team,31,0,11,0.0,56,Finished,13.0,,193.827
2022,19,United States Grand Prix,2022-10-23,zhou,ZHO,Guanyu Zhou,alfa,Alfa Romeo,24,18,12,0.0,56,Finished,15.0,,193.682
2022,19,United States Grand Prix,2022-10-23,albon,ALB,Alexander Albon,williams,Williams,23,8,13,0.0,56,Finished,9.0,,195.2
2022,19,United States Grand Prix,2022-10-23,gasly,GAS,Pierre Gasly,alphatauri,AlphaTauri,10,11,14,0.0,56,Finished,12.0,,193.967
2022,19,United States Grand Prix,2022-10-23,mick_schumacher,MSC,Mick Schumacher,haas,Haas F1 Team,47,16,15,0.0,56,Finished,10.0,,194.951
2022,19,United States Grand Prix,2022-10-23,ricciardo,RIC,Daniel Ricciardo,mclaren,McLaren,3,15,16,0.0,56,Finished,14.0,,193.778
2022,19,United States Grand Prix,2022-10-23,latifi,LAT,Nicholas Latifi,williams,Williams,6,17,17,0.0,56,Finished,19.0,,191.784
2022,19,United States Grand Prix,2022-10-23,stroll,STR,Lance Stroll,aston_martin,Aston Martin,18,5,18,0.0,21,Collision,17.0,,192.537
2022,19,United States Grand Prix,2022-10-23,bottas,BOT,Valtteri Bottas,alfa,Alfa Romeo,77,7,19,0.0,16,Spun off,18.0,,191.958
2022,19,United States Grand Prix,2022-10-23,sainz,SAI,Carlos Sainz,ferrari,Ferrari,55,1,20,0.0,1,Collision damage,,,
2022,20,Mexico City Grand Prix,2022-10-30,max_verstappen,VER,Max Verstappen,red_bull,Red Bull,1,1,1,25.0,71,Finished,4.0,,188.85
2022,20,Mexico City Grand Prix,2022-10-30,hamilton,HAM,Lewis Hamilton,mercedes,Mercedes,44,3,2,18.0,71,Finished,5.0,,188.813
2022,20,Mexico City Grand Prix,2022-10-30,perez,PER,Sergio Pérez,red_bull,Red Bull,11,4,3,15.0,71,Finished,2.0,,189.476
2022,20,Mexico City Grand Prix,2022-10-30,russell,RUS,George Russell,mercedes,Mercedes,63,2,4,13.0,71,Finished,1.0,,193.31
2022,20,Mexico City Grand Prix,2022-10-30,sainz,SAI,Carlos Sainz,ferrari,Ferrari,55,5,5,10.0,71,Finished,6.0,,188.498
2022,20,Mexico City Grand Prix,2022-10-30,leclerc,LEC,Charles Leclerc,ferrari,Ferrari,16,7,6,8.0,71,Finished,10.0,,187.576
2022,20,Mexico City Grand Prix,2022-10-30,ricciardo,RIC,Daniel Ricciardo,mclaren,McLaren,3,11,7,6.0,70,+1 Lap,3.0,,188.905
2022,20,Mexico City Grand Prix,2022-10-30,ocon,OCO,Esteban Ocon,alpine,Alpine F1 Team,31,10,8,4.0,70,+1 Lap,14.0,,186.054
2022,20,Mexico City Grand Prix,2022-10-30,norris,NOR,Lando Norris,mclaren,McLaren,4,8,9,2.0,70,+1 Lap,17.0,,185.779
2022,20,Mexico City Grand Prix,2022-10-30,bottas,BOT,Valtteri Bottas,alfa,Alfa Romeo,77,6,10,1.0,70,+1 Lap,16.0,,185.866
2022,20,Mexico City Grand Prix,2022-10-30,gasly,GAS,Pierre Gasly,alphatauri,AlphaTauri,10,14,11,0.0,70,+1 Lap,8.0,,188.319
2022,20,Mexico City Grand Prix,2022-10-30,albon,ALB,Alexander Albon,williams,Williams,23,17,12,0.0,70,+1 Lap,12.0,,186.873
2022,20,Mexico City Grand Prix,2022-10-30,zhou,ZHO,Guanyu Zhou,alfa,Alfa Romeo,24,12,13,0.0,70,+1 Lap,7.0,,188.358
2022,20,Mexico City Grand Prix,2022-10-30,vettel,VET,Sebastian Vettel,aston_martin,Aston Martin,5,16,14,0.0,70,+1 Lap,13.0,,186.486
2022,20,Mexico City Grand Prix,2022-10-30,stroll,STR,Lance Stroll,aston_martin,Aston Martin,18,20,15,0.0,70,+1 Lap,9.0,,187.895
2022,20,Mexico City Grand Prix,2022-10-30,mick_schumacher,MSC,Mick Schumacher,haas,Haas F1 Team,47,15,16,0.0,70,+1 Lap,19.0,,185.248
2022,20,Mexico City Grand Prix,2022-10-30,kevin_magnussen,MAG,Kevin Magnussen,haas,Haas F1 Team,20,19,17,0.0,70,+1 Lap,15.0,,186.007
2022,20,Mexico City Grand Prix,2022-10-30,latifi,LAT,Nicholas Latifi,williams,Williams,6,18,18,0.0,69,+2 Laps,20.0,,185.098
2022,20,Mexico City Grand Prix,2022-10-30,alonso,ALO,Fernando Alonso,alpine,Alpine F1 Team,14,9,19,0.0,63,Engine,11.0,,186.981
2022,20,Mexico City Grand Prix,2022-10-30,tsunoda,TSU,Yuki Tsunoda,alphatauri,AlphaTauri,22,13,20,0.0,50,Collision damage,18.0,,185.777
2022,21,São Paulo Grand Prix,2022-11-13,russell,RUS,George Russell,mercedes,Mercedes,63,1,1,26.0,71,Finished,1.0,,210.237
2022,21,São Paulo Grand Prix,2022-11-13,hamilton,HAM,Lewis Hamilton,mercedes,Mercedes,44,2,2,18.0,71,Finished,2.0,,209.791
2022,21,São Paulo Grand Prix,2022-11-13,sainz,SAI,Carlos Sainz,ferrari,Ferrari,55,7,3,15.0,71,Finished,3.0,,209.76
2022,21,São Paulo Grand Prix,2022-11-13,leclerc,LEC,Charles Leclerc,ferrari,Ferrari,16,5,4,12.0,71,Finished,6.0,,208.912
2022,21,São Paulo Grand Prix,2022-11-13,alonso,ALO,Fernando Alonso,alpine,Alpine F1 Team,14,17,5,10.0,71,Finished,4.0,,209.163
2022,21,São Paulo Grand Prix,2022-11-13,max_verstappen,VER,Max Verstappen,red_bull,Red Bull,1,3,6,8.0,71,Finished,5.0,,209.076
2022,21,São Paulo Grand Prix,2022-11-13,perez,PER,Sergio Pérez,red_bull,Red Bull,11,4,7,6.0,71,Finished,7.0,,208.828
2022,21,São Paulo Grand Prix,2022-11-13,ocon,OCO,Esteban Ocon,alpine,Alpine F1 Team,31,16,8,4.0,71,Finished,9.0,,206.575
2022,21,São Paulo Grand Prix,2022-11-13,bottas,BOT,Valtteri Bottas,alfa,Alfa Romeo,77,14,9,2.0,71,Finished,14.0,,205.432
2022,21,São Paulo Grand Prix,2022-11-13,stroll,STR,Lance Stroll,aston_martin,Aston Martin,18,15,10,1.0,71,Finished,8.0,,207.299
2022,21,São Paulo Grand Prix,2022-11-13,vettel,VET,Sebastian Vettel,aston_martin,Aston Martin,5,9,11,0.0,71,Finished,15.0,,205.328
2022,21,São Paulo Grand Prix,2022-11-13,zhou,ZHO,Guanyu Zhou,alfa,Alfa Romeo,24,13,12,0.0,71,Finished,17.0,,204.643
2022,21,São Paulo Grand Prix,2022-11-13,mick_schumacher,MSC,Mick Schumacher,haas,Haas F1 Team,47,12,13,0.0,71,Finished,10.0,,206.142
2022,21,São Paulo Grand Prix,2022-11-13,gasly,GAS,Pierre Gasly,alphatauri,AlphaTauri,10,10,14,0.0,71,Finished,12.0,,205.934
2022,21,São Paulo Grand Prix,2022-11-13,albon,ALB,Alexander Albon,williams,Williams,23,19,15,0.0,71,Finished,16.0,,205.155
2022,21,São Paulo Grand Prix,2022-11-13,latifi,LAT,Nicholas Latifi,williams,Williams,6,18,16,0.0,71,Finished,11.0,,205.934
2022,21,São Paulo Grand Prix,2022-11-13,tsunoda,TSU,Yuki Tsunoda,alphatauri,AlphaTauri,22,0,17,0.0,70,+1 Lap,13.0,,205.44
2022,21,São Paulo Grand Prix,2022-11-13,norris,NOR,Lando Norris,mclaren,McLaren,4,6,18,0.0,50,Gearbox,18.0,,204.5
2022,21,São Paulo Grand Prix,2022-11-13,kevin_magnussen,MAG,Kevin Magnussen,haas,Haas F1 Team,20,8,19,0.0,0,Collision,,,
2022,21,São Paulo Grand Prix,2022-11-13,ricciardo,RIC,Daniel Ricciardo,mclaren,McLaren,3,11,20,0.0,0,Collision,,,
2022,22,Abu Dhabi Grand Prix,2022-11-20,max_verstappen,VER,Max Verstappen,red_bull,Red Bull,1,1,1,25.0,58,Finished,6.0,,212.676
2022,22,Abu Dhabi Grand Prix,2022-11-20,leclerc,LEC,Charles Leclerc,ferrari,Ferrari,16,3,2,18.0,58,Finished,10.0,,211.901
2022,22,Abu Dhabi Grand Prix,2022-11-20,perez,PER,Sergio Pérez,red_bull,Red Bull,11,2,3,15.0,58,Finished,4.0,,213.68
2022,22,Abu Dhabi Grand Prix,2022-11-20,sainz,SAI,Carlos Sainz,ferrari,Ferrari,55,4,4,12.0,58,Finished,3.0,,213.904
2022,22,Abu Dhabi Grand Prix,2022-11-20,russell,RUS,George Russell,mercedes,Mercedes,63,6,5,10.0,58,Finished,2.0,,214.007
2022,22,Abu Dhabi Grand Prix,2022-11-20,norris,NOR,Lando Norris,mclaren,McLaren,4,7,6,9.0,58,Finished,1.0,,215.085
2022,22,Abu Dhabi Grand Prix,2022-11-20,ocon,OCO,Esteban Ocon,alpine,Alpine F1 Team,31,8,7,6.0,58,Finished,5.0,,212.817
2022,22,Abu Dhabi Grand Prix,2022-11-20,stroll,STR,Lance Stroll,aston_martin,Aston Martin,18,14,8,4.0,58,Finished,9.0,,212.135
2022,22,Abu Dhabi Grand Prix,2022-11-20,ricciardo,RIC,Daniel Ricciardo,mclaren,McLaren,3,13,9,2.0,58,Finished,18.0,,209.413
2022,22,Abu Dhabi Grand Prix,2022-11-20,vettel,VET,Sebastian Vettel,aston_martin,Aston Martin,5,9,10,1.0,58,Finished,15.0,,210.51
2022,22,Abu Dhabi Grand Prix,2022-11-20,tsunoda,TSU,Yuki Tsunoda,alphatauri,AlphaTauri,22,11,11,0.0,58,Finished,7.0,,212.446
2022,22,Abu Dhabi Grand Prix,2022-11-20,zhou,ZHO,Guanyu Zhou,alfa,Alfa Romeo,24,15,12,0.0,57,+1 Lap,8.0,,212.183
2022,22,Abu Dhabi Grand Prix,2022-11-20,albon,ALB,Alexander Albon,williams,Williams,23,19,13,0.0,57,+1 Lap,13.0,,211.383
2022,22,Abu Dhabi Grand Prix,2022-11-20,gasly,GAS,Pierre Gasly,alphatauri,AlphaTauri,10,17,14,0.0,57,+1 Lap,19.0,,208.732
2022,22,Abu Dhabi Grand Prix,2022-11-20,bottas,BOT,Valtteri Bottas,alfa,Alfa Romeo,77,18,15,0.0,57,+1 Lap,16.0,,210.417
2022,22,Abu Dhabi Grand Prix,2022-11-20,mick_schumacher,MSC,Mick Schumacher,haas,Haas F1 Team,47,12,16,0.0,57,+1 Lap,12.0,,211.632
2022,22,Abu Dhabi Grand Prix,2022-11-20,kevin_magnussen,MAG,Kevin Magnussen,haas,Haas F1 Team,20,16,17,0.0,57,+1 Lap,20.0,,208.556
2022,22,Abu Dhabi Grand Prix,2022-11-20,hamilton,HAM,Lewis Hamilton,mercedes,Mercedes,44,5,18,0.0,55,Hydraulics,11.0,,211.738
2022,22,Abu Dhabi Grand Prix,2022-11-20,latifi,LAT,Nicholas Latifi,williams,Williams,6,20,19,0.0,55,Collision damage,14.0,,210.517
2022,22,Abu Dhabi Grand Prix,2022-11-20,alonso,ALO,Fernando Alonso,alpine,Alpine F1 Team,14,10,20,0.0,27,Water leak,17.0,,209.889
2023,1,Bahrain Grand Prix,2023-03-05,max_verstappen,VER,Max Verstappen,red_bull,Red Bull,1,1,1,25.0,57,Finished,6.0,,202.452
2023,1,Bahrain Grand Prix,2023-03-05,perez,PER,Sergio Pérez,red_bull,Red Bull,11,2,2,18.0,57,Finished,7.0,,202.225
2023,1,Bahrain Grand Prix,2023-03-05,alonso,ALO,Fernando Alonso,aston_martin,Aston Martin,14,5,3,15.0,57,Finished,5.0,,202.62
2023,1,Bahrain Grand Prix,2023-03-05,sainz,SAI,Carlos Sainz,ferrari,Ferrari,55,4,4,12.0,57,Finished,14.0,,200.588
2023,1,Bahrain Grand Prix,2023-03-05,hamilton,HAM,Lewis Hamilton,mercedes,Mercedes,44,7,5,10.0,57,Finished,10.0,,201.802
2023,1,Bahrain Grand Prix,2023-03-05,stroll,STR,Lance Stroll,aston_martin,Aston Martin,18,8,6,8.0,57,Finished,9.0,,201.802
2023,1,Bahrain Grand Prix,2023-03-05,russell,RUS,George Russell,mercedes,Mercedes,63,6,7,6.0,57,Finished,17.0,,200.401
2023,1,Bahrain Grand Prix,2023-03-05,bottas,BOT,Valtteri Bottas,alfa,Alfa Romeo,77,12,8,4.0,57,Finished,18.0,,200.075
2023,1,Bahrain Grand Prix,2023-03-05,gasly,GAS,Pierre Gasly,alpine,Alpine F1 Team,10,20,9,2.0,57,Finished,2.0,,204.939
2023,1,Bahrain Grand Prix,2023-03-05,albon,ALB,Alexander Albon,williams,Williams,23,15,10,1.0,57,Finished,15.0,,200.559
2023,1,Bahrain Grand Prix,2023-03-05,tsunoda,TSU,Yuki Tsunoda,alphatauri,AlphaTauri,22,14,11,0.0,57,Finished,12.0,,201.612
2023,1,Bahrain Grand Prix,2023-03-05,sargeant,SAR,Logan Sargeant,williams,Williams,2,16,12,0.0,56,Lapped,4.0,,202.871
2023,1,Bahrain Grand Prix,2023-03-05,kevin_magnussen,MAG,Kevin Magnussen,haas,Haas F1 Team,20,17,13,0.0,56,Lapped,8.0,,201.959
2023,1,Bahrain Grand Prix,2023-03-05,de_vries,DEV,Nyck de Vries,alphatauri,AlphaTauri,21,19,14,0.0,56,Lapped,19.0,,199.4
2023,1,Bahrain Grand Prix,2023-03-05,hulkenberg,HUL,Nico Hülkenberg,haas,Haas F1 Team,27,10,15,0.0,56,Lapped,11.0,,201.656
2023,1,Bahrain Grand Prix,2023-03-05,zhou,ZHO,Guanyu Zhou,alfa,Alfa Romeo,24,13,16,0.0,56,Lapped,1.0,,207.276
2023,1,Bahrain Grand Prix,2023-03-05,norris,NOR,Lando Norris,mclaren,McLaren,4,11,17,0.0,55,Lapped,3.0,,203.327
2023,1,Bahrain Grand Prix,2023-03-05,ocon,OCO,Esteban Ocon,alpine,Alpine F1 Team,31,9,18,0.0,41,Retired,13.0,,201.278
2023,1,Bahrain Grand Prix,2023-03-05,leclerc,LEC,Charles Leclerc,ferrari,Ferrari,16,3,19,0.0,39,Retired,16.0,,200.506
2023,1,Bahrain Grand Prix,2023-03-05,piastri,PIA,Oscar Piastri,mclaren,McLaren,81,18,20,0.0,13,Retired,20.0,,193.494
2023,2,Saudi Arabian Grand Prix,2023-03-19,perez,PER,Sergio Pérez,red_bull,Red Bull,11,1,1,25.0,50,Finished,2.0,,241.098
2023,2,Saudi Arabian Grand Prix,2023-03-19,max_verstappen,VER,Max Verstappen,red_bull,Red Bull,1,15,2,19.0,50,Finished,1.0,,241.838
2023,2,Saudi Arabian Grand Prix,2023-03-19,alonso,ALO,Fernando Alonso,aston_martin,Aston Martin,14,2,3,15.0,50,Finished,3.0,,240.962
2023,2,Saudi Arabian Grand Prix,2023-03-19,russell,RUS,George Russell,mercedes,Mercedes,63,3,4,12.0,50,Finished,4.0,,240.459
2023,2,Saudi Arabian Grand Prix,2023-03-19,hamilton,HAM,Lewis Hamilton,mercedes,Mercedes,44,7,5,10.0,50,Finished,6.0,,239.145
2023,2,Saudi Arabian Grand Prix,2023-03-19,sainz,SAI,Carlos Sainz,ferrari,Ferrari,55,4,6,8.0,50,Finished,5.0,,239.451
2023,2,Saudi Arabian Grand Prix,2023-03-19,leclerc,LEC,Charles Leclerc,ferrari,Ferrari,16,12,7,6.0,50,Finished,7.0,,238.849
2023,2,Saudi Arabian Grand Prix,2023-03-19,ocon,OCO,Esteban Ocon,alpine,Alpine F1 Team,31,6,8,4.0,50,Finished,8.0,,238.424
2023,2,Saudi Arabian Grand Prix,2023-03-19,gasly,GAS,Pierre Gasly,alpine,Alpine F1 Team,10,9,9,2.0,50,Finished,10.0,,237.99
2023,2,Saudi Arabian Grand Prix,2023-03-19,kevin_magnussen,MAG,Kevin Magnussen,haas,Haas F1 Team,20,13,10,1.0,50,Finished,9.0,,238.036
2023,2,Saudi Arabian Grand Prix,2023-03-19,tsunoda,TSU,Yuki Tsunoda,alphatauri,AlphaTauri,22,16,11,0.0,50,Finished,14.0,,236.624
2023,2,Saudi Arabian Grand Prix,2023-03-19,hulkenberg,HUL,Nico Hülkenberg,haas,Haas F1 Team,27,10,12,0.0,50,Finished,12.0,,237.005
2023,2,Saudi Arabian Grand Prix,2023-03-19,zhou,ZHO,Guanyu Zhou,alfa,Alfa Romeo,24,11,13,0.0,50,Finished,13.0,,236.718
2023,2,Saudi Arabian Grand Prix,2023-03-19,de_vries,DEV,Nyck de Vries,alphatauri,AlphaTauri,21,18,14,0.0,50,Finished,11.0,,237.438
2023,2,Saudi Arabian Grand Prix,2023-03-19,piastri,PIA,Oscar Piastri,mclaren,McLaren,81,8,15,0.0,50,Finished,16.0,,235.731
2023,2,Saudi Arabian Grand Prix,2023-03-19,sargeant,SAR,Logan Sargeant,williams,Williams,2,20,16,0.0,50,Finished,18.0,,235.277
2023,2,Saudi Arabian Grand Prix,2023-03-19,norris,NOR,Lando Norris,mclaren,McLaren,4,19,17,0.0,50,Finished,15.0,,236.144
2023,2,Saudi Arabian Grand Prix,2023-03-19,bottas,BOT,Valtteri Bottas,alfa,Alfa Romeo,77,14,18,0.0,49,Lapped,17.0,,235.489
2023,2,Saudi Arabian Grand Prix,2023-03-19,albon,ALB,Alexander Albon,williams,Williams,23,17,19,0.0,27,Retired,20.0,,232.574
2023,2,Saudi Arabian Grand Prix,2023-03-19,stroll,STR,Lance Stroll,aston_martin,Aston Martin,18,5,20,0.0,16,Retired,19.0,,233.617
2023,3,Australian Grand Prix,2023-04-02,max_verstappen,VER,Max Verstappen,red_bull,Red Bull,1,1,1,25.0,58,Finished,2.0,,236.498
2023,3,Australian Grand Prix,2023-04-02,hamilton,HAM,Lewis Hamilton,mercedes,Mercedes,44,3,2,18.0,58,Finished,5.0,,235.703
2023,3,Australian Grand Prix,2023-04-02,alonso,ALO,Fernando Alonso,aston_martin,Aston Martin,14,4,3,15.0,58,Finished,4.0,,236.105
2023,3,Australian Grand Prix,2023-04-02,stroll,STR,Lance Stroll,aston_martin,Aston Martin,18,6,4,12.0,58,Finished,6.0,,234.769
2023,3,Australian Grand Prix,2023-04-02,perez,PER,Sergio Pérez,red_bull,Red Bull,11,20,5,11.0,58,Finished,1.0,,236.814
2023,3,Australian Grand Prix,2023-04-02,norris,NOR,Lando Norris,mclaren,McLaren,4,13,6,8.0,58,Finished,9.0,,234.077
2023,3,Australian Grand Prix,2023-04-02,hulkenberg,HUL,Nico Hülkenberg,haas,Haas F1 Team,27,10,7,6.0,58,Finished,8.0,,234.219
2023,3,Australian Grand Prix,2023-04-02,piastri,PIA,Oscar Piastri,mclaren,McLaren,81,16,8,4.0,58,Finished,12.0,,233.611
2023,3,Australian Grand Prix,2023-04-02,zhou,ZHO,Guanyu Zhou,alfa,Alfa Romeo,24,17,9,2.0,58,Finished,16.0,,232.229
2023,3,Australian Grand Prix,2023-04-02,tsunoda,TSU,Yuki Tsunoda,alphatauri,AlphaTauri,22,12,10,1.0,58,Finished,15.0,,232.314
2023,3,Australian Grand Prix,2023-04-02,bottas,BOT,Valtteri Bottas,alfa,Alfa Romeo,77,19,11,0.0,58,Finished,17.0,,231.06
2023,3,Australian Grand Prix,2023-04-02,sainz,SAI,Carlos Sainz,ferrari,Ferrari,55,5,12,0.0,58,Finished,3.0,,236.131
2023,3,Australian Grand Prix,2023-04-02,gasly,GAS,Pierre Gasly,alpine,Alpine F1 Team,10,9,13,0.0,56,Retired,7.0,,234.592
2023,3,Australian Grand Prix,2023-04-02,ocon,OCO,Esteban Ocon,alpine,Alpine F1 Team,31,11,14,0.0,56,Retired,11.0,,233.991
2023,3,Australian Grand Prix,2023-04-02,de_vries,DEV,Nyck de Vries,alphatauri,AlphaTauri,21,15,15,0.0,56,Retired,10.0,,234.049
2023,3,Australian Grand Prix,2023-04-02,sargeant,SAR,Logan Sargeant,williams,Williams,2,18,16,0.0,56,Retired,13.0,,233.264
2023,3,Australian Grand Prix,2023-04-02,kevin_magnussen,MAG,Kevin Magnussen,haas,Haas F1 Team,20,14,17,0.0,52,Retired,14.0,,232.61
2023,3,Australian Grand Prix,2023-04-02,russell,RUS,George Russell,mercedes,Mercedes,63,2,18,0.0,17,Retired,18.0,,229.811
2023,3,Australian Grand Prix,2023-04-02,albon,ALB,Alexander Albon,williams,Williams,23,8,19,0.0,6,Retired,19.0,,227.966
2023,3,Australian Grand Prix,2023-04-02,leclerc,LEC,Charles Leclerc,ferrari,Ferrari,16,7,20,0.0,0,Retired,,,
2023,4,Azerbaijan Grand Prix,2023-04-30,perez,PER,Sergio Pérez,red_bull,Red Bull,11,3,1,25.0,51,Finished,5.0,,206.625
2023,4,Azerbaijan Grand Prix,2023-04-30,max_verstappen,VER,Max Verstappen,red_bull,Red Bull,1,2,2,18.0,51,Finished,2.0,,207.333
2023,4,Azerbaijan Grand Prix,2023-04-30,leclerc,LEC,Charles Leclerc,ferrari,Ferrari,16,1,3,15.0,51,Finished,4.0,,206.681
2023,4,Azerbaijan Grand Prix,2023-04-30,alonso,ALO,Fernando Alonso,aston_martin,Aston Martin,14,6,4,12.0,51,Finished,3.0,,207.315
2023,4,Azerbaijan Grand Prix,2023-04-30,sainz,SAI,Carlos Sainz,ferrari,Ferrari,55,4,5,10.0,51,Finished,6.0,,205.474
2023,4,Azerbaijan Grand Prix,2023-04-30,hamilton,HAM,Lewis Hamilton,mercedes,Mercedes,44,5,6,8.0,51,Finished,7.0,,205.141
2023,4,Azerbaijan Grand Prix,2023-04-30,stroll,STR,Lance Stroll,aston_martin,Aston Martin,18,9,7,6.0,51,Finished,9.0,,204.595
2023,4,Azerbaijan Grand Prix,2023-04-30,russell,RUS,George Russell,mercedes,Mercedes,63,11,8,5.0,51,Finished,1.0,,209.062
2023,4,Azerbaijan Grand Prix,2023-04-30,norris,NOR,Lando Norris,mclaren,McLaren,4,7,9,2.0,51,Finished,12.0,,204.38
2023,4,Azerbaijan Grand Prix,2023-04-30,tsunoda,TSU,Yuki Tsunoda,alphatauri,AlphaTauri,22,8,10,1.0,51,Finished,11.0,,204.401
2023,4,Azerbaijan Grand Prix,2023-04-30,piastri,PIA,Oscar Piastri,mclaren,McLaren,81,10,11,0.0,51,Finished,10.0,,204.587
2023,4,Azerbaijan Grand Prix,2023-04-30,albon,ALB,Alexander Albon,williams,Williams,23,12,12,0.0,51,Finished,15.0,,204.019
2023,4,Azerbaijan Grand Prix,2023-04-30,kevin_magnussen,MAG,Kevin Magnussen,haas,Haas F1 Team,20,16,13,0.0,51,Finished,13.0,,204.164
2023,4,Azerbaijan Grand Prix,2023-04-30,gasly,GAS,Pierre Gasly,alpine,Alpine F1 Team,10,17,14,0.0,51,Finished,8.0,,204.764
2023,4,Azerbaijan Grand Prix,2023-04-30,ocon,OCO,Esteban Ocon,alpine,Alpine F1 Team,31,19,15,0.0,51,Finished,14.0,,204.052
2023,4,Azerbaijan Grand Prix,2023-04-30,sargeant,SAR,Logan Sargeant,williams,Williams,2,14,16,0.0,51,Finished,17.0,,202.916
2023,4,Azerbaijan Grand Prix,2023-04-30,hulkenberg,HUL,Nico Hülkenberg,haas,Haas F1 Team,27,20,17,0.0,50,Lapped,18.0,,202.479
2023,4,Azerbaijan Grand Prix,2023-04-30,bottas,BOT,Valtteri Bottas,alfa,Alfa Romeo,77,13,18,0.0,50,Lapped,16.0,,203.292
2023,4,Azerbaijan Grand Prix,2023-04-30,zhou,ZHO,Guanyu Zhou,alfa,Alfa Romeo,24,15,19,0.0,36,Retired,19.0,,200.931
2023,4,Azerbaijan Grand Prix,2023-04-30,de_vries,DEV,Nyck de Vries,alphatauri,AlphaTauri,21,18,20,0.0,9,Retired,20.0,,198.663
2023,5,Miami Grand Prix,2023-05-07,max_verstappen,VER,Max Verstappen,red_bull,Red Bull,1,9,1,26.0,57,Finished,1.0,,217.184
2023,5,Miami Grand Prix,2023-05-07,perez,PER,Sergio Pérez,red_bull,Red Bull,11,1,2,18.0,57,Finished,3.0,,215.141
2023,5,Miami Grand Prix,2023-05-07,alonso,ALO,Fernando Alonso,aston_martin,Aston Martin,14,2,3,15.0,57,Finished,2.0,,215.238
2023,5,Miami Grand Prix,2023-05-07,russell,RUS,George Russell,mercedes,Mercedes,63,6,4,12.0,57,Finished,7.0,,214.065
2023,5,Miami Grand Prix,2023-05-07,sainz,SAI,Carlos Sainz,ferrari,Ferrari,55,3,5,10.0,57,Finished,10.0,,213.252
2023,5,Miami Grand Prix,2023-05-07,hamilton,HAM,Lewis Hamilton,mercedes,Mercedes,44,13,6,8.0,57,Finished,4.0,,214.882
2023,5,Miami Grand Prix,2023-05-07,leclerc,LEC,Charles Leclerc,ferrari,Ferrari,16,7,7,6.0,57,Finished,11.0,,213.084
2023,5,Miami Grand Prix,2023-05-07,gasly,GAS,Pierre Gasly,alpine,Alpine F1 Team,10,5,8,4.0,57,Finished,17.0,,211.84
2023,5,Miami Grand Prix,2023-05-07,ocon,OCO,Esteban Ocon,alpine,Alpine F1 Team,31,8,9,2.0,57,Finished,9.0,,213.765
2023,5,Miami Grand Prix,2023-05-07,kevin_magnussen,MAG,Kevin Magnussen,haas,Haas F1 Team,20,4,10,1.0,57,Finished,13.0,,212.487
2023,5,Miami Grand Prix,2023-05-07,tsunoda,TSU,Yuki Tsunoda,alphatauri,AlphaTauri,22,17,11,0.0,57,Finished,8.0,,214.011
2023,5,Miami Grand Prix,2023-05-07,stroll,STR,Lance Stroll,aston_martin,Aston Martin,18,18,12,0.0,57,Finished,5.0,,214.426
2023,5,Miami Grand Prix,2023-05-07,bottas,BOT,Valtteri Bottas,alfa,Alfa Romeo,77,10,13,0.0,57,Finished,15.0,,212.147
2023,5,Miami Grand Prix,2023-05-07,albon,ALB,Alexander Albon,williams,Williams,23,11,14,0.0,57,Finished,16.0,,212.115
2023,5,Miami Grand Prix,2023-05-07,hulkenberg,HUL,Nico Hülkenberg,haas,Haas F1 Team,27,12,15,0.0,57,Finished,6.0,,214.334
2023,5,Miami Grand Prix,2023-05-07,zhou,ZHO,Guanyu Zhou,alfa,Alfa Romeo,24,14,16,0.0,57,Finished,14.0,,212.383
2023,5,Miami Grand Prix,2023-05-07,norris,NOR,Lando Norris,mclaren,McLaren,4,16,17,0.0,57,Finished,20.0,,210.854
2023,5,Miami Grand Prix,2023-05-07,de_vries,DEV,Nyck de Vries,alphatauri,AlphaTauri,21,15,18,0.0,57,Finished,12.0,,212.786
2023,5,Miami Grand Prix,2023-05-07,piastri,PIA,Oscar Piastri,mclaren,McLaren,81,19,19,0.0,56,Lapped,18.0,,211.76
2023,5,Miami Grand Prix,2023-05-07,sargeant,SAR,Logan Sargeant,williams,Williams,2,20,20,0.0,56,Lapped,19.0,,210.893
2023,6,Monaco Grand Prix,2023-05-28,max_verstappen,VER,Max Verstappen,red_bull,Red Bull,1,1,1,25.0,78,Finished,7.0,,156.822
2023,6,Monaco Grand Prix,2023-05-28,alonso,ALO,Fernando Alonso,aston_martin,Aston Martin,14,2,2,18.0,78,Finished,9.0,,156.678
2023,6,Monaco Grand Prix,2023-05-28,ocon,OCO,Esteban Ocon,alpine,Alpine F1 Team,31,3,3,15.0,78,Finished,6.0,,156.977
2023,6,Monaco Grand Prix,2023-05-28,hamilton,HAM,Lewis Hamilton,mercedes,Mercedes,44,5,4,13.0,78,Finished,1.0,,158.799
2023,6,Monaco Grand Prix,2023-05-28,russell,RUS,George Russell,mercedes,Mercedes,63,8,5,10.0,78,Finished,10.0,,156.425
2023,6,Monaco Grand Prix,2023-05-28,leclerc,LEC,Charles Leclerc,ferrari,Ferrari,16,6,6,8.0,78,Finished,2.0,,158.541
2023,6,Monaco Grand Prix,2023-05-28,gasly,GAS,Pierre Gasly,alpine,Alpine F1 Team,10,7,7,6.0,78,Finished,3.0,,158.42
2023,6,Monaco Grand Prix,2023-05-28,sainz,SAI,Carlos Sainz,ferrari,Ferrari,55,4,8,4.0,78,Finished,5.0,,157.14
2023,6,Monaco Grand Prix,2023-05-28,norris,NOR,Lando Norris,mclaren,McLaren,4,10,9,2.0,77,Lapped,19.0,,154.324
2023,6,Monaco Grand Prix,2023-05-28,piastri,PIA,Oscar Piastri,mclaren,McLaren,81,11,10,1.0,77,Lapped,14.0,,154.983
2023,6,Monaco Grand Prix,2023-05-28,bottas,BOT,Valtteri Bottas,alfa,Alfa Romeo,77,15,11,0.0,77,Lapped,18.0,,154.363
2023,6,Monaco Grand Prix,2023-05-28,de_vries,DEV,Nyck de Vries,alphatauri,AlphaTauri,21,12,12,0.0,77,Lapped,15.0,,154.887
2023,6,Monaco Grand Prix,2023-05-28,zhou,ZHO,Guanyu Zhou,alfa,Alfa Romeo,24,19,13,0.0,77,Lapped,11.0,,156.165
2023,6,Monaco Grand Prix,2023-05-28,albon,ALB,Alexander Albon,williams,Williams,23,13,14,0.0,77,Lapped,8.0,,156.683
2023,6,Monaco Grand Prix,2023-05-28,tsunoda,TSU,Yuki Tsunoda,alphatauri,AlphaTauri,22,9,15,0.0,76,Lapped,16.0,,154.649
2023,6,Monaco Grand Prix,2023-05-28,perez,PER,Sergio Pérez,red_bull,Red Bull,11,20,16,0.0,76,Lapped,4.0,,157.51
2023,6,Monaco Grand Prix,2023-05-28,hulkenberg,HUL,Nico Hülkenberg,haas,Haas F1 Team,27,18,17,0.0,76,Lapped,12.0,,156.033
2023,6,Monaco Grand Prix,2023-05-28,sargeant,SAR,Logan Sargeant,williams,Williams,2,16,18,0.0,76,Lapped,13.0,,155.406
2023,6,Monaco Grand Prix,2023-05-28,kevin_magnussen,MAG,Kevin Magnussen,haas,Haas F1 Team,20,17,19,0.0,70,Retired,20.0,,153.325
2023,6,Monaco Grand Prix,2023-05-28,stroll,STR,Lance Stroll,aston_martin,Aston Martin,18,14,20,0.0,53,Retired,17.0,,154.472
2023,7,Spanish Grand Prix,2023-06-04,max_verstappen,VER,Max Verstappen,red_bull,Red Bull,1,1,1,26.0,66,Finished,1.0,,219.641
2023,7,Spanish Grand Prix,2023-06-04,hamilton,HAM,Lewis Hamilton,mercedes,Mercedes,44,4,2,18.0,66,Finished,3.0,,218.649
2023,7,Spanish Grand Prix,2023-06-04,russell,RUS,George Russell,mercedes,Mercedes,63,12,3,15.0,66,Finished,5.0,,215.283
2023,7,Spanish Grand Prix,2023-06-04,perez,PER,Sergio Pérez,red_bull,Red Bull,11,11,4,12.0,66,Finished,2.0,,218.678
2023,7,Spanish Grand Prix,2023-06-04,sainz,SAI,Carlos Sainz,ferrari,Ferrari,55,2,5,10.0,66,Finished,11.0,,213.833
2023,7,Spanish Grand Prix,2023-06-04,stroll,STR,Lance Stroll,aston_martin,Aston Martin,18,5,6,8.0,66,Finished,14.0,,212.967
2023,7,Spanish Grand Prix,2023-06-04,alonso,ALO,Fernando Alonso,aston_martin,Aston Martin,14,8,7,6.0,66,Finished,7.0,,214.709
2023,7,Spanish Grand Prix,2023-06-04,ocon,OCO,Esteban Ocon,alpine,Alpine F1 Team,31,6,8,4.0,66,Finished,18.0,,212.362
2023,7,Spanish Grand Prix,2023-06-04,zhou,ZHO,Guanyu Zhou,alfa,Alfa Romeo,24,13,9,2.0,66,Finished,15.0,,212.883
2023,7,Spanish Grand Prix,2023-06-04,gasly,GAS,Pierre Gasly,alpine,Alpine F1 Team,10,10,10,1.0,66,Finished,10.0,,213.91
2023,7,Spanish Grand Prix,2023-06-04,leclerc,LEC,Charles Leclerc,ferrari,Ferrari,16,19,11,0.0,66,Finished,9.0,,213.959
2023,7,Spanish Grand Prix,2023-06-04,tsunoda,TSU,Yuki Tsunoda,alphatauri,AlphaTauri,22,15,12,0.0,66,Finished,17.0,,212.475
2023,7,Spanish Grand Prix,2023-06-04,piastri,PIA,Oscar Piastri,mclaren,McLaren,81,9,13,0.0,65,Lapped,13.0,,213.083
2023,7,Spanish Grand Prix,2023-06-04,de_vries,DEV,Nyck de Vries,alphatauri,AlphaTauri,21,14,14,0.0,65,Lapped,12.0,,213.313
2023,7,Spanish Grand Prix,2023-06-04,hulkenberg,HUL,Nico Hülkenberg,haas,Haas F1 Team,27,7,15,0.0,65,Lapped,16.0,,212.821
2023,7,Spanish Grand Prix,2023-06-04,albon,ALB,Alexander Albon,williams,Williams,23,18,16,0.0,65,Lapped,19.0,,211.861
2023,7,Spanish Grand Prix,2023-06-04,norris,NOR,Lando Norris,mclaren,McLaren,4,3,17,0.0,65,Lapped,4.0,,217.216
2023,7,Spanish Grand Prix,2023-06-04,kevin_magnussen,MAG,Kevin Magnussen,haas,Haas F1 Team,20,17,18,0.0,65,Lapped,6.0,,214.748
2023,7,Spanish Grand Prix,2023-06-04,bottas,BOT,Valtteri Bottas,alfa,Alfa Romeo,77,16,19,0.0,65,Lapped,8.0,,214.273
2023,7,Spanish Grand Prix,2023-06-04,sargeant,SAR,Logan Sargeant,williams,Williams,2,20,20,0.0,65,Lapped,20.0,,211.556
2023,8,Canadian Grand Prix,2023-06-18,max_verstappen,VER,Max Verstappen,red_bull,Red Bull,1,1,1,25.0,70,Finished,3.0,,207.683
2023,8,Canadian Grand Prix,2023-06-18,alonso,ALO,Fernando Alonso,aston_martin,Aston Martin,14,2,2,18.0,70,Finished,4.0,,207.176
2023,8,Canadian Grand Prix,2023-06-18,hamilton,HAM,Lewis Hamilton,mercedes,Mercedes,44,3,3,15.0,70,Finished,2.0,,208.228
2023,8,Canadian Grand Prix,2023-06-18,leclerc,LEC,Charles Leclerc,ferrari,Ferrari,16,10,4,12.0,70,Finished,5.0,,206.826
2023,8,Canadian Grand Prix,2023-06-18,sainz,SAI,Carlos Sainz,ferrari,Ferrari,55,11,5,10.0,70,Finished,6.0,,206.815
2023,8,Canadian Grand Prix,2023-06-18,perez,PER,Sergio Pérez,red_bull,Red Bull,11,12,6,9.0,70,Finished,1.0,,210.786
2023,8,Canadian Grand Prix,2023-06-18,albon,ALB,Alexander Albon,williams,Williams,23,9,7,6.0,70,Finished,16.0,,204.11
2023,8,Canadian Grand Prix,2023-06-18,ocon,OCO,Esteban Ocon,alpine,Alpine F1 Team,31,6,8,4.0,70,Finished,15.0,,204.469
2023,8,Canadian Grand Prix,2023-06-18,stroll,STR,Lance Stroll,aston_martin,Aston Martin,18,16,9,2.0,70,Finished,10.0,,205.051
2023,8,Canadian Grand Prix,2023-06-18,bottas,BOT,Valtteri Bottas,alfa,Alfa Romeo,77,14,10,1.0,70,Finished,12.0,,204.888
2023,8,Canadian Grand Prix,2023-06-18,piastri,PIA,Oscar Piastri,mclaren,McLaren,81,8,11,0.0,70,Finished,11.0,,204.96
2023,8,Canadian Grand Prix,2023-06-18,gasly,GAS,Pierre Gasly,alpine,Alpine F1 Team,10,15,12,0.0,70,Finished,9.0,,205.424
2023,8,Canadian Grand Prix,2023-06-18,norris,NOR,Lando Norris,mclaren,McLaren,4,7,13,0.0,70,Finished,8.0,,205.562
2023,8,Canadian Grand Prix,2023-06-18,tsunoda,TSU,Yuki Tsunoda,alphatauri,AlphaTauri,22,19,14,0.0,70,Finished,14.0,,204.779
2023,8,Canadian Grand Prix,2023-06-18,hulkenberg,HUL,Nico Hülkenberg,haas,Haas F1 Team,27,5,15,0.0,69,Lapped,19.0,,203.278
2023,8,Canadian Grand Prix,2023-06-18,zhou,ZHO,Guanyu Zhou,alfa,Alfa Romeo,24,20,16,0.0,69,Lapped,17.0,,203.652
2023,8,Canadian Grand Prix,2023-06-18,kevin_magnussen,MAG,Kevin Magnussen,haas,Haas F1 Team,20,13,17,0.0,69,Lapped,7.0,,206.231
2023,8,Canadian Grand Prix,2023-06-18,de_vries,DEV,Nyck de Vries,alphatauri,AlphaTauri,21,17,18,0.0,69,Lapped,13.0,,204.805
2023,8,Canadian Grand Prix,2023-06-18,russell,RUS,George Russell,mercedes,Mercedes,63,4,19,0.0,53,Retired,18.0,,203.634
2023,8,Canadian Grand Prix,2023-06-18,sargeant,SAR,Logan Sargeant,williams,Williams,2,18,20,0.0,6,Retired,20.0,,200.155
2023,9,Austrian Grand Prix,2023-07-02,max_verstappen,VER,Max Verstappen,red_bull,Red Bull,1,1,1,26.0,71,Finished,1.0,,231.97
2023,9,Austrian Grand Prix,2023-07-02,leclerc,LEC,Charles Leclerc,ferrari,Ferrari,16,2,2,18.0,71,Finished,5.0,,225.876
2023,9,Austrian Grand Prix,2023-07-02,perez,PER,Sergio Pérez,red_bull,Red Bull,11,15,3,15.0,71,Finished,2.0,,228.227
2023,9,Austrian Grand Prix,2023-07-02,norris,NOR,Lando Norris,mclaren,McLaren,4,4,4,12.0,71,Finished,4.0,,226.142
2023,9,Austrian Grand Prix,2023-07-02,alonso,ALO,Fernando Alonso,aston_martin,Aston Martin,14,7,5,10.0,71,Finished,8.0,,224.934
2023,9,Austrian Grand Prix,2023-07-02,sainz,SAI,Carlos Sainz,ferrari,Ferrari,55,3,6,8.0,71,Finished,6.0,,225.679
2023,9,Austrian Grand Prix,2023-07-02,russell,RUS,George Russell,mercedes,Mercedes,63,11,7,6.0,71,Finished,10.0,,224.366
2023,9,Austrian Grand Prix,2023-07-02,hamilton,HAM,Lewis Hamilton,mercedes,Mercedes,44,5,8,4.0,71,Finished,9.0,,224.765
2023,9,Austrian Grand Prix,2023-07-02,stroll,STR,Lance Stroll,aston_martin,Aston Martin,18,6,9,2.0,71,Finished,3.0,,227.054
2023,9,Austrian Grand Prix,2023-07-02,gasly,GAS,Pierre Gasly,alpine,Alpine F1 Team,10,9,10,1.0,71,Finished,7.0,,225.136
2023,9,Austrian Grand Prix,2023-07-02,albon,ALB,Alexander Albon,williams,Williams,23,10,11,0.0,71,Finished,11.0,,223.473
2023,9,Austrian Grand Prix,2023-07-02,zhou,ZHO,Guanyu Zhou,alfa,Alfa Romeo,24,17,12,0.0,70,Lapped,14.0,,222.749
2023,9,Austrian Grand Prix,2023-07-02,sargeant,SAR,Logan Sargeant,williams,Williams,2,18,13,0.0,70,Lapped,12.0,,223.309
2023,9,Austrian Grand Prix,2023-07-02,ocon,OCO,Esteban Ocon,alpine,Alpine F1 Team,31,12,14,0.0,70,Lapped,15.0,,222.714
2023,9,Austrian Grand Prix,2023-07-02,bottas,BOT,Valtteri Bottas,alfa,Alfa Romeo,77,14,15,0.0,70,Lapped,18.0,,222.259
2023,9,Austrian Grand Prix,2023-07-02,piastri,PIA,Oscar Piastri,mclaren,McLaren,81,13,16,0.0,70,Lapped,17.0,,222.507
2023,9,Austrian Grand Prix,2023-07-02,de_vries,DEV,Nyck de Vries,alphatauri,AlphaTauri,21,20,17,0.0,70,Lapped,16.0,,222.539
2023,9,Austrian Grand Prix,2023-07-02,kevin_magnussen,MAG,Kevin Magnussen,haas,Haas F1 Team,20,19,18,0.0,70,Lapped,19.0,,221.511
2023,9,Austrian Grand Prix,2023-07-02,tsunoda,TSU,Yuki Tsunoda,alphatauri,AlphaTauri,22,16,19,0.0,70,Lapped,13.0,,223.28
2023,9,Austrian Grand Prix,2023-07-02,hulkenberg,HUL,Nico Hülkenberg,haas,Haas F1 Team,27,8,20,0.0,12,Retired,20.0,,218.737
2023,10,British Grand Prix,2023-07-09,max_verstappen,VER,Max Verstappen,red_bull,Red Bull,1,1,1,26.0,52,Finished,1.0,,234.922
2023,10,British Grand Prix,2023-07-09,norris,NOR,Lando Norris,mclaren,McLaren,4,2,2,18.0,52,Finished,2.0,,234.226
2023,10,British Grand Prix,2023-07-09,hamilton,HAM,Lewis Hamilton,mercedes,Mercedes,44,7,3,15.0,52,Finished,3.0,,234.221
2023,10,British Grand Prix,2023-07-09,piastri,PIA,Oscar Piastri,mclaren,McLaren,81,3,4,12.0,52,Finished,4.0,,233.435
2023,10,British Grand Prix,2023-07-09,russell,RUS,George Russell,mercedes,Mercedes,63,6,5,10.0,52,Finished,6.0,,232.733
2023,10,British Grand Prix,2023-07-09,perez,PER,Sergio Pérez,red_bull,Red Bull,11,15,6,8.0,52,Finished,5.0,,233.271
2023,10,British Grand Prix,2023-07-09,alonso,ALO,Fernando Alonso,aston_martin,Aston Martin,14,9,7,6.0,52,Finished,9.0,,232.188
2023,10,British Grand Prix,2023-07-09,albon,ALB,Alexander Albon,williams,Williams,23,8,8,4.0,52,Finished,8.0,,232.353
2023,10,British Grand Prix,2023-07-09,leclerc,LEC,Charles Leclerc,ferrari,Ferrari,16,4,9,2.0,52,Finished,7.0,,232.399
2023,10,British Grand Prix,2023-07-09,sainz,SAI,Carlos Sainz,ferrari,Ferrari,55,5,10,1.0,52,Finished,10.0,,232.116
2023,10,British Grand Prix,2023-07-09,sargeant,SAR,Logan Sargeant,williams,Williams,2,14,11,0.0,52,Finished,13.0,,231.274
2023,10,British Grand Prix,2023-07-09,bottas,BOT,Valtteri Bottas,alfa,Alfa Romeo,77,20,12,0.0,52,Finished,16.0,,230.888
2023,10,British Grand Prix,2023-07-09,hulkenberg,HUL,Nico Hülkenberg,haas,Haas F1 Team,27,11,13,0.0,52,Finished,15.0,,231.08
2023,10,British Grand Prix,2023-07-09,stroll,STR,Lance Stroll,aston_martin,Aston Martin,18,12,14,0.0,52,Finished,11.0,,231.756
2023,10,British Grand Prix,2023-07-09,zhou,ZHO,Guanyu Zhou,alfa,Alfa Romeo,24,17,15,0.0,52,Finished,14.0,,231.097
2023,10,British Grand Prix,2023-07-09,tsunoda,TSU,Yuki Tsunoda,alphatauri,AlphaTauri,22,16,16,0.0,52,Finished,17.0,,230.307
2023,10,British Grand Prix,2023-07-09,de_vries,DEV,Nyck de Vries,alphatauri,AlphaTauri,21,18,17,0.0,52,Finished,18.0,,229.636
2023,10,British Grand Prix,2023-07-09,gasly,GAS,Pierre Gasly,alpine,Alpine F1 Team,10,10,18,0.0,46,Retired,12.0,,231.678
2023,10,British Grand Prix,2023-07-09,kevin_magnussen,MAG,Kevin Magnussen,haas,Haas F1 Team,20,19,19,0.0,31,Retired,19.0,,227.169
2023,10,British Grand Prix,2023-07-09,ocon,OCO,Esteban Ocon,alpine,Alpine F1 Team,31,13,20,0.0,9,Retired,20.0,,225.754
2023,11,Hungarian Grand Prix,2023-07-23,max_verstappen,VER,Max Verstappen,red_bull,Red Bull,1,2,1,26.0,70,Finished,1.0,,195.91
2023,11,Hungarian Grand Prix,2023-07-23,norris,NOR,Lando Norris,mclaren,McLaren,4,3,2,18.0,70,Finished,4.0,,191.919
2023,11,Hungarian Grand Prix,2023-07-23,perez,PER,Sergio Pérez,red_bull,Red Bull,11,9,3,15.0,70,Finished,5.0,,191.647
2023,11,Hungarian Grand Prix,2023-07-23,hamilton,HAM,Lewis Hamilton,mercedes,Mercedes,44,1,4,12.0,70,Finished,2.0,,193.277
2023,11,Hungarian Grand Prix,2023-07-23,piastri,PIA,Oscar Piastri,mclaren,McLaren,81,4,5,10.0,70,Finished,8.0,,190.625
2023,11,Hungarian Grand Prix,2023-07-23,russell,RUS,George Russell,mercedes,Mercedes,63,18,6,8.0,70,Finished,3.0,,191.966
2023,11,Hungarian Grand Prix,2023-07-23,leclerc,LEC,Charles Leclerc,ferrari,Ferrari,16,6,7,6.0,70,Finished,6.0,,191.242
2023,11,Hungarian Grand Prix,2023-07-23,sainz,SAI,Carlos Sainz,ferrari,Ferrari,55,11,8,4.0,70,Finished,7.0,,190.976
2023,11,Hungarian Grand Prix,2023-07-23,alonso,ALO,Fernando Alonso,aston_martin,Aston Martin,14,8,9,2.0,70,Finished,9.0,,190.604
2023,11,Hungarian Grand Prix,2023-07-23,stroll,STR,Lance Stroll,aston_martin,Aston Martin,18,14,10,1.0,69,Lapped,11.0,,189.051
2023,11,Hungarian Grand Prix,2023-07-23,albon,ALB,Alexander Albon,williams,Williams,23,16,11,0.0,69,Lapped,18.0,,187.643
2023,11,Hungarian Grand Prix,2023-07-23,bottas,BOT,Valtteri Bottas,alfa,Alfa Romeo,77,7,12,0.0,69,Lapped,14.0,,188.54
2023,11,Hungarian Grand Prix,2023-07-23,ricciardo,RIC,Daniel Ricciardo,alphatauri,AlphaTauri,3,13,13,0.0,69,Lapped,17.0,,187.904
2023,11,Hungarian Grand Prix,2023-07-23,hulkenberg,HUL,Nico Hülkenberg,haas,Haas F1 Team,27,10,14,0.0,69,Lapped,13.0,,188.716
2023,11,Hungarian Grand Prix,2023-07-23,tsunoda,TSU,Yuki Tsunoda,alphatauri,AlphaTauri,22,17,15,0.0,69,Lapped,10.0,,189.405
2023,11,Hungarian Grand Prix,2023-07-23,zhou,ZHO,Guanyu Zhou,alfa,Alfa Romeo,24,5,16,0.0,69,Lapped,15.0,,188.333
2023,11,Hungarian Grand Prix,2023-07-23,kevin_magnussen,MAG,Kevin Magnussen,haas,Haas F1 Team,20,19,17,0.0,69,Lapped,16.0,,188.061
2023,11,Hungarian Grand Prix,2023-07-23,sargeant,SAR,Logan Sargeant,williams,Williams,2,20,18,0.0,67,Retired,12.0,,188.89
2023,11,Hungarian Grand Prix,2023-07-23,ocon,OCO,Esteban Ocon,alpine,Alpine F1 Team,31,12,19,0.0,2,Retired,,,
2023,11,Hungarian Grand Prix,2023-07-23,gasly,GAS,Pierre Gasly,alpine,Alpine F1 Team,10,15,20,0.0,1,Retired,,,
2023,12,Belgian Grand Prix,2023-07-30,max_verstappen,VER,Max Verstappen,red_bull,Red Bull,1,6,1,25.0,44,Finished,2.0,,231.49
2023,12,Belgian Grand Prix,2023-07-30,perez,PER,Sergio Pérez,red_bull,Red Bull,11,2,2,18.0,44,Finished,6.0,,228.581
2023,12,Belgian Grand Prix,2023-07-30,leclerc,LEC,Charles Leclerc,ferrari,Ferrari,16,1,3,15.0,44,Finished,7.0,,228.316
2023,12,Belgian Grand Prix,2023-07-30,hamilton,HAM,Lewis Hamilton,mercedes,Mercedes,44,3,4,13.0,44,Finished,1.0,,234.978
2023,12,Belgian Grand Prix,2023-07-30,alonso,ALO,Fernando Alonso,aston_martin,Aston Martin,14,9,5,10.0,44,Finished,13.0,,227.283
2023,12,Belgian Grand Prix,2023-07-30,russell,RUS,George Russell,mercedes,Mercedes,63,8,6,8.0,44,Finished,11.0,,227.972
2023,12,Belgian Grand Prix,2023-07-30,norris,NOR,Lando Norris,mclaren,McLaren,4,7,7,6.0,44,Finished,18.0,,225.769
2023,12,Belgian Grand Prix,2023-07-30,ocon,OCO,Esteban Ocon,alpine,Alpine F1 Team,31,14,8,4.0,44,Finished,8.0,,228.31
2023,12,Belgian Grand Prix,2023-07-30,stroll,STR,Lance Stroll,aston_martin,Aston Martin,18,10,9,2.0,44,Finished,16.0,,226.55
2023,12,Belgian Grand Prix,2023-07-30,tsunoda,TSU,Yuki Tsunoda,alphatauri,AlphaTauri,22,11,10,1.0,44,Finished,17.0,,226.353
2023,12,Belgian Grand Prix,2023-07-30,gasly,GAS,Pierre Gasly,alpine,Alpine F1 Team,10,12,11,0.0,44,Finished,12.0,,227.339
2023,12,Belgian Grand Prix,2023-07-30,bottas,BOT,Valtteri Bottas,alfa,Alfa Romeo,77,13,12,0.0,44,Finished,10.0,,228.153
2023,12,Belgian Grand Prix,2023-07-30,zhou,ZHO,Guanyu Zhou,alfa,Alfa Romeo,24,17,13,0.0,44,Finished,5.0,,228.83
2023,12,Belgian Grand Prix,2023-07-30,albon,ALB,Alexander Albon,williams,Williams,23,15,14,0.0,44,Finished,3.0,,229.553
2023,12,Belgian Grand Prix,2023-07-30,kevin_magnussen,MAG,Kevin Magnussen,haas,Haas F1 Team,20,16,15,0.0,44,Finished,14.0,,227.171
2023,12,Belgian Grand Prix,2023-07-30,ricciardo,RIC,Daniel Ricciardo,alphatauri,AlphaTauri,3,19,16,0.0,44,Finished,15.0,,227.169
2023,12,Belgian Grand Prix,2023-07-30,sargeant,SAR,Logan Sargeant,williams,Williams,2,18,17,0.0,44,Finished,9.0,,228.213
2023,12,Belgian Grand Prix,2023-07-30,hulkenberg,HUL,Nico Hülkenberg,haas,Haas F1 Team,27,20,18,0.0,44,Finished,4.0,,229.415
2023,12,Belgian Grand Prix,2023-07-30,sainz,SAI,Carlos Sainz,ferrari,Ferrari,55,4,19,0.0,23,Retired,19.0,,222.864
2023,12,Belgian Grand Prix,2023-07-30,piastri,PIA,Oscar Piastri,mclaren,McLaren,81,5,20,0.0,0,Retired,,,
2023,13,Dutch Grand Prix,2023-08-27,max_verstappen,VER,Max Verstappen,red_bull,Red Bull,1,1,1,25.0,72,Finished,2.0,,207.505
2023,13,Dutch Grand Prix,2023-08-27,alonso,ALO,Fernando Alonso,aston_martin,Aston Martin,14,5,2,19.0,72,Finished,1.0,,207.651
2023,13,Dutch Grand Prix,2023-08-27,gasly,GAS,Pierre Gasly,alpine,Alpine F1 Team,10,12,3,15.0,72,Finished,7.0,,205.967
2023,13,Dutch Grand Prix,2023-08-27,perez,PER,Sergio Pérez,red_bull,Red Bull,11,7,4,12.0,72,Finished,4.0,,206.549
2023,13,Dutch Grand Prix,2023-08-27,sainz,SAI,Carlos Sainz,ferrari,Ferrari,55,6,5,10.0,72,Finished,13.0,,204.612
2023,13,Dutch Grand Prix,2023-08-27,hamilton,HAM,Lewis Hamilton,mercedes,Mercedes,44,13,6,8.0,72,Finished,3.0,,207.463
2023,13,Dutch Grand Prix,2023-08-27,norris,NOR,Lando Norris,mclaren,McLaren,4,2,7,6.0,72,Finished,6.0,,206.108
2023,13,Dutch Grand Prix,2023-08-27,albon,ALB,Alexander Albon,williams,Williams,23,4,8,4.0,72,Finished,8.0,,205.892
2023,13,Dutch Grand Prix,2023-08-27,piastri,PIA,Oscar Piastri,mclaren,McLaren,81,8,9,2.0,72,Finished,5.0,,206.36
2023,13,Dutch Grand Prix,2023-08-27,ocon,OCO,Esteban Ocon,alpine,Alpine F1 Team,31,16,10,1.0,72,Finished,10.0,,205.61
2023,13,Dutch Grand Prix,2023-08-27,stroll,STR,Lance Stroll,aston_martin,Aston Martin,18,11,11,0.0,72,Finished,15.0,,203.966
2023,13,Dutch Grand Prix,2023-08-27,hulkenberg,HUL,Nico Hülkenberg,haas,Haas F1 Team,27,14,12,0.0,72,Finished,9.0,,205.881
2023,13,Dutch Grand Prix,2023-08-27,lawson,LAW,Liam Lawson,alphatauri,AlphaTauri,40,19,13,0.0,72,Finished,12.0,,204.923
2023,13,Dutch Grand Prix,2023-08-27,bottas,BOT,Valtteri Bottas,alfa,Alfa Romeo,77,18,14,0.0,72,Finished,11.0,,205.258
2023,13,Dutch Grand Prix,2023-08-27,tsunoda,TSU,Yuki Tsunoda,alphatauri,AlphaTauri,22,17,15,0.0,72,Finished,18.0,,201.072
2023,13,Dutch Grand Prix,2023-08-27,kevin_magnussen,MAG,Kevin Magnussen,haas,Haas F1 Team,20,0,16,0.0,72,Finished,17.0,,203.107
2023,13,Dutch Grand Prix,2023-08-27,russell,RUS,George Russell,mercedes,Mercedes,63,3,17,0.0,72,Finished,14.0,,204.094
2023,13,Dutch Grand Prix,2023-08-27,zhou,ZHO,Guanyu Zhou,alfa,Alfa Romeo,24,15,18,0.0,62,Accident,16.0,,203.301
2023,13,Dutch Grand Prix,2023-08-27,leclerc,LEC,Charles Leclerc,ferrari,Ferrari,16,9,19,0.0,41,Undertray,19.0,,198.408
2023,13,Dutch Grand Prix,2023-08-27,sargeant,SAR,Logan Sargeant,williams,Williams,2,10,20,0.0,14,Accident,20.0,,198.095
2023,14,Italian Grand Prix,2023-09-03,max_verstappen,VER,Max Verstappen,red_bull,Red Bull,1,2,1,25.0,51,Finished,2.0,,244.659
2023,14,Italian Grand Prix,2023-09-03,perez,PER,Sergio Pérez,red_bull,Red Bull,11,5,2,18.0,51,Finished,4.0,,243.853
2023,14,Italian Grand Prix,2023-09-03,sainz,SAI,Carlos Sainz,ferrari,Ferrari,55,1,3,15.0,51,Finished,3.0,,243.912
2023,14,Italian Grand Prix,2023-09-03,leclerc,LEC,Charles Leclerc,ferrari,Ferrari,16,3,4,12.0,51,Finished,5.0,,243.687
2023,14,Italian Grand Prix,2023-09-03,russell,RUS,George Russell,mercedes,Mercedes,63,4,5,10.0,51,Finished,9.0,,242.929
2023,14,Italian Grand Prix,2023-09-03,hamilton,HAM,Lewis Hamilton,mercedes,Mercedes,44,8,6,8.0,51,Finished,6.0,,243.682
2023,14,Italian Grand Prix,2023-09-03,albon,ALB,Alexander Albon,williams,Williams,23,6,7,6.0,51,Finished,16.0,,241.405
2023,14,Italian Grand Prix,2023-09-03,norris,NOR,Lando Norris,mclaren,McLaren,4,9,8,4.0,51,Finished,14.0,,242.092
2023,14,Italian Grand Prix,2023-09-03,alonso,ALO,Fernando Alonso,aston_martin,Aston Martin,14,10,9,2.0,51,Finished,13.0,,242.201
2023,14,Italian Grand Prix,2023-09-03,bottas,BOT,Valtteri Bottas,alfa,Alfa Romeo,77,14,10,1.0,51,Finished,12.0,,242.531
2023,14,Italian Grand Prix,2023-09-03,lawson,LAW,Liam Lawson,alphatauri,AlphaTauri,40,12,11,0.0,51,Finished,8.0,,242.944
2023,14,Italian Grand Prix,2023-09-03,piastri,PIA,Oscar Piastri,mclaren,McLaren,81,7,12,0.0,51,Finished,1.0,,245.142
2023,14,Italian Grand Prix,2023-09-03,sargeant,SAR,Logan Sargeant,williams,Williams,2,15,13,0.0,51,Finished,18.0,,240.152
2023,14,Italian Grand Prix,2023-09-03,zhou,ZHO,Guanyu Zhou,alfa,Alfa Romeo,24,16,14,0.0,51,Finished,11.0,,242.545
2023,14,Italian Grand Prix,2023-09-03,gasly,GAS,Pierre Gasly,alpine,Alpine F1 Team,10,17,15,0.0,51,Finished,7.0,,243.181
2023,14,Italian Grand Prix,2023-09-03,stroll,STR,Lance Stroll,aston_martin,Aston Martin,18,20,16,0.0,51,Finished,17.0,,240.77
2023,14,Italian Grand Prix,2023-09-03,hulkenberg,HUL,Nico Hülkenberg,haas,Haas F1 Team,27,13,17,0.0,50,Lapped,10.0,,242.796
2023,14,Italian Grand Prix,2023-09-03,kevin_magnussen,MAG,Kevin Magnussen,haas,Haas F1 Team,20,19,18,0.0,50,Lapped,15.0,,241.716
2023,14,Italian Grand Prix,2023-09-03,ocon,OCO,Esteban Ocon,alpine,Alpine F1 Team,31,18,19,0.0,39,Retired,19.0,,239.812
2023,14,Italian Grand Prix,2023-09-03,tsunoda,TSU,Yuki Tsunoda,alphatauri,AlphaTauri,22,11,20,0.0,0,Did not start,,,
2023,15,Singapore Grand Prix,2023-09-17,sainz,SAI,Carlos Sainz,ferrari,Ferrari,55,1,1,25.0,62,Finished,7.0,,182.089
2023,15,Singapore Grand Prix,2023-09-17,norris,NOR,Lando Norris,mclaren,McLaren,4,4,2,18.0,62,Finished,8.0,,181.384
2023,15,Singapore Grand Prix,2023-09-17,hamilton,HAM,Lewis Hamilton,mercedes,Mercedes,44,5,3,16.0,62,Finished,1.0,,185.507
2023,15,Singapore Grand Prix,2023-09-17,leclerc,LEC,Charles Leclerc,ferrari,Ferrari,16,3,4,12.0,62,Finished,11.0,,180.961
2023,15,Singapore Grand Prix,2023-09-17,max_verstappen,VER,Max Verstappen,red_bull,Red Bull,1,11,5,10.0,62,Finished,4.0,,184.147
2023,15,Singapore Grand Prix,2023-09-17,gasly,GAS,Pierre Gasly,alpine,Alpine F1 Team,10,12,6,8.0,62,Finished,12.0,,180.957
2023,15,Singapore Grand Prix,2023-09-17,piastri,PIA,Oscar Piastri,mclaren,McLaren,81,17,7,6.0,62,Finished,13.0,,180.562
2023,15,Singapore Grand Prix,2023-09-17,perez,PER,Sergio Pérez,red_bull,Red Bull,11,13,8,4.0,62,Finished,5.0,,183.136
2023,15,Singapore Grand Prix,2023-09-17,lawson,LAW,Liam Lawson,alphatauri,AlphaTauri,40,10,9,2.0,62,Finished,15.0,,179.585
2023,15,Singapore Grand Prix,2023-09-17,kevin_magnussen,MAG,Kevin Magnussen,haas,Haas F1 Team,20,6,10,1.0,62,Finished,10.0,,181.271
2023,15,Singapore Grand Prix,2023-09-17,albon,ALB,Alexander Albon,williams,Williams,23,14,11,0.0,62,Finished,6.0,,182.696
2023,15,Singapore Grand Prix,2023-09-17,zhou,ZHO,Guanyu Zhou,alfa,Alfa Romeo,24,19,12,0.0,62,Finished,16.0,,179.064
2023,15,Singapore Grand Prix,2023-09-17,hulkenberg,HUL,Nico Hülkenberg,haas,Haas F1 Team,27,9,13,0.0,62,Finished,17.0,,177.977
2023,15,Singapore Grand Prix,2023-09-17,sargeant,SAR,Logan Sargeant,williams,Williams,2,18,14,0.0,62,Finished,14.0,,180.491
2023,15,Singapore Grand Prix,2023-09-17,alonso,ALO,Fernando Alonso,aston_martin,Aston Martin,14,7,15,0.0,62,Finished,3.0,,184.374
2023,15,Singapore Grand Prix,2023-09-17,russell,RUS,George Russell,mercedes,Mercedes,63,2,16,0.0,61,Retired,2.0,,184.724
2023,15,Singapore Grand Prix,2023-09-17,bottas,BOT,Valtteri Bottas,alfa,Alfa Romeo,77,16,17,0.0,51,Retired,9.0,,181.33
2023,15,Singapore Grand Prix,2023-09-17,ocon,OCO,Esteban Ocon,alpine,Alpine F1 Team,31,8,18,0.0,42,Retired,18.0,,177.964
2023,15,Singapore Grand Prix,2023-09-17,tsunoda,TSU,Yuki Tsunoda,alphatauri,AlphaTauri,22,15,19,0.0,0,Retired,,,
2023,15,Singapore Grand Prix,2023-09-17,stroll,STR,Lance Stroll,aston_martin,Aston Martin,18,0,20,0.0,0,Withdrew,,,
2023,16,Japanese Grand Prix,2023-09-24,max_verstappen,VER,Max Verstappen,red_bull,Red Bull,1,1,1,26.0,53,Finished,1.0,,221.963
2023,16,Japanese Grand Prix,2023-09-24,norris,NOR,Lando Norris,mclaren,McLaren,4,3,2,18.0,53,Finished,2.0,,219.484
2023,16,Japanese Grand Prix,2023-09-24,piastri,PIA,Oscar Piastri,mclaren,McLaren,81,2,3,15.0,53,Finished,5.0,,217.021
2023,16,Japanese Grand Prix,2023-09-24,leclerc,LEC,Charles Leclerc,ferrari,Ferrari,16,4,4,12.0,53,Finished,6.0,,216.944
2023,16,Japanese Grand Prix,2023-09-24,hamilton,HAM,Lewis Hamilton,mercedes,Mercedes,44,7,5,10.0,53,Finished,3.0,,218.648
2023,16,Japanese Grand Prix,2023-09-24,sainz,SAI,Carlos Sainz,ferrari,Ferrari,55,6,6,8.0,53,Finished,4.0,,217.339
2023,16,Japanese Grand Prix,2023-09-24,russell,RUS,George Russell,mercedes,Mercedes,63,8,7,6.0,53,Finished,11.0,,214.076
2023,16,Japanese Grand Prix,2023-09-24,alonso,ALO,Fernando Alonso,aston_martin,Aston Martin,14,10,8,4.0,53,Finished,8.0,,215.067
2023,16,Japanese Grand Prix,2023-09-24,ocon,OCO,Esteban Ocon,alpine,Alpine F1 Team,31,14,9,2.0,53,Finished,10.0,,214.636
2023,16,Japanese Grand Prix,2023-09-24,gasly,GAS,Pierre Gasly,alpine,Alpine F1 Team,10,12,10,1.0,53,Finished,7.0,,216.924
2023,16,Japanese Grand Prix,2023-09-24,lawson,LAW,Liam Lawson,alphatauri,AlphaTauri,40,11,11,0.0,52,Lapped,15.0,,212.738
2023,16,Japanese Grand Prix,2023-09-24,tsunoda,TSU,Yuki Tsunoda,alphatauri,AlphaTauri,22,9,12,0.0,52,Lapped,12.0,,213.824
2023,16,Japanese Grand Prix,2023-09-24,zhou,ZHO,Guanyu Zhou,alfa,Alfa Romeo,24,19,13,0.0,52,Lapped,13.0,,213.774
2023,16,Japanese Grand Prix,2023-09-24,hulkenberg,HUL,Nico Hülkenberg,haas,Haas F1 Team,27,18,14,0.0,52,Lapped,9.0,,214.963
2023,16,Japanese Grand Prix,2023-09-24,kevin_magnussen,MAG,Kevin Magnussen,haas,Haas F1 Team,20,15,15,0.0,52,Lapped,14.0,,213.662
2023,16,Japanese Grand Prix,2023-09-24,albon,ALB,Alexander Albon,williams,Williams,23,13,16,0.0,26,Retired,18.0,,210.769
2023,16,Japanese Grand Prix,2023-09-24,sargeant,SAR,Logan Sargeant,williams,Williams,2,20,17,0.0,22,Retired,16.0,,211.488
2023,16,Japanese Grand Prix,2023-09-24,stroll,STR,Lance Stroll,aston_martin,Aston Martin,18,17,18,0.0,20,Retired,17.0,,211.057
2023,16,Japanese Grand Prix,2023-09-24,perez,PER,Sergio Pérez,red_bull,Red Bull,11,5,19,0.0,15,Retired,19.0,,209.672
2023,16,Japanese Grand Prix,2023-09-24,bottas,BOT,Valtteri Bottas,alfa,Alfa Romeo,77,16,20,0.0,7,Retired,20.0,,170.3
2023,17,Qatar Grand Prix,2023-10-08,max_verstappen,VER,Max Verstappen,red_bull,Red Bull,1,1,1,26.0,57,Finished,1.0,,231.364
2023,17,Qatar Grand Prix,2023-10-08,piastri,PIA,Oscar Piastri,mclaren,McLaren,81,6,2,18.0,57,Finished,3.0,,229.724
2023,17,Qatar Grand Prix,2023-10-08,norris,NOR,Lando Norris,mclaren,McLaren,4,10,3,15.0,57,Finished,2.0,,229.938
2023,17,Qatar Grand Prix,2023-10-08,russell,RUS,George Russell,mercedes,Mercedes,63,2,4,12.0,57,Finished,5.0,,227.45
2023,17,Qatar Grand Prix,2023-10-08,leclerc,LEC,Charles Leclerc,ferrari,Ferrari,16,5,5,10.0,57,Finished,4.0,,229.532
2023,17,Qatar Grand Prix,2023-10-08,alonso,ALO,Fernando Alonso,aston_martin,Aston Martin,14,4,6,8.0,57,Finished,6.0,,226.723
2023,17,Qatar Grand Prix,2023-10-08,ocon,OCO,Esteban Ocon,alpine,Alpine F1 Team,31,8,7,6.0,57,Finished,11.0,,225.661
2023,17,Qatar Grand Prix,2023-10-08,bottas,BOT,Valtteri Bottas,alfa,Alfa Romeo,77,9,8,4.0,57,Finished,13.0,,225.135
2023,17,Qatar Grand Prix,2023-10-08,zhou,ZHO,Guanyu Zhou,alfa,Alfa Romeo,24,19,9,2.0,57,Finished,9.0,,225.993
2023,17,Qatar Grand Prix,2023-10-08,perez,PER,Sergio Pérez,red_bull,Red Bull,11,20,10,1.0,57,Finished,7.0,,226.263
2023,17,Qatar Grand Prix,2023-10-08,stroll,STR,Lance Stroll,aston_martin,Aston Martin,18,16,11,0.0,57,Finished,10.0,,225.917
2023,17,Qatar Grand Prix,2023-10-08,gasly,GAS,Pierre Gasly,alpine,Alpine F1 Team,10,7,12,0.0,57,Finished,8.0,,226.027
2023,17,Qatar Grand Prix,2023-10-08,albon,ALB,Alexander Albon,williams,Williams,23,13,13,0.0,57,Finished,14.0,,225.098
2023,17,Qatar Grand Prix,2023-10-08,kevin_magnussen,MAG,Kevin Magnussen,haas,Haas F1 Team,20,18,14,0.0,56,Lapped,15.0,,224.061
2023,17,Qatar Grand Prix,2023-10-08,tsunoda,TSU,Yuki Tsunoda,alphatauri,AlphaTauri,22,11,15,0.0,56,Lapped,17.0,,223.786
2023,17,Qatar Grand Prix,2023-10-08,hulkenberg,HUL,Nico Hülkenberg,haas,Haas F1 Team,27,14,16,0.0,56,Lapped,12.0,,225.559
2023,17,Qatar Grand Prix,2023-10-08,lawson,LAW,Liam Lawson,alphatauri,AlphaTauri,40,17,17,0.0,56,Lapped,16.0,,223.943
2023,17,Qatar Grand Prix,2023-10-08,sargeant,SAR,Logan Sargeant,williams,Williams,2,15,18,0.0,40,Retired,18.0,,221.729
2023,17,Qatar Grand Prix,2023-10-08,hamilton,HAM,Lewis Hamilton,mercedes,Mercedes,44,3,19,0.0,0,Retired,,,
2023,17,Qatar Grand Prix,2023-10-08,sainz,SAI,Carlos Sainz,ferrari,Ferrari,55,12,20,0.0,0,Did not start,,,
2023,18,United States Grand Prix,2023-10-22,max_verstappen,VER,Max Verstappen,red_bull,Red Bull,1,6,1,25.0,56,Finished,9.0,,198.412
2023,18,United States Grand Prix,2023-10-22,norris,NOR,Lando Norris,mclaren,McLaren,4,2,2,18.0,56,Finished,8.0,,198.497
2023,18,United States Grand Prix,2023-10-22,sainz,SAI,Carlos Sainz,ferrari,Ferrari,55,4,3,15.0,56,Finished,10.0,,198.4
2023,18,United States Grand Prix,2023-10-22,perez,PER,Sergio Pérez,red_bull,Red Bull,11,9,4,12.0,56,Finished,5.0,,198.991
2023,18,United States Grand Prix,2023-10-22,russell,RUS,George Russell,mercedes,Mercedes,63,5,5,10.0,56,Finished,3.0,,199.68
2023,18,United States Grand Prix,2023-10-22,gasly,GAS,Pierre Gasly,alpine,Alpine F1 Team,10,7,6,8.0,56,Finished,11.0,,197.653
2023,18,United States Grand Prix,2023-10-22,stroll,STR,Lance Stroll,aston_martin,Aston Martin,18,20,7,6.0,56,Finished,6.0,,198.65
2023,18,United States Grand Prix,2023-10-22,tsunoda,TSU,Yuki Tsunoda,alphatauri,AlphaTauri,22,11,8,5.0,56,Finished,1.0,,202.231
2023,18,United States Grand Prix,2023-10-22,albon,ALB,Alexander Albon,williams,Williams,23,15,9,2.0,56,Finished,15.0,,
2023,18,United States Grand Prix,2023-10-22,sargeant,SAR,Logan Sargeant,williams,Williams,2,16,10,1.0,56,Finished,14.0,,196.041
2023,18,United States Grand Prix,2023-10-22,hulkenberg,HUL,Nico Hülkenberg,haas,Haas F1 Team,27,18,11,0.0,56,Finished,12.0,,196.648
2023,18,United States Grand Prix,2023-10-22,bottas,BOT,Valtteri Bottas,alfa,Alfa Romeo,77,13,12,0.0,56,Finished,18.0,,194.629
2023,18,United States Grand Prix,2023-10-22,zhou,ZHO,Guanyu Zhou,alfa,Alfa Romeo,24,12,13,0.0,55,Lapped,17.0,,194.807
2023,18,United States Grand Prix,2023-10-22,kevin_magnussen,MAG,Kevin Magnussen,haas,Haas F1 Team,20,17,14,0.0,55,Lapped,16.0,,195.523
2023,18,United States Grand Prix,2023-10-22,ricciardo,RIC,Daniel Ricciardo,alphatauri,AlphaTauri,3,14,15,0.0,55,Lapped,2.0,,199.734
2023,18,United States Grand Prix,2023-10-22,alonso,ALO,Fernando Alonso,aston_martin,Aston Martin,14,19,16,0.0,49,Retired,7.0,,198.559
2023,18,United States Grand Prix,2023-10-22,piastri,PIA,Oscar Piastri,mclaren,McLaren,81,10,17,0.0,10,Retired,19.0,,193.24
2023,18,United States Grand Prix,2023-10-22,ocon,OCO,Esteban Ocon,alpine,Alpine F1 Team,31,8,18,0.0,6,Retired,20.0,,189.397
2023,18,United States Grand Prix,2023-10-22,hamilton,HAM,Lewis Hamilton,mercedes,Mercedes,44,3,19,0.0,56,Disqualified,4.0,,199.301
2023,18,United States Grand Prix,2023-10-22,leclerc,LEC,Charles Leclerc,ferrari,Ferrari,16,1,20,0.0,56,Disqualified,13.0,,
2023,19,Mexico City Grand Prix,2023-10-29,max_verstappen,VER,Max Verstappen,red_bull,Red Bull,1,3,1,25.0,71,Finished,2.0,,189.78
2023,19,Mexico City Grand Prix,2023-10-29,hamilton,HAM,Lewis Hamilton,mercedes,Mercedes,44,6,2,19.0,71,Finished,1.0,,190.503
2023,19,Mexico City Grand Prix,2023-10-29,leclerc,LEC,Charles Leclerc,ferrari,Ferrari,16,1,3,15.0,71,Finished,4.0,,188.194
2023,19,Mexico City Grand Prix,2023-10-29,sainz,SAI,Carlos Sainz,ferrari,Ferrari,55,2,4,12.0,71,Finished,6.0,,187.722
2023,19,Mexico City Grand Prix,2023-10-29,norris,NOR,Lando Norris,mclaren,McLaren,4,17,5,10.0,71,Finished,3.0,,189.085
2023,19,Mexico City Grand Prix,2023-10-29,russell,RUS,George Russell,mercedes,Mercedes,63,8,6,8.0,71,Finished,10.0,,187.175
2023,19,Mexico City Grand Prix,2023-10-29,ricciardo,RIC,Daniel Ricciardo,alphatauri,AlphaTauri,3,4,7,6.0,71,Finished,7.0,,187.404
2023,19,Mexico City Grand Prix,2023-10-29,piastri,PIA,Oscar Piastri,mclaren,McLaren,81,7,8,4.0,71,Finished,8.0,,187.22
2023,19,Mexico City Grand Prix,2023-10-29,albon,ALB,Alexander Albon,williams,Williams,23,14,9,2.0,71,Finished,9.0,,187.191
2023,19,Mexico City Grand Prix,2023-10-29,ocon,OCO,Esteban Ocon,alpine,Alpine F1 Team,31,15,10,1.0,71,Finished,11.0,,186.733
2023,19,Mexico City Grand Prix,2023-10-29,gasly,GAS,Pierre Gasly,alpine,Alpine F1 Team,10,11,11,0.0,71,Finished,16.0,,186.163
2023,19,Mexico City Grand Prix,2023-10-29,tsunoda,TSU,Yuki Tsunoda,alphatauri,AlphaTauri,22,18,12,0.0,71,Finished,5.0,,187.808
2023,19,Mexico City Grand Prix,2023-10-29,hulkenberg,HUL,Nico Hülkenberg,haas,Haas F1 Team,27,12,13,0.0,71,Finished,15.0,,186.181
2023,19,Mexico City Grand Prix,2023-10-29,zhou,ZHO,Guanyu Zhou,alfa,Alfa Romeo,24,10,14,0.0,71,Finished,19.0,,185.412
2023,19,Mexico City Grand Prix,2023-10-29,bottas,BOT,Valtteri Bottas,alfa,Alfa Romeo,77,9,15,0.0,71,Finished,14.0,,186.306
2023,19,Mexico City Grand Prix,2023-10-29,sargeant,SAR,Logan Sargeant,williams,Williams,2,19,16,0.0,70,Retired,12.0,,186.672
2023,19,Mexico City Grand Prix,2023-10-29,stroll,STR,Lance Stroll,aston_martin,Aston Martin,18,0,17,0.0,66,Collision damage,17.0,,186.103
2023,19,Mexico City Grand Prix,2023-10-29,alonso,ALO,Fernando Alonso,aston_martin,Aston Martin,14,13,18,0.0,47,Withdrew,18.0,,185.492
2023,19,Mexico City Grand Prix,2023-10-29,kevin_magnussen,MAG,Kevin Magnussen,haas,Haas F1 Team,20,16,19,0.0,31,Accident,13.0,,186.351
2023,19,Mexico City Grand Prix,2023-10-29,perez,PER,Sergio Pérez,red_bull,Red Bull,11,5,20,0.0,1,Collision damage,,,
2023,20,São Paulo Grand Prix,2023-11-05,max_verstappen,VER,Max Verstappen,red_bull,Red Bull,1,1,1,25.0,71,Finished,2.0,,211.277
2023,20,São Paulo Grand Prix,2023-11-05,norris,NOR,Lando Norris,mclaren,McLaren,4,6,2,19.0,71,Finished,1.0,,214.005
2023,20,São Paulo Grand Prix,2023-11-05,alonso,ALO,Fernando Alonso,aston_martin,Aston Martin,14,4,3,15.0,71,Finished,10.0,,208.382
2023,20,São Paulo Grand Prix,2023-11-05,perez,PER,Sergio Pérez,red_bull,Red Bull,11,9,4,12.0,71,Finished,5.0,,209.276
2023,20,São Paulo Grand Prix,2023-11-05,stroll,STR,Lance Stroll,aston_martin,Aston Martin,18,3,5,10.0,71,Finished,4.0,,209.607
2023,20,São Paulo Grand Prix,2023-11-05,sainz,SAI,Carlos Sainz,ferrari,Ferrari,55,7,6,8.0,71,Finished,9.0,,208.483
2023,20,São Paulo Grand Prix,2023-11-05,gasly,GAS,Pierre Gasly,alpine,Alpine F1 Team,10,15,7,6.0,71,Finished,11.0,,208.161
2023,20,São Paulo Grand Prix,2023-11-05,hamilton,HAM,Lewis Hamilton,mercedes,Mercedes,44,5,8,4.0,71,Finished,12.0,,207.554
2023,20,São Paulo Grand Prix,2023-11-05,tsunoda,TSU,Yuki Tsunoda,alphatauri,AlphaTauri,22,16,9,2.0,71,Finished,7.0,,208.974
2023,20,São Paulo Grand Prix,2023-11-05,ocon,OCO,Esteban Ocon,alpine,Alpine F1 Team,31,14,10,1.0,70,Lapped,6.0,,209.045
2023,20,São Paulo Grand Prix,2023-11-05,sargeant,SAR,Logan Sargeant,williams,Williams,2,19,11,0.0,70,Lapped,16.0,,204.816
2023,20,São Paulo Grand Prix,2023-11-05,hulkenberg,HUL,Nico Hülkenberg,haas,Haas F1 Team,27,11,12,0.0,70,Lapped,14.0,,206.732
2023,20,São Paulo Grand Prix,2023-11-05,ricciardo,RIC,Daniel Ricciardo,alphatauri,AlphaTauri,3,17,13,0.0,70,Lapped,3.0,,210.007
2023,20,São Paulo Grand Prix,2023-11-05,piastri,PIA,Oscar Piastri,mclaren,McLaren,81,10,14,0.0,69,Lapped,8.0,,208.752
2023,20,São Paulo Grand Prix,2023-11-05,russell,RUS,George Russell,mercedes,Mercedes,63,8,15,0.0,57,Retired,13.0,,207.014
2023,20,São Paulo Grand Prix,2023-11-05,bottas,BOT,Valtteri Bottas,alfa,Alfa Romeo,77,18,16,0.0,39,Retired,15.0,,204.835
2023,20,São Paulo Grand Prix,2023-11-05,zhou,ZHO,Guanyu Zhou,alfa,Alfa Romeo,24,20,17,0.0,22,Retired,17.0,,203.489
2023,20,São Paulo Grand Prix,2023-11-05,kevin_magnussen,MAG,Kevin Magnussen,haas,Haas F1 Team,20,12,18,0.0,0,Retired,,,
2023,20,São Paulo Grand Prix,2023-11-05,albon,ALB,Alexander Albon,williams,Williams,23,13,19,0.0,0,Retired,,,
2023,20,São Paulo Grand Prix,2023-11-05,leclerc,LEC,Charles Leclerc,ferrari,Ferrari,16,2,20,0.0,0,Did not start,,,
2023,21,Las Vegas Grand Prix,2023-11-19,max_verstappen,VER,Max Verstappen,red_bull,Red Bull,1,2,1,25.0,50,Finished,2.0,,233.476
2023,21,Las Vegas Grand Prix,2023-11-19,leclerc,LEC,Charles Leclerc,ferrari,Ferrari,16,1,2,18.0,50,Finished,3.0,,233.342
2023,21,Las Vegas Grand Prix,2023-11-19,perez,PER,Sergio Pérez,red_bull,Red Bull,11,11,3,15.0,50,Finished,5.0,,232.685
2023,21,Las Vegas Grand Prix,2023-11-19,ocon,OCO,Esteban Ocon,alpine,Alpine F1 Team,31,16,4,12.0,50,Finished,10.0,,231.004
2023,21,Las Vegas Grand Prix,2023-11-19,stroll,STR,Lance Stroll,aston_martin,Aston Martin,18,19,5,10.0,50,Finished,9.0,,231.131
2023,21,Las Vegas Grand Prix,2023-11-19,sainz,SAI,Carlos Sainz,ferrari,Ferrari,55,12,6,8.0,50,Finished,6.0,,232.576
2023,21,Las Vegas Grand Prix,2023-11-19,hamilton,HAM,Lewis Hamilton,mercedes,Mercedes,44,10,7,6.0,50,Finished,4.0,,233.227
2023,21,Las Vegas Grand Prix,2023-11-19,russell,RUS,George Russell,mercedes,Mercedes,63,3,8,4.0,50,Finished,7.0,,232.365
2023,21,Las Vegas Grand Prix,2023-11-19,alonso,ALO,Fernando Alonso,aston_martin,Aston Martin,14,9,9,2.0,50,Finished,8.0,,231.191
2023,21,Las Vegas Grand Prix,2023-11-19,piastri,PIA,Oscar Piastri,mclaren,McLaren,81,18,10,2.0,50,Finished,1.0,,233.779
2023,21,Las Vegas Grand Prix,2023-11-19,gasly,GAS,Pierre Gasly,alpine,Alpine F1 Team,10,4,11,0.0,50,Finished,11.0,,230.346
2023,21,Las Vegas Grand Prix,2023-11-19,albon,ALB,Alexander Albon,williams,Williams,23,5,12,0.0,50,Finished,13.0,,229.296
2023,21,Las Vegas Grand Prix,2023-11-19,kevin_magnussen,MAG,Kevin Magnussen,haas,Haas F1 Team,20,8,13,0.0,50,Finished,15.0,,229.065
2023,21,Las Vegas Grand Prix,2023-11-19,ricciardo,RIC,Daniel Ricciardo,alphatauri,AlphaTauri,3,14,14,0.0,50,Finished,12.0,,229.884
2023,21,Las Vegas Grand Prix,2023-11-19,zhou,ZHO,Guanyu Zhou,alfa,Alfa Romeo,24,17,15,0.0,50,Finished,14.0,,229.253
2023,21,Las Vegas Grand Prix,2023-11-19,sargeant,SAR,Logan Sargeant,williams,Williams,2,6,16,0.0,50,Finished,19.0,,228.397
2023,21,Las Vegas Grand Prix,2023-11-19,bottas,BOT,Valtteri Bottas,alfa,Alfa Romeo,77,7,17,0.0,50,Finished,16.0,,228.814
2023,21,Las Vegas Grand Prix,2023-11-19,tsunoda,TSU,Yuki Tsunoda,alphatauri,AlphaTauri,22,20,18,0.0,46,Retired,18.0,,228.755
2023,21,Las Vegas Grand Prix,2023-11-19,hulkenberg,HUL,Nico Hülkenberg,haas,Haas F1 Team,27,13,19,0.0,45,Retired,17.0,,228.807
2023,21,Las Vegas Grand Prix,2023-11-19,norris,NOR,Lando Norris,mclaren,McLaren,4,15,20,0.0,2,Retired,20.0,,187.079
2023,22,Abu Dhabi Grand Prix,2023-11-26,max_verstappen,VER,Max Verstappen,red_bull,Red Bull,1,1,1,26.0,58,Finished,1.0,,218.541
2023,22,Abu Dhabi Grand Prix,2023-11-26,leclerc,LEC,Charles Leclerc,ferrari,Ferrari,16,2,2,18.0,58,Finished,8.0,,215.553
2023,22,Abu Dhabi Grand Prix,2023-11-26,russell,RUS,George Russell,mercedes,Mercedes,63,4,3,15.0,58,Finished,7.0,,215.582
2023,22,Abu Dhabi Grand Prix,2023-11-26,perez,PER,Sergio Pérez,red_bull,Red Bull,11,9,4,12.0,58,Finished,2.0,,217.292
2023,22,Abu Dhabi Grand Prix,2023-11-26,norris,NOR,Lando Norris,mclaren,McLaren,4,5,5,10.0,58,Finished,6.0,,215.639
2023,22,Abu Dhabi Grand Prix,2023-11-26,piastri,PIA,Oscar Piastri,mclaren,McLaren,81,3,6,8.0,58,Finished,5.0,,215.702
2023,22,Abu Dhabi Grand Prix,2023-11-26,alonso,ALO,Fernando Alonso,aston_martin,Aston Martin,14,7,7,6.0,58,Finished,9.0,,215.414
2023,22,Abu Dhabi Grand Prix,2023-11-26,tsunoda,TSU,Yuki Tsunoda,alphatauri,AlphaTauri,22,6,8,4.0,58,Finished,16.0,,213.0
2023,22,Abu Dhabi Grand Prix,2023-11-26,hamilton,HAM,Lewis Hamilton,mercedes,Mercedes,44,11,9,2.0,58,Finished,10.0,,215.131
2023,22,Abu Dhabi Grand Prix,2023-11-26,stroll,STR,Lance Stroll,aston_martin,Aston Martin,18,13,10,1.0,58,Finished,4.0,,215.918
2023,22,Abu Dhabi Grand Prix,2023-11-26,ricciardo,RIC,Daniel Ricciardo,alphatauri,AlphaTauri,3,15,11,0.0,58,Finished,11.0,,214.648
2023,22,Abu Dhabi Grand Prix,2023-11-26,ocon,OCO,Esteban Ocon,alpine,Alpine F1 Team,31,12,12,0.0,58,Finished,20.0,,211.162
2023,22,Abu Dhabi Grand Prix,2023-11-26,gasly,GAS,Pierre Gasly,alpine,Alpine F1 Team,10,10,13,0.0,58,Finished,14.0,,213.575
2023,22,Abu Dhabi Grand Prix,2023-11-26,albon,ALB,Alexander Albon,williams,Williams,23,14,14,0.0,58,Finished,3.0,,216.422
2023,22,Abu Dhabi Grand Prix,2023-11-26,hulkenberg,HUL,Nico Hülkenberg,haas,Haas F1 Team,27,8,15,0.0,58,Finished,15.0,,213.093
2023,22,Abu Dhabi Grand Prix,2023-11-26,sargeant,SAR,Logan Sargeant,williams,Williams,2,20,16,0.0,58,Finished,12.0,,214.626
2023,22,Abu Dhabi Grand Prix,2023-11-26,zhou,ZHO,Guanyu Zhou,alfa,Alfa Romeo,24,19,17,0.0,58,Finished,13.0,,214.224
2023,22,Abu Dhabi Grand Prix,2023-11-26,sainz,SAI,Carlos Sainz,ferrari,Ferrari,55,16,18,0.0,57,Retired,17.0,,212.534
2023,22,Abu Dhabi Grand Prix,2023-11-26,bottas,BOT,Valtteri Bottas,alfa,Alfa Romeo,77,18,19,0.0,57,Lapped,18.0,,211.562
2023,22,Abu Dhabi Grand Prix,2023-11-26,kevin_magnussen,MAG,Kevin Magnussen,haas,Haas F1 Team,20,17,20,0.0,57,Lapped,19.0,,211.395
2024,1,Bahrain Grand Prix,2024-03-02,max_verstappen,VER,Max Verstappen,red_bull,Red Bull,1,1,1,26.0,57,Finished,1.0,,210.383
2024,1,Bahrain Grand Prix,2024-03-02,perez,PER,Sergio Pérez,red_bull,Red Bull,11,5,2,18.0,57,Finished,4.0,,206.468
2024,1,Bahrain Grand Prix,2024-03-02,sainz,SAI,Carlos Sainz,ferrari,Ferrari,55,4,3,15.0,57,Finished,6.0,,206.156
2024,1,Bahrain Grand Prix,2024-03-02,leclerc,LEC,Charles Leclerc,ferrari,Ferrari,16,2,4,12.0,57,Finished,2.0,,207.069
2024,1,Bahrain Grand Prix,2024-03-02,russell,RUS,George Russell,mercedes,Mercedes,63,3,5,10.0,57,Finished,12.0,,204.946
2024,1,Bahrain Grand Prix,2024-03-02,norris,NOR,Lando Norris,mclaren,McLaren,4,7,6,8.0,57,Finished,5.0,,
2024,1,Bahrain Grand Prix,2024-03-02,hamilton,HAM,Lewis Hamilton,mercedes,Mercedes,44,9,7,6.0,57,Finished,7.0,,205.688
2024,1,Bahrain Grand Prix,2024-03-02,piastri,PIA,Oscar Piastri,mclaren,McLaren,81,8,8,4.0,57,Finished,11.0,,
2024,1,Bahrain Grand Prix,2024-03-02,alonso,ALO,Fernando Alonso,aston_martin,Aston Martin,14,6,9,2.0,57,Finished,3.0,,206.83
2024,1,Bahrain Grand Prix,2024-03-02,stroll,STR,Lance Stroll,aston_martin,Aston Martin,18,12,10,1.0,57,Finished,16.0,,203.73
2024,1,Bahrain Grand Prix,2024-03-02,zhou,ZHO,Guanyu Zhou,sauber,Sauber,24,17,11,0.0,56,Lapped,14.0,,204.102
2024,1,Bahrain Grand Prix,2024-03-02,kevin_magnussen,MAG,Kevin Magnussen,haas,Haas F1 Team,20,15,12,0.0,56,Lapped,15.0,,203.863
2024,1,Bahrain Grand Prix,2024-03-02,ricciardo,RIC,Daniel Ricciardo,rb,RB F1 Team,3,14,13,0.0,56,Lapped,13.0,,204.735
2024,1,Bahrain Grand Prix,2024-03-02,tsunoda,TSU,Yuki Tsunoda,rb,RB F1 Team,22,11,14,0.0,56,Lapped,18.0,,203.303
2024,1,Bahrain Grand Prix,2024-03-02,albon,ALB,Alexander Albon,williams,Williams,23,13,15,0.0,56,Lapped,17.0,,203.537
2024,1,Bahrain Grand Prix,2024-03-02,hulkenberg,HUL,Nico Hülkenberg,haas,Haas F1 Team,27,10,16,0.0,56,Lapped,10.0,,205.445
2024,1,Bahrain Grand Prix,2024-03-02,ocon,OCO,Esteban Ocon,alpine,Alpine F1 Team,31,19,17,0.0,56,Lapped,20.0,,202.473
2024,1,Bahrain Grand Prix,2024-03-02,gasly,GAS,Pierre Gasly,alpine,Alpine F1 Team,10,20,18,0.0,56,Lapped,9.0,,205.508
2024,1,Bahrain Grand Prix,2024-03-02,bottas,BOT,Valtteri Bottas,sauber,Sauber,77,16,19,0.0,56,Lapped,19.0,,202.523
2024,1,Bahrain Grand Prix,2024-03-02,sargeant,SAR,Logan Sargeant,williams,Williams,2,18,20,0.0,55,Lapped,8.0,,205.659
2024,2,Saudi Arabian Grand Prix,2024-03-09,max_verstappen,VER,Max Verstappen,red_bull,Red Bull,1,1,1,25.0,50,Finished,3.0,,242.188
2024,2,Saudi Arabian Grand Prix,2024-03-09,perez,PER,Sergio Pérez,red_bull,Red Bull,11,3,2,18.0,50,Finished,8.0,,240.876
2024,2,Saudi Arabian Grand Prix,2024-03-09,leclerc,LEC,Charles Leclerc,ferrari,Ferrari,16,2,3,16.0,50,Finished,1.0,,242.561
2024,2,Saudi Arabian Grand Prix,2024-03-09,piastri,PIA,Oscar Piastri,mclaren,McLaren,81,5,4,12.0,50,Finished,10.0,,
2024,2,Saudi Arabian Grand Prix,2024-03-09,alonso,ALO,Fernando Alonso,aston_martin,Aston Martin,14,4,5,10.0,50,Finished,13.0,,240.579
2024,2,Saudi Arabian Grand Prix,2024-03-09,russell,RUS,George Russell,mercedes,Mercedes,63,7,6,8.0,50,Finished,7.0,,240.926
2024,2,Saudi Arabian Grand Prix,2024-03-09,bearman,BEA,Oliver Bearman,ferrari,Ferrari,38,11,7,6.0,50,Finished,5.0,,241.103
2024,2,Saudi Arabian Grand Prix,2024-03-09,norris,NOR,Lando Norris,mclaren,McLaren,4,6,8,4.0,50,Finished,4.0,,
2024,2,Saudi Arabian Grand Prix,2024-03-09,hamilton,HAM,Lewis Hamilton,mercedes,Mercedes,44,8,9,2.0,50,Finished,2.0,,242.26
2024,2,Saudi Arabian Grand Prix,2024-03-09,hulkenberg,HUL,Nico Hülkenberg,haas,Haas F1 Team,27,15,10,1.0,50,Finished,12.0,,240.633
2024,2,Saudi Arabian Grand Prix,2024-03-09,albon,ALB,Alexander Albon,williams,Williams,23,12,11,0.0,50,Finished,9.0,,240.787
2024,2,Saudi Arabian Grand Prix,2024-03-09,kevin_magnussen,MAG,Kevin Magnussen,haas,Haas F1 Team,20,13,12,0.0,50,Finished,11.0,,240.706
2024,2,Saudi Arabian Grand Prix,2024-03-09,ocon,OCO,Esteban Ocon,alpine,Alpine F1 Team,31,17,13,0.0,49,Lapped,17.0,,237.763
2024,2,Saudi Arabian Grand Prix,2024-03-09,sargeant,SAR,Logan Sargeant,williams,Williams,2,19,14,0.0,49,Lapped,15.0,,
2024,2,Saudi Arabian Grand Prix,2024-03-09,tsunoda,TSU,Yuki Tsunoda,rb,RB F1 Team,22,9,15,0.0,49,Lapped,18.0,,
2024,2,Saudi Arabian Grand Prix,2024-03-09,ricciardo,RIC,Daniel Ricciardo,rb,RB F1 Team,3,14,16,0.0,49,Lapped,16.0,,238.166
2024,2,Saudi Arabian Grand Prix,2024-03-09,bottas,BOT,Valtteri Bottas,sauber,Sauber,77,16,17,0.0,49,Lapped,14.0,,239.751
2024,2,Saudi Arabian Grand Prix,2024-03-09,zhou,ZHO,Guanyu Zhou,sauber,Sauber,24,20,18,0.0,49,Lapped,6.0,,241.046
2024,2,Saudi Arabian Grand Prix,2024-03-09,stroll,STR,Lance Stroll,aston_martin,Aston Martin,18,10,19,0.0,5,Retired,19.0,,232.591
2024,2,Saudi Arabian Grand Prix,2024-03-09,gasly,GAS,Pierre Gasly,alpine,Alpine F1 Team,10,18,20,0.0,1,Retired,,,
2024,3,Australian Grand Prix,2024-03-24,sainz,SAI,Carlos Sainz,ferrari,Ferrari,55,2,1,25.0,58,Finished,3.0,,237.418
2024,3,Australian Grand Prix,2024-03-24,leclerc,LEC,Charles Leclerc,ferrari,Ferrari,16,4,2,19.0,58,Finished,1.0,,238.066
2024,3,Australian Grand Prix,2024-03-24,norris,NOR,Lando Norris,mclaren,McLaren,4,3,3,15.0,58,Finished,2.0,,
2024,3,Australian Grand Prix,2024-03-24,piastri,PIA,Oscar Piastri,mclaren,McLaren,81,5,4,12.0,58,Finished,4.0,,
2024,3,Australian Grand Prix,2024-03-24,perez,PER,Sergio Pérez,red_bull,Red Bull,11,6,5,10.0,58,Finished,6.0,,236.363
2024,3,Australian Grand Prix,2024-03-24,stroll,STR,Lance Stroll,aston_martin,Aston Martin,18,9,6,8.0,58,Finished,8.0,,234.78
2024,3,Australian Grand Prix,2024-03-24,tsunoda,TSU,Yuki Tsunoda,rb,RB F1 Team,22,8,7,6.0,58,Finished,11.0,,234.19
2024,3,Australian Grand Prix,2024-03-24,alonso,ALO,Fernando Alonso,aston_martin,Aston Martin,14,10,8,4.0,58,Finished,7.0,,236.055
2024,3,Australian Grand Prix,2024-03-24,hulkenberg,HUL,Nico Hülkenberg,haas,Haas F1 Team,27,16,9,2.0,58,Finished,12.0,,234.158
2024,3,Australian Grand Prix,2024-03-24,kevin_magnussen,MAG,Kevin Magnussen,haas,Haas F1 Team,20,14,10,1.0,57,Lapped,9.0,,234.34
2024,3,Australian Grand Prix,2024-03-24,albon,ALB,Alexander Albon,williams,Williams,23,12,11,0.0,57,Lapped,17.0,,232.801
2024,3,Australian Grand Prix,2024-03-24,ricciardo,RIC,Daniel Ricciardo,rb,RB F1 Team,3,18,12,0.0,57,Lapped,13.0,,233.887
2024,3,Australian Grand Prix,2024-03-24,gasly,GAS,Pierre Gasly,alpine,Alpine F1 Team,10,17,13,0.0,57,Lapped,10.0,,234.317
2024,3,Australian Grand Prix,2024-03-24,bottas,BOT,Valtteri Bottas,sauber,Sauber,77,13,14,0.0,57,Lapped,16.0,,233.361
2024,3,Australian Grand Prix,2024-03-24,zhou,ZHO,Guanyu Zhou,sauber,Sauber,24,19,15,0.0,57,Lapped,14.0,,233.634
2024,3,Australian Grand Prix,2024-03-24,ocon,OCO,Esteban Ocon,alpine,Alpine F1 Team,31,15,16,0.0,57,Lapped,15.0,,233.557
2024,3,Australian Grand Prix,2024-03-24,russell,RUS,George Russell,mercedes,Mercedes,63,7,17,0.0,56,Retired,5.0,,236.669
2024,3,Australian Grand Prix,2024-03-24,hamilton,HAM,Lewis Hamilton,mercedes,Mercedes,44,11,18,0.0,15,Retired,18.0,,230.469
2024,3,Australian Grand Prix,2024-03-24,max_verstappen,VER,Max Verstappen,red_bull,Red Bull,1,1,19,0.0,3,Retired,19.0,,228.608
2024,4,Japanese Grand Prix,2024-04-07,max_verstappen,VER,Max Verstappen,red_bull,Red Bull,1,1,1,26.0,53,Finished,1.0,,223.093
2024,4,Japanese Grand Prix,2024-04-07,perez,PER,Sergio Pérez,red_bull,Red Bull,11,2,2,18.0,53,Finished,3.0,,222.525
2024,4,Japanese Grand Prix,2024-04-07,sainz,SAI,Carlos Sainz,ferrari,Ferrari,55,4,3,15.0,53,Finished,2.0,,222.772
2024,4,Japanese Grand Prix,2024-04-07,leclerc,LEC,Charles Leclerc,ferrari,Ferrari,16,8,4,12.0,53,Finished,9.0,,219.952
2024,4,Japanese Grand Prix,2024-04-07,norris,NOR,Lando Norris,mclaren,McLaren,4,3,5,10.0,53,Finished,10.0,,
2024,4,Japanese Grand Prix,2024-04-07,alonso,ALO,Fernando Alonso,aston_martin,Aston Martin,14,5,6,8.0,53,Finished,6.0,,220.691
2024,4,Japanese Grand Prix,2024-04-07,russell,RUS,George Russell,mercedes,Mercedes,63,9,7,6.0,53,Finished,5.0,,221.444
2024,4,Japanese Grand Prix,2024-04-07,piastri,PIA,Oscar Piastri,mclaren,McLaren,81,6,8,4.0,53,Finished,7.0,,
2024,4,Japanese Grand Prix,2024-04-07,hamilton,HAM,Lewis Hamilton,mercedes,Mercedes,44,7,9,2.0,53,Finished,4.0,,222.509
2024,4,Japanese Grand Prix,2024-04-07,tsunoda,TSU,Yuki Tsunoda,rb,RB F1 Team,22,10,10,1.0,52,Lapped,14.0,,216.989
2024,4,Japanese Grand Prix,2024-04-07,hulkenberg,HUL,Nico Hülkenberg,haas,Haas F1 Team,27,12,11,0.0,52,Lapped,11.0,,219.304
2024,4,Japanese Grand Prix,2024-04-07,stroll,STR,Lance Stroll,aston_martin,Aston Martin,18,16,12,0.0,52,Lapped,12.0,,218.221
2024,4,Japanese Grand Prix,2024-04-07,kevin_magnussen,MAG,Kevin Magnussen,haas,Haas F1 Team,20,18,13,0.0,52,Lapped,17.0,,216.289
2024,4,Japanese Grand Prix,2024-04-07,bottas,BOT,Valtteri Bottas,sauber,Sauber,77,13,14,0.0,52,Lapped,15.0,,216.392
2024,4,Japanese Grand Prix,2024-04-07,ocon,OCO,Esteban Ocon,alpine,Alpine F1 Team,31,15,15,0.0,52,Lapped,13.0,,217.237
2024,4,Japanese Grand Prix,2024-04-07,gasly,GAS,Pierre Gasly,alpine,Alpine F1 Team,10,17,16,0.0,52,Lapped,16.0,,216.315
2024,4,Japanese Grand Prix,2024-04-07,sargeant,SAR,Logan Sargeant,williams,Williams,2,19,17,0.0,52,Lapped,8.0,,220.286
2024,4,Japanese Grand Prix,2024-04-07,zhou,ZHO,Guanyu Zhou,sauber,Sauber,24,20,18,0.0,12,Retired,18.0,,215.162
2024,4,Japanese Grand Prix,2024-04-07,ricciardo,RIC,Daniel Ricciardo,rb,RB F1 Team,3,11,19,0.0,0,Retired,,,
2024,4,Japanese Grand Prix,2024-04-07,albon,ALB,Alexander Albon,williams,Williams,23,14,20,0.0,0,Retired,,,
2024,5,Chinese Grand Prix,2024-04-21,max_verstappen,VER,Max Verstappen,red_bull,Red Bull,1,1,1,25.0,56,Finished,2.0,,199.414
2024,5,Chinese Grand Prix,2024-04-21,norris,NOR,Lando Norris,mclaren,McLaren,4,4,2,18.0,56,Finished,4.0,,
2024,5,Chinese Grand Prix,2024-04-21,perez,PER,Sergio Pérez,red_bull,Red Bull,11,2,3,15.0,56,Finished,7.0,,197.444
2024,5,Chinese Grand Prix,2024-04-21,leclerc,LEC,Charles Leclerc,ferrari,Ferrari,16,6,4,12.0,56,Finished,6.0,,197.452
2024,5,Chinese Grand Prix,2024-04-21,sainz,SAI,Carlos Sainz,ferrari,Ferrari,55,7,5,10.0,56,Finished,10.0,,196.7
2024,5,Chinese Grand Prix,2024-04-21,russell,RUS,George Russell,mercedes,Mercedes,63,8,6,8.0,56,Finished,11.0,,196.016
2024,5,Chinese Grand Prix,2024-04-21,alonso,ALO,Fernando Alonso,aston_martin,Aston Martin,14,3,7,7.0,56,Finished,1.0,,200.629
2024,5,Chinese Grand Prix,2024-04-21,piastri,PIA,Oscar Piastri,mclaren,McLaren,81,5,8,4.0,56,Finished,9.0,,
2024,5,Chinese Grand Prix,2024-04-21,hamilton,HAM,Lewis Hamilton,mercedes,Mercedes,44,18,9,2.0,56,Finished,14.0,,194.61
2024,5,Chinese Grand Prix,2024-04-21,hulkenberg,HUL,Nico Hülkenberg,haas,Haas F1 Team,27,9,10,1.0,56,Finished,13.0,,194.649
2024,5,Chinese Grand Prix,2024-04-21,ocon,OCO,Esteban Ocon,alpine,Alpine F1 Team,31,13,11,0.0,56,Finished,15.0,,194.414
2024,5,Chinese Grand Prix,2024-04-21,albon,ALB,Alexander Albon,williams,Williams,23,14,12,0.0,56,Finished,12.0,,194.697
2024,5,Chinese Grand Prix,2024-04-21,gasly,GAS,Pierre Gasly,alpine,Alpine F1 Team,10,15,13,0.0,56,Finished,5.0,,197.822
2024,5,Chinese Grand Prix,2024-04-21,zhou,ZHO,Guanyu Zhou,sauber,Sauber,24,16,14,0.0,56,Finished,3.0,,198.955
2024,5,Chinese Grand Prix,2024-04-21,stroll,STR,Lance Stroll,aston_martin,Aston Martin,18,11,15,0.0,56,Finished,8.0,,197.333
2024,5,Chinese Grand Prix,2024-04-21,kevin_magnussen,MAG,Kevin Magnussen,haas,Haas F1 Team,20,17,16,0.0,56,Finished,18.0,,194.145
2024,5,Chinese Grand Prix,2024-04-21,sargeant,SAR,Logan Sargeant,williams,Williams,2,20,17,0.0,56,Finished,17.0,,194.293
2024,5,Chinese Grand Prix,2024-04-21,ricciardo,RIC,Daniel Ricciardo,rb,RB F1 Team,3,12,18,0.0,33,Retired,16.0,,194.304
2024,5,Chinese Grand Prix,2024-04-21,tsunoda,TSU,Yuki Tsunoda,rb,RB F1 Team,22,19,19,0.0,26,Retired,20.0,,193.158
2024,5,Chinese Grand Prix,2024-04-21,bottas,BOT,Valtteri Bottas,sauber,Sauber,77,10,20,0.0,19,Retired,19.0,,193.763
2024,6,Miami Grand Prix,2024-05-05,norris,NOR,Lando Norris,mclaren,McLaren,4,5,1,25.0,57,Finished,5.0,,214.148
2024,6,Miami Grand Prix,2024-05-05,max_verstappen,VER,Max Verstappen,red_bull,Red Bull,1,1,2,18.0,57,Finished,8.0,,213.488
2024,6,Miami Grand Prix,2024-05-05,leclerc,LEC,Charles Leclerc,ferrari,Ferrari,16,2,3,15.0,57,Finished,6.0,,213.903
2024,6,Miami Grand Prix,2024-05-05,perez,PER,Sergio Pérez,red_bull,Red Bull,11,4,4,12.0,57,Finished,3.0,,214.442
2024,6,Miami Grand Prix,2024-05-05,sainz,SAI,Carlos Sainz,ferrari,Ferrari,55,3,5,10.0,57,Finished,4.0,,214.27
2024,6,Miami Grand Prix,2024-05-05,hamilton,HAM,Lewis Hamilton,mercedes,Mercedes,44,8,6,8.0,57,Finished,7.0,,213.554
2024,6,Miami Grand Prix,2024-05-05,tsunoda,TSU,Yuki Tsunoda,rb,RB F1 Team,22,10,7,6.0,57,Finished,10.0,,212.508
2024,6,Miami Grand Prix,2024-05-05,russell,RUS,George Russell,mercedes,Mercedes,63,7,8,4.0,57,Finished,13.0,,211.955
2024,6,Miami Grand Prix,2024-05-05,alonso,ALO,Fernando Alonso,aston_martin,Aston Martin,14,15,9,2.0,57,Finished,11.0,,212.404
2024,6,Miami Grand Prix,2024-05-05,ocon,OCO,Esteban Ocon,alpine,Alpine F1 Team,31,13,10,1.0,57,Finished,16.0,,211.688
2024,6,Miami Grand Prix,2024-05-05,hulkenberg,HUL,Nico Hülkenberg,haas,Haas F1 Team,27,9,11,0.0,57,Finished,14.0,,211.909
2024,6,Miami Grand Prix,2024-05-05,gasly,GAS,Pierre Gasly,alpine,Alpine F1 Team,10,12,12,0.0,57,Finished,17.0,,211.647
2024,6,Miami Grand Prix,2024-05-05,piastri,PIA,Oscar Piastri,mclaren,McLaren,81,6,13,0.0,57,Finished,1.0,,214.965
2024,6,Miami Grand Prix,2024-05-05,zhou,ZHO,Guanyu Zhou,sauber,Sauber,24,19,14,0.0,57,Finished,15.0,,211.794
2024,6,Miami Grand Prix,2024-05-05,ricciardo,RIC,Daniel Ricciardo,rb,RB F1 Team,3,20,15,0.0,57,Finished,19.0,,211.493
2024,6,Miami Grand Prix,2024-05-05,bottas,BOT,Valtteri Bottas,sauber,Sauber,77,16,16,0.0,57,Finished,18.0,,211.548
2024,6,Miami Grand Prix,2024-05-05,stroll,STR,Lance Stroll,aston_martin,Aston Martin,18,11,17,0.0,57,Finished,9.0,,212.726
2024,6,Miami Grand Prix,2024-05-05,albon,ALB,Alexander Albon,williams,Williams,23,14,18,0.0,57,Finished,2.0,,214.456
2024,6,Miami Grand Prix,2024-05-05,kevin_magnussen,MAG,Kevin Magnussen,haas,Haas F1 Team,20,18,19,0.0,57,Finished,12.0,,212.295
2024,6,Miami Grand Prix,2024-05-05,sargeant,SAR,Logan Sargeant,williams,Williams,2,17,20,0.0,27,Retired,20.0,,208.483
2024,7,Emilia Romagna Grand Prix,2024-05-19,max_verstappen,VER,Max Verstappen,red_bull,Red Bull,1,1,1,25.0,63,Finished,9.0,,219.898
2024,7,Emilia Romagna Grand Prix,2024-05-19,norris,NOR,Lando Norris,mclaren,McLaren,4,2,2,18.0,63,Finished,6.0,,220.921
2024,7,Emilia Romagna Grand Prix,2024-05-19,leclerc,LEC,Charles Leclerc,ferrari,Ferrari,16,3,3,15.0,63,Finished,5.0,,221.084
2024,7,Emilia Romagna Grand Prix,2024-05-19,piastri,PIA,Oscar Piastri,mclaren,McLaren,81,5,4,12.0,63,Finished,4.0,,221.162
2024,7,Emilia Romagna Grand Prix,2024-05-19,sainz,SAI,Carlos Sainz,ferrari,Ferrari,55,4,5,10.0,63,Finished,7.0,,220.299
2024,7,Emilia Romagna Grand Prix,2024-05-19,hamilton,HAM,Lewis Hamilton,mercedes,Mercedes,44,8,6,8.0,63,Finished,8.0,,219.994
2024,7,Emilia Romagna Grand Prix,2024-05-19,russell,RUS,George Russell,mercedes,Mercedes,63,6,7,7.0,63,Finished,1.0,,224.871
2024,7,Emilia Romagna Grand Prix,2024-05-19,perez,PER,Sergio Pérez,red_bull,Red Bull,11,11,8,4.0,63,Finished,3.0,,221.775
2024,7,Emilia Romagna Grand Prix,2024-05-19,stroll,STR,Lance Stroll,aston_martin,Aston Martin,18,13,9,2.0,63,Finished,10.0,,219.342
2024,7,Emilia Romagna Grand Prix,2024-05-19,tsunoda,TSU,Yuki Tsunoda,rb,RB F1 Team,22,7,10,1.0,62,Lapped,11.0,,218.35
2024,7,Emilia Romagna Grand Prix,2024-05-19,hulkenberg,HUL,Nico Hülkenberg,haas,Haas F1 Team,27,10,11,0.0,62,Lapped,20.0,,216.308
2024,7,Emilia Romagna Grand Prix,2024-05-19,kevin_magnussen,MAG,Kevin Magnussen,haas,Haas F1 Team,20,18,12,0.0,62,Lapped,12.0,,218.153
2024,7,Emilia Romagna Grand Prix,2024-05-19,ricciardo,RIC,Daniel Ricciardo,rb,RB F1 Team,3,9,13,0.0,62,Lapped,19.0,,216.655
2024,7,Emilia Romagna Grand Prix,2024-05-19,ocon,OCO,Esteban Ocon,alpine,Alpine F1 Team,31,12,14,0.0,62,Lapped,16.0,,217.361
2024,7,Emilia Romagna Grand Prix,2024-05-19,zhou,ZHO,Guanyu Zhou,sauber,Sauber,24,17,15,0.0,62,Lapped,13.0,,218.134
2024,7,Emilia Romagna Grand Prix,2024-05-19,gasly,GAS,Pierre Gasly,alpine,Alpine F1 Team,10,15,16,0.0,62,Lapped,17.0,,217.183
2024,7,Emilia Romagna Grand Prix,2024-05-19,sargeant,SAR,Logan Sargeant,williams,Williams,2,19,17,0.0,62,Lapped,14.0,,217.562
2024,7,Emilia Romagna Grand Prix,2024-05-19,bottas,BOT,Valtteri Bottas,sauber,Sauber,77,16,18,0.0,62,Lapped,18.0,,216.959
2024,7,Emilia Romagna Grand Prix,2024-05-19,alonso,ALO,Fernando Alonso,aston_martin,Aston Martin,14,20,19,0.0,62,Lapped,2.0,,223.689
2024,7,Emilia Romagna Grand Prix,2024-05-19,albon,ALB,Alexander Albon,williams,Williams,23,14,20,0.0,51,Retired,15.0,,217.442
2024,8,Monaco Grand Prix,2024-05-26,leclerc,LEC,Charles Leclerc,ferrari,Ferrari,16,1,1,25.0,78,Finished,6.0,,
2024,8,Monaco Grand Prix,2024-05-26,piastri,PIA,Oscar Piastri,mclaren,McLaren,81,2,2,18.0,78,Finished,11.0,,
2024,8,Monaco Grand Prix,2024-05-26,sainz,SAI,Carlos Sainz,ferrari,Ferrari,55,3,3,15.0,78,Finished,5.0,,
2024,8,Monaco Grand Prix,2024-05-26,norris,NOR,Lando Norris,mclaren,McLaren,4,4,4,12.0,78,Finished,10.0,,
2024,8,Monaco Grand Prix,2024-05-26,russell,RUS,George Russell,mercedes,Mercedes,63,5,5,10.0,78,Finished,7.0,,
2024,8,Monaco Grand Prix,2024-05-26,max_verstappen,VER,Max Verstappen,red_bull,Red Bull,1,6,6,8.0,78,Finished,2.0,,
2024,8,Monaco Grand Prix,2024-05-26,hamilton,HAM,Lewis Hamilton,mercedes,Mercedes,44,7,7,7.0,78,Finished,1.0,,
2024,8,Monaco Grand Prix,2024-05-26,tsunoda,TSU,Yuki Tsunoda,rb,RB F1 Team,22,8,8,4.0,77,Lapped,4.0,,
2024,8,Monaco Grand Prix,2024-05-26,albon,ALB,Alexander Albon,williams,Williams,23,9,9,2.0,77,Lapped,14.0,,
2024,8,Monaco Grand Prix,2024-05-26,gasly,GAS,Pierre Gasly,alpine,Alpine F1 Team,10,10,10,1.0,77,Lapped,9.0,,
2024,8,Monaco Grand Prix,2024-05-26,alonso,ALO,Fernando Alonso,aston_martin,Aston Martin,14,14,11,0.0,76,Lapped,16.0,,
2024,8,Monaco Grand Prix,2024-05-26,ricciardo,RIC,Daniel Ricciardo,rb,RB F1 Team,3,12,12,0.0,76,Lapped,15.0,,
2024,8,Monaco Grand Prix,2024-05-26,bottas,BOT,Valtteri Bottas,sauber,Sauber,77,17,13,0.0,76,Lapped,12.0,,
2024,8,Monaco Grand Prix,2024-05-26,stroll,STR,Lance Stroll,aston_martin,Aston Martin,18,13,14,0.0,76,Lapped,13.0,,
2024,8,Monaco Grand Prix,2024-05-26,sargeant,SAR,Logan Sargeant,williams,Williams,2,15,15,0.0,76,Lapped,8.0,,
2024,8,Monaco Grand Prix,2024-05-26,zhou,ZHO,Guanyu Zhou,sauber,Sauber,24,18,16,0.0,76,Lapped,3.0,,
2024,8,Monaco Grand Prix,2024-05-26,ocon,OCO,Esteban Ocon,alpine,Alpine F1 Team,31,11,17,0.0,0,Retired,,,
2024,8,Monaco Grand Prix,2024-05-26,perez,PER,Sergio Pérez,red_bull,Red Bull,11,16,18,0.0,0,Retired,,,
2024,8,Monaco Grand Prix,2024-05-26,hulkenberg,HUL,Nico Hülkenberg,haas,Haas F1 Team,27,19,19,0.0,0,Retired,,,
2024,8,Monaco Grand Prix,2024-05-26,kevin_magnussen,MAG,Kevin Magnussen,haas,Haas F1 Team,20,20,20,0.0,0,Retired,,,
2024,9,Canadian Grand Prix,2024-06-09,max_verstappen,VER,Max Verstappen,red_bull,Red Bull,1,2,1,25.0,70,Finished,4.0,,207.751
2024,9,Canadian Grand Prix,2024-06-09,norris,NOR,Lando Norris,mclaren,McLaren,4,3,2,18.0,70,Finished,3.0,,207.782
2024,9,Canadian Grand Prix,2024-06-09,russell,RUS,George Russell,mercedes,Mercedes,63,1,3,15.0,70,Finished,2.0,,209.621
2024,9,Canadian Grand Prix,2024-06-09,hamilton,HAM,Lewis Hamilton,mercedes,Mercedes,44,7,4,13.0,70,Finished,1.0,,209.73
2024,9,Canadian Grand Prix,2024-06-09,piastri,PIA,Oscar Piastri,mclaren,McLaren,81,4,5,10.0,70,Finished,5.0,,205.904
2024,9,Canadian Grand Prix,2024-06-09,alonso,ALO,Fernando Alonso,aston_martin,Aston Martin,14,6,6,8.0,70,Finished,6.0,,205.753
2024,9,Canadian Grand Prix,2024-06-09,stroll,STR,Lance Stroll,aston_martin,Aston Martin,18,9,7,6.0,70,Finished,9.0,,204.523
2024,9,Canadian Grand Prix,2024-06-09,ricciardo,RIC,Daniel Ricciardo,rb,RB F1 Team,3,5,8,4.0,70,Finished,12.0,,203.689
2024,9,Canadian Grand Prix,2024-06-09,gasly,GAS,Pierre Gasly,alpine,Alpine F1 Team,10,15,9,2.0,70,Finished,11.0,,203.856
2024,9,Canadian Grand Prix,2024-06-09,ocon,OCO,Esteban Ocon,alpine,Alpine F1 Team,31,18,10,1.0,70,Finished,10.0,,203.859
2024,9,Canadian Grand Prix,2024-06-09,hulkenberg,HUL,Nico Hülkenberg,haas,Haas F1 Team,27,17,11,0.0,70,Finished,8.0,,204.733
2024,9,Canadian Grand Prix,2024-06-09,kevin_magnussen,MAG,Kevin Magnussen,haas,Haas F1 Team,20,14,12,0.0,70,Finished,7.0,,205.226
2024,9,Canadian Grand Prix,2024-06-09,bottas,BOT,Valtteri Bottas,sauber,Sauber,77,19,13,0.0,70,Finished,13.0,,203.231
2024,9,Canadian Grand Prix,2024-06-09,tsunoda,TSU,Yuki Tsunoda,rb,RB F1 Team,22,8,14,0.0,70,Finished,14.0,,203.075
2024,9,Canadian Grand Prix,2024-06-09,zhou,ZHO,Guanyu Zhou,sauber,Sauber,24,20,15,0.0,69,Lapped,15.0,,203.033
2024,9,Canadian Grand Prix,2024-06-09,sainz,SAI,Carlos Sainz,ferrari,Ferrari,55,12,16,0.0,52,Retired,17.0,,198.837
2024,9,Canadian Grand Prix,2024-06-09,albon,ALB,Alexander Albon,williams,Williams,23,10,17,0.0,52,Retired,18.0,,197.83
2024,9,Canadian Grand Prix,2024-06-09,perez,PER,Sergio Pérez,red_bull,Red Bull,11,16,18,0.0,51,Retired,16.0,,199.185
2024,9,Canadian Grand Prix,2024-06-09,leclerc,LEC,Charles Leclerc,ferrari,Ferrari,16,11,19,0.0,40,Retired,19.0,,182.528
2024,9,Canadian Grand Prix,2024-06-09,sargeant,SAR,Logan Sargeant,williams,Williams,2,13,20,0.0,23,Retired,20.0,,181.531
2024,10,Spanish Grand Prix,2024-06-23,max_verstappen,VER,Max Verstappen,red_bull,Red Bull,1,2,1,25.0,66,Finished,2.0,,215.557
2024,10,Spanish Grand Prix,2024-06-23,norris,NOR,Lando Norris,mclaren,McLaren,4,1,2,19.0,66,Finished,1.0,,217.405
2024,10,Spanish Grand Prix,2024-06-23,hamilton,HAM,Lewis Hamilton,mercedes,Mercedes,44,3,3,15.0,66,Finished,4.0,,215.466
2024,10,Spanish Grand Prix,2024-06-23,russell,RUS,George Russell,mercedes,Mercedes,63,4,4,12.0,66,Finished,7.0,,214.142
2024,10,Spanish Grand Prix,2024-06-23,leclerc,LEC,Charles Leclerc,ferrari,Ferrari,16,5,5,10.0,66,Finished,6.0,,215.222
2024,10,Spanish Grand Prix,2024-06-23,sainz,SAI,Carlos Sainz,ferrari,Ferrari,55,6,6,8.0,66,Finished,9.0,,213.463
2024,10,Spanish Grand Prix,2024-06-23,piastri,PIA,Oscar Piastri,mclaren,McLaren,81,9,7,6.0,66,Finished,5.0,,215.286
2024,10,Spanish Grand Prix,2024-06-23,perez,PER,Sergio Pérez,red_bull,Red Bull,11,11,8,4.0,66,Finished,3.0,,215.532
2024,10,Spanish Grand Prix,2024-06-23,gasly,GAS,Pierre Gasly,alpine,Alpine F1 Team,10,7,9,2.0,66,Finished,13.0,,212.096
2024,10,Spanish Grand Prix,2024-06-23,ocon,OCO,Esteban Ocon,alpine,Alpine F1 Team,31,8,10,1.0,66,Finished,12.0,,212.266
2024,10,Spanish Grand Prix,2024-06-23,hulkenberg,HUL,Nico Hülkenberg,haas,Haas F1 Team,27,13,11,0.0,66,Finished,10.0,,213.273
2024,10,Spanish Grand Prix,2024-06-23,alonso,ALO,Fernando Alonso,aston_martin,Aston Martin,14,10,12,0.0,65,Lapped,8.0,,214.022
2024,10,Spanish Grand Prix,2024-06-23,zhou,ZHO,Guanyu Zhou,sauber,Sauber,24,15,13,0.0,65,Lapped,11.0,,212.834
2024,10,Spanish Grand Prix,2024-06-23,stroll,STR,Lance Stroll,aston_martin,Aston Martin,18,14,14,0.0,65,Lapped,15.0,,211.366
2024,10,Spanish Grand Prix,2024-06-23,ricciardo,RIC,Daniel Ricciardo,rb,RB F1 Team,3,18,15,0.0,65,Lapped,17.0,,211.015
2024,10,Spanish Grand Prix,2024-06-23,bottas,BOT,Valtteri Bottas,sauber,Sauber,77,12,16,0.0,65,Lapped,18.0,,210.596
2024,10,Spanish Grand Prix,2024-06-23,kevin_magnussen,MAG,Kevin Magnussen,haas,Haas F1 Team,20,16,17,0.0,65,Lapped,19.0,,210.077
2024,10,Spanish Grand Prix,2024-06-23,albon,ALB,Alexander Albon,williams,Williams,23,20,18,0.0,65,Lapped,14.0,,211.863
2024,10,Spanish Grand Prix,2024-06-23,tsunoda,TSU,Yuki Tsunoda,rb,RB F1 Team,22,17,19,0.0,65,Lapped,16.0,,211.023
2024,10,Spanish Grand Prix,2024-06-23,sargeant,SAR,Logan Sargeant,williams,Williams,2,19,20,0.0,64,Lapped,20.0,,209.115
2024,11,Austrian Grand Prix,2024-06-30,russell,RUS,George Russell,mercedes,Mercedes,63,3,1,25.0,71,Finished,5.0,,224.752
2024,11,Austrian Grand Prix,2024-06-30,piastri,PIA,Oscar Piastri,mclaren,McLaren,81,7,2,18.0,71,Finished,4.0,,226.28
2024,11,Austrian Grand Prix,2024-06-30,sainz,SAI,Carlos Sainz,ferrari,Ferrari,55,4,3,15.0,71,Finished,6.0,,224.369
2024,11,Austrian Grand Prix,2024-06-30,hamilton,HAM,Lewis Hamilton,mercedes,Mercedes,44,5,4,12.0,71,Finished,7.0,,223.466
2024,11,Austrian Grand Prix,2024-06-30,max_verstappen,VER,Max Verstappen,red_bull,Red Bull,1,1,5,10.0,71,Finished,2.0,,229.548
2024,11,Austrian Grand Prix,2024-06-30,hulkenberg,HUL,Nico Hülkenberg,haas,Haas F1 Team,27,9,6,8.0,71,Finished,14.0,,221.388
2024,11,Austrian Grand Prix,2024-06-30,perez,PER,Sergio Pérez,red_bull,Red Bull,11,8,7,6.0,71,Finished,11.0,,223.043
2024,11,Austrian Grand Prix,2024-06-30,kevin_magnussen,MAG,Kevin Magnussen,haas,Haas F1 Team,20,12,8,4.0,71,Finished,12.0,,221.672
2024,11,Austrian Grand Prix,2024-06-30,ricciardo,RIC,Daniel Ricciardo,rb,RB F1 Team,3,11,9,2.0,71,Finished,18.0,,220.725
2024,11,Austrian Grand Prix,2024-06-30,gasly,GAS,Pierre Gasly,alpine,Alpine F1 Team,10,13,10,1.0,71,Finished,9.0,,223.315
2024,11,Austrian Grand Prix,2024-06-30,leclerc,LEC,Charles Leclerc,ferrari,Ferrari,16,6,11,0.0,71,Finished,8.0,,223.396
2024,11,Austrian Grand Prix,2024-06-30,ocon,OCO,Esteban Ocon,alpine,Alpine F1 Team,31,10,12,0.0,71,Finished,10.0,,223.187
2024,11,Austrian Grand Prix,2024-06-30,stroll,STR,Lance Stroll,aston_martin,Aston Martin,18,17,13,0.0,70,Lapped,13.0,,221.615
2024,11,Austrian Grand Prix,2024-06-30,tsunoda,TSU,Yuki Tsunoda,rb,RB F1 Team,22,14,14,0.0,70,Lapped,15.0,,221.064
2024,11,Austrian Grand Prix,2024-06-30,albon,ALB,Alexander Albon,williams,Williams,23,16,15,0.0,70,Lapped,16.0,,220.919
2024,11,Austrian Grand Prix,2024-06-30,bottas,BOT,Valtteri Bottas,sauber,Sauber,77,18,16,0.0,70,Lapped,19.0,,220.653
2024,11,Austrian Grand Prix,2024-06-30,zhou,ZHO,Guanyu Zhou,sauber,Sauber,24,20,17,0.0,70,Lapped,20.0,,220.587
2024,11,Austrian Grand Prix,2024-06-30,alonso,ALO,Fernando Alonso,aston_martin,Aston Martin,14,15,18,0.0,70,Lapped,1.0,,229.633
2024,11,Austrian Grand Prix,2024-06-30,sargeant,SAR,Logan Sargeant,williams,Williams,2,19,19,0.0,69,Lapped,17.0,,220.788
2024,11,Austrian Grand Prix,2024-06-30,norris,NOR,Lando Norris,mclaren,McLaren,4,2,20,0.0,64,Lapped,3.0,,228.546
2024,12,British Grand Prix,2024-07-07,hamilton,HAM,Lewis Hamilton,mercedes,Mercedes,44,2,1,25.0,52,Finished,5.0,,237.12
2024,12,British Grand Prix,2024-07-07,max_verstappen,VER,Max Verstappen,red_bull,Red Bull,1,4,2,18.0,52,Finished,3.0,,238.416
2024,12,British Grand Prix,2024-07-07,norris,NOR,Lando Norris,mclaren,McLaren,4,3,3,15.0,52,Finished,4.0,,237.588
2024,12,British Grand Prix,2024-07-07,piastri,PIA,Oscar Piastri,mclaren,McLaren,81,5,4,12.0,52,Finished,2.0,,238.964
2024,12,British Grand Prix,2024-07-07,sainz,SAI,Carlos Sainz,ferrari,Ferrari,55,7,5,11.0,52,Finished,1.0,,240.195
2024,12,British Grand Prix,2024-07-07,hulkenberg,HUL,Nico Hülkenberg,haas,Haas F1 Team,27,6,6,8.0,52,Finished,10.0,,236.07
2024,12,British Grand Prix,2024-07-07,stroll,STR,Lance Stroll,aston_martin,Aston Martin,18,8,7,6.0,52,Finished,11.0,,235.909
2024,12,British Grand Prix,2024-07-07,alonso,ALO,Fernando Alonso,aston_martin,Aston Martin,14,10,8,4.0,52,Finished,7.0,,236.401
2024,12,British Grand Prix,2024-07-07,albon,ALB,Alexander Albon,williams,Williams,23,9,9,2.0,52,Finished,8.0,,236.38
2024,12,British Grand Prix,2024-07-07,tsunoda,TSU,Yuki Tsunoda,rb,RB F1 Team,22,13,10,1.0,52,Finished,14.0,,235.041
2024,12,British Grand Prix,2024-07-07,sargeant,SAR,Logan Sargeant,williams,Williams,2,12,11,0.0,52,Finished,12.0,,235.713
2024,12,British Grand Prix,2024-07-07,kevin_magnussen,MAG,Kevin Magnussen,haas,Haas F1 Team,20,17,12,0.0,52,Finished,13.0,,235.396
2024,12,British Grand Prix,2024-07-07,ricciardo,RIC,Daniel Ricciardo,rb,RB F1 Team,3,15,13,0.0,51,Lapped,15.0,,233.731
2024,12,British Grand Prix,2024-07-07,leclerc,LEC,Charles Leclerc,ferrari,Ferrari,16,11,14,0.0,51,Lapped,9.0,,236.301
2024,12,British Grand Prix,2024-07-07,bottas,BOT,Valtteri Bottas,sauber,Sauber,77,16,15,0.0,51,Lapped,18.0,,232.343
2024,12,British Grand Prix,2024-07-07,ocon,OCO,Esteban Ocon,alpine,Alpine F1 Team,31,18,16,0.0,50,Lapped,16.0,,233.371
2024,12,British Grand Prix,2024-07-07,perez,PER,Sergio Pérez,red_bull,Red Bull,11,20,17,0.0,50,Lapped,6.0,,236.409
2024,12,British Grand Prix,2024-07-07,zhou,ZHO,Guanyu Zhou,sauber,Sauber,24,14,18,0.0,50,Lapped,17.0,,233.014
2024,12,British Grand Prix,2024-07-07,russell,RUS,George Russell,mercedes,Mercedes,63,1,19,0.0,33,Retired,19.0,,232.289
2024,12,British Grand Prix,2024-07-07,gasly,GAS,Pierre Gasly,alpine,Alpine F1 Team,10,19,20,0.0,0,Did not start,,,
2024,13,Hungarian Grand Prix,2024-07-21,piastri,PIA,Oscar Piastri,mclaren,McLaren,81,2,1,25.0,70,Finished,8.0,,193.005
2024,13,Hungarian Grand Prix,2024-07-21,norris,NOR,Lando Norris,mclaren,McLaren,4,1,2,18.0,70,Finished,7.0,,193.014
2024,13,Hungarian Grand Prix,2024-07-21,hamilton,HAM,Lewis Hamilton,mercedes,Mercedes,44,5,3,15.0,70,Finished,9.0,,191.978
2024,13,Hungarian Grand Prix,2024-07-21,leclerc,LEC,Charles Leclerc,ferrari,Ferrari,16,6,4,12.0,70,Finished,10.0,,191.91
2024,13,Hungarian Grand Prix,2024-07-21,max_verstappen,VER,Max Verstappen,red_bull,Red Bull,1,3,5,10.0,70,Finished,3.0,,194.932
2024,13,Hungarian Grand Prix,2024-07-21,sainz,SAI,Carlos Sainz,ferrari,Ferrari,55,4,6,8.0,70,Finished,5.0,,193.656
2024,13,Hungarian Grand Prix,2024-07-21,perez,PER,Sergio Pérez,red_bull,Red Bull,11,16,7,6.0,70,Finished,4.0,,194.48
2024,13,Hungarian Grand Prix,2024-07-21,russell,RUS,George Russell,mercedes,Mercedes,63,17,8,5.0,70,Finished,1.0,,196.396
2024,13,Hungarian Grand Prix,2024-07-21,tsunoda,TSU,Yuki Tsunoda,rb,RB F1 Team,22,10,9,2.0,70,Finished,18.0,,188.806
2024,13,Hungarian Grand Prix,2024-07-21,stroll,STR,Lance Stroll,aston_martin,Aston Martin,18,8,10,1.0,70,Finished,11.0,,191.547
2024,13,Hungarian Grand Prix,2024-07-21,alonso,ALO,Fernando Alonso,aston_martin,Aston Martin,14,7,11,0.0,70,Finished,14.0,,189.875
2024,13,Hungarian Grand Prix,2024-07-21,ricciardo,RIC,Daniel Ricciardo,rb,RB F1 Team,3,9,12,0.0,69,Lapped,12.0,,190.847
2024,13,Hungarian Grand Prix,2024-07-21,hulkenberg,HUL,Nico Hülkenberg,haas,Haas F1 Team,27,11,13,0.0,69,Lapped,16.0,,188.969
2024,13,Hungarian Grand Prix,2024-07-21,albon,ALB,Alexander Albon,williams,Williams,23,13,14,0.0,69,Lapped,20.0,,187.913
2024,13,Hungarian Grand Prix,2024-07-21,kevin_magnussen,MAG,Kevin Magnussen,haas,Haas F1 Team,20,15,15,0.0,69,Lapped,19.0,,188.761
2024,13,Hungarian Grand Prix,2024-07-21,bottas,BOT,Valtteri Bottas,sauber,Sauber,77,12,16,0.0,69,Lapped,13.0,,190.496
2024,13,Hungarian Grand Prix,2024-07-21,sargeant,SAR,Logan Sargeant,williams,Williams,2,14,17,0.0,69,Lapped,2.0,,195.772
2024,13,Hungarian Grand Prix,2024-07-21,ocon,OCO,Esteban Ocon,alpine,Alpine F1 Team,31,19,18,0.0,69,Lapped,6.0,,193.255
2024,13,Hungarian Grand Prix,2024-07-21,zhou,ZHO,Guanyu Zhou,sauber,Sauber,24,18,19,0.0,69,Lapped,17.0,,188.91
2024,13,Hungarian Grand Prix,2024-07-21,gasly,GAS,Pierre Gasly,alpine,Alpine F1 Team,10,20,20,0.0,33,Retired,15.0,,189.244
2024,14,Belgian Grand Prix,2024-07-28,hamilton,HAM,Lewis Hamilton,mercedes,Mercedes,44,3,1,25.0,44,Finished,6.0,,236.415
2024,14,Belgian Grand Prix,2024-07-28,piastri,PIA,Oscar Piastri,mclaren,McLaren,81,5,2,18.0,44,Finished,3.0,,238.231
2024,14,Belgian Grand Prix,2024-07-28,leclerc,LEC,Charles Leclerc,ferrari,Ferrari,16,1,3,15.0,44,Finished,8.0,,235.619
2024,14,Belgian Grand Prix,2024-07-28,max_verstappen,VER,Max Verstappen,red_bull,Red Bull,1,11,4,12.0,44,Finished,4.0,,237.584
2024,14,Belgian Grand Prix,2024-07-28,norris,NOR,Lando Norris,mclaren,McLaren,4,4,5,10.0,44,Finished,2.0,,238.856
2024,14,Belgian Grand Prix,2024-07-28,sainz,SAI,Carlos Sainz,ferrari,Ferrari,55,7,6,8.0,44,Finished,5.0,,237.057
2024,14,Belgian Grand Prix,2024-07-28,perez,PER,Sergio Pérez,red_bull,Red Bull,11,2,7,7.0,44,Finished,1.0,,240.822
2024,14,Belgian Grand Prix,2024-07-28,alonso,ALO,Fernando Alonso,aston_martin,Aston Martin,14,8,8,4.0,44,Finished,17.0,,233.356
2024,14,Belgian Grand Prix,2024-07-28,ocon,OCO,Esteban Ocon,alpine,Alpine F1 Team,31,9,9,2.0,44,Finished,7.0,,235.743
2024,14,Belgian Grand Prix,2024-07-28,ricciardo,RIC,Daniel Ricciardo,rb,RB F1 Team,3,13,10,1.0,44,Finished,12.0,,234.694
2024,14,Belgian Grand Prix,2024-07-28,stroll,STR,Lance Stroll,aston_martin,Aston Martin,18,15,11,0.0,44,Finished,18.0,,233.239
2024,14,Belgian Grand Prix,2024-07-28,albon,ALB,Alexander Albon,williams,Williams,23,10,12,0.0,44,Finished,16.0,,233.475
2024,14,Belgian Grand Prix,2024-07-28,gasly,GAS,Pierre Gasly,alpine,Alpine F1 Team,10,12,13,0.0,44,Finished,11.0,,234.731
2024,14,Belgian Grand Prix,2024-07-28,kevin_magnussen,MAG,Kevin Magnussen,haas,Haas F1 Team,20,17,14,0.0,44,Finished,14.0,,233.795
2024,14,Belgian Grand Prix,2024-07-28,bottas,BOT,Valtteri Bottas,sauber,Sauber,77,14,15,0.0,44,Finished,9.0,,235.606
2024,14,Belgian Grand Prix,2024-07-28,tsunoda,TSU,Yuki Tsunoda,rb,RB F1 Team,22,20,16,0.0,44,Finished,15.0,,233.533
2024,14,Belgian Grand Prix,2024-07-28,sargeant,SAR,Logan Sargeant,williams,Williams,2,18,17,0.0,44,Finished,13.0,,234.574
2024,14,Belgian Grand Prix,2024-07-28,hulkenberg,HUL,Nico Hülkenberg,haas,Haas F1 Team,27,16,18,0.0,44,Finished,19.0,,231.422
2024,14,Belgian Grand Prix,2024-07-28,zhou,ZHO,Guanyu Zhou,sauber,Sauber,24,19,19,0.0,5,Retired,20.0,,224.929
2024,14,Belgian Grand Prix,2024-07-28,russell,RUS,George Russell,mercedes,Mercedes,63,6,20,0.0,44,Disqualified,10.0,,235.399
2024,15,Dutch Grand Prix,2024-08-25,norris,NOR,Lando Norris,mclaren,McLaren,4,1,1,26.0,72,Finished,1.0,,207.708
2024,15,Dutch Grand Prix,2024-08-25,max_verstappen,VER,Max Verstappen,red_bull,Red Bull,1,2,2,18.0,72,Finished,9.0,,205.11
2024,15,Dutch Grand Prix,2024-08-25,leclerc,LEC,Charles Leclerc,ferrari,Ferrari,16,6,3,15.0,72,Finished,7.0,,205.569
2024,15,Dutch Grand Prix,2024-08-25,piastri,PIA,Oscar Piastri,mclaren,McLaren,81,3,4,12.0,72,Finished,5.0,,206.533
2024,15,Dutch Grand Prix,2024-08-25,sainz,SAI,Carlos Sainz,ferrari,Ferrari,55,10,5,10.0,72,Finished,4.0,,206.867
2024,15,Dutch Grand Prix,2024-08-25,perez,PER,Sergio Pérez,red_bull,Red Bull,11,5,6,8.0,72,Finished,8.0,,205.563
2024,15,Dutch Grand Prix,2024-08-25,russell,RUS,George Russell,mercedes,Mercedes,63,4,7,6.0,72,Finished,3.0,,207.399
2024,15,Dutch Grand Prix,2024-08-25,hamilton,HAM,Lewis Hamilton,mercedes,Mercedes,44,14,8,4.0,72,Finished,2.0,,207.536
2024,15,Dutch Grand Prix,2024-08-25,gasly,GAS,Pierre Gasly,alpine,Alpine F1 Team,10,9,9,2.0,71,Lapped,11.0,,204.828
2024,15,Dutch Grand Prix,2024-08-25,alonso,ALO,Fernando Alonso,aston_martin,Aston Martin,14,7,10,1.0,71,Lapped,10.0,,205.093
2024,15,Dutch Grand Prix,2024-08-25,hulkenberg,HUL,Nico Hülkenberg,haas,Haas F1 Team,27,12,11,0.0,71,Lapped,18.0,,202.656
2024,15,Dutch Grand Prix,2024-08-25,ricciardo,RIC,Daniel Ricciardo,rb,RB F1 Team,3,13,12,0.0,71,Lapped,13.0,,203.828
2024,15,Dutch Grand Prix,2024-08-25,stroll,STR,Lance Stroll,aston_martin,Aston Martin,18,8,13,0.0,71,Lapped,14.0,,203.739
2024,15,Dutch Grand Prix,2024-08-25,albon,ALB,Alexander Albon,williams,Williams,23,19,14,0.0,71,Lapped,6.0,,205.986
2024,15,Dutch Grand Prix,2024-08-25,ocon,OCO,Esteban Ocon,alpine,Alpine F1 Team,31,15,15,0.0,71,Lapped,15.0,,203.374
2024,15,Dutch Grand Prix,2024-08-25,sargeant,SAR,Logan Sargeant,williams,Williams,2,18,16,0.0,71,Lapped,16.0,,202.973
2024,15,Dutch Grand Prix,2024-08-25,tsunoda,TSU,Yuki Tsunoda,rb,RB F1 Team,22,11,17,0.0,71,Lapped,17.0,,202.938
2024,15,Dutch Grand Prix,2024-08-25,kevin_magnussen,MAG,Kevin Magnussen,haas,Haas F1 Team,20,20,18,0.0,71,Lapped,12.0,,204.557
2024,15,Dutch Grand Prix,2024-08-25,bottas,BOT,Valtteri Bottas,sauber,Sauber,77,16,19,0.0,70,Lapped,20.0,,202.215
2024,15,Dutch Grand Prix,2024-08-25,zhou,ZHO,Guanyu Zhou,sauber,Sauber,24,17,20,0.0,70,Lapped,19.0,,202.477
2024,16,Italian Grand Prix,2024-09-01,leclerc,LEC,Charles Leclerc,ferrari,Ferrari,16,4,1,25.0,53,Finished,10.0,,250.58
2024,16,Italian Grand Prix,2024-09-01,piastri,PIA,Oscar Piastri,mclaren,McLaren,81,2,2,18.0,53,Finished,4.0,,254.503
2024,16,Italian Grand Prix,2024-09-01,norris,NOR,Lando Norris,mclaren,McLaren,4,1,3,16.0,53,Finished,1.0,,256.1
2024,16,Italian Grand Prix,2024-09-01,sainz,SAI,Carlos Sainz,ferrari,Ferrari,55,5,4,12.0,53,Finished,9.0,,250.601
2024,16,Italian Grand Prix,2024-09-01,hamilton,HAM,Lewis Hamilton,mercedes,Mercedes,44,6,5,10.0,53,Finished,2.0,,255.849
2024,16,Italian Grand Prix,2024-09-01,max_verstappen,VER,Max Verstappen,red_bull,Red Bull,1,7,6,8.0,53,Finished,3.0,,255.12
2024,16,Italian Grand Prix,2024-09-01,russell,RUS,George Russell,mercedes,Mercedes,63,3,7,6.0,53,Finished,5.0,,254.215
2024,16,Italian Grand Prix,2024-09-01,perez,PER,Sergio Pérez,red_bull,Red Bull,11,8,8,4.0,53,Finished,8.0,,251.35
2024,16,Italian Grand Prix,2024-09-01,albon,ALB,Alexander Albon,williams,Williams,23,9,9,2.0,53,Finished,16.0,,248.514
2024,16,Italian Grand Prix,2024-09-01,kevin_magnussen,MAG,Kevin Magnussen,haas,Haas F1 Team,20,13,10,1.0,53,Finished,12.0,,249.946
2024,16,Italian Grand Prix,2024-09-01,alonso,ALO,Fernando Alonso,aston_martin,Aston Martin,14,11,11,0.0,53,Finished,7.0,,251.432
2024,16,Italian Grand Prix,2024-09-01,colapinto,COL,Franco Colapinto,williams,Williams,43,18,12,0.0,53,Finished,14.0,,249.077
2024,16,Italian Grand Prix,2024-09-01,ricciardo,RIC,Daniel Ricciardo,rb,RB F1 Team,3,12,13,0.0,53,Finished,17.0,,247.625
2024,16,Italian Grand Prix,2024-09-01,ocon,OCO,Esteban Ocon,alpine,Alpine F1 Team,31,15,14,0.0,52,Lapped,18.0,,247.261
2024,16,Italian Grand Prix,2024-09-01,gasly,GAS,Pierre Gasly,alpine,Alpine F1 Team,10,14,15,0.0,52,Lapped,15.0,,248.997
2024,16,Italian Grand Prix,2024-09-01,bottas,BOT,Valtteri Bottas,sauber,Sauber,77,19,16,0.0,52,Lapped,13.0,,249.432
2024,16,Italian Grand Prix,2024-09-01,hulkenberg,HUL,Nico Hülkenberg,haas,Haas F1 Team,27,10,17,0.0,52,Lapped,11.0,,250.432
2024,16,Italian Grand Prix,2024-09-01,zhou,ZHO,Guanyu Zhou,sauber,Sauber,24,20,18,0.0,52,Lapped,19.0,,245.085
2024,16,Italian Grand Prix,2024-09-01,stroll,STR,Lance Stroll,aston_martin,Aston Martin,18,17,19,0.0,52,Lapped,6.0,,253.609
2024,16,Italian Grand Prix,2024-09-01,tsunoda,TSU,Yuki Tsunoda,rb,RB F1 Team,22,16,20,0.0,7,Retired,20.0,,241.94
2024,17,Azerbaijan Grand Prix,2024-09-15,piastri,PIA,Oscar Piastri,mclaren,McLaren,81,2,1,25.0,51,Finished,9.0,,201.856
2024,17,Azerbaijan Grand Prix,2024-09-15,leclerc,LEC,Charles Leclerc,ferrari,Ferrari,16,1,2,18.0,51,Finished,10.0,,201.843
2024,17,Azerbaijan Grand Prix,2024-09-15,russell,RUS,George Russell,mercedes,Mercedes,63,5,3,15.0,51,Finished,2.0,,202.674
2024,17,Azerbaijan Grand Prix,2024-09-15,norris,NOR,Lando Norris,mclaren,McLaren,4,15,4,13.0,51,Finished,1.0,,205.318
2024,17,Azerbaijan Grand Prix,2024-09-15,max_verstappen,VER,Max Verstappen,red_bull,Red Bull,1,6,5,10.0,51,Finished,3.0,,202.352
2024,17,Azerbaijan Grand Prix,2024-09-15,alonso,ALO,Fernando Alonso,aston_martin,Aston Martin,14,7,6,8.0,51,Finished,8.0,,201.862
2024,17,Azerbaijan Grand Prix,2024-09-15,albon,ALB,Alexander Albon,williams,Williams,23,9,7,6.0,51,Finished,5.0,,202.07
2024,17,Azerbaijan Grand Prix,2024-09-15,colapinto,COL,Franco Colapinto,williams,Williams,43,8,8,4.0,51,Finished,12.0,,201.454
2024,17,Azerbaijan Grand Prix,2024-09-15,hamilton,HAM,Lewis Hamilton,mercedes,Mercedes,44,19,9,2.0,51,Finished,11.0,,201.525
2024,17,Azerbaijan Grand Prix,2024-09-15,bearman,BEA,Oliver Bearman,haas,Haas F1 Team,50,10,10,1.0,51,Finished,7.0,,201.879
2024,17,Azerbaijan Grand Prix,2024-09-15,hulkenberg,HUL,Nico Hülkenberg,haas,Haas F1 Team,27,12,11,0.0,51,Finished,14.0,,200.674
2024,17,Azerbaijan Grand Prix,2024-09-15,gasly,GAS,Pierre Gasly,alpine,Alpine F1 Team,10,18,12,0.0,51,Finished,15.0,,200.066
2024,17,Azerbaijan Grand Prix,2024-09-15,ricciardo,RIC,Daniel Ricciardo,rb,RB F1 Team,3,14,13,0.0,51,Finished,17.0,,199.398
2024,17,Azerbaijan Grand Prix,2024-09-15,zhou,ZHO,Guanyu Zhou,sauber,Sauber,24,17,14,0.0,51,Finished,13.0,,200.761
2024,17,Azerbaijan Grand Prix,2024-09-15,ocon,OCO,Esteban Ocon,alpine,Alpine F1 Team,31,20,15,0.0,50,Lapped,19.0,,198.572
2024,17,Azerbaijan Grand Prix,2024-09-15,bottas,BOT,Valtteri Bottas,sauber,Sauber,77,16,16,0.0,50,Lapped,18.0,,199.328
2024,17,Azerbaijan Grand Prix,2024-09-15,perez,PER,Sergio Pérez,red_bull,Red Bull,11,4,17,0.0,49,Retired,6.0,,201.945
2024,17,Azerbaijan Grand Prix,2024-09-15,sainz,SAI,Carlos Sainz,ferrari,Ferrari,55,3,18,0.0,49,Retired,4.0,,202.223
2024,17,Azerbaijan Grand Prix,2024-09-15,stroll,STR,Lance Stroll,aston_martin,Aston Martin,18,13,19,0.0,45,Retired,16.0,,199.826
2024,17,Azerbaijan Grand Prix,2024-09-15,tsunoda,TSU,Yuki Tsunoda,rb,RB F1 Team,22,11,20,0.0,14,Retired,20.0,,194.89
2024,18,Singapore Grand Prix,2024-09-22,norris,NOR,Lando Norris,mclaren,McLaren,4,1,1,25.0,62,Finished,2.0,,187.347
2024,18,Singapore Grand Prix,2024-09-22,max_verstappen,VER,Max Verstappen,red_bull,Red Bull,1,2,2,18.0,62,Finished,5.0,,185.313
2024,18,Singapore Grand Prix,2024-09-22,piastri,PIA,Oscar Piastri,mclaren,McLaren,81,5,3,15.0,62,Finished,4.0,,185.743
2024,18,Singapore Grand Prix,2024-09-22,russell,RUS,George Russell,mercedes,Mercedes,63,4,4,12.0,62,Finished,10.0,,183.251
2024,18,Singapore Grand Prix,2024-09-22,leclerc,LEC,Charles Leclerc,ferrari,Ferrari,16,9,5,10.0,62,Finished,3.0,,186.471
2024,18,Singapore Grand Prix,2024-09-22,hamilton,HAM,Lewis Hamilton,mercedes,Mercedes,44,3,6,8.0,62,Finished,12.0,,182.6
2024,18,Singapore Grand Prix,2024-09-22,sainz,SAI,Carlos Sainz,ferrari,Ferrari,55,10,7,6.0,62,Finished,7.0,,184.173
2024,18,Singapore Grand Prix,2024-09-22,alonso,ALO,Fernando Alonso,aston_martin,Aston Martin,14,7,8,4.0,61,Lapped,18.0,,181.95
2024,18,Singapore Grand Prix,2024-09-22,hulkenberg,HUL,Nico Hülkenberg,haas,Haas F1 Team,27,6,9,2.0,61,Lapped,15.0,,182.456
2024,18,Singapore Grand Prix,2024-09-22,perez,PER,Sergio Pérez,red_bull,Red Bull,11,13,10,1.0,61,Lapped,16.0,,182.443
2024,18,Singapore Grand Prix,2024-09-22,colapinto,COL,Franco Colapinto,williams,Williams,43,12,11,0.0,61,Lapped,11.0,,182.846
2024,18,Singapore Grand Prix,2024-09-22,tsunoda,TSU,Yuki Tsunoda,rb,RB F1 Team,22,8,12,0.0,61,Lapped,6.0,,184.494
2024,18,Singapore Grand Prix,2024-09-22,ocon,OCO,Esteban Ocon,alpine,Alpine F1 Team,31,15,13,0.0,61,Lapped,20.0,,181.536
2024,18,Singapore Grand Prix,2024-09-22,stroll,STR,Lance Stroll,aston_martin,Aston Martin,18,17,14,0.0,61,Lapped,19.0,,181.745
2024,18,Singapore Grand Prix,2024-09-22,zhou,ZHO,Guanyu Zhou,sauber,Sauber,24,20,15,0.0,61,Lapped,14.0,,182.472
2024,18,Singapore Grand Prix,2024-09-22,bottas,BOT,Valtteri Bottas,sauber,Sauber,77,19,16,0.0,61,Lapped,17.0,,182.355
2024,18,Singapore Grand Prix,2024-09-22,gasly,GAS,Pierre Gasly,alpine,Alpine F1 Team,10,18,17,0.0,61,Lapped,9.0,,183.478
2024,18,Singapore Grand Prix,2024-09-22,ricciardo,RIC,Daniel Ricciardo,rb,RB F1 Team,3,16,18,0.0,61,Lapped,1.0,,188.218
2024,18,Singapore Grand Prix,2024-09-22,kevin_magnussen,MAG,Kevin Magnussen,haas,Haas F1 Team,20,14,19,0.0,57,Retired,13.0,,182.54
2024,18,Singapore Grand Prix,2024-09-22,albon,ALB,Alexander Albon,williams,Williams,23,11,20,0.0,15,Retired,8.0,,183.552
2024,19,United States Grand Prix,2024-10-20,leclerc,LEC,Charles Leclerc,ferrari,Ferrari,16,4,1,25.0,56,Finished,6.0,,202.861
2024,19,United States Grand Prix,2024-10-20,sainz,SAI,Carlos Sainz,ferrari,Ferrari,55,3,2,18.0,56,Finished,5.0,,203.009
2024,19,United States Grand Prix,2024-10-20,max_verstappen,VER,Max Verstappen,red_bull,Red Bull,1,2,3,15.0,56,Finished,9.0,,202.276
2024,19,United States Grand Prix,2024-10-20,norris,NOR,Lando Norris,mclaren,McLaren,4,1,4,12.0,56,Finished,4.0,,203.183
2024,19,United States Grand Prix,2024-10-20,piastri,PIA,Oscar Piastri,mclaren,McLaren,81,5,5,10.0,56,Finished,7.0,,202.76
2024,19,United States Grand Prix,2024-10-20,russell,RUS,George Russell,mercedes,Mercedes,63,20,6,8.0,56,Finished,3.0,,203.231
2024,19,United States Grand Prix,2024-10-20,perez,PER,Sergio Pérez,red_bull,Red Bull,11,9,7,6.0,56,Finished,13.0,,201.461
2024,19,United States Grand Prix,2024-10-20,hulkenberg,HUL,Nico Hülkenberg,haas,Haas F1 Team,27,11,8,4.0,56,Finished,12.0,,201.686
2024,19,United States Grand Prix,2024-10-20,lawson,LAW,Liam Lawson,rb,RB F1 Team,30,19,9,2.0,56,Finished,8.0,,202.33
2024,19,United States Grand Prix,2024-10-20,colapinto,COL,Franco Colapinto,williams,Williams,43,15,10,1.0,56,Finished,2.0,,203.325
2024,19,United States Grand Prix,2024-10-20,kevin_magnussen,MAG,Kevin Magnussen,haas,Haas F1 Team,20,8,11,0.0,56,Finished,10.0,,202.085
2024,19,United States Grand Prix,2024-10-20,gasly,GAS,Pierre Gasly,alpine,Alpine F1 Team,10,6,12,0.0,56,Finished,11.0,,201.877
2024,19,United States Grand Prix,2024-10-20,alonso,ALO,Fernando Alonso,aston_martin,Aston Martin,14,7,13,0.0,55,Lapped,17.0,,199.945
2024,19,United States Grand Prix,2024-10-20,tsunoda,TSU,Yuki Tsunoda,rb,RB F1 Team,22,10,14,0.0,55,Lapped,15.0,,200.082
2024,19,United States Grand Prix,2024-10-20,stroll,STR,Lance Stroll,aston_martin,Aston Martin,18,13,15,0.0,55,Lapped,16.0,,200.04
2024,19,United States Grand Prix,2024-10-20,albon,ALB,Alexander Albon,williams,Williams,23,14,16,0.0,55,Lapped,14.0,,200.302
2024,19,United States Grand Prix,2024-10-20,bottas,BOT,Valtteri Bottas,sauber,Sauber,77,16,17,0.0,55,Lapped,19.0,,197.333
2024,19,United States Grand Prix,2024-10-20,ocon,OCO,Esteban Ocon,alpine,Alpine F1 Team,31,12,18,0.0,55,Lapped,1.0,,203.912
2024,19,United States Grand Prix,2024-10-20,zhou,ZHO,Guanyu Zhou,sauber,Sauber,24,18,19,0.0,55,Lapped,18.0,,199.923
2024,19,United States Grand Prix,2024-10-20,hamilton,HAM,Lewis Hamilton,mercedes,Mercedes,44,17,20,0.0,1,Retired,,,
2024,20,Mexico City Grand Prix,2024-10-27,sainz,SAI,Carlos Sainz,ferrari,Ferrari,55,1,1,25.0,71,Finished,7.0,,193.348
2024,20,Mexico City Grand Prix,2024-10-27,norris,NOR,Lando Norris,mclaren,McLaren,4,3,2,18.0,71,Finished,4.0,,194.43
2024,20,Mexico City Grand Prix,2024-10-27,leclerc,LEC,Charles Leclerc,ferrari,Ferrari,16,4,3,16.0,71,Finished,1.0,,197.794
2024,20,Mexico City Grand Prix,2024-10-27,hamilton,HAM,Lewis Hamilton,mercedes,Mercedes,44,6,4,12.0,71,Finished,8.0,,192.785
2024,20,Mexico City Grand Prix,2024-10-27,russell,RUS,George Russell,mercedes,Mercedes,63,5,5,10.0,71,Finished,11.0,,191.926
2024,20,Mexico City Grand Prix,2024-10-27,max_verstappen,VER,Max Verstappen,red_bull,Red Bull,1,2,6,8.0,71,Finished,13.0,,191.591
2024,20,Mexico City Grand Prix,2024-10-27,kevin_magnussen,MAG,Kevin Magnussen,haas,Haas F1 Team,20,7,7,6.0,71,Finished,9.0,,192.15
2024,20,Mexico City Grand Prix,2024-10-27,piastri,PIA,Oscar Piastri,mclaren,McLaren,81,17,8,4.0,71,Finished,5.0,,193.525
2024,20,Mexico City Grand Prix,2024-10-27,hulkenberg,HUL,Nico Hülkenberg,haas,Haas F1 Team,27,10,9,2.0,70,Lapped,12.0,,191.885
2024,20,Mexico City Grand Prix,2024-10-27,gasly,GAS,Pierre Gasly,alpine,Alpine F1 Team,10,8,10,1.0,70,Lapped,15.0,,190.643
2024,20,Mexico City Grand Prix,2024-10-27,stroll,STR,Lance Stroll,aston_martin,Aston Martin,18,14,11,0.0,70,Lapped,16.0,,190.557
2024,20,Mexico City Grand Prix,2024-10-27,colapinto,COL,Franco Colapinto,williams,Williams,43,16,12,0.0,70,Lapped,6.0,,193.462
2024,20,Mexico City Grand Prix,2024-10-27,ocon,OCO,Esteban Ocon,alpine,Alpine F1 Team,31,0,13,0.0,70,Lapped,10.0,,192.097
2024,20,Mexico City Grand Prix,2024-10-27,bottas,BOT,Valtteri Bottas,sauber,Sauber,77,15,14,0.0,70,Lapped,14.0,,191.088
2024,20,Mexico City Grand Prix,2024-10-27,zhou,ZHO,Guanyu Zhou,sauber,Sauber,24,19,15,0.0,70,Lapped,17.0,,189.991
2024,20,Mexico City Grand Prix,2024-10-27,lawson,LAW,Liam Lawson,rb,RB F1 Team,30,12,16,0.0,70,Lapped,3.0,,194.893
2024,20,Mexico City Grand Prix,2024-10-27,perez,PER,Sergio Pérez,red_bull,Red Bull,11,18,17,0.0,70,Lapped,2.0,,195.614
2024,20,Mexico City Grand Prix,2024-10-27,alonso,ALO,Fernando Alonso,aston_martin,Aston Martin,14,13,18,0.0,15,Retired,18.0,,187.306
2024,20,Mexico City Grand Prix,2024-10-27,albon,ALB,Alexander Albon,williams,Williams,23,9,19,0.0,0,Retired,,,
2024,20,Mexico City Grand Prix,2024-10-27,tsunoda,TSU,Yuki Tsunoda,rb,RB F1 Team,22,11,20,0.0,0,Retired,,,
2024,21,São Paulo Grand Prix,2024-11-03,max_verstappen,VER,Max Verstappen,red_bull,Red Bull,1,17,1,26.0,69,Finished,1.0,,192.767
2024,21,São Paulo Grand Prix,2024-11-03,ocon,OCO,Esteban Ocon,alpine,Alpine F1 Team,31,4,2,18.0,69,Finished,7.0,,189.705
2024,21,São Paulo Grand Prix,2024-11-03,gasly,GAS,Pierre Gasly,alpine,Alpine F1 Team,10,13,3,15.0,69,Finished,5.0,,189.998
2024,21,São Paulo Grand Prix,2024-11-03,russell,RUS,George Russell,mercedes,Mercedes,63,2,4,12.0,69,Finished,6.0,,189.998
2024,21,São Paulo Grand Prix,2024-11-03,leclerc,LEC,Charles Leclerc,ferrari,Ferrari,16,6,5,10.0,69,Finished,4.0,,190.03
2024,21,São Paulo Grand Prix,2024-11-03,norris,NOR,Lando Norris,mclaren,McLaren,4,1,6,8.0,69,Finished,2.0,,190.296
2024,21,São Paulo Grand Prix,2024-11-03,tsunoda,TSU,Yuki Tsunoda,rb,RB F1 Team,22,3,7,6.0,69,Finished,8.0,,189.573
2024,21,São Paulo Grand Prix,2024-11-03,piastri,PIA,Oscar Piastri,mclaren,McLaren,81,8,8,4.0,69,Finished,3.0,,190.261
2024,21,São Paulo Grand Prix,2024-11-03,lawson,LAW,Liam Lawson,rb,RB F1 Team,30,5,9,2.0,69,Finished,10.0,,188.892
2024,21,São Paulo Grand Prix,2024-11-03,hamilton,HAM,Lewis Hamilton,mercedes,Mercedes,44,14,10,1.0,69,Finished,9.0,,189.081
2024,21,São Paulo Grand Prix,2024-11-03,perez,PER,Sergio Pérez,red_bull,Red Bull,11,12,11,0.0,69,Finished,11.0,,188.846
2024,21,São Paulo Grand Prix,2024-11-03,bearman,BEA,Oliver Bearman,haas,Haas F1 Team,50,15,12,0.0,69,Finished,13.0,,188.042
2024,21,São Paulo Grand Prix,2024-11-03,bottas,BOT,Valtteri Bottas,sauber,Sauber,77,11,13,0.0,69,Finished,14.0,,187.173
2024,21,São Paulo Grand Prix,2024-11-03,alonso,ALO,Fernando Alonso,aston_martin,Aston Martin,14,9,14,0.0,69,Finished,12.0,,188.502
2024,21,São Paulo Grand Prix,2024-11-03,zhou,ZHO,Guanyu Zhou,sauber,Sauber,24,19,15,0.0,69,Finished,15.0,,186.765
2024,21,São Paulo Grand Prix,2024-11-03,sainz,SAI,Carlos Sainz,ferrari,Ferrari,55,20,16,0.0,38,Retired,16.0,,184.23
2024,21,São Paulo Grand Prix,2024-11-03,colapinto,COL,Franco Colapinto,williams,Williams,43,16,17,0.0,30,Retired,17.0,,184.022
2024,21,São Paulo Grand Prix,2024-11-03,albon,ALB,Alexander Albon,williams,Williams,23,7,18,0.0,0,Did not start,,,
2024,21,São Paulo Grand Prix,2024-11-03,stroll,STR,Lance Stroll,aston_martin,Aston Martin,18,10,19,0.0,0,Did not start,,,
2024,21,São Paulo Grand Prix,2024-11-03,hulkenberg,HUL,Nico Hülkenberg,haas,Haas F1 Team,27,18,20,0.0,0,Disqualified,,,
2024,22,Las Vegas Grand Prix,2024-11-23,russell,RUS,George Russell,mercedes,Mercedes,63,1,1,25.0,50,Finished,4.0,,233.225
2024,22,Las Vegas Grand Prix,2024-11-23,hamilton,HAM,Lewis Hamilton,mercedes,Mercedes,44,10,2,18.0,50,Finished,2.0,,233.803
2024,22,Las Vegas Grand Prix,2024-11-23,sainz,SAI,Carlos Sainz,ferrari,Ferrari,55,2,3,15.0,50,Finished,5.0,,232.84
2024,22,Las Vegas Grand Prix,2024-11-23,leclerc,LEC,Charles Leclerc,ferrari,Ferrari,16,4,4,12.0,50,Finished,3.0,,233.329
2024,22,Las Vegas Grand Prix,2024-11-23,max_verstappen,VER,Max Verstappen,red_bull,Red Bull,1,5,5,10.0,50,Finished,6.0,,231.938
2024,22,Las Vegas Grand Prix,2024-11-23,norris,NOR,Lando Norris,mclaren,McLaren,4,6,6,9.0,50,Finished,1.0,,235.292
2024,22,Las Vegas Grand Prix,2024-11-23,piastri,PIA,Oscar Piastri,mclaren,McLaren,81,8,7,6.0,50,Finished,13.0,,231.097
2024,22,Las Vegas Grand Prix,2024-11-23,hulkenberg,HUL,Nico Hülkenberg,haas,Haas F1 Team,27,9,8,4.0,50,Finished,12.0,,231.129
2024,22,Las Vegas Grand Prix,2024-11-23,tsunoda,TSU,Yuki Tsunoda,rb,RB F1 Team,22,7,9,2.0,50,Finished,16.0,,230.242
2024,22,Las Vegas Grand Prix,2024-11-23,perez,PER,Sergio Pérez,red_bull,Red Bull,11,15,10,1.0,50,Finished,8.0,,231.75
2024,22,Las Vegas Grand Prix,2024-11-23,alonso,ALO,Fernando Alonso,aston_martin,Aston Martin,14,16,11,0.0,50,Finished,10.0,,231.205
2024,22,Las Vegas Grand Prix,2024-11-23,kevin_magnussen,MAG,Kevin Magnussen,haas,Haas F1 Team,20,12,12,0.0,50,Finished,11.0,,231.196
2024,22,Las Vegas Grand Prix,2024-11-23,zhou,ZHO,Guanyu Zhou,sauber,Sauber,24,13,13,0.0,50,Finished,7.0,,231.755
2024,22,Las Vegas Grand Prix,2024-11-23,colapinto,COL,Franco Colapinto,williams,Williams,43,20,14,0.0,50,Finished,15.0,,230.456
2024,22,Las Vegas Grand Prix,2024-11-23,stroll,STR,Lance Stroll,aston_martin,Aston Martin,18,18,15,0.0,50,Finished,18.0,,229.716
2024,22,Las Vegas Grand Prix,2024-11-23,lawson,LAW,Liam Lawson,rb,RB F1 Team,30,14,16,0.0,50,Finished,17.0,,230.187
2024,22,Las Vegas Grand Prix,2024-11-23,ocon,OCO,Esteban Ocon,alpine,Alpine F1 Team,31,11,17,0.0,49,Lapped,9.0,,231.306
2024,22,Las Vegas Grand Prix,2024-11-23,bottas,BOT,Valtteri Bottas,sauber,Sauber,77,19,18,0.0,49,Lapped,14.0,,231.09
2024,22,Las Vegas Grand Prix,2024-11-23,albon,ALB,Alexander Albon,williams,Williams,23,17,19,0.0,25,Retired,19.0,,227.773
2024,22,Las Vegas Grand Prix,2024-11-23,gasly,GAS,Pierre Gasly,alpine,Alpine F1 Team,10,3,20,0.0,15,Retired,20.0,,227.064
2024,23,Qatar Grand Prix,2024-12-01,max_verstappen,VER,Max Verstappen,red_bull,Red Bull,1,2,1,25.0,57,Finished,2.0,,235.31
2024,23,Qatar Grand Prix,2024-12-01,leclerc,LEC,Charles Leclerc,ferrari,Ferrari,16,5,2,18.0,57,Finished,4.0,,234.357
2024,23,Qatar Grand Prix,2024-12-01,piastri,PIA,Oscar Piastri,mclaren,McLaren,81,4,3,15.0,57,Finished,3.0,,234.425
2024,23,Qatar Grand Prix,2024-12-01,russell,RUS,George Russell,mercedes,Mercedes,63,1,4,12.0,57,Finished,5.0,,234.039
2024,23,Qatar Grand Prix,2024-12-01,gasly,GAS,Pierre Gasly,alpine,Alpine F1 Team,10,11,5,10.0,57,Finished,8.0,,233.061
2024,23,Qatar Grand Prix,2024-12-01,sainz,SAI,Carlos Sainz,ferrari,Ferrari,55,7,6,8.0,57,Finished,6.0,,233.731
2024,23,Qatar Grand Prix,2024-12-01,alonso,ALO,Fernando Alonso,aston_martin,Aston Martin,14,8,7,6.0,57,Finished,7.0,,233.167
2024,23,Qatar Grand Prix,2024-12-01,zhou,ZHO,Guanyu Zhou,sauber,Sauber,24,12,8,4.0,57,Finished,10.0,,232.55
2024,23,Qatar Grand Prix,2024-12-01,kevin_magnussen,MAG,Kevin Magnussen,haas,Haas F1 Team,20,10,9,2.0,57,Finished,11.0,,231.528
2024,23,Qatar Grand Prix,2024-12-01,norris,NOR,Lando Norris,mclaren,McLaren,4,3,10,2.0,57,Finished,1.0,,236.798
2024,23,Qatar Grand Prix,2024-12-01,bottas,BOT,Valtteri Bottas,sauber,Sauber,77,13,11,0.0,57,Finished,13.0,,228.08
2024,23,Qatar Grand Prix,2024-12-01,hamilton,HAM,Lewis Hamilton,mercedes,Mercedes,44,6,12,0.0,57,Finished,9.0,,232.616
2024,23,Qatar Grand Prix,2024-12-01,tsunoda,TSU,Yuki Tsunoda,rb,RB F1 Team,22,14,13,0.0,57,Finished,17.0,,226.462
2024,23,Qatar Grand Prix,2024-12-01,lawson,LAW,Liam Lawson,rb,RB F1 Team,30,17,14,0.0,57,Finished,16.0,,226.641
2024,23,Qatar Grand Prix,2024-12-01,albon,ALB,Alexander Albon,williams,Williams,23,16,15,0.0,56,Lapped,14.0,,228.011
2024,23,Qatar Grand Prix,2024-12-01,hulkenberg,HUL,Nico Hülkenberg,haas,Haas F1 Team,27,18,16,0.0,39,Retired,15.0,,227.458
2024,23,Qatar Grand Prix,2024-12-01,perez,PER,Sergio Pérez,red_bull,Red Bull,11,9,17,0.0,38,Retired,12.0,,228.735
2024,23,Qatar Grand Prix,2024-12-01,stroll,STR,Lance Stroll,aston_martin,Aston Martin,18,15,18,0.0,8,Retired,18.0,,214.531
2024,23,Qatar Grand Prix,2024-12-01,colapinto,COL,Franco Colapinto,williams,Williams,43,19,19,0.0,0,Retired,,,
2024,23,Qatar Grand Prix,2024-12-01,ocon,OCO,Esteban Ocon,alpine,Alpine F1 Team,31,20,20,0.0,0,Retired,,,
2024,24,Abu Dhabi Grand Prix,2024-12-08,norris,NOR,Lando Norris,mclaren,McLaren,4,1,1,25.0,58,Finished,3.0,,217.429
2024,24,Abu Dhabi Grand Prix,2024-12-08,sainz,SAI,Carlos Sainz,ferrari,Ferrari,55,3,2,18.0,58,Finished,5.0,,216.619
2024,24,Abu Dhabi Grand Prix,2024-12-08,leclerc,LEC,Charles Leclerc,ferrari,Ferrari,16,19,3,15.0,58,Finished,9.0,,215.996
2024,24,Abu Dhabi Grand Prix,2024-12-08,hamilton,HAM,Lewis Hamilton,mercedes,Mercedes,44,16,4,12.0,58,Finished,2.0,,217.828
2024,24,Abu Dhabi Grand Prix,2024-12-08,russell,RUS,George Russell,mercedes,Mercedes,63,6,5,10.0,58,Finished,10.0,,215.563
2024,24,Abu Dhabi Grand Prix,2024-12-08,max_verstappen,VER,Max Verstappen,red_bull,Red Bull,1,4,6,8.0,58,Finished,6.0,,216.619
2024,24,Abu Dhabi Grand Prix,2024-12-08,gasly,GAS,Pierre Gasly,alpine,Alpine F1 Team,10,5,7,6.0,58,Finished,16.0,,213.012
2024,24,Abu Dhabi Grand Prix,2024-12-08,hulkenberg,HUL,Nico Hülkenberg,haas,Haas F1 Team,27,7,8,4.0,58,Finished,14.0,,213.249
2024,24,Abu Dhabi Grand Prix,2024-12-08,alonso,ALO,Fernando Alonso,aston_martin,Aston Martin,14,8,9,2.0,58,Finished,7.0,,216.168
2024,24,Abu Dhabi Grand Prix,2024-12-08,piastri,PIA,Oscar Piastri,mclaren,McLaren,81,2,10,1.0,58,Finished,4.0,,216.804
2024,24,Abu Dhabi Grand Prix,2024-12-08,albon,ALB,Alexander Albon,williams,Williams,23,18,11,0.0,57,Lapped,18.0,,212.567
2024,24,Abu Dhabi Grand Prix,2024-12-08,tsunoda,TSU,Yuki Tsunoda,rb,RB F1 Team,22,11,12,0.0,57,Lapped,15.0,,213.134
2024,24,Abu Dhabi Grand Prix,2024-12-08,zhou,ZHO,Guanyu Zhou,sauber,Sauber,24,15,13,0.0,57,Lapped,8.0,,216.085
2024,24,Abu Dhabi Grand Prix,2024-12-08,stroll,STR,Lance Stroll,aston_martin,Aston Martin,18,13,14,0.0,57,Lapped,11.0,,214.568
2024,24,Abu Dhabi Grand Prix,2024-12-08,doohan,DOO,Jack Doohan,alpine,Alpine F1 Team,61,17,15,0.0,57,Lapped,13.0,,213.323
2024,24,Abu Dhabi Grand Prix,2024-12-08,kevin_magnussen,MAG,Kevin Magnussen,haas,Haas F1 Team,20,14,16,0.0,57,Lapped,1.0,,222.002
2024,24,Abu Dhabi Grand Prix,2024-12-08,lawson,LAW,Liam Lawson,rb,RB F1 Team,30,12,17,0.0,55,Retired,12.0,,214.212
2024,24,Abu Dhabi Grand Prix,2024-12-08,bottas,BOT,Valtteri Bottas,sauber,Sauber,77,9,18,0.0,30,Retired,19.0,,212.462
2024,24,Abu Dhabi Grand Prix,2024-12-08,colapinto,COL,Franco Colapinto,williams,Williams,43,20,19,0.0,26,Retired,17.0,,212.631
2024,24,Abu Dhabi Grand Prix,2024-12-08,perez,PER,Sergio Pérez,red_bull,Red Bull,11,10,20,0.0,0,Retired,,,
2025,1,Australian Grand Prix,2025-03-16,norris,NOR,Lando Norris,mclaren,McLaren,4,1,1,25.0,57,Finished,1.0,,
2025,1,Australian Grand Prix,2025-03-16,max_verstappen,VER,Max Verstappen,red_bull,Red Bull,1,3,2,18.0,57,Finished,3.0,,
2025,1,Australian Grand Prix,2025-03-16,russell,RUS,George Russell,mercedes,Mercedes,63,4,3,15.0,57,Finished,11.0,,
2025,1,Australian Grand Prix,2025-03-16,antonelli,ANT,Andrea Kimi Antonelli,mercedes,Mercedes,12,16,4,12.0,57,Finished,9.0,,
2025,1,Australian Grand Prix,2025-03-16,albon,ALB,Alexander Albon,williams,Williams,23,6,5,10.0,57,Finished,8.0,,
2025,1,Australian Grand Prix,2025-03-16,stroll,STR,Lance Stroll,aston_martin,Aston Martin,18,13,6,8.0,57,Finished,14.0,,
2025,1,Australian Grand Prix,2025-03-16,hulkenberg,HUL,Nico Hülkenberg,sauber,Sauber,27,17,7,6.0,57,Finished,12.0,,
2025,1,Australian Grand Prix,2025-03-16,leclerc,LEC,Charles Leclerc,ferrari,Ferrari,16,7,8,4.0,57,Finished,13.0,,
2025,1,Australian Grand Prix,2025-03-16,piastri,PIA,Oscar Piastri,mclaren,McLaren,81,2,9,2.0,57,Finished,4.0,,
2025,1,Australian Grand Prix,2025-03-16,hamilton,HAM,Lewis Hamilton,ferrari,Ferrari,44,8,10,1.0,57,Finished,7.0,,
2025,1,Australian Grand Prix,2025-03-16,gasly,GAS,Pierre Gasly,alpine,Alpine F1 Team,10,9,11,0.0,57,Finished,10.0,,
2025,1,Australian Grand Prix,2025-03-16,tsunoda,TSU,Yuki Tsunoda,rb,RB F1 Team,22,5,12,0.0,57,Finished,6.0,,
2025,1,Australian Grand Prix,2025-03-16,ocon,OCO,Esteban Ocon,haas,Haas F1 Team,31,19,13,0.0,57,Finished,15.0,,
2025,1,Australian Grand Prix,2025-03-16,bearman,BEA,Oliver Bearman,haas,Haas F1 Team,87,20,14,0.0,57,Finished,16.0,,
2025,1,Australian Grand Prix,2025-03-16,lawson,LAW,Liam Lawson,red_bull,Red Bull,30,18,15,0.0,46,Retired,2.0,,
2025,1,Australian Grand Prix,2025-03-16,bortoleto,BOR,Gabriel Bortoleto,sauber,Sauber,5,15,16,0.0,45,Retired,5.0,,
2025,1,Australian Grand Prix,2025-03-16,alonso,ALO,Fernando Alonso,aston_martin,Aston Martin,14,12,17,0.0,32,Retired,17.0,,
2025,1,Australian Grand Prix,2025-03-16,sainz,SAI,Carlos Sainz,williams,Williams,55,10,18,0.0,0,Retired,,,
2025,1,Australian Grand Prix,2025-03-16,doohan,DOO,Jack Doohan,alpine,Alpine F1 Team,7,14,19,0.0,0,Retired,,,
2025,1,Australian Grand Prix,2025-03-16,hadjar,HAD,Isack Hadjar,rb,RB F1 Team,6,11,20,0.0,0,Retired,,,
2025,2,Chinese Grand Prix,2025-03-23,piastri,PIA,Oscar Piastri,mclaren,McLaren,81,1,1,25.0,56,Finished,3.0,,
2025,2,Chinese Grand Prix,2025-03-23,norris,NOR,Lando Norris,mclaren,McLaren,4,3,2,18.0,56,Finished,1.0,,
2025,2,Chinese Grand Prix,2025-03-23,russell,RUS,George Russell,mercedes,Mercedes,63,2,3,15.0,56,Finished,5.0,,
2025,2,Chinese Grand Prix,2025-03-23,max_verstappen,VER,Max Verstappen,red_bull,Red Bull,1,4,4,12.0,56,Finished,2.0,,
2025,2,Chinese Grand Prix,2025-03-23,ocon,OCO,Esteban Ocon,haas,Haas F1 Team,31,11,5,10.0,56,Finished,4.0,,
2025,2,Chinese Grand Prix,2025-03-23,antonelli,ANT,Andrea Kimi Antonelli,mercedes,Mercedes,12,8,6,8.0,56,Finished,11.0,,
2025,2,Chinese Grand Prix,2025-03-23,albon,ALB,Alexander Albon,williams,Williams,23,10,7,6.0,56,Finished,12.0,,
2025,2,Chinese Grand Prix,2025-03-23,bearman,BEA,Oliver Bearman,haas,Haas F1 Team,87,17,8,4.0,56,Finished,13.0,,
2025,2,Chinese Grand Prix,2025-03-23,stroll,STR,Lance Stroll,aston_martin,Aston Martin,18,14,9,2.0,56,Finished,10.0,,
2025,2,Chinese Grand Prix,2025-03-23,sainz,SAI,Carlos Sainz,williams,Williams,55,15,10,1.0,56,Finished,15.0,,
2025,2,Chinese Grand Prix,2025-03-23,hadjar,HAD,Isack Hadjar,rb,RB F1 Team,6,7,11,0.0,56,Finished,6.0,,
2025,2,Chinese Grand Prix,2025-03-23,lawson,LAW,Liam Lawson,red_bull,Red Bull,30,20,12,0.0,56,Finished,9.0,,
2025,2,Chinese Grand Prix,2025-03-23,doohan,DOO,Jack Doohan,alpine,Alpine F1 Team,7,18,13,0.0,56,Finished,14.0,,
2025,2,Chinese Grand Prix,2025-03-23,bortoleto,BOR,Gabriel Bortoleto,sauber,Sauber,5,19,14,0.0,55,Lapped,8.0,,
2025,2,Chinese Grand Prix,2025-03-23,hulkenberg,HUL,Nico Hülkenberg,sauber,Sauber,27,12,15,0.0,55,Lapped,16.0,,
2025,2,Chinese Grand Prix,2025-03-23,tsunoda,TSU,Yuki Tsunoda,rb,RB F1 Team,22,9,16,0.0,55,Lapped,7.0,,
2025,2,Chinese Grand Prix,2025-03-23,alonso,ALO,Fernando Alonso,aston_martin,Aston Martin,14,13,17,0.0,4,Retired,17.0,,
2025,2,Chinese Grand Prix,2025-03-23,leclerc,LEC,Charles Leclerc,ferrari,Ferrari,16,6,18,0.0,0,Disqualified,,,
2025,2,Chinese Grand Prix,2025-03-23,hamilton,HAM,Lewis Hamilton,ferrari,Ferrari,44,5,19,0.0,0,Disqualified,,,
2025,2,Chinese Grand Prix,2025-03-23,gasly,GAS,Pierre Gasly,alpine,Alpine F1 Team,10,16,20,0.0,0,Disqualified,,,
2025,3,Japanese Grand Prix,2025-04-06,max_verstappen,VER,Max Verstappen,red_bull,Red Bull,1,1,1,25.0,53,Finished,3.0,,
2025,3,Japanese Grand Prix,2025-04-06,norris,NOR,Lando Norris,mclaren,McLaren,4,2,2,18.0,53,Finished,5.0,,
2025,3,Japanese Grand Prix,2025-04-06,piastri,PIA,Oscar Piastri,mclaren,McLaren,81,3,3,15.0,53,Finished,2.0,,
2025,3,Japanese Grand Prix,2025-04-06,leclerc,LEC,Charles Leclerc,ferrari,Ferrari,16,4,4,12.0,53,Finished,10.0,,
2025,3,Japanese Grand Prix,2025-04-06,russell,RUS,George Russell,mercedes,Mercedes,63,5,5,10.0,53,Finished,8.0,,
2025,3,Japanese Grand Prix,2025-04-06,antonelli,ANT,Andrea Kimi Antonelli,mercedes,Mercedes,12,6,6,8.0,53,Finished,1.0,,
2025,3,Japanese Grand Prix,2025-04-06,hamilton,HAM,Lewis Hamilton,ferrari,Ferrari,44,8,7,6.0,53,Finished,9.0,,
2025,3,Japanese Grand Prix,2025-04-06,hadjar,HAD,Isack Hadjar,rb,RB F1 Team,6,7,8,4.0,53,Finished,7.0,,
2025,3,Japanese Grand Prix,2025-04-06,albon,ALB,Alexander Albon,williams,Williams,23,9,9,2.0,53,Finished,6.0,,
2025,3,Japanese Grand Prix,2025-04-06,bearman,BEA,Oliver Bearman,haas,Haas F1 Team,87,10,10,1.0,53,Finished,15.0,,
2025,3,Japanese Grand Prix,2025-04-06,alonso,ALO,Fernando Alonso,aston_martin,Aston Martin,14,12,11,0.0,53,Finished,11.0,,
2025,3,Japanese Grand Prix,2025-04-06,tsunoda,TSU,Yuki Tsunoda,red_bull,Red Bull,22,14,12,0.0,53,Finished,13.0,,
2025,3,Japanese Grand Prix,2025-04-06,gasly,GAS,Pierre Gasly,alpine,Alpine F1 Team,10,11,13,0.0,53,Finished,12.0,,
2025,3,Japanese Grand Prix,2025-04-06,sainz,SAI,Carlos Sainz,williams,Williams,55,15,14,0.0,53,Finished,4.0,,
2025,3,Japanese Grand Prix,2025-04-06,doohan,DOO,Jack Doohan,alpine,Alpine F1 Team,7,19,15,0.0,53,Finished,20.0,,
2025,3,Japanese Grand Prix,2025-04-06,hulkenberg,HUL,Nico Hülkenberg,sauber,Sauber,27,16,16,0.0,53,Finished,19.0,,
2025,3,Japanese Grand Prix,2025-04-06,lawson,LAW,Liam Lawson,rb,RB F1 Team,30,13,17,0.0,53,Finished,17.0,,
2025,3,Japanese Grand Prix,2025-04-06,ocon,OCO,Esteban Ocon,haas,Haas F1 Team,31,18,18,0.0,53,Finished,14.0,,
2025,3,Japanese Grand Prix,2025-04-06,bortoleto,BOR,Gabriel Bortoleto,sauber,Sauber,5,17,19,0.0,53,Finished,16.0,,
2025,3,Japanese Grand Prix,2025-04-06,stroll,STR,Lance Stroll,aston_martin,Aston Martin,18,20,20,0.0,52,Lapped,18.0,,
2025,4,Bahrain Grand Prix,2025-04-13,piastri,PIA,Oscar Piastri,mclaren,McLaren,81,1,1,25.0,57,Finished,1.0,,
2025,4,Bahrain Grand Prix,2025-04-13,russell,RUS,George Russell,mercedes,Mercedes,63,3,2,18.0,57,Finished,2.0,,
2025,4,Bahrain Grand Prix,2025-04-13,norris,NOR,Lando Norris,mclaren,McLaren,4,6,3,15.0,57,Finished,3.0,,
2025,4,Bahrain Grand Prix,2025-04-13,leclerc,LEC,Charles Leclerc,ferrari,Ferrari,16,2,4,12.0,57,Finished,4.0,,
2025,4,Bahrain Grand Prix,2025-04-13,hamilton,HAM,Lewis Hamilton,ferrari,Ferrari,44,9,5,10.0,57,Finished,6.0,,
2025,4,Bahrain Grand Prix,2025-04-13,max_verstappen,VER,Max Verstappen,red_bull,Red Bull,1,7,6,8.0,57,Finished,5.0,,
2025,4,Bahrain Grand Prix,2025-04-13,gasly,GAS,Pierre Gasly,alpine,Alpine F1 Team,10,4,7,6.0,57,Finished,7.0,,
2025,4,Bahrain Grand Prix,2025-04-13,ocon,OCO,Esteban Ocon,haas,Haas F1 Team,31,14,8,4.0,57,Finished,12.0,,
2025,4,Bahrain Grand Prix,2025-04-13,tsunoda,TSU,Yuki Tsunoda,red_bull,Red Bull,22,10,9,2.0,57,Finished,14.0,,
2025,4,Bahrain Grand Prix,2025-04-13,bearman,BEA,Oliver Bearman,haas,Haas F1 Team,87,20,10,1.0,57,Finished,15.0,,
2025,4,Bahrain Grand Prix,2025-04-13,antonelli,ANT,Andrea Kimi Antonelli,mercedes,Mercedes,12,5,11,0.0,57,Finished,9.0,,
2025,4,Bahrain Grand Prix,2025-04-13,albon,ALB,Alexander Albon,williams,Williams,23,15,12,0.0,57,Finished,13.0,,
2025,4,Bahrain Grand Prix,2025-04-13,hadjar,HAD,Isack Hadjar,rb,RB F1 Team,6,12,13,0.0,57,Finished,10.0,,
2025,4,Bahrain Grand Prix,2025-04-13,doohan,DOO,Jack Doohan,alpine,Alpine F1 Team,7,11,14,0.0,57,Finished,8.0,,
2025,4,Bahrain Grand Prix,2025-04-13,alonso,ALO,Fernando Alonso,aston_martin,Aston Martin,14,13,15,0.0,57,Finished,17.0,,
2025,4,Bahrain Grand Prix,2025-04-13,lawson,LAW,Liam Lawson,rb,RB F1 Team,30,17,16,0.0,57,Finished,16.0,,
2025,4,Bahrain Grand Prix,2025-04-13,stroll,STR,Lance Stroll,aston_martin,Aston Martin,18,19,17,0.0,57,Finished,19.0,,
2025,4,Bahrain Grand Prix,2025-04-13,bortoleto,BOR,Gabriel Bortoleto,sauber,Sauber,5,18,18,0.0,57,Finished,18.0,,
2025,4,Bahrain Grand Prix,2025-04-13,sainz,SAI,Carlos Sainz,williams,Williams,55,8,19,0.0,45,Retired,11.0,,
2025,4,Bahrain Grand Prix,2025-04-13,hulkenberg,HUL,Nico Hülkenberg,sauber,Sauber,27,16,20,0.0,0,Disqualified,,,
2025,5,Saudi Arabian Grand Prix,2025-04-20,piastri,PIA,Oscar Piastri,mclaren,McLaren,81,2,1,25.0,50,Finished,3.0,,
2025,5,Saudi Arabian Grand Prix,2025-04-20,max_verstappen,VER,Max Verstappen,red_bull,Red Bull,1,1,2,18.0,50,Finished,4.0,,
2025,5,Saudi Arabian Grand Prix,2025-04-20,leclerc,LEC,Charles Leclerc,ferrari,Ferrari,16,4,3,15.0,50,Finished,2.0,,
2025,5,Saudi Arabian Grand Prix,2025-04-20,norris,NOR,Lando Norris,mclaren,McLaren,4,10,4,12.0,50,Finished,1.0,,
2025,5,Saudi Arabian Grand Prix,2025-04-20,russell,RUS,George Russell,mercedes,Mercedes,63,3,5,10.0,50,Finished,9.0,,
2025,5,Saudi Arabian Grand Prix,2025-04-20,antonelli,ANT,Andrea Kimi Antonelli,mercedes,Mercedes,12,5,6,8.0,50,Finished,5.0,,
2025,5,Saudi Arabian Grand Prix,2025-04-20,hamilton,HAM,Lewis Hamilton,ferrari,Ferrari,44,7,7,6.0,50,Finished,7.0,,
2025,5,Saudi Arabian Grand Prix,2025-04-20,sainz,SAI,Carlos Sainz,williams,Williams,55,6,8,4.0,50,Finished,6.0,,
2025,5,Saudi Arabian Grand Prix,2025-04-20,albon,ALB,Alexander Albon,williams,Williams,23,11,9,2.0,50,Finished,16.0,,
2025,5,Saudi Arabian Grand Prix,2025-04-20,hadjar,HAD,Isack Hadjar,rb,RB F1 Team,6,14,10,1.0,50,Finished,14.0,,
2025,5,Saudi Arabian Grand Prix,2025-04-20,alonso,ALO,Fernando Alonso,aston_martin,Aston Martin,14,13,11,0.0,50,Finished,11.0,,
2025,5,Saudi Arabian Grand Prix,2025-04-20,lawson,LAW,Liam Lawson,rb,RB F1 Team,30,12,12,0.0,50,Finished,10.0,,
2025,5,Saudi Arabian Grand Prix,2025-04-20,bearman,BEA,Oliver Bearman,haas,Haas F1 Team,87,15,13,0.0,50,Finished,13.0,,
2025,5,Saudi Arabian Grand Prix,2025-04-20,ocon,OCO,Esteban Ocon,haas,Haas F1 Team,31,19,14,0.0,50,Finished,17.0,,
2025,5,Saudi Arabian Grand Prix,2025-04-20,hulkenberg,HUL,Nico Hülkenberg,sauber,Sauber,27,18,15,0.0,49,Lapped,15.0,,
2025,5,Saudi Arabian Grand Prix,2025-04-20,stroll,STR,Lance Stroll,aston_martin,Aston Martin,18,16,16,0.0,49,Lapped,8.0,,
2025,5,Saudi Arabian Grand Prix,2025-04-20,doohan,DOO,Jack Doohan,alpine,Alpine F1 Team,7,17,17,0.0,49,Lapped,12.0,,
2025,5,Saudi Arabian Grand Prix,2025-04-20,bortoleto,BOR,Gabriel Bortoleto,sauber,Sauber,5,20,18,0.0,49,Lapped,18.0,,
2025,5,Saudi Arabian Grand Prix,2025-04-20,tsunoda,TSU,Yuki Tsunoda,red_bull,Red Bull,22,8,19,0.0,1,Retired,,,
2025,5,Saudi Arabian Grand Prix,2025-04-20,gasly,GAS,Pierre Gasly,alpine,Alpine F1 Team,10,9,20,0.0,0,Retired,,,
2025,6,Miami Grand Prix,2025-05-04,piastri,PIA,Oscar Piastri,mclaren,McLaren,81,4,1,25.0,57,Finished,2.0,,
2025,6,Miami Grand Prix,2025-05-04,norris,NOR,Lando Norris,mclaren,McLaren,4,2,2,18.0,57,Finished,1.0,,
2025,6,Miami Grand Prix,2025-05-04,russell,RUS,George Russell,mercedes,Mercedes,63,5,3,15.0,57,Finished,3.0,,
2025,6,Miami Grand Prix,2025-05-04,max_verstappen,VER,Max Verstappen,red_bull,Red Bull,1,1,4,12.0,57,Finished,5.0,,
2025,6,Miami Grand Prix,2025-05-04,albon,ALB,Alexander Albon,williams,Williams,23,7,5,10.0,57,Finished,6.0,,
2025,6,Miami Grand Prix,2025-05-04,antonelli,ANT,Andrea Kimi Antonelli,mercedes,Mercedes,12,3,6,8.0,57,Finished,9.0,,
2025,6,Miami Grand Prix,2025-05-04,leclerc,LEC,Charles Leclerc,ferrari,Ferrari,16,8,7,6.0,57,Finished,4.0,,
2025,6,Miami Grand Prix,2025-05-04,hamilton,HAM,Lewis Hamilton,ferrari,Ferrari,44,12,8,4.0,57,Finished,7.0,,
2025,6,Miami Grand Prix,2025-05-04,sainz,SAI,Carlos Sainz,williams,Williams,55,6,9,2.0,57,Finished,8.0,,
2025,6,Miami Grand Prix,2025-05-04,tsunoda,TSU,Yuki Tsunoda,red_bull,Red Bull,22,10,10,1.0,57,Finished,10.0,,
2025,6,Miami Grand Prix,2025-05-04,hadjar,HAD,Isack Hadjar,rb,RB F1 Team,6,11,11,0.0,57,Finished,11.0,,
2025,6,Miami Grand Prix,2025-05-04,ocon,OCO,Esteban Ocon,haas,Haas F1 Team,31,9,12,0.0,57,Finished,13.0,,
2025,6,Miami Grand Prix,2025-05-04,gasly,GAS,Pierre Gasly,alpine,Alpine F1 Team,10,20,13,0.0,57,Finished,14.0,,
2025,6,Miami Grand Prix,2025-05-04,hulkenberg,HUL,Nico Hülkenberg,sauber,Sauber,27,16,14,0.0,56,Lapped,12.0,,
2025,6,Miami Grand Prix,2025-05-04,alonso,ALO,Fernando Alonso,aston_martin,Aston Martin,14,17,15,0.0,56,Lapped,15.0,,
2025,6,Miami Grand Prix,2025-05-04,stroll,STR,Lance Stroll,aston_martin,Aston Martin,18,18,16,0.0,56,Lapped,16.0,,
2025,6,Miami Grand Prix,2025-05-04,lawson,LAW,Liam Lawson,rb,RB F1 Team,30,15,17,0.0,36,Retired,17.0,,
2025,6,Miami Grand Prix,2025-05-04,bortoleto,BOR,Gabriel Bortoleto,sauber,Sauber,5,13,18,0.0,30,Retired,18.0,,
2025,6,Miami Grand Prix,2025-05-04,bearman,BEA,Oliver Bearman,haas,Haas F1 Team,87,19,19,0.0,27,Retired,19.0,,
2025,6,Miami Grand Prix,2025-05-04,doohan,DOO,Jack Doohan,alpine,Alpine F1 Team,7,14,20,0.0,0,Retired,,,
2025,7,Emilia Romagna Grand Prix,2025-05-18,max_verstappen,VER,Max Verstappen,red_bull,Red Bull,1,2,1,25.0,63,Finished,1.0,,
2025,7,Emilia Romagna Grand Prix,2025-05-18,norris,NOR,Lando Norris,mclaren,McLaren,4,4,2,18.0,63,Finished,4.0,,
2025,7,Emilia Romagna Grand Prix,2025-05-18,piastri,PIA,Oscar Piastri,mclaren,McLaren,81,1,3,15.0,63,Finished,5.0,,
2025,7,Emilia Romagna Grand Prix,2025-05-18,hamilton,HAM,Lewis Hamilton,ferrari,Ferrari,44,12,4,12.0,63,Finished,2.0,,
2025,7,Emilia Romagna Grand Prix,2025-05-18,albon,ALB,Alexander Albon,williams,Williams,23,7,5,10.0,63,Finished,3.0,,
2025,7,Emilia Romagna Grand Prix,2025-05-18,leclerc,LEC,Charles Leclerc,ferrari,Ferrari,16,11,6,8.0,63,Finished,6.0,,
2025,7,Emilia Romagna Grand Prix,2025-05-18,russell,RUS,George Russell,mercedes,Mercedes,63,3,7,6.0,63,Finished,9.0,,
2025,7,Emilia Romagna Grand Prix,2025-05-18,sainz,SAI,Carlos Sainz,williams,Williams,55,6,8,4.0,63,Finished,10.0,,
2025,7,Emilia Romagna Grand Prix,2025-05-18,hadjar,HAD,Isack Hadjar,rb,RB F1 Team,6,9,9,2.0,63,Finished,7.0,,
2025,7,Emilia Romagna Grand Prix,2025-05-18,tsunoda,TSU,Yuki Tsunoda,red_bull,Red Bull,22,20,10,1.0,63,Finished,12.0,,
2025,7,Emilia Romagna Grand Prix,2025-05-18,alonso,ALO,Fernando Alonso,aston_martin,Aston Martin,14,5,11,0.0,63,Finished,11.0,,
2025,7,Emilia Romagna Grand Prix,2025-05-18,hulkenberg,HUL,Nico Hülkenberg,sauber,Sauber,27,17,12,0.0,63,Finished,15.0,,
2025,7,Emilia Romagna Grand Prix,2025-05-18,gasly,GAS,Pierre Gasly,alpine,Alpine F1 Team,10,10,13,0.0,63,Finished,14.0,,
2025,7,Emilia Romagna Grand Prix,2025-05-18,lawson,LAW,Liam Lawson,rb,RB F1 Team,30,15,14,0.0,63,Finished,16.0,,
2025,7,Emilia Romagna Grand Prix,2025-05-18,stroll,STR,Lance Stroll,aston_martin,Aston Martin,18,8,15,0.0,63,Finished,17.0,,
2025,7,Emilia Romagna Grand Prix,2025-05-18,colapinto,COL,Franco Colapinto,alpine,Alpine F1 Team,43,16,16,0.0,63,Finished,13.0,,
2025,7,Emilia Romagna Grand Prix,2025-05-18,bearman,BEA,Oliver Bearman,haas,Haas F1 Team,87,19,17,0.0,63,Finished,8.0,,
2025,7,Emilia Romagna Grand Prix,2025-05-18,bortoleto,BOR,Gabriel Bortoleto,sauber,Sauber,5,14,18,0.0,63,Finished,19.0,,
2025,7,Emilia Romagna Grand Prix,2025-05-18,antonelli,ANT,Andrea Kimi Antonelli,mercedes,Mercedes,12,13,19,0.0,44,Retired,18.0,,
2025,7,Emilia Romagna Grand Prix,2025-05-18,ocon,OCO,Esteban Ocon,haas,Haas F1 Team,31,18,20,0.0,27,Retired,20.0,,
2025,8,Monaco Grand Prix,2025-05-25,norris,NOR,Lando Norris,mclaren,McLaren,4,1,1,25.0,78,Finished,1.0,,
2025,8,Monaco Grand Prix,2025-05-25,leclerc,LEC,Charles Leclerc,ferrari,Ferrari,16,2,2,18.0,78,Finished,6.0,,
2025,8,Monaco Grand Prix,2025-05-25,piastri,PIA,Oscar Piastri,mclaren,McLaren,81,3,3,15.0,78,Finished,4.0,,
2025,8,Monaco Grand Prix,2025-05-25,max_verstappen,VER,Max Verstappen,red_bull,Red Bull,1,4,4,12.0,78,Finished,8.0,,
2025,8,Monaco Grand Prix,2025-05-25,hamilton,HAM,Lewis Hamilton,ferrari,Ferrari,44,7,5,10.0,78,Finished,7.0,,
2025,8,Monaco Grand Prix,2025-05-25,hadjar,HAD,Isack Hadjar,rb,RB F1 Team,6,5,6,8.0,77,Lapped,19.0,,
2025,8,Monaco Grand Prix,2025-05-25,ocon,OCO,Esteban Ocon,haas,Haas F1 Team,31,8,7,6.0,77,Lapped,14.0,,
2025,8,Monaco Grand Prix,2025-05-25,lawson,LAW,Liam Lawson,rb,RB F1 Team,30,9,8,4.0,77,Lapped,17.0,,
2025,8,Monaco Grand Prix,2025-05-25,albon,ALB,Alexander Albon,williams,Williams,23,10,9,2.0,76,Lapped,9.0,,
2025,8,Monaco Grand Prix,2025-05-25,sainz,SAI,Carlos Sainz,williams,Williams,55,11,10,1.0,76,Lapped,5.0,,
2025,8,Monaco Grand Prix,2025-05-25,russell,RUS,George Russell,mercedes,Mercedes,63,14,11,0.0,76,Lapped,2.0,,
2025,8,Monaco Grand Prix,2025-05-25,bearman,BEA,Oliver Bearman,haas,Haas F1 Team,87,20,12,0.0,76,Lapped,10.0,,
2025,8,Monaco Grand Prix,2025-05-25,colapinto,COL,Franco Colapinto,alpine,Alpine F1 Team,43,18,13,0.0,76,Lapped,16.0,,
2025,8,Monaco Grand Prix,2025-05-25,bortoleto,BOR,Gabriel Bortoleto,sauber,Sauber,5,16,14,0.0,76,Lapped,12.0,,
2025,8,Monaco Grand Prix,2025-05-25,stroll,STR,Lance Stroll,aston_martin,Aston Martin,18,19,15,0.0,76,Lapped,11.0,,
2025,8,Monaco Grand Prix,2025-05-25,hulkenberg,HUL,Nico Hülkenberg,sauber,Sauber,27,13,16,0.0,76,Lapped,15.0,,
2025,8,Monaco Grand Prix,2025-05-25,tsunoda,TSU,Yuki Tsunoda,red_bull,Red Bull,22,12,17,0.0,76,Lapped,13.0,,
2025,8,Monaco Grand Prix,2025-05-25,antonelli,ANT,Andrea Kimi Antonelli,mercedes,Mercedes,12,15,18,0.0,75,Lapped,3.0,,
2025,8,Monaco Grand Prix,2025-05-25,alonso,ALO,Fernando Alonso,aston_martin,Aston Martin,14,6,19,0.0,36,Retired,18.0,,
2025,8,Monaco Grand Prix,2025-05-25,gasly,GAS,Pierre Gasly,alpine,Alpine F1 Team,10,17,20,0.0,7,Retired,20.0,,
2025,9,Spanish Grand Prix,2025-06-01,piastri,PIA,Oscar Piastri,mclaren,McLaren,81,1,1,25.0,66,Finished,1.0,,
2025,9,Spanish Grand Prix,2025-06-01,norris,NOR,Lando Norris,mclaren,McLaren,4,2,2,18.0,66,Finished,2.0,,
2025,9,Spanish Grand Prix,2025-06-01,leclerc,LEC,Charles Leclerc,ferrari,Ferrari,16,7,3,15.0,66,Finished,5.0,,
2025,9,Spanish Grand Prix,2025-06-01,russell,RUS,George Russell,mercedes,Mercedes,63,4,4,12.0,66,Finished,4.0,,
2025,9,Spanish Grand Prix,2025-06-01,hulkenberg,HUL,Nico Hülkenberg,sauber,Sauber,27,15,5,10.0,66,Finished,6.0,,
2025,9,Spanish Grand Prix,2025-06-01,hamilton,HAM,Lewis Hamilton,ferrari,Ferrari,44,5,6,8.0,66,Finished,7.0,,
2025,9,Spanish Grand Prix,2025-06-01,hadjar,HAD,Isack Hadjar,rb,RB F1 Team,6,9,7,6.0,66,Finished,8.0,,
2025,9,Spanish Grand Prix,2025-06-01,gasly,GAS,Pierre Gasly,alpine,Alpine F1 Team,10,8,8,4.0,66,Finished,9.0,,
2025,9,Spanish Grand Prix,2025-06-01,alonso,ALO,Fernando Alonso,aston_martin,Aston Martin,14,10,9,2.0,66,Finished,11.0,,
2025,9,Spanish Grand Prix,2025-06-01,max_verstappen,VER,Max Verstappen,red_bull,Red Bull,1,3,10,1.0,66,Finished,3.0,,
2025,9,Spanish Grand Prix,2025-06-01,lawson,LAW,Liam Lawson,rb,RB F1 Team,30,13,11,0.0,66,Finished,18.0,,
2025,9,Spanish Grand Prix,2025-06-01,bortoleto,BOR,Gabriel Bortoleto,sauber,Sauber,5,12,12,0.0,66,Finished,13.0,,
2025,9,Spanish Grand Prix,2025-06-01,tsunoda,TSU,Yuki Tsunoda,red_bull,Red Bull,22,19,13,0.0,66,Finished,10.0,,
2025,9,Spanish Grand Prix,2025-06-01,sainz,SAI,Carlos Sainz,williams,Williams,55,17,14,0.0,66,Finished,17.0,,
2025,9,Spanish Grand Prix,2025-06-01,colapinto,COL,Franco Colapinto,alpine,Alpine F1 Team,43,18,15,0.0,66,Finished,14.0,,
2025,9,Spanish Grand Prix,2025-06-01,ocon,OCO,Esteban Ocon,haas,Haas F1 Team,31,16,16,0.0,66,Finished,15.0,,
2025,9,Spanish Grand Prix,2025-06-01,bearman,BEA,Oliver Bearman,haas,Haas F1 Team,87,14,17,0.0,66,Finished,16.0,,
2025,9,Spanish Grand Prix,2025-06-01,antonelli,ANT,Andrea Kimi Antonelli,mercedes,Mercedes,12,6,18,0.0,53,Retired,12.0,,
2025,9,Spanish Grand Prix,2025-06-01,albon,ALB,Alexander Albon,williams,Williams,23,11,19,0.0,27,Retired,19.0,,
2025,10,Canadian Grand Prix,2025-06-15,russell,RUS,George Russell,mercedes,Mercedes,63,1,1,25.0,70,Finished,1.0,,
2025,10,Canadian Grand Prix,2025-06-15,max_verstappen,VER,Max Verstappen,red_bull,Red Bull,1,2,2,18.0,70,Finished,5.0,,
2025,10,Canadian Grand Prix,2025-06-15,antonelli,ANT,Andrea Kimi Antonelli,mercedes,Mercedes,12,4,3,15.0,70,Finished,7.0,,
2025,10,Canadian Grand Prix,2025-06-15,piastri,PIA,Oscar Piastri,mclaren,McLaren,81,3,4,12.0,70,Finished,3.0,,
2025,10,Canadian Grand Prix,2025-06-15,leclerc,LEC,Charles Leclerc,ferrari,Ferrari,16,8,5,10.0,70,Finished,4.0,,
2025,10,Canadian Grand Prix,2025-06-15,hamilton,HAM,Lewis Hamilton,ferrari,Ferrari,44,5,6,8.0,70,Finished,9.0,,
2025,10,Canadian Grand Prix,2025-06-15,alonso,ALO,Fernando Alonso,aston_martin,Aston Martin,14,6,7,6.0,70,Finished,12.0,,
2025,10,Canadian Grand Prix,2025-06-15,hulkenberg,HUL,Nico Hülkenberg,sauber,Sauber,27,11,8,4.0,70,Finished,14.0,,
2025,10,Canadian Grand Prix,2025-06-15,ocon,OCO,Esteban Ocon,haas,Haas F1 Team,31,14,9,2.0,69,Lapped,8.0,,
2025,10,Canadian Grand Prix,2025-06-15,sainz,SAI,Carlos Sainz,williams,Williams,55,16,10,1.0,69,Lapped,6.0,,
2025,10,Canadian Grand Prix,2025-06-15,bearman,BEA,Oliver Bearman,haas,Haas F1 Team,87,13,11,0.0,69,Lapped,15.0,,
2025,10,Canadian Grand Prix,2025-06-15,tsunoda,TSU,Yuki Tsunoda,red_bull,Red Bull,22,18,12,0.0,69,Lapped,13.0,,
2025,10,Canadian Grand Prix,2025-06-15,colapinto,COL,Franco Colapinto,alpine,Alpine F1 Team,43,10,13,0.0,69,Lapped,17.0,,
2025,10,Canadian Grand Prix,2025-06-15,bortoleto,BOR,Gabriel Bortoleto,sauber,Sauber,5,15,14,0.0,69,Lapped,16.0,,
2025,10,Canadian Grand Prix,2025-06-15,gasly,GAS,Pierre Gasly,alpine,Alpine F1 Team,10,20,15,0.0,69,Lapped,11.0,,
2025,10,Canadian Grand Prix,2025-06-15,hadjar,HAD,Isack Hadjar,rb,RB F1 Team,6,12,16,0.0,69,Lapped,19.0,,
2025,10,Canadian Grand Prix,2025-06-15,stroll,STR,Lance Stroll,aston_martin,Aston Martin,18,17,17,0.0,69,Lapped,10.0,,
2025,10,Canadian Grand Prix,2025-06-15,norris,NOR,Lando Norris,mclaren,McLaren,4,7,18,0.0,66,Retired,2.0,,
2025,10,Canadian Grand Prix,2025-06-15,lawson,LAW,Liam Lawson,rb,RB F1 Team,30,19,19,0.0,53,Retired,20.0,,
2025,10,Canadian Grand Prix,2025-06-15,albon,ALB,Alexander Albon,williams,Williams,23,9,20,0.0,46,Retired,18.0,,
2025,11,Austrian Grand Prix,2025-06-29,norris,NOR,Lando Norris,mclaren,McLaren,4,1,1,25.0,70,Finished,2.0,,
2025,11,Austrian Grand Prix,2025-06-29,piastri,PIA,Oscar Piastri,mclaren,McLaren,81,3,2,18.0,70,Finished,1.0,,
2025,11,Austrian Grand Prix,2025-06-29,leclerc,LEC,Charles Leclerc,ferrari,Ferrari,16,2,3,15.0,70,Finished,4.0,,
2025,11,Austrian Grand Prix,2025-06-29,hamilton,HAM,Lewis Hamilton,ferrari,Ferrari,44,4,4,12.0,70,Finished,3.0,,
2025,11,Austrian Grand Prix,2025-06-29,russell,RUS,George Russell,mercedes,Mercedes,63,5,5,10.0,70,Finished,7.0,,
2025,11,Austrian Grand Prix,2025-06-29,lawson,LAW,Liam Lawson,rb,RB F1 Team,30,6,6,8.0,70,Finished,14.0,,
2025,11,Austrian Grand Prix,2025-06-29,alonso,ALO,Fernando Alonso,aston_martin,Aston Martin,14,11,7,6.0,69,Lapped,12.0,,
2025,11,Austrian Grand Prix,2025-06-29,bortoleto,BOR,Gabriel Bortoleto,sauber,Sauber,5,8,8,4.0,69,Lapped,6.0,,
2025,11,Austrian Grand Prix,2025-06-29,hulkenberg,HUL,Nico Hülkenberg,sauber,Sauber,27,20,9,2.0,69,Lapped,8.0,,
2025,11,Austrian Grand Prix,2025-06-29,ocon,OCO,Esteban Ocon,haas,Haas F1 Team,31,17,10,1.0,69,Lapped,9.0,,
2025,11,Austrian Grand Prix,2025-06-29,bearman,BEA,Oliver Bearman,haas,Haas F1 Team,87,15,11,0.0,69,Lapped,13.0,,
2025,11,Austrian Grand Prix,2025-06-29,hadjar,HAD,Isack Hadjar,rb,RB F1 Team,6,13,12,0.0,69,Lapped,16.0,,
2025,11,Austrian Grand Prix,2025-06-29,gasly,GAS,Pierre Gasly,alpine,Alpine F1 Team,10,10,13,0.0,69,Lapped,15.0,,
2025,11,Austrian Grand Prix,2025-06-29,stroll,STR,Lance Stroll,aston_martin,Aston Martin,18,16,14,0.0,69,Lapped,5.0,,
2025,11,Austrian Grand Prix,2025-06-29,colapinto,COL,Franco Colapinto,alpine,Alpine F1 Team,43,14,15,0.0,69,Lapped,10.0,,
2025,11,Austrian Grand Prix,2025-06-29,tsunoda,TSU,Yuki Tsunoda,red_bull,Red Bull,22,18,16,0.0,68,Lapped,11.0,,
2025,11,Austrian Grand Prix,2025-06-29,albon,ALB,Alexander Albon,williams,Williams,23,12,17,0.0,15,Retired,17.0,,
2025,11,Austrian Grand Prix,2025-06-29,max_verstappen,VER,Max Verstappen,red_bull,Red Bull,1,7,18,0.0,0,Retired,,,
2025,11,Austrian Grand Prix,2025-06-29,antonelli,ANT,Andrea Kimi Antonelli,mercedes,Mercedes,12,9,19,0.0,0,Retired,,,
2025,11,Austrian Grand Prix,2025-06-29,sainz,SAI,Carlos Sainz,williams,Williams,55,19,20,0.0,0,Did not start,,,
2025,12,British Grand Prix,2025-07-06,norris,NOR,Lando Norris,mclaren,McLaren,4,3,1,25.0,52,Finished,2.0,,
2025,12,British Grand Prix,2025-07-06,piastri,PIA,Oscar Piastri,mclaren,McLaren,81,2,2,18.0,52,Finished,1.0,,
2025,12,British Grand Prix,2025-07-06,hulkenberg,HUL,Nico Hülkenberg,sauber,Sauber,27,19,3,15.0,52,Finished,14.0,,
2025,12,British Grand Prix,2025-07-06,hamilton,HAM,Lewis Hamilton,ferrari,Ferrari,44,5,4,12.0,52,Finished,3.0,,
2025,12,British Grand Prix,2025-07-06,max_verstappen,VER,Max Verstappen,red_bull,Red Bull,1,1,5,10.0,52,Finished,5.0,,
2025,12,British Grand Prix,2025-07-06,gasly,GAS,Pierre Gasly,alpine,Alpine F1 Team,10,8,6,8.0,52,Finished,8.0,,
2025,12,British Grand Prix,2025-07-06,stroll,STR,Lance Stroll,aston_martin,Aston Martin,18,17,7,6.0,52,Finished,15.0,,
2025,12,British Grand Prix,2025-07-06,albon,ALB,Alexander Albon,williams,Williams,23,13,8,4.0,52,Finished,4.0,,
2025,12,British Grand Prix,2025-07-06,alonso,ALO,Fernando Alonso,aston_martin,Aston Martin,14,7,9,2.0,52,Finished,6.0,,
2025,12,British Grand Prix,2025-07-06,russell,RUS,George Russell,mercedes,Mercedes,63,4,10,1.0,52,Finished,11.0,,
2025,12,British Grand Prix,2025-07-06,bearman,BEA,Oliver Bearman,haas,Haas F1 Team,87,18,11,0.0,52,Finished,13.0,,
2025,12,British Grand Prix,2025-07-06,sainz,SAI,Carlos Sainz,williams,Williams,55,9,12,0.0,52,Finished,7.0,,
2025,12,British Grand Prix,2025-07-06,ocon,OCO,Esteban Ocon,haas,Haas F1 Team,31,14,13,0.0,52,Finished,9.0,,
2025,12,British Grand Prix,2025-07-06,leclerc,LEC,Charles Leclerc,ferrari,Ferrari,16,6,14,0.0,52,Finished,10.0,,
2025,12,British Grand Prix,2025-07-06,tsunoda,TSU,Yuki Tsunoda,red_bull,Red Bull,22,11,15,0.0,51,Lapped,12.0,,
2025,12,British Grand Prix,2025-07-06,antonelli,ANT,Andrea Kimi Antonelli,mercedes,Mercedes,12,10,16,0.0,23,Retired,17.0,,
2025,12,British Grand Prix,2025-07-06,hadjar,HAD,Isack Hadjar,rb,RB F1 Team,6,12,17,0.0,17,Retired,16.0,,
2025,12,British Grand Prix,2025-07-06,bortoleto,BOR,Gabriel Bortoleto,sauber,Sauber,5,16,18,0.0,3,Retired,18.0,,
2025,12,British Grand Prix,2025-07-06,lawson,LAW,Liam Lawson,rb,RB F1 Team,30,15,19,0.0,0,Retired,,,
2025,12,British Grand Prix,2025-07-06,colapinto,COL,Franco Colapinto,alpine,Alpine F1 Team,43,20,20,0.0,0,Did not start,,,
2025,13,Belgian Grand Prix,2025-07-27,piastri,PIA,Oscar Piastri,mclaren,McLaren,81,2,1,25.0,44,Finished,4.0,,
2025,13,Belgian Grand Prix,2025-07-27,norris,NOR,Lando Norris,mclaren,McLaren,4,1,2,18.0,44,Finished,3.0,,
2025,13,Belgian Grand Prix,2025-07-27,leclerc,LEC,Charles Leclerc,ferrari,Ferrari,16,3,3,15.0,44,Finished,9.0,,
2025,13,Belgian Grand Prix,2025-07-27,max_verstappen,VER,Max Verstappen,red_bull,Red Bull,1,4,4,12.0,44,Finished,7.0,,
2025,13,Belgian Grand Prix,2025-07-27,russell,RUS,George Russell,mercedes,Mercedes,63,6,5,10.0,44,Finished,11.0,,
2025,13,Belgian Grand Prix,2025-07-27,albon,ALB,Alexander Albon,williams,Williams,23,5,6,8.0,44,Finished,15.0,,
2025,13,Belgian Grand Prix,2025-07-27,hamilton,HAM,Lewis Hamilton,ferrari,Ferrari,44,18,7,6.0,44,Finished,10.0,,
2025,13,Belgian Grand Prix,2025-07-27,lawson,LAW,Liam Lawson,rb,RB F1 Team,30,9,8,4.0,44,Finished,12.0,,
2025,13,Belgian Grand Prix,2025-07-27,bortoleto,BOR,Gabriel Bortoleto,sauber,Sauber,5,10,9,2.0,44,Finished,16.0,,
2025,13,Belgian Grand Prix,2025-07-27,gasly,GAS,Pierre Gasly,alpine,Alpine F1 Team,10,13,10,1.0,44,Finished,17.0,,
2025,13,Belgian Grand Prix,2025-07-27,bearman,BEA,Oliver Bearman,haas,Haas F1 Team,87,12,11,0.0,44,Finished,13.0,,
2025,13,Belgian Grand Prix,2025-07-27,hulkenberg,HUL,Nico Hülkenberg,sauber,Sauber,27,14,12,0.0,44,Finished,2.0,,
2025,13,Belgian Grand Prix,2025-07-27,tsunoda,TSU,Yuki Tsunoda,red_bull,Red Bull,22,7,13,0.0,44,Finished,19.0,,
2025,13,Belgian Grand Prix,2025-07-27,stroll,STR,Lance Stroll,aston_martin,Aston Martin,18,16,14,0.0,44,Finished,18.0,,
2025,13,Belgian Grand Prix,2025-07-27,ocon,OCO,Esteban Ocon,haas,Haas F1 Team,31,11,15,0.0,44,Finished,14.0,,
2025,13,Belgian Grand Prix,2025-07-27,antonelli,ANT,Andrea Kimi Antonelli,mercedes,Mercedes,12,19,16,0.0,44,Finished,1.0,,
2025,13,Belgian Grand Prix,2025-07-27,alonso,ALO,Fernando Alonso,aston_martin,Aston Martin,14,20,17,0.0,44,Finished,5.0,,
2025,13,Belgian Grand Prix,2025-07-27,sainz,SAI,Carlos Sainz,williams,Williams,55,17,18,0.0,44,Finished,6.0,,
2025,13,Belgian Grand Prix,2025-07-27,colapinto,COL,Franco Colapinto,alpine,Alpine F1 Team,43,15,19,0.0,44,Finished,8.0,,
2025,13,Belgian Grand Prix,2025-07-27,hadjar,HAD,Isack Hadjar,rb,RB F1 Team,6,8,20,0.0,43,Lapped,20.0,,
2025,14,Hungarian Grand Prix,2025-08-03,norris,NOR,Lando Norris,mclaren,McLaren,4,3,1,25.0,70,Finished,5.0,,
2025,14,Hungarian Grand Prix,2025-08-03,piastri,PIA,Oscar Piastri,mclaren,McLaren,81,2,2,18.0,70,Finished,2.0,,
2025,14,Hungarian Grand Prix,2025-08-03,russell,RUS,George Russell,mercedes,Mercedes,63,4,3,15.0,70,Finished,1.0,,
2025,14,Hungarian Grand Prix,2025-08-03,leclerc,LEC,Charles Leclerc,ferrari,Ferrari,16,1,4,12.0,70,Finished,9.0,,
2025,14,Hungarian Grand Prix,2025-08-03,alonso,ALO,Fernando Alonso,aston_martin,Aston Martin,14,5,5,10.0,70,Finished,8.0,,
2025,14,Hungarian Grand Prix,2025-08-03,bortoleto,BOR,Gabriel Bortoleto,sauber,Sauber,5,7,6,8.0,70,Finished,11.0,,
2025,14,Hungarian Grand Prix,2025-08-03,stroll,STR,Lance Stroll,aston_martin,Aston Martin,18,6,7,6.0,70,Finished,12.0,,
2025,14,Hungarian Grand Prix,2025-08-03,lawson,LAW,Liam Lawson,rb,RB F1 Team,30,9,8,4.0,70,Finished,10.0,,
2025,14,Hungarian Grand Prix,2025-08-03,max_verstappen,VER,Max Verstappen,red_bull,Red Bull,1,8,9,2.0,70,Finished,3.0,,
2025,14,Hungarian Grand Prix,2025-08-03,antonelli,ANT,Andrea Kimi Antonelli,mercedes,Mercedes,12,15,10,1.0,69,Lapped,13.0,,
2025,14,Hungarian Grand Prix,2025-08-03,hadjar,HAD,Isack Hadjar,rb,RB F1 Team,6,10,11,0.0,69,Lapped,15.0,,
2025,14,Hungarian Grand Prix,2025-08-03,hamilton,HAM,Lewis Hamilton,ferrari,Ferrari,44,12,12,0.0,69,Lapped,7.0,,
2025,14,Hungarian Grand Prix,2025-08-03,hulkenberg,HUL,Nico Hülkenberg,sauber,Sauber,27,18,13,0.0,69,Lapped,6.0,,
2025,14,Hungarian Grand Prix,2025-08-03,sainz,SAI,Carlos Sainz,williams,Williams,55,13,14,0.0,69,Lapped,4.0,,
2025,14,Hungarian Grand Prix,2025-08-03,albon,ALB,Alexander Albon,williams,Williams,23,19,15,0.0,69,Lapped,14.0,,
2025,14,Hungarian Grand Prix,2025-08-03,ocon,OCO,Esteban Ocon,haas,Haas F1 Team,31,17,16,0.0,69,Lapped,19.0,,
2025,14,Hungarian Grand Prix,2025-08-03,tsunoda,TSU,Yuki Tsunoda,red_bull,Red Bull,22,20,17,0.0,69,Lapped,17.0,,
2025,14,Hungarian Grand Prix,2025-08-03,colapinto,COL,Franco Colapinto,alpine,Alpine F1 Team,43,14,18,0.0,69,Lapped,16.0,,
2025,14,Hungarian Grand Prix,2025-08-03,gasly,GAS,Pierre Gasly,alpine,Alpine F1 Team,10,16,19,0.0,69,Lapped,18.0,,
2025,14,Hungarian Grand Prix,2025-08-03,bearman,BEA,Oliver Bearman,haas,Haas F1 Team,87,11,20,0.0,48,Retired,20.0,,
2025,15,Dutch Grand Prix,2025-08-31,piastri,PIA,Oscar Piastri,mclaren,McLaren,81,1,1,25.0,72,Finished,1.0,,
2025,15,Dutch Grand Prix,2025-08-31,max_verstappen,VER,Max Verstappen,red_bull,Red Bull,1,3,2,18.0,72,Finished,3.0,,
2025,15,Dutch Grand Prix,2025-08-31,hadjar,HAD,Isack Hadjar,rb,RB F1 Team,6,4,3,15.0,72,Finished,5.0,,
2025,15,Dutch Grand Prix,2025-08-31,russell,RUS,George Russell,mercedes,Mercedes,63,5,4,12.0,72,Finished,9.0,,
2025,15,Dutch Grand Prix,2025-08-31,albon,ALB,Alexander Albon,williams,Williams,23,15,5,10.0,72,Finished,7.0,,
2025,15,Dutch Grand Prix,2025-08-31,bearman,BEA,Oliver Bearman,haas,Haas F1 Team,87,20,6,8.0,72,Finished,13.0,,
2025,15,Dutch Grand Prix,2025-08-31,stroll,STR,Lance Stroll,aston_martin,Aston Martin,18,19,7,6.0,72,Finished,11.0,,
2025,15,Dutch Grand Prix,2025-08-31,alonso,ALO,Fernando Alonso,aston_martin,Aston Martin,14,10,8,4.0,72,Finished,8.0,,
2025,15,Dutch Grand Prix,2025-08-31,tsunoda,TSU,Yuki Tsunoda,red_bull,Red Bull,22,12,9,2.0,72,Finished,16.0,,
2025,15,Dutch Grand Prix,2025-08-31,ocon,OCO,Esteban Ocon,haas,Haas F1 Team,31,18,10,1.0,72,Finished,14.0,,
2025,15,Dutch Grand Prix,2025-08-31,colapinto,COL,Franco Colapinto,alpine,Alpine F1 Team,43,16,11,0.0,72,Finished,4.0,,
2025,15,Dutch Grand Prix,2025-08-31,lawson,LAW,Liam Lawson,rb,RB F1 Team,30,8,12,0.0,72,Finished,12.0,,
2025,15,Dutch Grand Prix,2025-08-31,sainz,SAI,Carlos Sainz,williams,Williams,55,9,13,0.0,72,Finished,10.0,,
2025,15,Dutch Grand Prix,2025-08-31,hulkenberg,HUL,Nico Hülkenberg,sauber,Sauber,27,17,14,0.0,72,Finished,18.0,,
2025,15,Dutch Grand Prix,2025-08-31,bortoleto,BOR,Gabriel Bortoleto,sauber,Sauber,5,13,15,0.0,72,Finished,15.0,,
2025,15,Dutch Grand Prix,2025-08-31,antonelli,ANT,Andrea Kimi Antonelli,mercedes,Mercedes,12,11,16,0.0,72,Finished,6.0,,
2025,15,Dutch Grand Prix,2025-08-31,gasly,GAS,Pierre Gasly,alpine,Alpine F1 Team,10,14,17,0.0,72,Finished,19.0,,
2025,15,Dutch Grand Prix,2025-08-31,norris,NOR,Lando Norris,mclaren,McLaren,4,2,18,0.0,64,Retired,2.0,,
2025,15,Dutch Grand Prix,2025-08-31,leclerc,LEC,Charles Leclerc,ferrari,Ferrari,16,6,19,0.0,52,Retired,17.0,,
2025,15,Dutch Grand Prix,2025-08-31,hamilton,HAM,Lewis Hamilton,ferrari,Ferrari,44,7,20,0.0,22,Retired,20.0,,
2025,16,Italian Grand Prix,2025-09-07,max_verstappen,VER,Max Verstappen,red_bull,Red Bull,1,1,1,25.0,53,Finished,2.0,,
2025,16,Italian Grand Prix,2025-09-07,norris,NOR,Lando Norris,mclaren,McLaren,4,2,2,18.0,53,Finished,1.0,,
2025,16,Italian Grand Prix,2025-09-07,piastri,PIA,Oscar Piastri,mclaren,McLaren,81,3,3,15.0,53,Finished,3.0,,
2025,16,Italian Grand Prix,2025-09-07,leclerc,LEC,Charles Leclerc,ferrari,Ferrari,16,4,4,12.0,53,Finished,4.0,,
2025,16,Italian Grand Prix,2025-09-07,russell,RUS,George Russell,mercedes,Mercedes,63,5,5,10.0,53,Finished,8.0,,
2025,16,Italian Grand Prix,2025-09-07,hamilton,HAM,Lewis Hamilton,ferrari,Ferrari,44,10,6,8.0,53,Finished,6.0,,
2025,16,Italian Grand Prix,2025-09-07,albon,ALB,Alexander Albon,williams,Williams,23,14,7,6.0,53,Finished,5.0,,
2025,16,Italian Grand Prix,2025-09-07,bortoleto,BOR,Gabriel Bortoleto,sauber,Sauber,5,7,8,4.0,53,Finished,12.0,,
2025,16,Italian Grand Prix,2025-09-07,antonelli,ANT,Andrea Kimi Antonelli,mercedes,Mercedes,12,6,9,2.0,53,Finished,10.0,,
2025,16,Italian Grand Prix,2025-09-07,hadjar,HAD,Isack Hadjar,rb,RB F1 Team,6,19,10,1.0,53,Finished,11.0,,
2025,16,Italian Grand Prix,2025-09-07,sainz,SAI,Carlos Sainz,williams,Williams,55,13,11,0.0,53,Finished,7.0,,
2025,16,Italian Grand Prix,2025-09-07,bearman,BEA,Oliver Bearman,haas,Haas F1 Team,87,11,12,0.0,53,Finished,9.0,,
2025,16,Italian Grand Prix,2025-09-07,tsunoda,TSU,Yuki Tsunoda,red_bull,Red Bull,22,9,13,0.0,53,Finished,16.0,,
2025,16,Italian Grand Prix,2025-09-07,lawson,LAW,Liam Lawson,rb,RB F1 Team,30,18,14,0.0,53,Finished,17.0,,
2025,16,Italian Grand Prix,2025-09-07,ocon,OCO,Esteban Ocon,haas,Haas F1 Team,31,15,15,0.0,52,Lapped,18.0,,
2025,16,Italian Grand Prix,2025-09-07,gasly,GAS,Pierre Gasly,alpine,Alpine F1 Team,10,20,16,0.0,52,Lapped,14.0,,
2025,16,Italian Grand Prix,2025-09-07,colapinto,COL,Franco Colapinto,alpine,Alpine F1 Team,43,17,17,0.0,52,Lapped,15.0,,
2025,16,Italian Grand Prix,2025-09-07,stroll,STR,Lance Stroll,aston_martin,Aston Martin,18,16,18,0.0,52,Lapped,13.0,,
2025,16,Italian Grand Prix,2025-09-07,alonso,ALO,Fernando Alonso,aston_martin,Aston Martin,14,8,19,0.0,24,Retired,19.0,,
2025,16,Italian Grand Prix,2025-09-07,hulkenberg,HUL,Nico Hülkenberg,sauber,Sauber,27,12,20,0.0,0,Did not start,,,
2025,17,Azerbaijan Grand Prix,2025-09-21,max_verstappen,VER,Max Verstappen,red_bull,Red Bull,1,1,1,25.0,51,Finished,1.0,,
2025,17,Azerbaijan Grand Prix,2025-09-21,russell,RUS,George Russell,mercedes,Mercedes,63,5,2,18.0,51,Finished,2.0,,
2025,17,Azerbaijan Grand Prix,2025-09-21,sainz,SAI,Carlos Sainz,williams,Williams,55,2,3,15.0,51,Finished,4.0,,
2025,17,Azerbaijan Grand Prix,2025-09-21,antonelli,ANT,Andrea Kimi Antonelli,mercedes,Mercedes,12,4,4,12.0,51,Finished,6.0,,
2025,17,Azerbaijan Grand Prix,2025-09-21,lawson,LAW,Liam Lawson,rb,RB F1 Team,30,3,5,10.0,51,Finished,13.0,,
2025,17,Azerbaijan Grand Prix,2025-09-21,tsunoda,TSU,Yuki Tsunoda,red_bull,Red Bull,22,6,6,8.0,51,Finished,12.0,,
2025,17,Azerbaijan Grand Prix,2025-09-21,norris,NOR,Lando Norris,mclaren,McLaren,4,7,7,6.0,51,Finished,8.0,,
2025,17,Azerbaijan Grand Prix,2025-09-21,hamilton,HAM,Lewis Hamilton,ferrari,Ferrari,44,12,8,4.0,51,Finished,5.0,,
2025,17,Azerbaijan Grand Prix,2025-09-21,leclerc,LEC,Charles Leclerc,ferrari,Ferrari,16,10,9,2.0,51,Finished,9.0,,
2025,17,Azerbaijan Grand Prix,2025-09-21,hadjar,HAD,Isack Hadjar,rb,RB F1 Team,6,8,10,1.0,51,Finished,3.0,,
2025,17,Azerbaijan Grand Prix,2025-09-21,bortoleto,BOR,Gabriel Bortoleto,sauber,Sauber,5,13,11,0.0,51,Finished,14.0,,
2025,17,Azerbaijan Grand Prix,2025-09-21,bearman,BEA,Oliver Bearman,haas,Haas F1 Team,87,15,12,0.0,51,Finished,10.0,,
2025,17,Azerbaijan Grand Prix,2025-09-21,albon,ALB,Alexander Albon,williams,Williams,23,19,13,0.0,51,Finished,7.0,,
2025,17,Azerbaijan Grand Prix,2025-09-21,ocon,OCO,Esteban Ocon,haas,Haas F1 Team,31,20,14,0.0,51,Finished,17.0,,
2025,17,Azerbaijan Grand Prix,2025-09-21,alonso,ALO,Fernando Alonso,aston_martin,Aston Martin,14,11,15,0.0,51,Finished,15.0,,
2025,17,Azerbaijan Grand Prix,2025-09-21,hulkenberg,HUL,Nico Hülkenberg,sauber,Sauber,27,17,16,0.0,51,Finished,11.0,,
2025,17,Azerbaijan Grand Prix,2025-09-21,stroll,STR,Lance Stroll,aston_martin,Aston Martin,18,14,17,0.0,51,Finished,16.0,,
2025,17,Azerbaijan Grand Prix,2025-09-21,gasly,GAS,Pierre Gasly,alpine,Alpine F1 Team,10,18,18,0.0,50,Lapped,18.0,,
2025,17,Azerbaijan Grand Prix,2025-09-21,colapinto,COL,Franco Colapinto,alpine,Alpine F1 Team,43,16,19,0.0,50,Lapped,19.0,,
2025,17,Azerbaijan Grand Prix,2025-09-21,piastri,PIA,Oscar Piastri,mclaren,McLaren,81,9,20,0.0,0,Retired,,,
2025,18,Singapore Grand Prix,2025-10-05,russell,RUS,George Russell,mercedes,Mercedes,63,1,1,25.0,62,Finished,11.0,,
2025,18,Singapore Grand Prix,2025-10-05,max_verstappen,VER,Max Verstappen,red_bull,Red Bull,1,2,2,18.0,62,Finished,10.0,,
2025,18,Singapore Grand Prix,2025-10-05,norris,NOR,Lando Norris,mclaren,McLaren,4,5,3,15.0,62,Finished,7.0,,
2025,18,Singapore Grand Prix,2025-10-05,piastri,PIA,Oscar Piastri,mclaren,McLaren,81,3,4,12.0,62,Finished,6.0,,
2025,18,Singapore Grand Prix,2025-10-05,antonelli,ANT,Andrea Kimi Antonelli,mercedes,Mercedes,12,4,5,10.0,62,Finished,4.0,,
2025,18,Singapore Grand Prix,2025-10-05,leclerc,LEC,Charles Leclerc,ferrari,Ferrari,16,7,6,8.0,62,Finished,14.0,,
2025,18,Singapore Grand Prix,2025-10-05,alonso,ALO,Fernando Alonso,aston_martin,Aston Martin,14,10,7,6.0,62,Finished,13.0,,
2025,18,Singapore Grand Prix,2025-10-05,hamilton,HAM,Lewis Hamilton,ferrari,Ferrari,44,6,8,4.0,62,Finished,1.0,,
2025,18,Singapore Grand Prix,2025-10-05,bearman,BEA,Oliver Bearman,haas,Haas F1 Team,87,9,9,2.0,62,Finished,15.0,,
2025,18,Singapore Grand Prix,2025-10-05,sainz,SAI,Carlos Sainz,williams,Williams,55,18,10,1.0,61,Lapped,3.0,,
2025,18,Singapore Grand Prix,2025-10-05,hadjar,HAD,Isack Hadjar,rb,RB F1 Team,6,8,11,0.0,61,Lapped,18.0,,
2025,18,Singapore Grand Prix,2025-10-05,tsunoda,TSU,Yuki Tsunoda,red_bull,Red Bull,22,13,12,0.0,61,Lapped,17.0,,
2025,18,Singapore Grand Prix,2025-10-05,stroll,STR,Lance Stroll,aston_martin,Aston Martin,18,15,13,0.0,61,Lapped,12.0,,
2025,18,Singapore Grand Prix,2025-10-05,albon,ALB,Alexander Albon,williams,Williams,23,20,14,0.0,61,Lapped,9.0,,
2025,18,Singapore Grand Prix,2025-10-05,lawson,LAW,Liam Lawson,rb,RB F1 Team,30,12,15,0.0,61,Lapped,8.0,,
2025,18,Singapore Grand Prix,2025-10-05,colapinto,COL,Franco Colapinto,alpine,Alpine F1 Team,43,16,16,0.0,61,Lapped,20.0,,
2025,18,Singapore Grand Prix,2025-10-05,bortoleto,BOR,Gabriel Bortoleto,sauber,Sauber,5,14,17,0.0,61,Lapped,19.0,,
2025,18,Singapore Grand Prix,2025-10-05,ocon,OCO,Esteban Ocon,haas,Haas F1 Team,31,17,18,0.0,61,Lapped,16.0,,
2025,18,Singapore Grand Prix,2025-10-05,gasly,GAS,Pierre Gasly,alpine,Alpine F1 Team,10,19,19,0.0,61,Lapped,2.0,,
2025,18,Singapore Grand Prix,2025-10-05,hulkenberg,HUL,Nico Hülkenberg,sauber,Sauber,27,11,20,0.0,61,Lapped,5.0,,
2025,19,United States Grand Prix,2025-10-19,max_verstappen,VER,Max Verstappen,red_bull,Red Bull,1,1,1,25.0,56,Finished,3.0,,
2025,19,United States Grand Prix,2025-10-19,norris,NOR,Lando Norris,mclaren,McLaren,4,2,2,18.0,56,Finished,2.0,,
2025,19,United States Grand Prix,2025-10-19,leclerc,LEC,Charles Leclerc,ferrari,Ferrari,16,3,3,15.0,56,Finished,5.0,,
2025,19,United States Grand Prix,2025-10-19,hamilton,HAM,Lewis Hamilton,ferrari,Ferrari,44,5,4,12.0,56,Finished,8.0,,
2025,19,United States Grand Prix,2025-10-19,piastri,PIA,Oscar Piastri,mclaren,McLaren,81,6,5,10.0,56,Finished,10.0,,
2025,19,United States Grand Prix,2025-10-19,russell,RUS,George Russell,mercedes,Mercedes,63,4,6,8.0,56,Finished,4.0,,
2025,19,United States Grand Prix,2025-10-19,tsunoda,TSU,Yuki Tsunoda,red_bull,Red Bull,22,13,7,6.0,56,Finished,13.0,,
2025,19,United States Grand Prix,2025-10-19,hulkenberg,HUL,Nico Hülkenberg,sauber,Sauber,27,11,8,4.0,56,Finished,9.0,,
2025,19,United States Grand Prix,2025-10-19,bearman,BEA,Oliver Bearman,haas,Haas F1 Team,87,8,9,2.0,56,Finished,16.0,,
2025,19,United States Grand Prix,2025-10-19,alonso,ALO,Fernando Alonso,aston_martin,Aston Martin,14,10,10,1.0,56,Finished,12.0,,
2025,19,United States Grand Prix,2025-10-19,lawson,LAW,Liam Lawson,rb,RB F1 Team,30,12,11,0.0,56,Finished,14.0,,
2025,19,United States Grand Prix,2025-10-19,stroll,STR,Lance Stroll,aston_martin,Aston Martin,18,19,12,0.0,56,Finished,15.0,,
2025,19,United States Grand Prix,2025-10-19,antonelli,ANT,Andrea Kimi Antonelli,mercedes,Mercedes,12,7,13,0.0,56,Finished,1.0,,
2025,19,United States Grand Prix,2025-10-19,albon,ALB,Alexander Albon,williams,Williams,23,18,14,0.0,56,Finished,7.0,,
2025,19,United States Grand Prix,2025-10-19,ocon,OCO,Esteban Ocon,haas,Haas F1 Team,31,17,15,0.0,56,Finished,18.0,,
2025,19,United States Grand Prix,2025-10-19,hadjar,HAD,Isack Hadjar,rb,RB F1 Team,6,20,16,0.0,56,Finished,11.0,,
2025,19,United States Grand Prix,2025-10-19,colapinto,COL,Franco Colapinto,alpine,Alpine F1 Team,43,15,17,0.0,55,Lapped,17.0,,
2025,19,United States Grand Prix,2025-10-19,bortoleto,BOR,Gabriel Bortoleto,sauber,Sauber,5,16,18,0.0,55,Lapped,6.0,,
2025,19,United States Grand Prix,2025-10-19,gasly,GAS,Pierre Gasly,alpine,Alpine F1 Team,10,14,19,0.0,55,Lapped,19.0,,
2025,19,United States Grand Prix,2025-10-19,sainz,SAI,Carlos Sainz,williams,Williams,55,9,20,0.0,5,Retired,20.0,,
2025,20,Mexico City Grand Prix,2025-10-26,norris,NOR,Lando Norris,mclaren,McLaren,4,1,1,25.0,71,Finished,8.0,,
2025,20,Mexico City Grand Prix,2025-10-26,leclerc,LEC,Charles Leclerc,ferrari,Ferrari,16,2,2,18.0,71,Finished,14.0,,
2025,20,Mexico City Grand Prix,2025-10-26,max_verstappen,VER,Max Verstappen,red_bull,Red Bull,1,5,3,15.0,71,Finished,10.0,,
2025,20,Mexico City Grand Prix,2025-10-26,bearman,BEA,Oliver Bearman,haas,Haas F1 Team,87,9,4,12.0,71,Finished,7.0,,
2025,20,Mexico City Grand Prix,2025-10-26,piastri,PIA,Oscar Piastri,mclaren,McLaren,81,7,5,10.0,71,Finished,3.0,,
2025,20,Mexico City Grand Prix,2025-10-26,antonelli,ANT,Andrea Kimi Antonelli,mercedes,Mercedes,12,6,6,8.0,71,Finished,9.0,,
2025,20,Mexico City Grand Prix,2025-10-26,russell,RUS,George Russell,mercedes,Mercedes,63,4,7,6.0,71,Finished,1.0,,
2025,20,Mexico City Grand Prix,2025-10-26,hamilton,HAM,Lewis Hamilton,ferrari,Ferrari,44,3,8,4.0,71,Finished,6.0,,
2025,20,Mexico City Grand Prix,2025-10-26,ocon,OCO,Esteban Ocon,haas,Haas F1 Team,31,11,9,2.0,71,Finished,17.0,,
2025,20,Mexico City Grand Prix,2025-10-26,bortoleto,BOR,Gabriel Bortoleto,sauber,Sauber,5,16,10,1.0,71,Finished,11.0,,
2025,20,Mexico City Grand Prix,2025-10-26,tsunoda,TSU,Yuki Tsunoda,red_bull,Red Bull,22,10,11,0.0,71,Finished,13.0,,
2025,20,Mexico City Grand Prix,2025-10-26,albon,ALB,Alexander Albon,williams,Williams,23,17,12,0.0,70,Lapped,4.0,,
2025,20,Mexico City Grand Prix,2025-10-26,hadjar,HAD,Isack Hadjar,rb,RB F1 Team,6,8,13,0.0,70,Lapped,16.0,,
2025,20,Mexico City Grand Prix,2025-10-26,stroll,STR,Lance Stroll,aston_martin,Aston Martin,18,19,14,0.0,70,Lapped,5.0,,
2025,20,Mexico City Grand Prix,2025-10-26,gasly,GAS,Pierre Gasly,alpine,Alpine F1 Team,10,18,15,0.0,70,Lapped,18.0,,
2025,20,Mexico City Grand Prix,2025-10-26,colapinto,COL,Franco Colapinto,alpine,Alpine F1 Team,43,20,16,0.0,70,Lapped,12.0,,
2025,20,Mexico City Grand Prix,2025-10-26,sainz,SAI,Carlos Sainz,williams,Williams,55,12,17,0.0,67,Retired,2.0,,
2025,20,Mexico City Grand Prix,2025-10-26,alonso,ALO,Fernando Alonso,aston_martin,Aston Martin,14,14,18,0.0,34,Retired,15.0,,
2025,20,Mexico City Grand Prix,2025-10-26,hulkenberg,HUL,Nico Hülkenberg,sauber,Sauber,27,13,19,0.0,25,Retired,19.0,,
2025,20,Mexico City Grand Prix,2025-10-26,lawson,LAW,Liam Lawson,rb,RB F1 Team,30,15,20,0.0,5,Retired,20.0,,
2025,21,São Paulo Grand Prix,2025-11-09,norris,NOR,Lando Norris,mclaren,McLaren,4,1,1,25.0,71,Finished,6.0,,
2025,21,São Paulo Grand Prix,2025-11-09,antonelli,ANT,Andrea Kimi Antonelli,mercedes,Mercedes,12,2,2,18.0,71,Finished,9.0,,
2025,21,São Paulo Grand Prix,2025-11-09,max_verstappen,VER,Max Verstappen,red_bull,Red Bull,1,19,3,15.0,71,Finished,2.0,,
2025,21,São Paulo Grand Prix,2025-11-09,russell,RUS,George Russell,mercedes,Mercedes,63,6,4,12.0,71,Finished,8.0,,
2025,21,São Paulo Grand Prix,2025-11-09,piastri,PIA,Oscar Piastri,mclaren,McLaren,81,4,5,10.0,71,Finished,3.0,,
2025,21,São Paulo Grand Prix,2025-11-09,bearman,BEA,Oliver Bearman,haas,Haas F1 Team,87,8,6,8.0,71,Finished,13.0,,
2025,21,São Paulo Grand Prix,2025-11-09,lawson,LAW,Liam Lawson,rb,RB F1 Team,30,7,7,6.0,71,Finished,18.0,,
2025,21,São Paulo Grand Prix,2025-11-09,hadjar,HAD,Isack Hadjar,rb,RB F1 Team,6,5,8,4.0,71,Finished,15.0,,
2025,21,São Paulo Grand Prix,2025-11-09,hulkenberg,HUL,Nico Hülkenberg,sauber,Sauber,27,10,9,2.0,71,Finished,11.0,,
2025,21,São Paulo Grand Prix,2025-11-09,gasly,GAS,Pierre Gasly,alpine,Alpine F1 Team,10,9,10,1.0,71,Finished,16.0,,
2025,21,São Paulo Grand Prix,2025-11-09,albon,ALB,Alexander Albon,williams,Williams,23,12,11,0.0,71,Finished,1.0,,
2025,21,São Paulo Grand Prix,2025-11-09,ocon,OCO,Esteban Ocon,haas,Haas F1 Team,31,20,12,0.0,71,Finished,12.0,,
2025,21,São Paulo Grand Prix,2025-11-09,sainz,SAI,Carlos Sainz,williams,Williams,55,15,13,0.0,71,Finished,14.0,,
2025,21,São Paulo Grand Prix,2025-11-09,alonso,ALO,Fernando Alonso,aston_martin,Aston Martin,14,11,14,0.0,71,Finished,10.0,,
2025,21,São Paulo Grand Prix,2025-11-09,colapinto,COL,Franco Colapinto,alpine,Alpine F1 Team,43,16,15,0.0,71,Finished,5.0,,
2025,21,São Paulo Grand Prix,2025-11-09,stroll,STR,Lance Stroll,aston_martin,Aston Martin,18,14,16,0.0,71,Finished,7.0,,
2025,21,São Paulo Grand Prix,2025-11-09,tsunoda,TSU,Yuki Tsunoda,red_bull,Red Bull,22,17,17,0.0,71,Finished,4.0,,
2025,21,São Paulo Grand Prix,2025-11-09,hamilton,HAM,Lewis Hamilton,ferrari,Ferrari,44,13,18,0.0,37,Retired,17.0,,
2025,21,São Paulo Grand Prix,2025-11-09,leclerc,LEC,Charles Leclerc,ferrari,Ferrari,16,3,19,0.0,5,Retired,19.0,,
2025,21,São Paulo Grand Prix,2025-11-09,bortoleto,BOR,Gabriel Bortoleto,sauber,Sauber,5,18,20,0.0,0,Retired,,,
2025,22,Las Vegas Grand Prix,2025-11-23,max_verstappen,VER,Max Verstappen,red_bull,Red Bull,1,2,1,25.0,50,Finished,1.0,,
2025,22,Las Vegas Grand Prix,2025-11-23,russell,RUS,George Russell,mercedes,Mercedes,63,4,2,18.0,50,Finished,9.0,,
2025,22,Las Vegas Grand Prix,2025-11-23,antonelli,ANT,Andrea Kimi Antonelli,mercedes,Mercedes,12,17,3,15.0,50,Finished,2.0,,
2025,22,Las Vegas Grand Prix,2025-11-23,leclerc,LEC,Charles Leclerc,ferrari,Ferrari,16,9,4,12.0,50,Finished,3.0,,
2025,22,Las Vegas Grand Prix,2025-11-23,sainz,SAI,Carlos Sainz,williams,Williams,55,3,5,10.0,50,Finished,4.0,,
2025,22,Las Vegas Grand Prix,2025-11-23,hadjar,HAD,Isack Hadjar,rb,RB F1 Team,6,8,6,8.0,50,Finished,10.0,,
2025,22,Las Vegas Grand Prix,2025-11-23,hulkenberg,HUL,Nico Hülkenberg,sauber,Sauber,27,11,7,6.0,50,Finished,8.0,,
2025,22,Las Vegas Grand Prix,2025-11-23,hamilton,HAM,Lewis Hamilton,ferrari,Ferrari,44,19,8,4.0,50,Finished,6.0,,
2025,22,Las Vegas Grand Prix,2025-11-23,ocon,OCO,Esteban Ocon,haas,Haas F1 Team,31,13,9,2.0,50,Finished,7.0,,
2025,22,Las Vegas Grand Prix,2025-11-23,bearman,BEA,Oliver Bearman,haas,Haas F1 Team,87,14,10,1.0,50,Finished,5.0,,
2025,22,Las Vegas Grand Prix,2025-11-23,alonso,ALO,Fernando Alonso,aston_martin,Aston Martin,14,7,11,0.0,50,Finished,14.0,,
2025,22,Las Vegas Grand Prix,2025-11-23,tsunoda,TSU,Yuki Tsunoda,red_bull,Red Bull,22,20,12,0.0,50,Finished,12.0,,
2025,22,Las Vegas Grand Prix,2025-11-23,gasly,GAS,Pierre Gasly,alpine,Alpine F1 Team,10,10,13,0.0,50,Finished,15.0,,
2025,22,Las Vegas Grand Prix,2025-11-23,lawson,LAW,Liam Lawson,rb,RB F1 Team,30,6,14,0.0,49,Lapped,11.0,,
2025,22,Las Vegas Grand Prix,2025-11-23,colapinto,COL,Franco Colapinto,alpine,Alpine F1 Team,43,15,15,0.0,49,Lapped,16.0,,
2025,22,Las Vegas Grand Prix,2025-11-23,albon,ALB,Alexander Albon,williams,Williams,23,16,16,0.0,35,Retired,13.0,,
2025,22,Las Vegas Grand Prix,2025-11-23,bortoleto,BOR,Gabriel Bortoleto,sauber,Sauber,5,18,17,0.0,2,Retired,,,
2025,22,Las Vegas Grand Prix,2025-11-23,stroll,STR,Lance Stroll,aston_martin,Aston Martin,18,12,18,0.0,0,Retired,,,
2025,22,Las Vegas Grand Prix,2025-11-23,norris,NOR,Lando Norris,mclaren,McLaren,4,1,19,0.0,50,Disqualified,,,
2025,22,Las Vegas Grand Prix,2025-11-23,piastri,PIA,Oscar Piastri,mclaren,McLaren,81,5,20,0.0,50,Disqualified,,,
2025,23,Qatar Grand Prix,2025-11-30,max_verstappen,VER,Max Verstappen,red_bull,Red Bull,1,3,1,25.0,57,Finished,5.0,,
2025,23,Qatar Grand Prix,2025-11-30,piastri,PIA,Oscar Piastri,mclaren,McLaren,81,1,2,18.0,57,Finished,1.0,,
2025,23,Qatar Grand Prix,2025-11-30,sainz,SAI,Carlos Sainz,williams,Williams,55,7,3,15.0,57,Finished,6.0,,
2025,23,Qatar Grand Prix,2025-11-30,norris,NOR,Lando Norris,mclaren,McLaren,4,2,4,12.0,57,Finished,2.0,,
2025,23,Qatar Grand Prix,2025-11-30,antonelli,ANT,Andrea Kimi Antonelli,mercedes,Mercedes,12,5,5,10.0,57,Finished,8.0,,
2025,23,Qatar Grand Prix,2025-11-30,russell,RUS,George Russell,mercedes,Mercedes,63,4,6,8.0,57,Finished,3.0,,
2025,23,Qatar Grand Prix,2025-11-30,alonso,ALO,Fernando Alonso,aston_martin,Aston Martin,14,8,7,6.0,57,Finished,7.0,,
2025,23,Qatar Grand Prix,2025-11-30,leclerc,LEC,Charles Leclerc,ferrari,Ferrari,16,10,8,4.0,57,Finished,13.0,,
2025,23,Qatar Grand Prix,2025-11-30,lawson,LAW,Liam Lawson,rb,RB F1 Team,30,12,9,2.0,57,Finished,9.0,,
2025,23,Qatar Grand Prix,2025-11-30,tsunoda,TSU,Yuki Tsunoda,red_bull,Red Bull,22,15,10,1.0,57,Finished,10.0,,
2025,23,Qatar Grand Prix,2025-11-30,albon,ALB,Alexander Albon,williams,Williams,23,14,11,0.0,57,Finished,11.0,,
2025,23,Qatar Grand Prix,2025-11-30,hamilton,HAM,Lewis Hamilton,ferrari,Ferrari,44,17,12,0.0,57,Finished,14.0,,
2025,23,Qatar Grand Prix,2025-11-30,bortoleto,BOR,Gabriel Bortoleto,sauber,Sauber,5,19,13,0.0,57,Finished,17.0,,
2025,23,Qatar Grand Prix,2025-11-30,colapinto,COL,Franco Colapinto,alpine,Alpine F1 Team,43,20,14,0.0,56,Lapped,19.0,,
2025,23,Qatar Grand Prix,2025-11-30,ocon,OCO,Esteban Ocon,haas,Haas F1 Team,31,16,15,0.0,56,Lapped,16.0,,
2025,23,Qatar Grand Prix,2025-11-30,gasly,GAS,Pierre Gasly,alpine,Alpine F1 Team,10,9,16,0.0,56,Lapped,18.0,,
2025,23,Qatar Grand Prix,2025-11-30,stroll,STR,Lance Stroll,aston_martin,Aston Martin,18,18,17,0.0,55,Retired,4.0,,
2025,23,Qatar Grand Prix,2025-11-30,hadjar,HAD,Isack Hadjar,rb,RB F1 Team,6,6,18,0.0,55,Retired,12.0,,
2025,23,Qatar Grand Prix,2025-11-30,bearman,BEA,Oliver Bearman,haas,Haas F1 Team,87,13,19,0.0,41,Retired,15.0,,
2025,23,Qatar Grand Prix,2025-11-30,hulkenberg,HUL,Nico Hülkenberg,sauber,Sauber,27,11,20,0.0,6,Retired,20.0,,
2025,24,Abu Dhabi Grand Prix,2025-12-07,max_verstappen,VER,Max Verstappen,red_bull,Red Bull,1,1,1,25.0,58,Finished,5.0,,
2025,24,Abu Dhabi Grand Prix,2025-12-07,piastri,PIA,Oscar Piastri,mclaren,McLaren,81,3,2,18.0,58,Finished,2.0,,
2025,24,Abu Dhabi Grand Prix,2025-12-07,norris,NOR,Lando Norris,mclaren,McLaren,4,2,3,15.0,58,Finished,3.0,,
2025,24,Abu Dhabi Grand Prix,2025-12-07,leclerc,LEC,Charles Leclerc,ferrari,Ferrari,16,5,4,12.0,58,Finished,1.0,,
2025,24,Abu Dhabi Grand Prix,2025-12-07,russell,RUS,George Russell,mercedes,Mercedes,63,4,5,10.0,58,Finished,14.0,,
2025,24,Abu Dhabi Grand Prix,2025-12-07,alonso,ALO,Fernando Alonso,aston_martin,Aston Martin,14,6,6,8.0,58,Finished,11.0,,
2025,24,Abu Dhabi Grand Prix,2025-12-07,ocon,OCO,Esteban Ocon,haas,Haas F1 Team,31,8,7,6.0,58,Finished,15.0,,
2025,24,Abu Dhabi Grand Prix,2025-12-07,hamilton,HAM,Lewis Hamilton,ferrari,Ferrari,44,16,8,4.0,58,Finished,10.0,,
2025,24,Abu Dhabi Grand Prix,2025-12-07,hulkenberg,HUL,Nico Hülkenberg,sauber,Sauber,27,18,9,2.0,58,Finished,4.0,,
2025,24,Abu Dhabi Grand Prix,2025-12-07,stroll,STR,Lance Stroll,aston_martin,Aston Martin,18,15,10,1.0,58,Finished,6.0,,
2025,24,Abu Dhabi Grand Prix,2025-12-07,bortoleto,BOR,Gabriel Bortoleto,sauber,Sauber,5,7,11,0.0,58,Finished,19.0,,
2025,24,Abu Dhabi Grand Prix,2025-12-07,bearman,BEA,Oliver Bearman,haas,Haas F1 Team,87,11,12,0.0,58,Finished,17.0,,
2025,24,Abu Dhabi Grand Prix,2025-12-07,sainz,SAI,Carlos Sainz,williams,Williams,55,12,13,0.0,58,Finished,18.0,,
2025,24,Abu Dhabi Grand Prix,2025-12-07,tsunoda,TSU,Yuki Tsunoda,red_bull,Red Bull,22,10,14,0.0,58,Finished,13.0,,
2025,24,Abu Dhabi Grand Prix,2025-12-07,antonelli,ANT,Andrea Kimi Antonelli,mercedes,Mercedes,12,14,15,0.0,58,Finished,9.0,,
2025,24,Abu Dhabi Grand Prix,2025-12-07,albon,ALB,Alexander Albon,williams,Williams,23,17,16,0.0,58,Finished,12.0,,
2025,24,Abu Dhabi Grand Prix,2025-12-07,hadjar,HAD,Isack Hadjar,rb,RB F1 Team,6,9,17,0.0,57,Lapped,20.0,,
2025,24,Abu Dhabi Grand Prix,2025-12-07,lawson,LAW,Liam Lawson,rb,RB F1 Team,30,13,18,0.0,57,Lapped,16.0,,
2025,24,Abu Dhabi Grand Prix,2025-12-07,gasly,GAS,Pierre Gasly,alpine,Alpine F1 Team,10,19,19,0.0,57,Lapped,8.0,,
2025,24,Abu Dhabi Grand Prix,2025-12-07,colapinto,COL,Franco Colapinto,alpine,Alpine F1 Team,43,20,20,0.0,57,Lapped,7.0,,
