season,round,driver_id,driver_name,constructor_id,constructor,qualifying_position,grid,previous_finish,avg_finish_all_previous,avg_qualifying_all_previous,avg_finish_last_5,avg_qualifying_last_5,season_points_so_far,season_wins_so_far,season_podiums_so_far,constructor_points_so_far,constructor_wins_so_far,constructor_podiums_so_far,career_races_before,finish_position
2010,1,alguersuari,Jaime Alguersuari,toro_rosso,Toro Rosso,18.0,18,20.0,20.0,20.0,20.0,20.0,0.0,0,0,0.0,0,0,0,13
2010,1,alonso,Fernando Alonso,ferrari,Ferrari,3.0,3,20.0,20.0,20.0,20.0,20.0,0.0,0,0,0.0,0,0,0,1
2010,1,barrichello,Rubens Barrichello,williams,Williams,11.0,11,20.0,20.0,20.0,20.0,20.0,0.0,0,0,0.0,0,0,0,10
2010,1,bruno_senna,Bruno Senna,hrt,HRT,23.0,23,20.0,20.0,20.0,20.0,20.0,0.0,0,0,0.0,0,0,0,19
2010,1,buemi,Sébastien Buemi,toro_rosso,Toro Rosso,15.0,15,20.0,20.0,20.0,20.0,20.0,0.0,0,0,0.0,0,0,0,16
2010,1,button,Jenson Button,mclaren,McLaren,8.0,8,20.0,20.0,20.0,20.0,20.0,0.0,0,0,0.0,0,0,0,7
2010,1,chandhok,Karun Chandhok,hrt,HRT,24.0,24,20.0,20.0,20.0,20.0,20.0,0.0,0,0,0.0,0,0,0,24
2010,1,glock,Timo Glock,virgin,Virgin,19.0,19,20.0,20.0,20.0,20.0,20.0,0.0,0,0,0.0,0,0,0,20
2010,1,grassi,Lucas di Grassi,virgin,Virgin,22.0,22,20.0,20.0,20.0,20.0,20.0,0.0,0,0,0.0,0,0,0,23
2010,1,hamilton,Lewis Hamilton,mclaren,McLaren,4.0,4,20.0,20.0,20.0,20.0,20.0,0.0,0,0,6.0,0,0,0,3
2010,1,hulkenberg,Nico Hülkenberg,williams,Williams,13.0,13,20.0,20.0,20.0,20.0,20.0,0.0,0,0,1.0,0,0,0,14
2010,1,kobayashi,Kamui Kobayashi,sauber,Sauber,16.0,16,20.0,20.0,20.0,20.0,20.0,0.0,0,0,0.0,0,0,0,22
2010,1,kovalainen,Heikki Kovalainen,lotus_racing,Lotus,21.0,21,20.0,20.0,20.0,20.0,20.0,0.0,0,0,0.0,0,0,0,15
2010,1,kubica,Robert Kubica,renault,Renault,9.0,9,20.0,20.0,20.0,20.0,20.0,0.0,0,0,0.0,0,0,0,11
2010,1,liuzzi,Vitantonio Liuzzi,force_india,Force India,12.0,12,20.0,20.0,20.0,20.0,20.0,0.0,0,0,0.0,0,0,0,9
2010,1,massa,Felipe Massa,ferrari,Ferrari,2.0,2,20.0,20.0,20.0,20.0,20.0,0.0,0,0,25.0,1,1,0,2
2010,1,michael_schumacher,Michael Schumacher,mercedes,Mercedes,7.0,7,20.0,20.0,20.0,20.0,20.0,0.0,0,0,0.0,0,0,0,6
2010,1,petrov,Vitaly Petrov,renault,Renault,17.0,17,20.0,20.0,20.0,20.0,20.0,0.0,0,0,0.0,0,0,0,21
2010,1,rosa,Pedro de la Rosa,sauber,Sauber,14.0,14,20.0,20.0,20.0,20.0,20.0,0.0,0,0,0.0,0,0,0,18
2010,1,rosberg,Nico Rosberg,mercedes,Mercedes,5.0,5,20.0,20.0,20.0,20.0,20.0,0.0,0,0,8.0,0,0,0,5
2010,1,sutil,Adrian Sutil,force_india,Force India,10.0,10,20.0,20.0,20.0,20.0,20.0,0.0,0,0,2.0,0,0,0,12
2010,1,trulli,Jarno Trulli,lotus_racing,Lotus,20.0,20,20.0,20.0,20.0,20.0,20.0,0.0,0,0,0.0,0,0,0,17
2010,1,vettel,Sebastian Vettel,red_bull,Red Bull,1.0,1,20.0,20.0,20.0,20.0,20.0,0.0,0,0,0.0,0,0,0,4
2010,1,webber,Mark Webber,red_bull,Red Bull,6.0,6,20.0,20.0,20.0,20.0,20.0,0.0,0,0,12.0,0,0,0,8
2010,2,alguersuari,Jaime Alguersuari,toro_rosso,Toro Rosso,17.0,17,13.0,13.0,18.0,13.0,18.0,0.0,0,0,0.0,0,0,1,11
2010,2,alonso,Fernando Alonso,ferrari,Ferrari,3.0,3,1.0,1.0,3.0,1.0,3.0,25.0,1,1,43.0,1,2,1,4
2010,2,barrichello,Rubens Barrichello,williams,Williams,8.0,8,10.0,10.0,11.0,10.0,11.0,1.0,0,0,1.0,0,0,1,8
2010,2,bruno_senna,Bruno Senna,hrt,HRT,23.0,21,19.0,19.0,23.0,19.0,23.0,0.0,0,0,0.0,0,0,1,20
2010,2,buemi,Sébastien Buemi,toro_rosso,Toro Rosso,12.0,12,16.0,16.0,15.0,16.0,15.0,0.0,0,0,0.0,0,0,1,21
2010,2,button,Jenson Button,mclaren,McLaren,4.0,4,7.0,7.0,8.0,7.0,8.0,6.0,0,0,21.0,0,1,1,1
2010,2,chandhok,Karun Chandhok,hrt,HRT,24.0,22,24.0,24.0,24.0,24.0,24.0,0.0,0,0,0.0,0,0,1,14
2010,2,glock,Timo Glock,virgin,Virgin,21.0,23,20.0,20.0,19.0,20.0,19.0,0.0,0,0,0.0,0,0,1,15
2010,2,grassi,Lucas di Grassi,virgin,Virgin,22.0,24,23.0,23.0,22.0,23.0,22.0,0.0,0,0,0.0,0,0,1,16
2010,2,hamilton,Lewis Hamilton,mclaren,McLaren,11.0,11,3.0,3.0,4.0,3.0,4.0,15.0,0,1,46.0,1,2,1,6
2010,2,hulkenberg,Nico Hülkenberg,williams,Williams,15.0,15,14.0,14.0,13.0,14.0,13.0,0.0,0,0,5.0,0,0,1,22
2010,2,kobayashi,Kamui Kobayashi,sauber,Sauber,16.0,16,22.0,22.0,16.0,22.0,16.0,0.0,0,0,0.0,0,0,1,23
2010,2,kovalainen,Heikki Kovalainen,lotus_racing,Lotus,19.0,19,15.0,15.0,21.0,15.0,21.0,0.0,0,0,0.0,0,0,1,13
2010,2,kubica,Robert Kubica,renault,Renault,9.0,9,11.0,11.0,9.0,11.0,9.0,0.0,0,0,0.0,0,0,1,2
2010,2,liuzzi,Vitantonio Liuzzi,force_india,Force India,13.0,13,9.0,9.0,12.0,9.0,12.0,2.0,0,0,2.0,0,0,1,7
2010,2,massa,Felipe Massa,ferrari,Ferrari,5.0,5,2.0,2.0,2.0,2.0,2.0,18.0,0,1,55.0,1,2,1,3
2010,2,michael_schumacher,Michael Schumacher,mercedes,Mercedes,7.0,7,6.0,6.0,7.0,6.0,7.0,8.0,0,0,18.0,0,0,1,10
2010,2,petrov,Vitaly Petrov,renault,Renault,18.0,18,21.0,21.0,17.0,21.0,17.0,0.0,0,0,18.0,0,1,1,19
2010,2,rosa,Pedro de la Rosa,sauber,Sauber,14.0,14,18.0,18.0,14.0,18.0,14.0,0.0,0,0,0.0,0,0,1,12
2010,2,rosberg,Nico Rosberg,mercedes,Mercedes,6.0,6,5.0,5.0,5.0,5.0,5.0,10.0,0,0,19.0,0,0,1,5
2010,2,sutil,Adrian Sutil,force_india,Force India,10.0,10,12.0,12.0,10.0,12.0,10.0,0.0,0,0,8.0,0,0,1,18
2010,2,trulli,Jarno Trulli,lotus_racing,Lotus,20.0,20,17.0,17.0,20.0,17.0,20.0,0.0,0,0,0.0,0,0,1,24
2010,2,vettel,Sebastian Vettel,red_bull,Red Bull,1.0,1,4.0,4.0,1.0,4.0,1.0,12.0,0,0,16.0,0,0,1,17
2010,2,webber,Mark Webber,red_bull,Red Bull,2.0,2,8.0,8.0,6.0,8.0,6.0,4.0,0,0,16.0,0,0,1,9
2010,3,alguersuari,Jaime Alguersuari,toro_rosso,Toro Rosso,14.0,14,11.0,12.0,17.5,12.0,17.5,0.0,0,0,0.0,0,0,2,9
2010,3,alonso,Fernando Alonso,ferrari,Ferrari,19.0,19,4.0,2.5,3.0,2.5,3.0,37.0,1,1,70.0,1,3,2,13
2010,3,barrichello,Rubens Barrichello,williams,Williams,7.0,7,8.0,9.0,9.5,9.0,9.5,5.0,0,0,5.0,0,0,2,12
2010,3,bruno_senna,Bruno Senna,hrt,HRT,23.0,23,20.0,19.5,23.0,19.5,23.0,0.0,0,0,0.0,0,0,2,16
2010,3,buemi,Sébastien Buemi,toro_rosso,Toro Rosso,13.0,13,21.0,18.5,13.5,18.5,13.5,0.0,0,0,2.0,0,0,2,11
2010,3,button,Jenson Button,mclaren,McLaren,17.0,17,1.0,4.0,6.0,4.0,6.0,31.0,1,1,54.0,1,2,2,8
2010,3,chandhok,Karun Chandhok,hrt,HRT,22.0,22,14.0,19.0,24.0,19.0,24.0,0.0,0,0,0.0,0,0,2,15
2010,3,glock,Timo Glock,virgin,Virgin,16.0,16,15.0,17.5,20.0,17.5,20.0,0.0,0,0,0.0,0,0,2,23
2010,3,grassi,Lucas di Grassi,virgin,Virgin,24.0,24,16.0,19.5,22.0,19.5,22.0,0.0,0,0,0.0,0,0,2,14
2010,3,hamilton,Lewis Hamilton,mclaren,McLaren,20.0,20,6.0,4.5,7.5,4.5,7.5,23.0,0,1,58.0,1,2,2,6
2010,3,hulkenberg,Nico Hülkenberg,williams,Williams,5.0,5,22.0,18.0,14.0,18.0,14.0,0.0,0,0,5.0,0,0,2,10
2010,3,kobayashi,Kamui Kobayashi,sauber,Sauber,9.0,9,23.0,22.5,16.0,22.5,16.0,0.0,0,0,0.0,0,0,2,22
2010,3,kovalainen,Heikki Kovalainen,lotus_racing,Lotus,15.0,15,13.0,14.0,20.0,14.0,20.0,0.0,0,0,0.0,0,0,2,18
2010,3,kubica,Robert Kubica,renault,Renault,6.0,6,2.0,6.5,9.0,6.5,9.0,18.0,0,1,18.0,0,1,2,4
2010,3,liuzzi,Vitantonio Liuzzi,force_india,Force India,10.0,10,7.0,8.0,12.5,8.0,12.5,8.0,0,0,8.0,0,0,2,20
2010,3,massa,Felipe Massa,ferrari,Ferrari,21.0,21,3.0,2.5,3.5,2.5,3.5,33.0,0,2,70.0,1,3,2,7
2010,3,michael_schumacher,Michael Schumacher,mercedes,Mercedes,8.0,8,10.0,8.0,7.0,8.0,7.0,9.0,0,0,29.0,0,0,2,21
2010,3,petrov,Vitaly Petrov,renault,Renault,11.0,11,19.0,20.0,17.5,20.0,17.5,0.0,0,0,30.0,0,1,2,19
2010,3,rosa,Pedro de la Rosa,sauber,Sauber,12.0,12,12.0,15.0,14.0,15.0,14.0,0.0,0,0,0.0,0,0,2,24
2010,3,rosberg,Nico Rosberg,mercedes,Mercedes,2.0,2,5.0,5.0,5.5,5.0,5.5,20.0,0,0,29.0,0,0,2,3
2010,3,sutil,Adrian Sutil,force_india,Force India,4.0,4,18.0,15.0,10.0,15.0,10.0,0.0,0,0,8.0,0,0,2,5
2010,3,trulli,Jarno Trulli,lotus_racing,Lotus,18.0,18,24.0,20.5,20.0,20.5,20.0,0.0,0,0,0.0,0,0,2,17
2010,3,vettel,Sebastian Vettel,red_bull,Red Bull,3.0,3,17.0,10.5,1.0,10.5,1.0,12.0,0,0,18.0,0,0,2,1
2010,3,webber,Mark Webber,red_bull,Red Bull,1.0,1,9.0,8.5,4.0,8.5,4.0,6.0,0,0,43.0,1,1,2,2
2010,4,alguersuari,Jaime Alguersuari,toro_rosso,Toro Rosso,12.0,12,9.0,11.0,16.333333333333332,11.0,16.333333333333332,2.0,0,0,2.0,0,0,3,13
2010,4,alonso,Fernando Alonso,ferrari,Ferrari,3.0,3,13.0,6.0,8.333333333333334,6.0,8.333333333333334,37.0,1,1,76.0,1,3,3,4
2010,4,barrichello,Rubens Barrichello,williams,Williams,11.0,11,12.0,10.0,8.666666666666666,10.0,8.666666666666666,5.0,0,0,6.0,0,0,3,12
2010,4,bruno_senna,Bruno Senna,hrt,HRT,23.0,23,16.0,18.333333333333332,23.0,18.333333333333332,23.0,0.0,0,0,0.0,0,0,3,16
2010,4,buemi,Sébastien Buemi,toro_rosso,Toro Rosso,13.0,13,11.0,16.0,13.333333333333334,16.0,13.333333333333334,0.0,0,0,2.0,0,0,3,21
2010,4,button,Jenson Button,mclaren,McLaren,5.0,5,8.0,5.333333333333333,9.666666666666666,5.333333333333333,9.666666666666666,35.0,1,1,66.0,1,2,3,1
2010,4,chandhok,Karun Chandhok,hrt,HRT,24.0,24,15.0,17.666666666666668,23.333333333333332,17.666666666666668,23.333333333333332,0.0,0,0,0.0,0,0,3,17
2010,4,glock,Timo Glock,virgin,Virgin,19.0,19,23.0,19.333333333333332,18.666666666666668,19.333333333333332,18.666666666666668,0.0,0,0,0.0,0,0,3,24
2010,4,grassi,Lucas di Grassi,virgin,Virgin,22.0,22,14.0,17.666666666666668,22.666666666666668,17.666666666666668,22.666666666666668,0.0,0,0,0.0,0,0,3,19
2010,4,hamilton,Lewis Hamilton,mclaren,McLaren,6.0,6,6.0,5.0,11.666666666666666,5.0,11.666666666666666,31.0,0,1,91.0,2,3,3,2
2010,4,hulkenberg,Nico Hülkenberg,williams,Williams,16.0,16,10.0,15.333333333333334,11.0,15.333333333333334,11.0,1.0,0,0,6.0,0,0,3,15
2010,4,kobayashi,Kamui Kobayashi,sauber,Sauber,15.0,15,22.0,22.333333333333332,13.666666666666666,22.333333333333332,13.666666666666666,0.0,0,0,0.0,0,0,3,22
2010,4,kovalainen,Heikki Kovalainen,lotus_racing,Lotus,21.0,21,18.0,15.333333333333334,18.333333333333332,15.333333333333334,18.333333333333332,0.0,0,0,0.0,0,0,3,14
2010,4,kubica,Robert Kubica,renault,Renault,8.0,8,4.0,5.666666666666667,8.0,5.666666666666667,8.0,30.0,0,1,30.0,0,1,3,5
2010,4,liuzzi,Vitantonio Liuzzi,force_india,Force India,18.0,18,20.0,12.0,11.666666666666666,12.0,11.666666666666666,8.0,0,0,18.0,0,0,3,23
2010,4,massa,Felipe Massa,ferrari,Ferrari,7.0,7,7.0,4.0,9.333333333333334,4.0,9.333333333333334,39.0,0,2,88.0,1,3,3,9
2010,4,michael_schumacher,Michael Schumacher,mercedes,Mercedes,9.0,9,21.0,12.333333333333334,7.333333333333333,12.333333333333334,7.333333333333333,9.0,0,0,44.0,0,1,3,10
2010,4,petrov,Vitaly Petrov,renault,Renault,14.0,14,19.0,19.666666666666668,15.333333333333334,19.666666666666668,15.333333333333334,0.0,0,0,40.0,0,1,3,7
2010,4,rosa,Pedro de la Rosa,sauber,Sauber,17.0,17,24.0,18.0,13.333333333333334,18.0,13.333333333333334,0.0,0,0,0.0,0,0,3,20
2010,4,rosberg,Nico Rosberg,mercedes,Mercedes,4.0,4,3.0,4.333333333333333,4.333333333333333,4.333333333333333,4.333333333333333,35.0,0,1,45.0,0,1,3,3
2010,4,sutil,Adrian Sutil,force_india,Force India,10.0,10,5.0,11.666666666666666,8.0,11.666666666666666,8.0,10.0,0,0,18.0,0,0,3,11
2010,4,trulli,Jarno Trulli,lotus_racing,Lotus,20.0,20,17.0,19.333333333333332,19.333333333333332,19.333333333333332,19.333333333333332,0.0,0,0,0.0,0,0,3,18
2010,4,vettel,Sebastian Vettel,red_bull,Red Bull,1.0,1,1.0,7.333333333333333,1.6666666666666667,7.333333333333333,1.6666666666666667,37.0,1,1,61.0,1,2,3,6
2010,4,webber,Mark Webber,red_bull,Red Bull,2.0,2,2.0,6.333333333333333,3.0,6.333333333333333,3.0,24.0,0,1,69.0,1,2,3,8
2010,5,alguersuari,Jaime Alguersuari,toro_rosso,Toro Rosso,16.0,15,13.0,11.5,15.25,11.5,15.25,2.0,0,0,2.0,0,0,4,10
2010,5,alonso,Fernando Alonso,ferrari,Ferrari,4.0,4,4.0,5.5,7.0,5.5,7.0,49.0,1,1,90.0,1,3,4,2
2010,5,barrichello,Rubens Barrichello,williams,Williams,18.0,17,12.0,10.5,9.25,10.5,9.25,5.0,0,0,6.0,0,0,4,9
2010,5,bruno_senna,Bruno Senna,hrt,HRT,24.0,21,16.0,17.75,23.0,17.75,23.0,0.0,0,0,0.0,0,0,4,23
2010,5,buemi,Sébastien Buemi,toro_rosso,Toro Rosso,15.0,14,21.0,17.25,13.25,17.25,13.25,0.0,0,0,3.0,0,0,4,20
2010,5,button,Jenson Button,mclaren,McLaren,5.0,5,1.0,4.25,8.5,4.25,8.5,60.0,2,2,109.0,2,4,4,5
2010,5,chandhok,Karun Chandhok,hrt,HRT,23.0,24,17.0,17.5,23.5,17.5,23.5,0.0,0,0,0.0,0,0,4,21
2010,5,glock,Timo Glock,virgin,Virgin,21.0,22,24.0,20.5,18.75,20.5,18.75,0.0,0,0,0.0,0,0,4,18
2010,5,grassi,Lucas di Grassi,virgin,Virgin,22.0,23,19.0,18.0,22.5,18.0,22.5,0.0,0,0,0.0,0,0,4,19
2010,5,hamilton,Lewis Hamilton,mclaren,McLaren,3.0,3,2.0,4.25,10.25,4.25,10.25,49.0,0,2,119.0,2,4,4,14
2010,5,hulkenberg,Nico Hülkenberg,williams,Williams,13.0,13,15.0,15.25,12.25,15.25,12.25,1.0,0,0,8.0,0,0,4,16
2010,5,kobayashi,Kamui Kobayashi,sauber,Sauber,10.0,10,22.0,22.25,14.0,22.25,14.0,0.0,0,0,0.0,0,0,4,12
2010,5,kovalainen,Heikki Kovalainen,lotus_racing,Lotus,20.0,20,14.0,15.0,19.0,15.0,19.0,0.0,0,0,0.0,0,0,4,24
2010,5,kubica,Robert Kubica,renault,Renault,7.0,7,5.0,5.5,8.0,5.5,8.0,40.0,0,1,46.0,0,1,4,8
2010,5,liuzzi,Vitantonio Liuzzi,force_india,Force India,17.0,16,23.0,14.75,13.25,14.75,13.25,8.0,0,0,18.0,0,0,4,15
2010,5,massa,Felipe Massa,ferrari,Ferrari,9.0,9,9.0,5.25,8.75,5.25,8.75,41.0,0,2,108.0,1,4,4,6
2010,5,michael_schumacher,Michael Schumacher,mercedes,Mercedes,6.0,6,10.0,11.75,7.75,11.75,7.75,10.0,0,0,60.0,0,2,4,4
2010,5,petrov,Vitaly Petrov,renault,Renault,14.0,19,7.0,16.5,15.0,16.5,15.0,6.0,0,0,50.0,0,1,4,11
2010,5,rosa,Pedro de la Rosa,sauber,Sauber,12.0,12,20.0,18.5,14.25,18.5,14.25,0.0,0,0,0.0,0,0,4,22
2010,5,rosberg,Nico Rosberg,mercedes,Mercedes,8.0,8,3.0,4.0,4.25,4.0,4.25,50.0,0,2,72.0,0,2,4,13
2010,5,sutil,Adrian Sutil,force_india,Force India,11.0,11,11.0,11.5,8.5,11.5,8.5,10.0,0,0,18.0,0,0,4,7
2010,5,trulli,Jarno Trulli,lotus_racing,Lotus,19.0,18,18.0,19.0,19.5,19.0,19.5,0.0,0,0,0.0,0,0,4,17
2010,5,vettel,Sebastian Vettel,red_bull,Red Bull,2.0,2,6.0,7.0,1.5,7.0,1.5,45.0,1,1,73.0,1,2,4,3
2010,5,webber,Mark Webber,red_bull,Red Bull,1.0,1,8.0,6.75,2.75,6.75,2.75,28.0,0,1,88.0,1,3,4,1
2010,6,alguersuari,Jaime Alguersuari,toro_rosso,Toro Rosso,17.0,17,10.0,11.2,15.4,11.2,15.4,3.0,0,0,3.0,0,0,5,11
2010,6,alonso,Fernando Alonso,ferrari,Ferrari,24.0,24,2.0,4.8,6.4,4.8,6.4,67.0,1,2,116.0,1,4,5,6
2010,6,barrichello,Rubens Barrichello,williams,Williams,9.0,9,9.0,10.2,11.0,10.2,11.0,7.0,0,0,8.0,0,0,5,18
2010,6,bruno_senna,Bruno Senna,hrt,HRT,22.0,22,23.0,18.8,23.2,18.8,23.2,0.0,0,0,0.0,0,0,5,17
2010,6,buemi,Sébastien Buemi,toro_rosso,Toro Rosso,13.0,13,20.0,17.8,13.6,17.8,13.6,0.0,0,0,3.0,0,0,5,10
2010,6,button,Jenson Button,mclaren,McLaren,8.0,8,5.0,4.4,7.8,4.4,7.8,70.0,2,2,119.0,2,4,5,23
2010,6,chandhok,Karun Chandhok,hrt,HRT,23.0,23,21.0,18.2,23.4,18.2,23.4,0.0,0,0,0.0,0,0,5,14
2010,6,glock,Timo Glock,virgin,Virgin,20.0,20,18.0,20.0,19.2,20.0,19.2,0.0,0,0,0.0,0,0,5,21
2010,6,grassi,Lucas di Grassi,virgin,Virgin,21.0,21,19.0,18.2,22.4,18.2,22.4,0.0,0,0,0.0,0,0,5,20
2010,6,hamilton,Lewis Hamilton,mclaren,McLaren,5.0,5,14.0,6.2,8.8,6.2,8.8,49.0,0,2,119.0,2,4,5,5
2010,6,hulkenberg,Nico Hülkenberg,williams,Williams,11.0,11,16.0,15.4,12.4,15.4,12.4,1.0,0,0,8.0,0,0,5,24
2010,6,kobayashi,Kamui Kobayashi,sauber,Sauber,16.0,16,12.0,20.2,13.2,20.2,13.2,0.0,0,0,0.0,0,0,5,19
2010,6,kovalainen,Heikki Kovalainen,lotus_racing,Lotus,18.0,18,24.0,16.8,19.2,16.8,19.2,0.0,0,0,0.0,0,0,5,16
2010,6,kubica,Robert Kubica,renault,Renault,2.0,2,8.0,6.0,7.8,6.0,7.8,44.0,0,1,50.0,0,1,5,3
2010,6,liuzzi,Vitantonio Liuzzi,force_india,Force India,10.0,10,15.0,14.8,14.0,14.8,14.0,8.0,0,0,24.0,0,0,5,9
2010,6,massa,Felipe Massa,ferrari,Ferrari,4.0,4,6.0,5.4,8.8,5.4,8.8,49.0,0,2,124.0,1,4,5,4
2010,6,michael_schumacher,Michael Schumacher,mercedes,Mercedes,7.0,7,4.0,10.2,7.4,10.2,7.4,22.0,0,0,72.0,0,2,5,12
2010,6,petrov,Vitaly Petrov,renault,Renault,14.0,14,11.0,15.4,14.8,15.4,14.8,6.0,0,0,65.0,0,2,5,13
2010,6,rosa,Pedro de la Rosa,sauber,Sauber,15.0,15,22.0,19.2,13.8,19.2,13.8,0.0,0,0,0.0,0,0,5,22
2010,6,rosberg,Nico Rosberg,mercedes,Mercedes,6.0,6,13.0,5.8,5.0,5.8,5.0,50.0,0,2,72.0,0,2,5,7
2010,6,sutil,Adrian Sutil,force_india,Force India,12.0,12,7.0,10.6,9.0,10.6,9.0,16.0,0,0,26.0,0,0,5,8
2010,6,trulli,Jarno Trulli,lotus_racing,Lotus,19.0,19,17.0,18.6,19.4,18.6,19.4,0.0,0,0,0.0,0,0,5,15
2010,6,vettel,Sebastian Vettel,red_bull,Red Bull,3.0,3,3.0,6.2,1.6,6.2,1.6,60.0,1,2,113.0,2,4,5,2
2010,6,webber,Mark Webber,red_bull,Red Bull,1.0,1,1.0,5.6,2.4,5.6,2.4,53.0,1,2,131.0,2,5,5,1
2010,7,alguersuari,Jaime Alguersuari,toro_rosso,Toro Rosso,16.0,16,11.0,11.166666666666666,15.666666666666666,10.8,15.2,3.0,0,0,4.0,0,0,6,12
2010,7,alonso,Fernando Alonso,ferrari,Ferrari,12.0,12,6.0,5.0,9.333333333333334,5.8,10.6,75.0,1,2,136.0,1,4,6,8
2010,7,barrichello,Rubens Barrichello,williams,Williams,15.0,15,18.0,11.5,10.666666666666666,11.8,10.6,7.0,0,0,8.0,0,0,6,14
2010,7,bruno_senna,Bruno Senna,hrt,HRT,22.0,22,17.0,18.5,23.0,18.4,23.0,0.0,0,0,0.0,0,0,6,21
2010,7,buemi,Sébastien Buemi,toro_rosso,Toro Rosso,14.0,14,10.0,16.5,13.5,16.6,13.2,1.0,0,0,4.0,0,0,6,16
2010,7,button,Jenson Button,mclaren,McLaren,4.0,4,23.0,7.5,7.833333333333333,7.6,7.8,70.0,2,2,129.0,2,4,6,2
2010,7,chandhok,Karun Chandhok,hrt,HRT,24.0,24,14.0,17.5,23.333333333333332,16.2,23.2,0.0,0,0,0.0,0,0,6,20
2010,7,glock,Timo Glock,virgin,Virgin,21.0,21,21.0,20.166666666666668,19.333333333333332,20.2,19.4,0.0,0,0,0.0,0,0,6,18
2010,7,grassi,Lucas di Grassi,virgin,Virgin,23.0,23,20.0,18.5,22.166666666666668,17.6,22.2,0.0,0,0,0.0,0,0,6,19
2010,7,hamilton,Lewis Hamilton,mclaren,McLaren,2.0,2,5.0,6.0,8.166666666666666,6.6,9.0,59.0,0,2,147.0,2,5,6,1
2010,7,hulkenberg,Nico Hülkenberg,williams,Williams,17.0,17,24.0,16.833333333333332,12.166666666666666,17.4,12.0,1.0,0,0,8.0,0,0,6,17
2010,7,kobayashi,Kamui Kobayashi,sauber,Sauber,10.0,10,19.0,20.0,13.666666666666666,19.6,13.2,0.0,0,0,0.0,0,0,6,10
2010,7,kovalainen,Heikki Kovalainen,lotus_racing,Lotus,20.0,20,16.0,16.666666666666668,19.0,17.0,18.6,0.0,0,0,0.0,0,0,6,23
2010,7,kubica,Robert Kubica,renault,Renault,7.0,7,3.0,5.5,6.833333333333333,4.4,6.4,59.0,0,2,65.0,0,2,6,6
2010,7,liuzzi,Vitantonio Liuzzi,force_india,Force India,18.0,18,9.0,13.833333333333334,13.333333333333334,14.8,13.6,10.0,0,0,30.0,0,0,6,13
2010,7,massa,Felipe Massa,ferrari,Ferrari,8.0,8,4.0,5.166666666666667,8.0,5.8,9.2,61.0,0,2,140.0,1,4,6,7
2010,7,michael_schumacher,Michael Schumacher,mercedes,Mercedes,5.0,5,12.0,10.5,7.333333333333333,11.4,7.4,22.0,0,0,78.0,0,2,6,4
2010,7,petrov,Vitaly Petrov,renault,Renault,9.0,9,13.0,15.0,14.666666666666666,13.8,14.2,6.0,0,0,73.0,0,2,6,15
2010,7,rosa,Pedro de la Rosa,sauber,Sauber,13.0,13,22.0,19.666666666666668,14.0,20.0,14.0,0.0,0,0,1.0,0,0,6,11
2010,7,rosberg,Nico Rosberg,mercedes,Mercedes,6.0,6,7.0,6.0,5.166666666666667,6.2,5.2,56.0,0,2,90.0,0,2,6,5
2010,7,sutil,Adrian Sutil,force_india,Force India,11.0,11,8.0,10.166666666666666,9.5,9.8,9.4,20.0,0,0,30.0,0,0,6,9
2010,7,trulli,Jarno Trulli,lotus_racing,Lotus,19.0,19,15.0,18.0,19.333333333333332,18.2,19.2,0.0,0,0,0.0,0,0,6,24
2010,7,vettel,Sebastian Vettel,red_bull,Red Bull,3.0,3,2.0,5.5,1.8333333333333333,5.8,2.0,78.0,1,3,156.0,3,6,6,22
2010,7,webber,Mark Webber,red_bull,Red Bull,1.0,1,1.0,4.833333333333333,2.1666666666666665,4.2,1.4,78.0,2,3,156.0,3,6,6,3
2010,8,alguersuari,Jaime Alguersuari,toro_rosso,Toro Rosso,16.0,16,12.0,11.285714285714286,15.714285714285714,11.0,15.0,3.0,0,0,4.0,0,0,7,12
2010,8,alonso,Fernando Alonso,ferrari,Ferrari,4.0,3,8.0,5.428571428571429,9.714285714285714,6.6,12.4,79.0,1,2,146.0,1,4,7,3
2010,8,barrichello,Rubens Barrichello,williams,Williams,11.0,11,14.0,11.857142857142858,11.285714285714286,13.0,12.0,7.0,0,0,8.0,0,0,7,14
2010,8,bruno_senna,Bruno Senna,hrt,HRT,22.0,22,21.0,18.857142857142858,22.857142857142858,18.6,22.8,0.0,0,0,0.0,0,0,7,23
2010,8,buemi,Sébastien Buemi,toro_rosso,Toro Rosso,15.0,15,16.0,16.428571428571427,13.571428571428571,15.6,13.6,1.0,0,0,4.0,0,0,7,8
2010,8,button,Jenson Button,mclaren,McLaren,5.0,4,2.0,6.714285714285714,7.285714285714286,7.8,7.8,88.0,2,3,172.0,3,6,7,2
2010,8,chandhok,Karun Chandhok,hrt,HRT,24.0,24,20.0,17.857142857142858,23.428571428571427,17.4,23.2,0.0,0,0,0.0,0,0,7,18
2010,8,glock,Timo Glock,virgin,Virgin,21.0,21,18.0,19.857142857142858,19.571428571428573,20.8,19.4,0.0,0,0,0.0,0,0,7,20
2010,8,grassi,Lucas di Grassi,virgin,Virgin,23.0,23,19.0,18.571428571428573,22.285714285714285,18.2,22.4,0.0,0,0,0.0,0,0,7,19
2010,8,hamilton,Lewis Hamilton,mclaren,McLaren,1.0,1,1.0,5.285714285714286,7.285714285714286,5.6,7.2,84.0,1,3,190.0,3,7,7,1
2010,8,hulkenberg,Nico Hülkenberg,williams,Williams,12.0,12,17.0,16.857142857142858,12.857142857142858,16.4,12.4,1.0,0,0,8.0,0,0,7,13
2010,8,kobayashi,Kamui Kobayashi,sauber,Sauber,18.0,18,10.0,18.571428571428573,13.142857142857142,17.0,12.0,1.0,0,0,1.0,0,0,7,24
2010,8,kovalainen,Heikki Kovalainen,lotus_racing,Lotus,19.0,19,23.0,17.571428571428573,19.142857142857142,19.0,18.8,0.0,0,0,0.0,0,0,7,16
2010,8,kubica,Robert Kubica,renault,Renault,8.0,8,6.0,5.571428571428571,6.857142857142857,5.2,6.0,67.0,0,2,73.0,0,2,7,7
2010,8,liuzzi,Vitantonio Liuzzi,force_india,Force India,6.0,5,13.0,13.714285714285714,14.0,16.0,14.6,10.0,0,0,32.0,0,0,7,9
2010,8,massa,Felipe Massa,ferrari,Ferrari,7.0,6,7.0,5.428571428571429,8.0,6.6,9.8,67.0,0,2,161.0,1,5,7,15
2010,8,michael_schumacher,Michael Schumacher,mercedes,Mercedes,13.0,13,4.0,9.571428571428571,7.0,10.2,7.0,34.0,0,0,100.0,0,2,7,11
2010,8,petrov,Vitaly Petrov,renault,Renault,14.0,14,15.0,15.0,13.857142857142858,13.0,12.4,6.0,0,0,79.0,0,2,7,17
2010,8,rosa,Pedro de la Rosa,sauber,Sauber,17.0,17,11.0,18.428571428571427,13.857142857142858,19.8,13.8,0.0,0,0,1.0,0,0,7,22
2010,8,rosberg,Nico Rosberg,mercedes,Mercedes,10.0,10,5.0,5.857142857142857,5.285714285714286,6.2,5.2,66.0,0,2,100.0,0,2,7,6
2010,8,sutil,Adrian Sutil,force_india,Force India,9.0,9,9.0,10.0,9.714285714285714,8.0,9.6,22.0,0,0,34.0,0,0,7,10
2010,8,trulli,Jarno Trulli,lotus_racing,Lotus,20.0,20,24.0,18.857142857142858,19.285714285714285,18.2,19.0,0.0,0,0,0.0,0,0,7,21
2010,8,vettel,Sebastian Vettel,red_bull,Red Bull,3.0,2,22.0,7.857142857142857,2.0,6.8,2.4,78.0,1,3,171.0,3,7,7,4
2010,8,webber,Mark Webber,red_bull,Red Bull,2.0,7,3.0,4.571428571428571,2.0,3.0,1.2,93.0,2,4,183.0,3,7,7,5
2010,9,alguersuari,Jaime Alguersuari,toro_rosso,Toro Rosso,17.0,17,12.0,11.375,15.75,11.6,15.4,3.0,0,0,8.0,0,0,8,13
2010,9,alonso,Fernando Alonso,ferrari,Ferrari,4.0,4,3.0,5.125,9.0,4.6,9.4,94.0,1,3,161.0,1,5,8,8
2010,9,barrichello,Rubens Barrichello,williams,Williams,9.0,9,14.0,12.125,11.25,13.4,12.8,7.0,0,0,8.0,0,0,8,4
2010,9,bruno_senna,Bruno Senna,hrt,HRT,24.0,24,23.0,19.375,22.75,20.0,22.6,0.0,0,0,0.0,0,0,8,20
2010,9,buemi,Sébastien Buemi,toro_rosso,Toro Rosso,11.0,11,8.0,15.375,13.75,15.0,14.0,5.0,0,0,8.0,0,0,8,9
2010,9,button,Jenson Button,mclaren,McLaren,7.0,7,2.0,6.125,7.0,6.6,5.4,106.0,2,4,215.0,4,8,8,3
2010,9,chandhok,Karun Chandhok,hrt,HRT,23.0,23,18.0,17.875,23.5,18.0,23.6,0.0,0,0,0.0,0,0,8,18
2010,9,glock,Timo Glock,virgin,Virgin,22.0,22,20.0,19.875,19.75,20.2,20.4,0.0,0,0,0.0,0,0,8,19
2010,9,grassi,Lucas di Grassi,virgin,Virgin,21.0,21,19.0,18.625,22.375,19.2,22.2,0.0,0,0,0.0,0,0,8,17
2010,9,hamilton,Lewis Hamilton,mclaren,McLaren,3.0,3,1.0,4.75,6.5,4.6,3.4,109.0,2,4,230.0,4,9,8,2
2010,9,hulkenberg,Nico Hülkenberg,williams,Williams,8.0,8,13.0,16.375,12.75,17.0,13.8,1.0,0,0,20.0,0,0,8,22
2010,9,kobayashi,Kamui Kobayashi,sauber,Sauber,18.0,18,24.0,19.25,13.75,17.4,13.8,1.0,0,0,1.0,0,0,8,7
2010,9,kovalainen,Heikki Kovalainen,lotus_racing,Lotus,20.0,20,16.0,17.375,19.125,18.6,19.6,0.0,0,0,0.0,0,0,8,23
2010,9,kubica,Robert Kubica,renault,Renault,6.0,6,7.0,5.75,7.0,5.8,6.4,73.0,0,2,79.0,0,2,8,5
2010,9,liuzzi,Vitantonio Liuzzi,force_india,Force India,14.0,14,9.0,13.125,13.0,13.8,13.8,12.0,0,0,35.0,0,0,8,16
2010,9,massa,Felipe Massa,ferrari,Ferrari,5.0,5,15.0,6.625,7.875,8.2,7.0,67.0,0,2,165.0,1,5,8,11
2010,9,michael_schumacher,Michael Schumacher,mercedes,Mercedes,15.0,15,11.0,9.75,7.75,8.2,8.0,34.0,0,0,108.0,0,2,8,15
2010,9,petrov,Vitaly Petrov,renault,Renault,10.0,10,17.0,15.25,13.875,12.6,13.0,6.0,0,0,89.0,0,2,8,14
2010,9,rosa,Pedro de la Rosa,sauber,Sauber,16.0,16,22.0,18.875,14.25,19.4,14.8,0.0,0,0,7.0,0,0,8,12
2010,9,rosberg,Nico Rosberg,mercedes,Mercedes,12.0,12,6.0,5.875,5.875,6.8,6.8,74.0,0,2,108.0,0,2,8,10
2010,9,sutil,Adrian Sutil,force_india,Force India,13.0,13,10.0,10.0,9.625,9.0,10.6,23.0,0,0,35.0,0,0,8,6
2010,9,trulli,Jarno Trulli,lotus_racing,Lotus,19.0,19,21.0,19.125,19.375,19.0,19.4,0.0,0,0,0.0,0,0,8,21
2010,9,vettel,Sebastian Vettel,red_bull,Red Bull,1.0,1,4.0,7.375,2.125,7.4,2.4,90.0,1,3,193.0,3,7,8,1
2010,9,webber,Mark Webber,red_bull,Red Bull,2.0,2,5.0,4.625,2.0,3.6,1.4,103.0,2,4,218.0,4,8,8,24
2010,10,alguersuari,Jaime Alguersuari,toro_rosso,Toro Rosso,18.0,17,13.0,11.555555555555555,15.88888888888889,11.6,16.4,3.0,0,0,10.0,0,0,9,21
2010,10,alonso,Fernando Alonso,ferrari,Ferrari,3.0,3,8.0,5.444444444444445,8.444444444444445,5.4,9.6,98.0,1,3,165.0,1,5,9,14
2010,10,barrichello,Rubens Barrichello,williams,Williams,8.0,8,4.0,11.222222222222221,11.0,11.8,12.4,19.0,0,0,20.0,0,0,9,5
2010,10,buemi,Sébastien Buemi,toro_rosso,Toro Rosso,17.0,16,9.0,14.666666666666666,13.444444444444445,12.6,13.6,7.0,0,0,10.0,0,0,9,12
2010,10,button,Jenson Button,mclaren,McLaren,14.0,14,3.0,5.777777777777778,7.0,7.0,5.8,121.0,2,5,248.0,4,10,9,4
2010,10,chandhok,Karun Chandhok,hrt,HRT,23.0,23,18.0,17.88888888888889,23.444444444444443,18.2,23.4,0.0,0,0,0.0,0,0,9,19
2010,10,glock,Timo Glock,virgin,Virgin,20.0,19,19.0,19.77777777777778,20.0,19.2,21.0,0.0,0,0,0.0,0,0,9,18
2010,10,grassi,Lucas di Grassi,virgin,Virgin,22.0,22,17.0,18.444444444444443,22.22222222222222,18.8,22.0,0.0,0,0,0.0,0,0,9,24
2010,10,hamilton,Lewis Hamilton,mclaren,McLaren,4.0,4,2.0,4.444444444444445,6.111111111111111,4.6,2.8,127.0,2,5,260.0,4,10,9,2
2010,10,hulkenberg,Nico Hülkenberg,williams,Williams,13.0,13,22.0,17.0,12.222222222222221,18.4,12.2,1.0,0,0,30.0,0,0,9,10
2010,10,kobayashi,Kamui Kobayashi,sauber,Sauber,12.0,12,7.0,17.88888888888889,14.222222222222221,14.4,14.4,7.0,0,0,7.0,0,0,9,6
2010,10,kovalainen,Heikki Kovalainen,lotus_racing,Lotus,19.0,18,23.0,18.0,19.22222222222222,20.4,19.4,0.0,0,0,0.0,0,0,9,17
2010,10,kubica,Robert Kubica,renault,Renault,6.0,6,5.0,5.666666666666667,6.888888888888889,5.8,6.0,83.0,0,2,89.0,0,2,9,23
2010,10,liuzzi,Vitantonio Liuzzi,force_india,Force India,15.0,20,16.0,13.444444444444445,13.11111111111111,12.4,13.0,12.0,0,0,43.0,0,0,9,11
2010,10,massa,Felipe Massa,ferrari,Ferrari,7.0,7,11.0,7.111111111111111,7.555555555555555,8.6,6.6,67.0,0,2,165.0,1,5,9,15
2010,10,michael_schumacher,Michael Schumacher,mercedes,Mercedes,10.0,10,15.0,10.333333333333334,8.555555555555555,9.2,9.2,34.0,0,0,109.0,0,2,9,9
2010,10,petrov,Vitaly Petrov,renault,Renault,16.0,15,14.0,15.11111111111111,13.444444444444445,14.0,12.2,6.0,0,0,89.0,0,2,9,13
2010,10,rosa,Pedro de la Rosa,sauber,Sauber,9.0,9,12.0,18.11111111111111,14.444444444444445,17.8,14.6,0.0,0,0,15.0,0,0,9,22
2010,10,rosberg,Nico Rosberg,mercedes,Mercedes,5.0,5,10.0,6.333333333333333,6.555555555555555,8.2,8.4,75.0,0,2,111.0,0,2,9,3
2010,10,sutil,Adrian Sutil,force_india,Force India,11.0,11,6.0,9.555555555555555,10.0,8.0,11.2,31.0,0,0,43.0,0,0,9,8
2010,10,trulli,Jarno Trulli,lotus_racing,Lotus,21.0,21,21.0,19.333333333333332,19.333333333333332,19.6,19.2,0.0,0,0,0.0,0,0,9,16
2010,10,vettel,Sebastian Vettel,red_bull,Red Bull,1.0,1,1.0,6.666666666666667,2.0,6.4,2.4,115.0,2,4,218.0,4,8,9,7
2010,10,webber,Mark Webber,red_bull,Red Bull,2.0,2,24.0,6.777777777777778,2.0,6.8,1.4,103.0,2,4,224.0,4,8,9,1
2010,10,yamamoto,Sakon Yamamoto,hrt,HRT,24.0,24,20.0,20.0,20.0,20.0,20.0,0.0,0,0,0.0,0,0,0,20
2010,11,alguersuari,Jaime Alguersuari,toro_rosso,Toro Rosso,16.0,15,21.0,12.5,16.1,13.8,16.8,3.0,0,0,10.0,0,0,10,15
2010,11,alonso,Fernando Alonso,ferrari,Ferrari,2.0,2,14.0,6.3,7.9,7.8,9.4,98.0,1,3,165.0,1,5,10,1
2010,11,barrichello,Rubens Barrichello,williams,Williams,8.0,8,5.0,10.6,10.7,11.0,10.4,29.0,0,0,31.0,0,0,10,12
2010,11,bruno_senna,Bruno Senna,hrt,HRT,21.0,20,20.0,19.444444444444443,22.88888888888889,20.8,22.8,0.0,0,0,0.0,0,0,9,19
2010,11,buemi,Sébastien Buemi,toro_rosso,Toro Rosso,17.0,16,12.0,14.4,13.8,11.0,14.0,7.0,0,0,10.0,0,0,10,24
2010,11,button,Jenson Button,mclaren,McLaren,5.0,5,4.0,5.6,7.7,6.8,7.6,133.0,2,5,278.0,4,11,10,5
2010,11,glock,Timo Glock,virgin,Virgin,20.0,23,18.0,19.6,20.0,19.2,20.8,0.0,0,0,0.0,0,0,10,18
2010,11,grassi,Lucas di Grassi,virgin,Virgin,24.0,24,24.0,19.0,22.2,19.8,22.0,0.0,0,0,0.0,0,0,10,21
2010,11,hamilton,Lewis Hamilton,mclaren,McLaren,6.0,6,2.0,4.2,5.9,2.2,3.0,145.0,2,6,288.0,4,11,10,4
2010,11,hulkenberg,Nico Hülkenberg,williams,Williams,10.0,10,10.0,16.3,12.3,17.2,12.2,2.0,0,0,31.0,0,0,10,13
2010,11,kobayashi,Kamui Kobayashi,sauber,Sauber,12.0,12,6.0,16.7,14.0,13.2,14.8,15.0,0,0,15.0,0,0,10,11
2010,11,kovalainen,Heikki Kovalainen,lotus_racing,Lotus,19.0,18,17.0,17.9,19.2,19.0,19.2,0.0,0,0,0.0,0,0,10,20
2010,11,kubica,Robert Kubica,renault,Renault,7.0,7,23.0,7.4,6.8,8.8,5.8,83.0,0,2,89.0,0,2,10,7
2010,11,liuzzi,Vitantonio Liuzzi,force_india,Force India,22.0,21,11.0,13.2,13.3,11.6,12.6,12.0,0,0,47.0,0,0,10,16
2010,11,massa,Felipe Massa,ferrari,Ferrari,3.0,3,15.0,7.9,7.5,10.4,6.2,67.0,0,2,190.0,2,6,10,2
2010,11,michael_schumacher,Michael Schumacher,mercedes,Mercedes,11.0,11,9.0,10.2,8.7,10.2,10.0,36.0,0,0,126.0,0,3,10,9
2010,11,petrov,Vitaly Petrov,renault,Renault,13.0,13,13.0,14.9,13.7,14.4,12.6,6.0,0,0,95.0,0,2,10,10
2010,11,rosa,Pedro de la Rosa,sauber,Sauber,15.0,14,22.0,18.5,13.9,17.8,14.0,0.0,0,0,15.0,0,0,10,14
2010,11,rosberg,Nico Rosberg,mercedes,Mercedes,9.0,9,3.0,6.0,6.4,6.2,7.8,90.0,0,3,128.0,0,3,10,8
2010,11,sutil,Adrian Sutil,force_india,Force India,14.0,19,8.0,9.4,10.1,8.2,11.2,35.0,0,0,47.0,0,0,10,17
2010,11,trulli,Jarno Trulli,lotus_racing,Lotus,18.0,17,16.0,19.0,19.5,19.4,19.6,0.0,0,0,0.0,0,0,10,23
2010,11,vettel,Sebastian Vettel,red_bull,Red Bull,1.0,1,7.0,6.7,1.9,7.2,2.2,121.0,2,4,249.0,5,9,10,3
2010,11,webber,Mark Webber,red_bull,Red Bull,4.0,4,1.0,6.2,2.0,6.8,1.6,128.0,3,5,264.0,5,10,10,6
2010,11,yamamoto,Sakon Yamamoto,hrt,HRT,23.0,22,20.0,20.0,24.0,20.0,24.0,0.0,0,0,0.0,0,0,1,22
2010,12,alguersuari,Jaime Alguersuari,toro_rosso,Toro Rosso,17.0,17,15.0,12.727272727272727,16.09090909090909,14.6,16.6,3.0,0,0,10.0,0,0,11,24
2010,12,alonso,Fernando Alonso,ferrari,Ferrari,3.0,3,1.0,5.818181818181818,7.363636363636363,6.8,5.0,123.0,2,4,208.0,2,7,11,2
2010,12,barrichello,Rubens Barrichello,williams,Williams,12.0,12,12.0,10.727272727272727,10.454545454545455,9.8,10.2,29.0,0,0,31.0,0,0,11,10
2010,12,bruno_senna,Bruno Senna,hrt,HRT,23.0,22,19.0,19.4,22.7,20.0,22.2,0.0,0,0,0.0,0,0,10,17
2010,12,buemi,Sébastien Buemi,toro_rosso,Toro Rosso,15.0,15,24.0,15.272727272727273,14.090909090909092,13.8,14.8,7.0,0,0,10.0,0,0,11,12
2010,12,button,Jenson Button,mclaren,McLaren,11.0,11,5.0,5.545454545454546,7.454545454545454,3.2,7.0,143.0,2,5,300.0,4,11,11,8
2010,12,glock,Timo Glock,virgin,Virgin,19.0,18,18.0,19.454545454545453,20.0,18.6,20.8,0.0,0,0,0.0,0,0,11,16
2010,12,grassi,Lucas di Grassi,virgin,Virgin,22.0,21,21.0,19.181818181818183,22.363636363636363,20.0,22.6,0.0,0,0,0.0,0,0,11,18
2010,12,hamilton,Lewis Hamilton,mclaren,McLaren,5.0,5,4.0,4.181818181818182,5.909090909090909,2.0,3.2,157.0,2,6,304.0,4,11,11,20
2010,12,hulkenberg,Nico Hülkenberg,williams,Williams,10.0,10,13.0,16.0,12.090909090909092,15.0,12.0,2.0,0,0,32.0,0,0,11,6
2010,12,kobayashi,Kamui Kobayashi,sauber,Sauber,18.0,23,11.0,16.181818181818183,13.818181818181818,11.6,14.0,15.0,0,0,15.0,0,0,11,9
2010,12,kovalainen,Heikki Kovalainen,lotus_racing,Lotus,20.0,19,20.0,18.09090909090909,19.181818181818183,19.8,19.4,0.0,0,0,0.0,0,0,11,14
2010,12,kubica,Robert Kubica,renault,Renault,8.0,8,7.0,7.363636363636363,6.818181818181818,9.6,6.8,89.0,0,2,96.0,0,2,11,21
2010,12,liuzzi,Vitantonio Liuzzi,force_india,Force India,16.0,16,16.0,13.454545454545455,14.090909090909092,13.0,15.0,12.0,0,0,47.0,0,0,11,13
2010,12,massa,Felipe Massa,ferrari,Ferrari,4.0,4,2.0,7.363636363636363,7.090909090909091,10.0,6.0,85.0,0,3,226.0,2,8,11,4
2010,12,michael_schumacher,Michael Schumacher,mercedes,Mercedes,14.0,14,9.0,10.090909090909092,8.909090909090908,9.6,10.8,38.0,0,0,132.0,0,3,11,11
2010,12,petrov,Vitaly Petrov,renault,Renault,7.0,7,10.0,14.454545454545455,13.636363636363637,13.8,12.4,7.0,0,0,96.0,0,2,11,5
2010,12,rosa,Pedro de la Rosa,sauber,Sauber,9.0,9,14.0,18.09090909090909,14.0,16.2,14.0,0.0,0,0,17.0,0,0,11,7
2010,12,rosberg,Nico Rosberg,mercedes,Mercedes,6.0,6,8.0,6.181818181818182,6.636363636363637,6.4,8.4,94.0,0,3,132.0,0,3,11,22
2010,12,sutil,Adrian Sutil,force_india,Force India,13.0,13,17.0,10.090909090909092,10.454545454545455,10.0,11.6,35.0,0,0,47.0,0,0,11,23
2010,12,trulli,Jarno Trulli,lotus_racing,Lotus,21.0,20,23.0,19.363636363636363,19.363636363636363,21.0,19.4,0.0,0,0,0.0,0,0,11,15
2010,12,vettel,Sebastian Vettel,red_bull,Red Bull,1.0,1,3.0,6.363636363636363,1.8181818181818181,7.4,1.8,136.0,2,5,272.0,5,10,11,3
2010,12,webber,Mark Webber,red_bull,Red Bull,2.0,2,6.0,6.181818181818182,2.1818181818181817,7.8,2.2,136.0,3,5,287.0,5,11,11,1
2010,12,yamamoto,Sakon Yamamoto,hrt,HRT,24.0,24,22.0,21.0,23.5,21.0,23.5,0.0,0,0,0.0,0,0,2,19
2010,13,alguersuari,Jaime Alguersuari,toro_rosso,Toro Rosso,13.0,11,24.0,13.666666666666666,16.166666666666668,17.0,16.8,3.0,0,0,10.0,0,0,12,13
2010,13,alonso,Fernando Alonso,ferrari,Ferrari,10.0,10,2.0,5.5,7.0,5.6,3.2,141.0,2,5,238.0,2,8,12,21
2010,13,barrichello,Rubens Barrichello,williams,Williams,7.0,7,10.0,10.666666666666666,10.583333333333334,9.0,9.6,30.0,0,0,40.0,0,0,12,24
2010,13,bruno_senna,Bruno Senna,hrt,HRT,20.0,18,17.0,19.181818181818183,22.727272727272727,20.0,22.4,0.0,0,0,0.0,0,0,11,23
2010,13,buemi,Sébastien Buemi,toro_rosso,Toro Rosso,15.0,16,12.0,15.0,14.166666666666666,13.0,15.0,7.0,0,0,10.0,0,0,12,12
2010,13,button,Jenson Button,mclaren,McLaren,5.0,5,8.0,5.75,7.75,4.4,8.4,147.0,2,5,304.0,4,11,12,22
2010,13,glock,Timo Glock,virgin,Virgin,17.0,20,16.0,19.166666666666668,19.916666666666668,18.2,20.4,0.0,0,0,0.0,0,0,12,18
2010,13,grassi,Lucas di Grassi,virgin,Virgin,23.0,22,18.0,19.083333333333332,22.333333333333332,19.8,22.4,0.0,0,0,0.0,0,0,12,17
2010,13,hamilton,Lewis Hamilton,mclaren,McLaren,2.0,2,20.0,5.5,5.833333333333333,5.8,3.8,157.0,2,6,304.0,4,11,12,1
2010,13,hulkenberg,Nico Hülkenberg,williams,Williams,9.0,9,6.0,15.166666666666666,11.916666666666666,12.8,10.6,10.0,0,0,40.0,0,0,12,14
2010,13,kobayashi,Kamui Kobayashi,sauber,Sauber,19.0,17,9.0,15.583333333333334,14.166666666666666,11.4,15.6,17.0,0,0,23.0,0,0,12,8
2010,13,kovalainen,Heikki Kovalainen,lotus_racing,Lotus,16.0,13,14.0,17.75,19.25,18.0,19.4,0.0,0,0,0.0,0,0,12,16
2010,13,kubica,Robert Kubica,renault,Renault,3.0,3,21.0,8.5,6.916666666666667,12.6,7.0,89.0,0,2,106.0,0,2,12,3
2010,13,liuzzi,Vitantonio Liuzzi,force_india,Force India,14.0,12,13.0,13.416666666666666,14.25,13.0,14.6,12.0,0,0,47.0,0,0,12,10
2010,13,massa,Felipe Massa,ferrari,Ferrari,6.0,6,4.0,7.083333333333333,6.833333333333333,9.4,5.2,97.0,0,3,238.0,2,8,12,4
2010,13,michael_schumacher,Michael Schumacher,mercedes,Mercedes,11.0,21,11.0,10.166666666666666,9.333333333333334,11.0,12.6,38.0,0,0,132.0,0,3,12,7
2010,13,petrov,Vitaly Petrov,renault,Renault,24.0,23,5.0,13.666666666666666,13.083333333333334,11.8,12.0,17.0,0,0,121.0,0,3,12,9
2010,13,rosa,Pedro de la Rosa,sauber,Sauber,22.0,24,7.0,17.166666666666668,13.583333333333334,15.4,13.2,6.0,0,0,27.0,0,0,12,11
2010,13,rosberg,Nico Rosberg,mercedes,Mercedes,12.0,14,22.0,7.5,6.583333333333333,9.8,8.4,94.0,0,3,138.0,0,3,12,6
2010,13,sutil,Adrian Sutil,force_india,Force India,8.0,8,23.0,11.166666666666666,10.666666666666666,12.8,12.0,35.0,0,0,48.0,0,0,12,5
2010,13,trulli,Jarno Trulli,lotus_racing,Lotus,18.0,15,15.0,19.0,19.5,19.2,19.8,0.0,0,0,0.0,0,0,12,19
2010,13,vettel,Sebastian Vettel,red_bull,Red Bull,4.0,4,3.0,6.083333333333333,1.75,3.6,1.4,151.0,2,6,312.0,6,12,12,15
2010,13,webber,Mark Webber,red_bull,Red Bull,1.0,1,1.0,5.75,2.1666666666666665,7.4,2.4,161.0,4,6,312.0,6,12,12,2
2010,13,yamamoto,Sakon Yamamoto,hrt,HRT,21.0,19,19.0,20.333333333333332,23.666666666666668,20.333333333333332,23.666666666666668,0.0,0,0,0.0,0,0,3,20
2010,14,alguersuari,Jaime Alguersuari,toro_rosso,Toro Rosso,16.0,15,13.0,13.615384615384615,15.923076923076923,17.2,16.2,3.0,0,0,10.0,0,0,13,15
2010,14,alonso,Fernando Alonso,ferrari,Ferrari,1.0,1,21.0,6.6923076923076925,7.230769230769231,9.2,4.4,141.0,2,5,250.0,2,8,13,1
2010,14,barrichello,Rubens Barrichello,williams,Williams,10.0,10,24.0,11.692307692307692,10.307692307692308,11.0,8.8,30.0,0,0,40.0,0,0,13,10
2010,14,bruno_senna,Bruno Senna,hrt,HRT,23.0,22,23.0,19.5,22.5,20.4,22.0,0.0,0,0,0.0,0,0,12,22
2010,14,buemi,Sébastien Buemi,toro_rosso,Toro Rosso,14.0,14,12.0,14.76923076923077,14.23076923076923,13.8,15.0,7.0,0,0,10.0,0,0,13,11
2010,14,button,Jenson Button,mclaren,McLaren,2.0,2,22.0,7.0,7.538461538461538,8.4,8.4,147.0,2,5,329.0,5,12,13,2
2010,14,glock,Timo Glock,virgin,Virgin,21.0,24,18.0,19.076923076923077,19.692307692307693,17.8,19.6,0.0,0,0,0.0,0,0,13,17
2010,14,grassi,Lucas di Grassi,virgin,Virgin,22.0,21,17.0,18.923076923076923,22.384615384615383,19.4,22.4,0.0,0,0,0.0,0,0,13,20
2010,14,hamilton,Lewis Hamilton,mclaren,McLaren,5.0,5,1.0,5.153846153846154,5.538461538461538,5.8,4.0,182.0,3,7,347.0,5,13,13,23
2010,14,hulkenberg,Nico Hülkenberg,williams,Williams,8.0,8,14.0,15.076923076923077,11.692307692307692,13.0,10.0,10.0,0,0,41.0,0,0,13,7
2010,14,kobayashi,Kamui Kobayashi,sauber,Sauber,13.0,13,8.0,15.0,14.538461538461538,8.2,15.8,21.0,0,0,27.0,0,0,13,24
2010,14,kovalainen,Heikki Kovalainen,lotus_racing,Lotus,19.0,18,16.0,17.615384615384617,19.0,18.0,18.8,0.0,0,0,0.0,0,0,13,18
2010,14,kubica,Robert Kubica,renault,Renault,9.0,9,3.0,8.076923076923077,6.615384615384615,11.8,6.0,104.0,0,3,123.0,0,3,13,8
2010,14,liuzzi,Vitantonio Liuzzi,force_india,Force India,20.0,19,10.0,13.153846153846153,14.23076923076923,13.2,16.2,13.0,0,0,58.0,0,0,13,12
2010,14,massa,Felipe Massa,ferrari,Ferrari,3.0,3,4.0,6.846153846153846,6.769230769230769,7.2,5.0,109.0,0,3,275.0,3,9,13,3
2010,14,michael_schumacher,Michael Schumacher,mercedes,Mercedes,12.0,12,7.0,9.923076923076923,9.461538461538462,10.2,12.2,44.0,0,0,146.0,0,3,13,9
2010,14,petrov,Vitaly Petrov,renault,Renault,15.0,20,9.0,13.307692307692308,13.923076923076923,10.2,14.0,19.0,0,0,127.0,0,3,13,13
2010,14,rosa,Pedro de la Rosa,sauber,Sauber,17.0,16,11.0,16.692307692307693,14.23076923076923,13.2,14.2,6.0,0,0,27.0,0,0,13,14
2010,14,rosberg,Nico Rosberg,mercedes,Mercedes,7.0,7,6.0,7.384615384615385,7.0,9.8,8.8,102.0,0,3,148.0,0,3,13,5
2010,14,sutil,Adrian Sutil,force_india,Force India,11.0,11,5.0,10.692307692307692,10.461538461538462,11.8,11.8,45.0,0,0,58.0,0,0,13,16
2010,14,trulli,Jarno Trulli,lotus_racing,Lotus,18.0,17,19.0,19.0,19.384615384615383,18.8,19.4,0.0,0,0,0.0,0,0,13,21
2010,14,vettel,Sebastian Vettel,red_bull,Red Bull,6.0,6,15.0,6.769230769230769,1.9230769230769231,5.8,1.6,151.0,2,6,330.0,6,13,13,4
2010,14,webber,Mark Webber,red_bull,Red Bull,4.0,4,2.0,5.461538461538462,2.076923076923077,6.8,2.2,179.0,4,7,342.0,6,13,13,6
2010,14,yamamoto,Sakon Yamamoto,hrt,HRT,24.0,23,20.0,20.25,23.0,20.25,23.0,0.0,0,0,0.0,0,0,4,19
2010,15,alguersuari,Jaime Alguersuari,toro_rosso,Toro Rosso,11.0,11,15.0,13.714285714285714,15.928571428571429,17.6,16.0,3.0,0,0,10.0,0,0,14,12
2010,15,alonso,Fernando Alonso,ferrari,Ferrari,1.0,1,1.0,6.285714285714286,6.785714285714286,7.8,3.8,166.0,3,6,290.0,3,10,14,1
2010,15,barrichello,Rubens Barrichello,williams,Williams,6.0,6,10.0,11.571428571428571,10.285714285714286,12.2,9.0,31.0,0,0,47.0,0,0,14,6
2010,15,bruno_senna,Bruno Senna,hrt,HRT,23.0,23,22.0,19.692307692307693,22.53846153846154,20.2,22.2,0.0,0,0,0.0,0,0,13,22
2010,15,buemi,Sébastien Buemi,toro_rosso,Toro Rosso,14.0,13,11.0,14.5,14.214285714285714,14.2,15.6,7.0,0,0,10.0,0,0,14,14
2010,15,button,Jenson Button,mclaren,McLaren,4.0,4,2.0,6.642857142857143,7.142857142857143,8.2,7.4,165.0,2,6,347.0,5,13,14,4
2010,15,glock,Timo Glock,virgin,Virgin,18.0,18,17.0,18.928571428571427,19.785714285714285,17.4,19.4,0.0,0,0,0.0,0,0,14,17
2010,15,grassi,Lucas di Grassi,virgin,Virgin,20.0,20,20.0,19.0,22.357142857142858,20.0,22.6,0.0,0,0,0.0,0,0,14,15
2010,15,hamilton,Lewis Hamilton,mclaren,McLaren,3.0,3,23.0,6.428571428571429,5.5,10.0,4.4,182.0,3,7,359.0,5,13,14,19
2010,15,heidfeld,Nick Heidfeld,sauber,Sauber,15.0,14,20.0,20.0,20.0,20.0,20.0,0.0,0,0,27.0,0,0,0,18
2010,15,hulkenberg,Nico Hülkenberg,williams,Williams,12.0,17,7.0,14.5,11.428571428571429,10.0,10.0,16.0,0,0,55.0,0,0,14,10
2010,15,klien,Christian Klien,hrt,HRT,22.0,22,20.0,20.0,20.0,20.0,20.0,0.0,0,0,0.0,0,0,0,20
2010,15,kobayashi,Kamui Kobayashi,sauber,Sauber,10.0,10,24.0,15.642857142857142,14.428571428571429,11.6,14.8,21.0,0,0,27.0,0,0,14,21
2010,15,kovalainen,Heikki Kovalainen,lotus_racing,Lotus,19.0,19,18.0,17.642857142857142,19.0,17.0,18.6,0.0,0,0,0.0,0,0,14,16
2010,15,kubica,Robert Kubica,renault,Renault,8.0,8,8.0,8.071428571428571,6.785714285714286,12.4,6.6,108.0,0,3,127.0,0,3,14,7
2010,15,liuzzi,Vitantonio Liuzzi,force_india,Force India,17.0,16,12.0,13.071428571428571,14.642857142857142,12.4,17.4,13.0,0,0,58.0,0,0,14,24
2010,15,massa,Felipe Massa,ferrari,Ferrari,24.0,24,3.0,6.571428571428571,6.5,5.6,4.6,124.0,0,4,315.0,4,11,14,8
2010,15,michael_schumacher,Michael Schumacher,mercedes,Mercedes,9.0,9,9.0,9.857142857142858,9.642857142857142,9.0,11.6,46.0,0,0,158.0,0,3,14,13
2010,15,petrov,Vitaly Petrov,renault,Renault,13.0,12,13.0,13.285714285714286,14.0,10.0,15.0,19.0,0,0,133.0,0,3,14,11
2010,15,rosberg,Nico Rosberg,mercedes,Mercedes,7.0,7,5.0,7.214285714285714,7.0,8.8,7.8,112.0,0,3,158.0,0,3,14,5
2010,15,sutil,Adrian Sutil,force_india,Force India,16.0,15,16.0,11.071428571428571,10.5,13.8,11.4,45.0,0,0,58.0,0,0,14,9
2010,15,trulli,Jarno Trulli,lotus_racing,Lotus,21.0,21,21.0,19.142857142857142,19.285714285714285,18.8,19.2,0.0,0,0,0.0,0,0,14,23
2010,15,vettel,Sebastian Vettel,red_bull,Red Bull,2.0,2,4.0,6.571428571428571,2.2142857142857144,6.4,2.6,163.0,2,6,350.0,6,13,14,2
2010,15,webber,Mark Webber,red_bull,Red Bull,5.0,5,6.0,5.5,2.2142857142857144,3.2,2.6,187.0,4,7,368.0,6,14,14,3
2010,16,alguersuari,Jaime Alguersuari,toro_rosso,Toro Rosso,16.0,16,12.0,13.6,15.6,15.8,14.6,3.0,0,0,10.0,0,0,15,11
2010,16,alonso,Fernando Alonso,ferrari,Ferrari,5.0,4,1.0,5.933333333333334,6.4,5.2,3.4,191.0,4,7,319.0,4,11,15,3
2010,16,barrichello,Rubens Barrichello,williams,Williams,8.0,7,6.0,11.2,10.0,12.4,8.6,39.0,0,0,56.0,0,0,15,9
2010,16,bruno_senna,Bruno Senna,hrt,HRT,23.0,23,22.0,19.857142857142858,22.571428571428573,20.6,22.0,0.0,0,0,0.0,0,0,14,15
2010,16,buemi,Sébastien Buemi,toro_rosso,Toro Rosso,18.0,18,14.0,14.466666666666667,14.2,14.6,15.0,7.0,0,0,10.0,0,0,15,10
2010,16,button,Jenson Button,mclaren,McLaren,6.0,5,4.0,6.466666666666667,6.933333333333334,8.2,5.4,177.0,2,6,359.0,5,13,15,4
2010,16,glock,Timo Glock,virgin,Virgin,22.0,22,17.0,18.8,19.666666666666668,17.2,19.0,0.0,0,0,0.0,0,0,15,14
2010,16,grassi,Lucas di Grassi,virgin,Virgin,21.0,21,15.0,18.733333333333334,22.2,18.2,22.2,0.0,0,0,0.0,0,0,15,24
2010,16,hamilton,Lewis Hamilton,mclaren,McLaren,3.0,8,19.0,7.266666666666667,5.333333333333333,13.4,4.2,182.0,3,7,371.0,5,13,15,5
2010,16,heidfeld,Nick Heidfeld,sauber,Sauber,11.0,11,18.0,18.0,15.0,18.0,15.0,0.0,0,0,27.0,0,0,1,8
2010,16,hulkenberg,Nico Hülkenberg,williams,Williams,9.0,9,10.0,14.2,11.466666666666667,10.0,9.8,17.0,0,0,58.0,0,0,15,20
2010,16,kobayashi,Kamui Kobayashi,sauber,Sauber,14.0,14,21.0,16.0,14.133333333333333,14.6,14.4,21.0,0,0,31.0,0,0,15,7
2010,16,kovalainen,Heikki Kovalainen,lotus_racing,Lotus,20.0,20,16.0,17.533333333333335,19.0,16.8,18.6,0.0,0,0,0.0,0,0,15,12
2010,16,kubica,Robert Kubica,renault,Renault,4.0,3,7.0,8.0,6.866666666666666,9.2,7.0,114.0,0,3,133.0,0,3,15,19
2010,16,liuzzi,Vitantonio Liuzzi,force_india,Force India,17.0,17,24.0,13.8,14.8,15.0,17.8,13.0,0,0,60.0,0,0,15,23
2010,16,massa,Felipe Massa,ferrari,Ferrari,12.0,12,8.0,6.666666666666667,7.666666666666667,4.2,8.0,128.0,0,4,334.0,4,12,15,21
2010,16,michael_schumacher,Michael Schumacher,mercedes,Mercedes,10.0,10,13.0,10.066666666666666,9.6,9.8,11.4,46.0,0,0,168.0,0,3,15,6
2010,16,petrov,Vitaly Petrov,renault,Renault,13.0,13,11.0,13.133333333333333,13.933333333333334,9.6,14.4,19.0,0,0,133.0,0,3,15,22
2010,16,rosberg,Nico Rosberg,mercedes,Mercedes,7.0,6,5.0,7.066666666666666,7.0,9.2,8.2,122.0,0,3,176.0,0,3,15,17
2010,16,sutil,Adrian Sutil,force_india,Force India,15.0,15,9.0,10.933333333333334,10.866666666666667,14.0,12.4,47.0,0,0,60.0,0,0,15,18
2010,16,trulli,Jarno Trulli,lotus_racing,Lotus,19.0,19,23.0,19.4,19.4,20.2,19.2,0.0,0,0,0.0,0,0,15,13
2010,16,vettel,Sebastian Vettel,red_bull,Red Bull,1.0,1,2.0,6.266666666666667,2.2,5.4,2.8,181.0,2,7,383.0,6,15,15,1
2010,16,webber,Mark Webber,red_bull,Red Bull,2.0,2,3.0,5.333333333333333,2.4,3.6,3.2,202.0,4,8,408.0,7,16,15,2
2010,16,yamamoto,Sakon Yamamoto,hrt,HRT,24.0,24,19.0,20.0,23.2,20.0,23.2,0.0,0,0,0.0,0,0,5,16
2010,17,alguersuari,Jaime Alguersuari,toro_rosso,Toro Rosso,16.0,15,11.0,13.4375,15.625,15.0,14.6,3.0,0,0,11.0,0,0,16,11
2010,17,alonso,Fernando Alonso,ferrari,Ferrari,3.0,3,3.0,5.75,6.3125,5.6,4.0,206.0,4,8,334.0,4,12,16,1
2010,17,barrichello,Rubens Barrichello,williams,Williams,10.0,10,9.0,11.0625,9.875,11.8,8.6,41.0,0,0,58.0,0,0,16,7
2010,17,bruno_senna,Bruno Senna,hrt,HRT,24.0,24,15.0,19.533333333333335,22.6,19.8,22.4,0.0,0,0,0.0,0,0,15,14
2010,17,buemi,Sébastien Buemi,toro_rosso,Toro Rosso,17.0,16,10.0,14.1875,14.4375,11.8,15.2,8.0,0,0,11.0,0,0,16,20
2010,17,button,Jenson Button,mclaren,McLaren,7.0,7,4.0,6.3125,6.875,8.0,5.6,189.0,2,6,381.0,5,13,16,12
2010,17,glock,Timo Glock,virgin,Virgin,20.0,19,14.0,18.5,19.8125,16.4,19.4,0.0,0,0,0.0,0,0,16,19
2010,17,grassi,Lucas di Grassi,virgin,Virgin,22.0,22,24.0,19.0625,22.125,18.8,21.6,0.0,0,0,0.0,0,0,16,21
2010,17,hamilton,Lewis Hamilton,mclaren,McLaren,4.0,4,5.0,7.125,5.1875,13.6,3.6,192.0,3,7,381.0,5,13,16,2
2010,17,heidfeld,Nick Heidfeld,sauber,Sauber,13.0,13,8.0,13.0,13.0,13.0,13.0,4.0,0,0,37.0,0,0,2,9
2010,17,hulkenberg,Nico Hülkenberg,williams,Williams,11.0,11,20.0,14.5625,11.3125,11.4,9.6,17.0,0,0,64.0,0,0,16,10
2010,17,kobayashi,Kamui Kobayashi,sauber,Sauber,12.0,12,7.0,15.4375,14.125,13.8,14.8,27.0,0,0,39.0,0,0,16,8
2010,17,kovalainen,Heikki Kovalainen,lotus_racing,Lotus,21.0,21,12.0,17.1875,19.0625,15.2,18.8,0.0,0,0,0.0,0,0,16,13
2010,17,kubica,Robert Kubica,renault,Renault,8.0,8,19.0,8.6875,6.6875,11.6,6.4,114.0,0,3,133.0,0,3,16,5
2010,17,liuzzi,Vitantonio Liuzzi,force_india,Force India,18.0,17,23.0,14.375,14.9375,16.4,16.8,13.0,0,0,60.0,0,0,16,6
2010,17,massa,Felipe Massa,ferrari,Ferrari,6.0,6,21.0,7.5625,7.9375,8.0,9.8,128.0,0,4,359.0,5,13,16,3
2010,17,michael_schumacher,Michael Schumacher,mercedes,Mercedes,9.0,9,6.0,9.8125,9.625,9.2,11.2,54.0,0,0,176.0,0,3,16,4
2010,17,petrov,Vitaly Petrov,renault,Renault,15.0,20,22.0,13.6875,13.875,12.0,14.4,19.0,0,0,143.0,0,3,16,18
2010,17,rosberg,Nico Rosberg,mercedes,Mercedes,5.0,5,17.0,7.6875,7.0,11.0,7.8,122.0,0,3,188.0,0,3,16,24
2010,17,sutil,Adrian Sutil,force_india,Force India,14.0,14,18.0,11.375,11.125,14.2,12.6,47.0,0,0,68.0,0,0,16,16
2010,17,trulli,Jarno Trulli,lotus_racing,Lotus,19.0,18,13.0,19.0,19.375,18.2,19.4,0.0,0,0,0.0,0,0,16,22
2010,17,vettel,Sebastian Vettel,red_bull,Red Bull,1.0,1,1.0,5.9375,2.125,5.0,2.8,206.0,3,8,426.0,7,17,16,17
2010,17,webber,Mark Webber,red_bull,Red Bull,2.0,2,2.0,5.125,2.375,2.8,2.8,220.0,4,9,426.0,7,17,16,23
2010,17,yamamoto,Sakon Yamamoto,hrt,HRT,23.0,23,16.0,19.333333333333332,23.333333333333332,19.2,23.2,0.0,0,0,0.0,0,0,6,15
2010,18,alguersuari,Jaime Alguersuari,toro_rosso,Toro Rosso,14.0,14,11.0,13.294117647058824,15.647058823529411,12.4,14.4,3.0,0,0,11.0,0,0,17,11
2010,18,alonso,Fernando Alonso,ferrari,Ferrari,5.0,5,1.0,5.470588235294118,6.117647058823529,5.4,4.0,231.0,5,9,374.0,5,14,17,3
2010,18,barrichello,Rubens Barrichello,williams,Williams,6.0,6,7.0,10.823529411764707,9.882352941176471,11.2,8.2,47.0,0,0,65.0,0,0,17,14
2010,18,bruno_senna,Bruno Senna,hrt,HRT,24.0,24,14.0,19.1875,22.6875,19.2,22.6,0.0,0,0,0.0,0,0,16,21
2010,18,buemi,Sébastien Buemi,toro_rosso,Toro Rosso,15.0,19,20.0,14.529411764705882,14.588235294117647,13.4,15.6,8.0,0,0,11.0,0,0,17,13
2010,18,button,Jenson Button,mclaren,McLaren,11.0,11,12.0,6.647058823529412,6.882352941176471,8.8,4.8,189.0,2,6,399.0,5,14,17,5
2010,18,glock,Timo Glock,virgin,Virgin,19.0,17,19.0,18.529411764705884,19.823529411764707,17.0,19.6,0.0,0,0,0.0,0,0,17,20
2010,18,grassi,Lucas di Grassi,virgin,Virgin,22.0,21,21.0,19.176470588235293,22.11764705882353,19.4,21.6,0.0,0,0,0.0,0,0,17,23
2010,18,hamilton,Lewis Hamilton,mclaren,McLaren,4.0,4,2.0,6.823529411764706,5.117647058823529,10.0,3.4,210.0,3,8,409.0,5,14,17,4
2010,18,heidfeld,Nick Heidfeld,sauber,Sauber,16.0,15,9.0,11.666666666666666,13.0,11.666666666666666,13.0,6.0,0,0,43.0,0,0,3,17
2010,18,hulkenberg,Nico Hülkenberg,williams,Williams,1.0,1,10.0,14.294117647058824,11.294117647058824,12.2,9.8,18.0,0,0,65.0,0,0,17,8
2010,18,klien,Christian Klien,hrt,HRT,23.0,23,20.0,20.0,22.0,20.0,22.0,0.0,0,0,0.0,0,0,1,22
2010,18,kobayashi,Kamui Kobayashi,sauber,Sauber,12.0,12,8.0,15.0,14.0,13.6,13.6,31.0,0,0,43.0,0,0,17,10
2010,18,kovalainen,Heikki Kovalainen,lotus_racing,Lotus,21.0,20,13.0,16.941176470588236,19.176470588235293,15.0,19.0,0.0,0,0,0.0,0,0,17,18
2010,18,kubica,Robert Kubica,renault,Renault,7.0,7,5.0,8.470588235294118,6.764705882352941,8.4,6.4,124.0,0,3,143.0,0,3,17,9
2010,18,liuzzi,Vitantonio Liuzzi,force_india,Force India,17.0,16,6.0,13.882352941176471,15.117647058823529,15.0,17.2,21.0,0,0,68.0,0,0,17,24
2010,18,massa,Felipe Massa,ferrari,Ferrari,9.0,9,3.0,7.294117647058823,7.823529411764706,7.8,10.2,143.0,0,5,389.0,5,15,17,15
2010,18,michael_schumacher,Michael Schumacher,mercedes,Mercedes,8.0,8,4.0,9.470588235294118,9.588235294117647,7.8,10.2,66.0,0,0,188.0,0,3,17,7
2010,18,petrov,Vitaly Petrov,renault,Renault,10.0,10,18.0,13.941176470588236,13.941176470588236,14.6,16.0,19.0,0,0,145.0,0,3,17,16
2010,18,rosberg,Nico Rosberg,mercedes,Mercedes,13.0,13,24.0,8.647058823529411,6.882352941176471,11.4,7.6,122.0,0,3,194.0,0,3,17,6
2010,18,sutil,Adrian Sutil,force_india,Force India,18.0,22,16.0,11.647058823529411,11.294117647058824,12.8,12.8,47.0,0,0,68.0,0,0,17,12
2010,18,trulli,Jarno Trulli,lotus_racing,Lotus,20.0,18,22.0,19.176470588235293,19.352941176470587,19.6,19.0,0.0,0,0,0.0,0,0,17,19
2010,18,vettel,Sebastian Vettel,red_bull,Red Bull,2.0,2,17.0,6.588235294117647,2.0588235294117645,7.8,2.8,206.0,3,8,426.0,7,17,17,1
2010,18,webber,Mark Webber,red_bull,Red Bull,3.0,3,23.0,6.176470588235294,2.3529411764705883,7.2,2.8,220.0,4,9,451.0,8,18,17,2
2010,19,alguersuari,Jaime Alguersuari,toro_rosso,Toro Rosso,17.0,17,11.0,13.166666666666666,15.555555555555555,12.0,14.6,3.0,0,0,11.0,0,0,18,9
2010,19,alonso,Fernando Alonso,ferrari,Ferrari,3.0,3,3.0,5.333333333333333,6.055555555555555,1.8,3.0,246.0,5,10,389.0,5,15,18,7
2010,19,barrichello,Rubens Barrichello,williams,Williams,7.0,7,14.0,11.0,9.666666666666666,9.2,8.0,47.0,0,0,69.0,0,0,18,12
2010,19,bruno_senna,Bruno Senna,hrt,HRT,23.0,23,21.0,19.294117647058822,22.764705882352942,18.8,23.4,0.0,0,0,0.0,0,0,17,19
2010,19,buemi,Sébastien Buemi,toro_rosso,Toro Rosso,18.0,18,13.0,14.444444444444445,14.61111111111111,13.6,15.6,8.0,0,0,13.0,0,0,18,15
2010,19,button,Jenson Button,mclaren,McLaren,4.0,4,5.0,6.555555555555555,7.111111111111111,5.4,6.0,199.0,2,6,421.0,5,14,18,3
2010,19,glock,Timo Glock,virgin,Virgin,21.0,21,20.0,18.61111111111111,19.77777777777778,17.4,20.0,0.0,0,0,0.0,0,0,18,22
2010,19,grassi,Lucas di Grassi,virgin,Virgin,22.0,22,23.0,19.38888888888889,22.11111111111111,20.6,21.4,0.0,0,0,0.0,0,0,18,18
2010,19,hamilton,Lewis Hamilton,mclaren,McLaren,2.0,2,4.0,6.666666666666667,5.055555555555555,10.6,3.8,222.0,3,8,436.0,5,15,18,2
2010,19,heidfeld,Nick Heidfeld,sauber,Sauber,14.0,14,17.0,13.0,13.75,13.0,13.75,6.0,0,0,44.0,0,0,4,11
2010,19,hulkenberg,Nico Hülkenberg,williams,Williams,15.0,15,8.0,13.944444444444445,10.722222222222221,11.0,8.2,22.0,0,0,69.0,0,0,18,16
2010,19,klien,Christian Klien,hrt,HRT,24.0,24,22.0,21.0,22.5,21.0,22.5,0.0,0,0,0.0,0,0,2,20
2010,19,kobayashi,Kamui Kobayashi,sauber,Sauber,12.0,12,10.0,14.722222222222221,13.88888888888889,14.0,12.2,32.0,0,0,44.0,0,0,18,14
2010,19,kovalainen,Heikki Kovalainen,lotus_racing,Lotus,20.0,20,18.0,17.0,19.27777777777778,15.4,20.0,0.0,0,0,0.0,0,0,18,17
2010,19,kubica,Robert Kubica,renault,Renault,11.0,11,9.0,8.5,6.777777777777778,9.6,7.2,126.0,0,3,145.0,0,3,18,5
2010,19,liuzzi,Vitantonio Liuzzi,force_india,Force India,16.0,16,24.0,14.444444444444445,15.222222222222221,17.8,17.8,21.0,0,0,68.0,0,0,18,24
2010,19,massa,Felipe Massa,ferrari,Ferrari,6.0,6,15.0,7.722222222222222,7.888888888888889,10.0,10.8,143.0,0,5,395.0,5,15,18,10
2010,19,michael_schumacher,Michael Schumacher,mercedes,Mercedes,8.0,8,7.0,9.333333333333334,9.5,7.8,9.6,72.0,0,0,202.0,0,3,18,23
2010,19,petrov,Vitaly Petrov,renault,Renault,10.0,10,16.0,14.055555555555555,13.722222222222221,16.0,13.2,19.0,0,0,155.0,0,3,18,6
2010,19,rosberg,Nico Rosberg,mercedes,Mercedes,9.0,9,6.0,8.5,7.222222222222222,11.4,7.8,130.0,0,3,202.0,0,3,18,4
2010,19,sutil,Adrian Sutil,force_india,Force India,13.0,13,12.0,11.666666666666666,11.666666666666666,14.2,14.8,47.0,0,0,68.0,0,0,18,13
2010,19,trulli,Jarno Trulli,lotus_racing,Lotus,19.0,19,19.0,19.166666666666668,19.38888888888889,19.6,19.4,0.0,0,0,0.0,0,0,18,21
2010,19,vettel,Sebastian Vettel,red_bull,Red Bull,1.0,1,1.0,6.277777777777778,2.0555555555555554,5.0,2.4,231.0,4,9,469.0,8,19,18,1
2010,19,webber,Mark Webber,red_bull,Red Bull,5.0,5,2.0,5.944444444444445,2.388888888888889,7.2,3.2,238.0,4,10,494.0,9,20,18,8
2011,1,alguersuari,Jaime Alguersuari,toro_rosso,Toro Rosso,12.0,12,9.0,12.947368421052632,15.631578947368421,10.8,14.8,0.0,0,0,0.0,0,0,19,11
2011,1,alonso,Fernando Alonso,ferrari,Ferrari,5.0,5,7.0,5.421052631578948,5.894736842105263,3.0,3.4,0.0,0,0,0.0,0,0,19,4
2011,1,ambrosio,Jérôme d'Ambrosio,virgin,Virgin,22.0,22,20.0,20.0,20.0,20.0,20.0,0.0,0,0,0.0,0,0,0,14
2011,1,barrichello,Rubens Barrichello,williams,Williams,17.0,17,12.0,11.052631578947368,9.526315789473685,9.6,7.4,0.0,0,0,0.0,0,0,19,16
2011,1,buemi,Sébastien Buemi,toro_rosso,Toro Rosso,10.0,10,15.0,14.473684210526315,14.789473684210526,14.4,16.4,0.0,0,0,0.0,0,0,19,8
2011,1,button,Jenson Button,mclaren,McLaren,4.0,4,3.0,6.368421052631579,6.947368421052632,5.6,6.4,0.0,0,0,0.0,0,0,19,6
2011,1,glock,Timo Glock,virgin,Virgin,21.0,21,22.0,18.789473684210527,19.842105263157894,18.4,20.0,0.0,0,0,0.0,0,0,19,15
2011,1,hamilton,Lewis Hamilton,mclaren,McLaren,2.0,2,2.0,6.421052631578948,4.894736842105263,6.4,3.2,0.0,0,0,8.0,0,0,19,2
2011,1,heidfeld,Nick Heidfeld,renault,Renault,18.0,18,11.0,12.6,13.8,12.6,13.8,0.0,0,0,0.0,0,0,5,12
2011,1,kobayashi,Kamui Kobayashi,sauber,Sauber,9.0,9,14.0,14.68421052631579,13.789473684210526,12.0,12.0,0.0,0,0,0.0,0,0,19,21
2011,1,kovalainen,Heikki Kovalainen,lotus_racing,Lotus,19.0,19,17.0,17.0,19.31578947368421,15.2,20.2,0.0,0,0,0.0,0,0,19,18
2011,1,maldonado,Pastor Maldonado,williams,Williams,15.0,15,20.0,20.0,20.0,20.0,20.0,0.0,0,0,0.0,0,0,0,20
2011,1,massa,Felipe Massa,ferrari,Ferrari,8.0,8,10.0,7.842105263157895,7.7894736842105265,11.4,11.4,0.0,0,0,12.0,0,0,19,7
2011,1,michael_schumacher,Michael Schumacher,mercedes,Mercedes,11.0,11,23.0,10.052631578947368,9.421052631578947,10.6,8.8,0.0,0,0,0.0,0,0,19,19
2011,1,perez,Sergio Pérez,sauber,Sauber,13.0,13,20.0,20.0,20.0,20.0,20.0,0.0,0,0,0.0,0,0,0,22
2011,1,petrov,Vitaly Petrov,renault,Renault,6.0,6,6.0,13.631578947368421,13.526315789473685,14.6,12.2,0.0,0,0,0.0,0,0,19,3
2011,1,resta,Paul di Resta,force_india,Force India,14.0,14,20.0,20.0,20.0,20.0,20.0,0.0,0,0,0.0,0,0,0,10
2011,1,rosberg,Nico Rosberg,mercedes,Mercedes,7.0,7,4.0,8.263157894736842,7.315789473684211,11.2,8.2,0.0,0,0,0.0,0,0,19,17
2011,1,sutil,Adrian Sutil,force_india,Force India,16.0,16,13.0,11.736842105263158,11.736842105263158,13.6,15.2,0.0,0,0,1.0,0,0,19,9
2011,1,trulli,Jarno Trulli,lotus_racing,Lotus,20.0,20,21.0,19.263157894736842,19.36842105263158,19.6,19.6,0.0,0,0,0.0,0,0,19,13
2011,1,vettel,Sebastian Vettel,red_bull,Red Bull,1.0,1,1.0,6.0,2.0,4.4,1.4,0.0,0,0,0.0,0,0,19,1
2011,1,webber,Mark Webber,red_bull,Red Bull,3.0,3,8.0,6.052631578947368,2.526315789473684,7.6,3.4,0.0,0,0,25.0,1,1,19,5
2011,2,alguersuari,Jaime Alguersuari,toro_rosso,Toro Rosso,13.0,13,11.0,12.85,15.45,10.6,15.0,0.0,0,0,4.0,0,0,20,14
2011,2,alonso,Fernando Alonso,ferrari,Ferrari,5.0,5,4.0,5.35,5.85,3.6,4.2,12.0,0,0,18.0,0,0,20,6
2011,2,ambrosio,Jérôme d'Ambrosio,virgin,Virgin,22.0,22,14.0,14.0,22.0,14.0,22.0,0.0,0,0,0.0,0,0,1,19
2011,2,barrichello,Rubens Barrichello,williams,Williams,15.0,15,16.0,11.3,9.9,11.6,9.6,0.0,0,0,0.0,0,0,20,22
2011,2,buemi,Sébastien Buemi,toro_rosso,Toro Rosso,12.0,12,8.0,14.15,14.55,13.2,15.6,4.0,0,0,4.0,0,0,20,13
2011,2,button,Jenson Button,mclaren,McLaren,4.0,4,6.0,6.35,6.8,6.0,6.4,8.0,0,0,26.0,0,1,20,2
2011,2,glock,Timo Glock,virgin,Virgin,21.0,21,15.0,18.6,19.9,18.0,20.6,0.0,0,0,0.0,0,0,20,16
2011,2,hamilton,Lewis Hamilton,mclaren,McLaren,2.0,2,2.0,6.2,4.75,3.0,3.0,18.0,0,1,44.0,0,2,20,8
2011,2,heidfeld,Nick Heidfeld,renault,Renault,6.0,6,12.0,12.5,14.5,11.4,14.4,0.0,0,0,15.0,0,1,6,3
2011,2,karthikeyan,Narain Karthikeyan,hrt,HRT,24.0,24,20.0,20.0,20.0,20.0,20.0,0.0,0,0,0.0,0,0,0,23
2011,2,kobayashi,Kamui Kobayashi,sauber,Sauber,10.0,10,21.0,15.0,13.55,12.0,11.8,0.0,0,0,0.0,0,0,20,7
2011,2,kovalainen,Heikki Kovalainen,lotus_racing,Lotus,19.0,19,18.0,17.05,19.3,15.6,20.2,0.0,0,0,0.0,0,0,20,15
2011,2,liuzzi,Vitantonio Liuzzi,hrt,HRT,23.0,23,24.0,14.947368421052632,15.263157894736842,20.2,17.0,0.0,0,0,0.0,0,0,19,18
2011,2,maldonado,Pastor Maldonado,williams,Williams,18.0,18,20.0,20.0,15.0,20.0,15.0,0.0,0,0,0.0,0,0,1,24
2011,2,massa,Felipe Massa,ferrari,Ferrari,7.0,7,7.0,7.8,7.8,11.2,8.2,6.0,0,0,26.0,0,0,20,5
2011,2,michael_schumacher,Michael Schumacher,mercedes,Mercedes,11.0,11,19.0,10.5,9.5,11.8,9.2,0.0,0,0,0.0,0,0,20,9
2011,2,perez,Sergio Pérez,sauber,Sauber,16.0,16,22.0,22.0,13.0,22.0,13.0,0.0,0,0,6.0,0,0,1,21
2011,2,petrov,Vitaly Petrov,renault,Renault,8.0,8,3.0,13.1,13.15,13.0,10.8,15.0,0,1,30.0,0,2,20,17
2011,2,resta,Paul di Resta,force_india,Force India,14.0,14,10.0,10.0,14.0,10.0,14.0,1.0,0,0,3.0,0,0,1,10
2011,2,rosberg,Nico Rosberg,mercedes,Mercedes,9.0,9,17.0,8.7,7.3,13.6,8.2,0.0,0,0,2.0,0,0,20,12
2011,2,sutil,Adrian Sutil,force_india,Force India,17.0,17,9.0,11.6,11.95,13.6,15.2,2.0,0,0,4.0,0,0,20,11
2011,2,trulli,Jarno Trulli,lotus_racing,Lotus,20.0,20,13.0,18.95,19.4,17.6,19.4,0.0,0,0,0.0,0,0,20,20
2011,2,vettel,Sebastian Vettel,red_bull,Red Bull,1.0,1,1.0,5.75,1.95,4.2,1.2,25.0,1,1,35.0,1,1,20,1
2011,2,webber,Mark Webber,red_bull,Red Bull,3.0,3,5.0,6.0,2.55,8.0,3.0,10.0,0,0,60.0,2,2,20,4
2011,3,alguersuari,Jaime Alguersuari,toro_rosso,Toro Rosso,7.0,7,14.0,12.904761904761905,15.333333333333334,11.2,14.4,0.0,0,0,4.0,0,0,21,24
2011,3,alonso,Fernando Alonso,ferrari,Ferrari,5.0,5,6.0,5.380952380952381,5.809523809523809,4.2,4.2,20.0,0,0,36.0,0,0,21,7
2011,3,ambrosio,Jérôme d'Ambrosio,virgin,Virgin,21.0,21,19.0,16.5,22.0,16.5,22.0,0.0,0,0,0.0,0,0,2,20
2011,3,barrichello,Rubens Barrichello,williams,Williams,15.0,15,22.0,11.80952380952381,10.142857142857142,14.2,11.0,0.0,0,0,0.0,0,0,21,13
2011,3,buemi,Sébastien Buemi,toro_rosso,Toro Rosso,9.0,9,13.0,14.095238095238095,14.428571428571429,13.8,14.4,4.0,0,0,4.0,0,0,21,14
2011,3,button,Jenson Button,mclaren,McLaren,2.0,2,2.0,6.142857142857143,6.666666666666667,5.6,6.0,26.0,0,1,48.0,0,2,21,4
2011,3,glock,Timo Glock,virgin,Virgin,22.0,22,16.0,18.476190476190474,19.952380952380953,18.4,20.4,0.0,0,0,0.0,0,0,21,21
2011,3,hamilton,Lewis Hamilton,mclaren,McLaren,3.0,3,8.0,6.285714285714286,4.619047619047619,3.6,2.8,22.0,0,1,60.0,0,2,21,1
2011,3,heidfeld,Nick Heidfeld,renault,Renault,16.0,16,3.0,11.142857142857142,13.285714285714286,10.4,13.4,15.0,0,1,30.0,0,2,7,12
2011,3,karthikeyan,Narain Karthikeyan,hrt,HRT,24.0,24,23.0,23.0,24.0,23.0,24.0,0.0,0,0,0.0,0,0,1,23
2011,3,kobayashi,Kamui Kobayashi,sauber,Sauber,13.0,13,7.0,14.619047619047619,13.380952380952381,12.0,11.0,6.0,0,0,6.0,0,0,21,10
2011,3,kovalainen,Heikki Kovalainen,lotus_racing,Lotus,19.0,19,15.0,16.952380952380953,19.285714285714285,16.2,20.0,0.0,0,0,0.0,0,0,21,16
2011,3,liuzzi,Vitantonio Liuzzi,hrt,HRT,23.0,23,18.0,15.1,15.65,19.0,18.2,0.0,0,0,0.0,0,0,20,22
2011,3,maldonado,Pastor Maldonado,williams,Williams,17.0,17,24.0,22.0,16.5,22.0,16.5,0.0,0,0,0.0,0,0,2,18
2011,3,massa,Felipe Massa,ferrari,Ferrari,6.0,6,5.0,7.666666666666667,7.761904761904762,8.0,7.2,16.0,0,0,42.0,0,0,21,6
2011,3,michael_schumacher,Michael Schumacher,mercedes,Mercedes,14.0,14,9.0,10.428571428571429,9.571428571428571,12.4,9.4,2.0,0,0,2.0,0,0,21,8
2011,3,perez,Sergio Pérez,sauber,Sauber,12.0,12,21.0,21.5,14.5,21.5,14.5,0.0,0,0,7.0,0,0,2,17
2011,3,petrov,Vitaly Petrov,renault,Renault,10.0,10,17.0,13.285714285714286,12.904761904761905,12.0,9.8,15.0,0,1,30.0,0,2,21,9
2011,3,resta,Paul di Resta,force_india,Force India,8.0,8,10.0,10.0,14.0,10.0,14.0,2.0,0,0,4.0,0,0,2,11
2011,3,rosberg,Nico Rosberg,mercedes,Mercedes,4.0,4,12.0,8.857142857142858,7.380952380952381,12.6,8.6,0.0,0,0,6.0,0,0,21,5
2011,3,sutil,Adrian Sutil,force_india,Force India,11.0,11,11.0,11.571428571428571,12.19047619047619,12.2,15.6,2.0,0,0,4.0,0,0,21,15
2011,3,trulli,Jarno Trulli,lotus_racing,Lotus,20.0,20,20.0,19.0,19.428571428571427,19.0,19.6,0.0,0,0,0.0,0,0,21,19
2011,3,vettel,Sebastian Vettel,red_bull,Red Bull,1.0,1,1.0,5.523809523809524,1.9047619047619047,4.2,1.2,50.0,2,2,72.0,2,2,21,2
2011,3,webber,Mark Webber,red_bull,Red Bull,18.0,18,4.0,5.904761904761905,2.5714285714285716,8.4,3.2,22.0,0,0,90.0,2,3,21,3
2011,4,alguersuari,Jaime Alguersuari,toro_rosso,Toro Rosso,17.0,17,24.0,13.409090909090908,14.954545454545455,13.8,12.6,0.0,0,0,4.0,0,0,22,16
2011,4,alonso,Fernando Alonso,ferrari,Ferrari,5.0,5,7.0,5.454545454545454,5.7727272727272725,5.4,4.6,26.0,0,0,50.0,0,0,22,3
2011,4,ambrosio,Jérôme d'Ambrosio,virgin,Virgin,20.0,23,20.0,17.666666666666668,21.666666666666668,17.666666666666668,21.666666666666668,0.0,0,0,0.0,0,0,3,20
2011,4,barrichello,Rubens Barrichello,williams,Williams,11.0,11,13.0,11.863636363636363,10.363636363636363,15.4,12.0,0.0,0,0,0.0,0,0,22,15
2011,4,buemi,Sébastien Buemi,toro_rosso,Toro Rosso,16.0,16,14.0,14.090909090909092,14.181818181818182,12.6,12.8,4.0,0,0,4.0,0,0,22,9
2011,4,button,Jenson Button,mclaren,McLaren,6.0,6,4.0,6.045454545454546,6.454545454545454,4.0,5.0,38.0,0,1,85.0,1,3,22,6
2011,4,glock,Timo Glock,virgin,Virgin,22.0,21,21.0,18.59090909090909,20.045454545454547,18.8,20.8,0.0,0,0,0.0,0,0,22,24
2011,4,hamilton,Lewis Hamilton,mclaren,McLaren,4.0,4,1.0,6.045454545454546,4.545454545454546,3.4,2.6,47.0,1,2,93.0,1,3,22,4
2011,4,heidfeld,Nick Heidfeld,renault,Renault,9.0,9,12.0,11.25,13.625,11.0,14.0,15.0,0,1,32.0,0,2,8,7
2011,4,karthikeyan,Narain Karthikeyan,hrt,HRT,23.0,22,23.0,23.0,24.0,23.0,24.0,0.0,0,0,0.0,0,0,2,21
2011,4,kobayashi,Kamui Kobayashi,sauber,Sauber,,24,10.0,14.409090909090908,13.363636363636363,12.4,11.2,7.0,0,0,7.0,0,0,22,10
2011,4,kovalainen,Heikki Kovalainen,lotus_racing,Lotus,18.0,18,16.0,16.90909090909091,19.272727272727273,16.8,19.6,0.0,0,0,0.0,0,0,22,19
2011,4,liuzzi,Vitantonio Liuzzi,hrt,HRT,21.0,20,22.0,15.428571428571429,16.0,18.8,19.4,0.0,0,0,0.0,0,0,21,22
2011,4,maldonado,Pastor Maldonado,williams,Williams,14.0,14,18.0,20.666666666666668,16.666666666666668,20.666666666666668,16.666666666666668,0.0,0,0,0.0,0,0,3,17
2011,4,massa,Felipe Massa,ferrari,Ferrari,10.0,10,6.0,7.590909090909091,7.681818181818182,8.6,7.2,24.0,0,0,65.0,0,1,22,11
2011,4,michael_schumacher,Michael Schumacher,mercedes,Mercedes,8.0,8,8.0,10.318181818181818,9.772727272727273,13.2,10.4,6.0,0,0,16.0,0,0,22,12
2011,4,perez,Sergio Pérez,sauber,Sauber,15.0,15,17.0,20.0,13.666666666666666,20.0,13.666666666666666,0.0,0,0,8.0,0,0,3,14
2011,4,petrov,Vitaly Petrov,renault,Renault,7.0,7,9.0,13.090909090909092,12.772727272727273,10.2,8.8,17.0,0,1,38.0,0,2,22,8
2011,4,resta,Paul di Resta,force_india,Force India,13.0,13,11.0,10.333333333333334,12.0,10.333333333333334,12.0,2.0,0,0,4.0,0,0,3,23
2011,4,rosberg,Nico Rosberg,mercedes,Mercedes,3.0,3,5.0,8.681818181818182,7.2272727272727275,8.8,8.4,10.0,0,0,16.0,0,0,22,5
2011,4,sutil,Adrian Sutil,force_india,Force India,12.0,12,15.0,11.727272727272727,12.136363636363637,12.0,15.0,2.0,0,0,4.0,0,0,22,13
2011,4,trulli,Jarno Trulli,lotus_racing,Lotus,19.0,19,19.0,19.0,19.454545454545453,18.4,19.8,0.0,0,0,0.0,0,0,22,18
2011,4,vettel,Sebastian Vettel,red_bull,Red Bull,1.0,1,2.0,5.363636363636363,1.8636363636363635,1.2,1.2,68.0,2,3,105.0,2,4,22,1
2011,4,webber,Mark Webber,red_bull,Red Bull,2.0,2,3.0,5.7727272727272725,3.272727272727273,4.4,6.4,37.0,0,1,130.0,3,5,22,2
2011,5,alguersuari,Jaime Alguersuari,toro_rosso,Toro Rosso,13.0,13,16.0,13.521739130434783,15.043478260869565,14.8,13.2,0.0,0,0,6.0,0,0,23,16
2011,5,alonso,Fernando Alonso,ferrari,Ferrari,4.0,4,3.0,5.3478260869565215,5.739130434782608,5.4,4.6,41.0,0,1,65.0,0,1,23,5
2011,5,ambrosio,Jérôme d'Ambrosio,virgin,Virgin,23.0,23,20.0,18.25,21.25,18.25,21.25,0.0,0,0,0.0,0,0,4,20
2011,5,barrichello,Rubens Barrichello,williams,Williams,19.0,19,15.0,12.0,10.391304347826088,15.6,13.0,0.0,0,0,0.0,0,0,23,17
2011,5,buemi,Sébastien Buemi,toro_rosso,Toro Rosso,11.0,11,9.0,13.869565217391305,14.26086956521739,11.8,13.0,6.0,0,0,6.0,0,0,23,14
2011,5,button,Jenson Button,mclaren,McLaren,5.0,5,6.0,6.043478260869565,6.434782608695652,4.2,4.0,46.0,0,1,105.0,1,3,23,3
2011,5,glock,Timo Glock,virgin,Virgin,20.0,20,24.0,18.82608695652174,20.130434782608695,19.6,21.4,0.0,0,0,0.0,0,0,23,19
2011,5,hamilton,Lewis Hamilton,mclaren,McLaren,3.0,3,4.0,5.956521739130435,4.521739130434782,3.4,2.6,59.0,1,2,120.0,1,4,23,2
2011,5,heidfeld,Nick Heidfeld,renault,Renault,,24,7.0,10.777777777777779,13.11111111111111,9.0,12.6,21.0,0,1,42.0,0,2,9,8
2011,5,karthikeyan,Narain Karthikeyan,hrt,HRT,22.0,22,21.0,22.333333333333332,23.666666666666668,22.333333333333332,23.666666666666668,0.0,0,0,0.0,0,0,3,21
2011,5,kobayashi,Kamui Kobayashi,sauber,Sauber,14.0,14,10.0,14.217391304347826,13.363636363636363,12.4,11.0,8.0,0,0,8.0,0,0,23,10
2011,5,kovalainen,Heikki Kovalainen,lotus_racing,Lotus,15.0,15,19.0,17.0,19.217391304347824,17.0,19.0,0.0,0,0,0.0,0,0,23,23
2011,5,liuzzi,Vitantonio Liuzzi,hrt,HRT,21.0,21,22.0,15.727272727272727,16.227272727272727,22.0,20.0,0.0,0,0,0.0,0,0,22,24
2011,5,maldonado,Pastor Maldonado,williams,Williams,9.0,9,17.0,19.75,16.0,19.75,16.0,0.0,0,0,0.0,0,0,4,15
2011,5,massa,Felipe Massa,ferrari,Ferrari,8.0,8,11.0,7.739130434782608,7.782608695652174,7.8,7.4,24.0,0,0,75.0,0,1,23,22
2011,5,michael_schumacher,Michael Schumacher,mercedes,Mercedes,10.0,10,12.0,10.391304347826088,9.695652173913043,14.2,10.4,6.0,0,0,26.0,0,0,23,6
2011,5,perez,Sergio Pérez,sauber,Sauber,12.0,12,14.0,18.5,14.0,18.5,14.0,0.0,0,0,9.0,0,0,4,9
2011,5,petrov,Vitaly Petrov,renault,Renault,6.0,6,8.0,12.869565217391305,12.521739130434783,8.6,8.2,21.0,0,1,46.0,0,2,23,11
2011,5,resta,Paul di Resta,force_india,Force India,16.0,16,23.0,13.5,12.25,13.5,12.25,2.0,0,0,4.0,0,0,4,12
2011,5,rosberg,Nico Rosberg,mercedes,Mercedes,7.0,7,5.0,8.521739130434783,7.043478260869565,8.6,6.4,20.0,0,0,34.0,0,0,23,7
2011,5,sutil,Adrian Sutil,force_india,Force India,17.0,17,13.0,11.782608695652174,12.130434782608695,12.2,13.8,2.0,0,0,4.0,0,0,23,13
2011,5,trulli,Jarno Trulli,lotus_racing,Lotus,18.0,18,18.0,18.956521739130434,19.434782608695652,18.2,19.6,0.0,0,0,0.0,0,0,23,18
2011,5,vettel,Sebastian Vettel,red_bull,Red Bull,2.0,2,1.0,5.173913043478261,1.826086956521739,1.2,1.0,93.0,3,4,148.0,3,6,23,1
2011,5,webber,Mark Webber,red_bull,Red Bull,1.0,1,2.0,5.608695652173913,3.217391304347826,4.4,6.2,55.0,0,2,173.0,4,7,23,4
2011,6,alguersuari,Jaime Alguersuari,toro_rosso,Toro Rosso,20.0,19,16.0,13.625,14.958333333333334,16.2,12.4,0.0,0,0,6.0,0,0,24,20
2011,6,alonso,Fernando Alonso,ferrari,Ferrari,4.0,4,5.0,5.333333333333333,5.666666666666667,5.0,4.8,51.0,0,1,75.0,0,1,24,2
2011,6,ambrosio,Jérôme d'Ambrosio,virgin,Virgin,22.0,21,20.0,18.6,21.6,18.6,21.6,0.0,0,0,0.0,0,0,5,15
2011,6,barrichello,Rubens Barrichello,williams,Williams,12.0,11,17.0,12.208333333333334,10.75,16.6,15.4,0.0,0,0,0.0,0,0,24,9
2011,6,buemi,Sébastien Buemi,toro_rosso,Toro Rosso,17.0,16,14.0,13.875,14.125,11.6,11.6,6.0,0,0,6.0,0,0,24,10
2011,6,button,Jenson Button,mclaren,McLaren,2.0,2,3.0,5.916666666666667,6.375,4.2,4.2,61.0,0,2,138.0,1,5,24,3
2011,6,glock,Timo Glock,virgin,Virgin,21.0,20,19.0,18.833333333333332,20.125,19.0,21.2,0.0,0,0,0.0,0,0,24,23
2011,6,hamilton,Lewis Hamilton,mclaren,McLaren,7.0,9,2.0,5.791666666666667,4.458333333333333,3.4,2.8,77.0,1,3,153.0,1,6,24,6
2011,6,heidfeld,Nick Heidfeld,renault,Renault,16.0,15,8.0,10.5,13.11111111111111,8.4,12.25,25.0,0,1,46.0,0,2,10,8
2011,6,karthikeyan,Narain Karthikeyan,hrt,HRT,23.0,22,21.0,22.0,23.25,22.0,23.25,0.0,0,0,0.0,0,0,4,17
2011,6,kobayashi,Kamui Kobayashi,sauber,Sauber,13.0,12,10.0,14.041666666666666,13.391304347826088,11.6,11.5,9.0,0,0,11.0,0,0,24,5
2011,6,kovalainen,Heikki Kovalainen,lotus_racing,Lotus,18.0,17,23.0,17.25,19.041666666666668,18.2,18.0,0.0,0,0,0.0,0,0,24,14
2011,6,liuzzi,Vitantonio Liuzzi,hrt,HRT,24.0,23,24.0,16.08695652173913,16.434782608695652,22.0,20.8,0.0,0,0,0.0,0,0,23,16
2011,6,maldonado,Pastor Maldonado,williams,Williams,9.0,8,15.0,18.8,14.6,18.8,14.6,0.0,0,0,2.0,0,0,5,18
2011,6,massa,Felipe Massa,ferrari,Ferrari,6.0,6,22.0,8.333333333333334,7.791666666666667,10.2,7.8,24.0,0,0,93.0,0,2,24,21
2011,6,michael_schumacher,Michael Schumacher,mercedes,Mercedes,5.0,5,6.0,10.208333333333334,9.708333333333334,10.8,10.8,14.0,0,0,40.0,0,0,24,22
2011,6,perez,Sergio Pérez,sauber,Sauber,10.0,0,9.0,16.6,13.6,16.6,13.6,2.0,0,0,21.0,0,0,5,24
2011,6,petrov,Vitaly Petrov,renault,Renault,11.0,10,11.0,12.791666666666666,12.25,9.6,7.4,21.0,0,1,50.0,0,2,24,19
2011,6,resta,Paul di Resta,force_india,Force India,14.0,13,12.0,13.2,13.0,13.2,13.0,2.0,0,0,4.0,0,0,5,12
2011,6,rosberg,Nico Rosberg,mercedes,Mercedes,8.0,7,7.0,8.458333333333334,7.041666666666667,9.2,6.0,26.0,0,0,40.0,0,0,24,11
2011,6,sutil,Adrian Sutil,force_india,Force India,15.0,14,13.0,11.833333333333334,12.333333333333334,12.2,14.6,2.0,0,0,4.0,0,0,24,7
2011,6,trulli,Jarno Trulli,lotus_racing,Lotus,19.0,18,18.0,18.916666666666668,19.375,17.6,19.4,0.0,0,0,0.0,0,0,24,13
2011,6,vettel,Sebastian Vettel,red_bull,Red Bull,1.0,1,1.0,5.0,1.8333333333333333,1.2,1.2,118.0,4,5,185.0,4,7,24,1
2011,6,webber,Mark Webber,red_bull,Red Bull,3.0,3,4.0,5.541666666666667,3.125,3.6,5.4,67.0,0,2,210.0,5,8,24,4
2011,7,alguersuari,Jaime Alguersuari,toro_rosso,Toro Rosso,18.0,24,20.0,13.88,15.16,18.0,14.0,0.0,0,0,7.0,0,0,25,8
2011,7,alonso,Fernando Alonso,ferrari,Ferrari,2.0,2,2.0,5.2,5.6,4.6,4.6,69.0,0,2,93.0,0,2,25,22
2011,7,ambrosio,Jérôme d'Ambrosio,virgin,Virgin,24.0,23,15.0,18.0,21.666666666666668,18.8,21.6,0.0,0,0,0.0,0,0,6,14
2011,7,barrichello,Rubens Barrichello,williams,Williams,16.0,16,9.0,12.08,10.8,15.2,14.4,2.0,0,0,2.0,0,0,25,9
2011,7,buemi,Sébastien Buemi,toro_rosso,Toro Rosso,15.0,15,10.0,13.72,14.24,12.0,13.0,7.0,0,0,11.0,0,0,25,10
2011,7,button,Jenson Button,mclaren,McLaren,7.0,7,3.0,5.8,6.2,3.6,3.8,76.0,0,3,161.0,1,6,25,1
2011,7,glock,Timo Glock,virgin,Virgin,22.0,21,23.0,19.0,20.16,20.6,21.2,0.0,0,0,0.0,0,0,25,15
2011,7,hamilton,Lewis Hamilton,mclaren,McLaren,5.0,5,6.0,5.8,4.56,4.2,3.8,85.0,1,3,186.0,2,7,25,24
2011,7,heidfeld,Nick Heidfeld,renault,Renault,9.0,9,8.0,10.272727272727273,13.4,7.6,11.75,29.0,0,1,50.0,0,2,11,20
2011,7,karthikeyan,Narain Karthikeyan,hrt,HRT,23.0,22,17.0,21.0,23.2,21.0,23.2,0.0,0,0,0.0,0,0,5,17
2011,7,kobayashi,Kamui Kobayashi,sauber,Sauber,13.0,13,5.0,13.68,13.375,8.4,12.5,19.0,0,0,21.0,0,0,25,7
2011,7,kovalainen,Heikki Kovalainen,lotus_racing,Lotus,20.0,19,14.0,17.12,19.0,17.4,17.8,0.0,0,0,0.0,0,0,25,23
2011,7,liuzzi,Vitantonio Liuzzi,hrt,HRT,21.0,20,16.0,16.083333333333332,16.75,20.4,22.4,0.0,0,0,0.0,0,0,24,13
2011,7,maldonado,Pastor Maldonado,williams,Williams,12.0,12,18.0,18.666666666666668,13.666666666666666,18.4,13.4,0.0,0,0,4.0,0,0,6,19
2011,7,massa,Felipe Massa,ferrari,Ferrari,3.0,3,21.0,8.84,7.72,13.0,7.4,24.0,0,0,93.0,0,2,25,6
2011,7,michael_schumacher,Michael Schumacher,mercedes,Mercedes,8.0,8,22.0,10.68,9.52,11.4,9.6,14.0,0,0,40.0,0,0,25,4
2011,7,petrov,Vitaly Petrov,renault,Renault,10.0,10,19.0,13.04,12.2,12.8,8.4,21.0,0,1,50.0,0,2,25,5
2011,7,resta,Paul di Resta,force_india,Force India,11.0,11,12.0,13.0,13.166666666666666,13.6,13.0,2.0,0,0,10.0,0,0,6,18
2011,7,rosa,Pedro de la Rosa,sauber,Sauber,17.0,17,14.0,16.5,14.428571428571429,13.6,14.4,0.0,0,0,27.0,0,0,14,12
2011,7,rosberg,Nico Rosberg,mercedes,Mercedes,6.0,6,11.0,8.56,7.08,8.0,6.2,26.0,0,0,52.0,0,0,25,11
2011,7,sutil,Adrian Sutil,force_india,Force India,14.0,14,7.0,11.64,12.44,11.8,14.4,8.0,0,0,10.0,0,0,25,21
2011,7,trulli,Jarno Trulli,lotus_racing,Lotus,19.0,18,13.0,18.68,19.36,17.6,19.2,0.0,0,0,0.0,0,0,25,16
2011,7,vettel,Sebastian Vettel,red_bull,Red Bull,1.0,1,1.0,4.84,1.8,1.2,1.2,143.0,5,6,222.0,5,8,25,2
2011,7,webber,Mark Webber,red_bull,Red Bull,4.0,4,4.0,5.48,3.12,3.4,5.4,79.0,0,2,240.0,5,9,25,3
2011,8,alguersuari,Jaime Alguersuari,toro_rosso,Toro Rosso,18.0,18,8.0,13.653846153846153,15.26923076923077,16.8,15.0,4.0,0,0,12.0,0,0,26,8
2011,8,alonso,Fernando Alonso,ferrari,Ferrari,4.0,4,22.0,5.846153846153846,5.461538461538462,7.8,4.0,69.0,0,2,101.0,0,2,26,2
2011,8,ambrosio,Jérôme d'Ambrosio,virgin,Virgin,23.0,23,14.0,17.428571428571427,22.0,17.8,22.0,0.0,0,0,0.0,0,0,7,22
2011,8,barrichello,Rubens Barrichello,williams,Williams,13.0,13,9.0,11.961538461538462,11.0,12.6,14.6,4.0,0,0,4.0,0,0,26,12
2011,8,buemi,Sébastien Buemi,toro_rosso,Toro Rosso,17.0,17,10.0,13.576923076923077,14.26923076923077,11.4,13.6,8.0,0,0,16.0,0,0,26,13
2011,8,button,Jenson Button,mclaren,McLaren,6.0,6,1.0,5.615384615384615,6.230769230769231,3.4,4.4,101.0,1,4,186.0,2,7,26,6
2011,8,glock,Timo Glock,virgin,Virgin,21.0,21,15.0,18.846153846153847,20.23076923076923,20.4,21.4,0.0,0,0,0.0,0,0,26,21
2011,8,hamilton,Lewis Hamilton,mclaren,McLaren,3.0,3,24.0,6.5,4.576923076923077,7.4,4.4,85.0,1,3,194.0,2,7,26,4
2011,8,heidfeld,Nick Heidfeld,renault,Renault,9.0,9,20.0,11.083333333333334,13.0,11.0,12.5,29.0,0,1,60.0,0,2,12,10
2011,8,karthikeyan,Narain Karthikeyan,hrt,HRT,24.0,24,17.0,20.333333333333332,23.166666666666668,19.8,23.0,0.0,0,0,0.0,0,0,6,24
2011,8,kobayashi,Kamui Kobayashi,sauber,Sauber,14.0,14,7.0,13.423076923076923,13.36,8.4,13.25,25.0,0,0,27.0,0,0,26,16
2011,8,kovalainen,Heikki Kovalainen,lotus_racing,Lotus,19.0,19,23.0,17.346153846153847,19.03846153846154,19.0,18.0,0.0,0,0,0.0,0,0,26,19
2011,8,liuzzi,Vitantonio Liuzzi,hrt,HRT,22.0,22,13.0,15.96,16.92,19.4,22.0,0.0,0,0,0.0,0,0,25,23
2011,8,maldonado,Pastor Maldonado,williams,Williams,15.0,15,19.0,18.714285714285715,13.428571428571429,17.4,12.2,0.0,0,0,4.0,0,0,7,18
2011,8,massa,Felipe Massa,ferrari,Ferrari,5.0,5,6.0,8.73076923076923,7.538461538461538,13.2,6.6,32.0,0,0,119.0,0,3,26,5
2011,8,michael_schumacher,Michael Schumacher,mercedes,Mercedes,8.0,8,4.0,10.423076923076923,9.461538461538462,10.4,9.0,26.0,0,0,52.0,0,0,26,17
2011,8,perez,Sergio Pérez,sauber,Sauber,16.0,16,24.0,17.833333333333332,13.0,17.0,13.0,2.0,0,0,27.0,0,0,6,11
2011,8,petrov,Vitaly Petrov,renault,Renault,11.0,11,5.0,12.73076923076923,12.115384615384615,10.4,8.8,31.0,0,1,61.0,0,2,26,15
2011,8,resta,Paul di Resta,force_india,Force India,12.0,12,18.0,13.714285714285714,12.857142857142858,15.2,12.4,2.0,0,0,10.0,0,0,7,14
2011,8,rosberg,Nico Rosberg,mercedes,Mercedes,7.0,7,11.0,8.653846153846153,7.038461538461538,7.8,5.6,26.0,0,0,52.0,0,0,26,7
2011,8,sutil,Adrian Sutil,force_india,Force India,10.0,10,21.0,12.0,12.5,13.8,13.8,8.0,0,0,10.0,0,0,26,9
2011,8,trulli,Jarno Trulli,lotus_racing,Lotus,20.0,20,16.0,18.576923076923077,19.346153846153847,16.8,19.0,0.0,0,0,0.0,0,0,26,20
2011,8,vettel,Sebastian Vettel,red_bull,Red Bull,1.0,1,2.0,4.730769230769231,1.7692307692307692,1.4,1.2,161.0,5,7,255.0,5,10,26,1
2011,8,webber,Mark Webber,red_bull,Red Bull,2.0,2,3.0,5.384615384615385,3.1538461538461537,3.2,5.6,94.0,0,3,280.0,6,11,26,3
2011,9,alguersuari,Jaime Alguersuari,toro_rosso,Toro Rosso,18.0,18,8.0,13.444444444444445,15.37037037037037,13.6,17.2,8.0,0,0,16.0,0,0,27,10
2011,9,alonso,Fernando Alonso,ferrari,Ferrari,3.0,3,2.0,5.703703703703703,5.407407407407407,6.8,3.8,87.0,0,3,129.0,0,3,27,1
2011,9,ambrosio,Jérôme d'Ambrosio,virgin,Virgin,22.0,22,22.0,18.0,22.125,18.2,22.4,0.0,0,0,0.0,0,0,8,17
2011,9,barrichello,Rubens Barrichello,williams,Williams,15.0,15,12.0,11.962962962962964,11.074074074074074,12.4,14.2,4.0,0,0,4.0,0,0,27,13
2011,9,buemi,Sébastien Buemi,toro_rosso,Toro Rosso,19.0,19,13.0,13.555555555555555,14.37037037037037,11.2,15.2,8.0,0,0,17.0,0,0,27,21
2011,9,button,Jenson Button,mclaren,McLaren,5.0,5,6.0,5.62962962962963,6.222222222222222,3.8,5.2,109.0,1,4,206.0,2,7,27,20
2011,9,glock,Timo Glock,virgin,Virgin,20.0,20,21.0,18.925925925925927,20.25925925925926,20.4,21.2,0.0,0,0,0.0,0,0,27,16
2011,9,hamilton,Lewis Hamilton,mclaren,McLaren,10.0,10,4.0,6.407407407407407,4.518518518518518,8.0,4.4,97.0,1,3,206.0,2,7,27,4
2011,9,heidfeld,Nick Heidfeld,renault,Renault,16.0,16,10.0,11.0,12.666666666666666,10.6,10.75,30.0,0,1,61.0,0,2,13,8
2011,9,kobayashi,Kamui Kobayashi,sauber,Sauber,8.0,8,16.0,13.518518518518519,13.384615384615385,9.6,13.5,25.0,0,0,27.0,0,0,27,22
2011,9,kovalainen,Heikki Kovalainen,lotus_racing,Lotus,17.0,17,19.0,17.40740740740741,19.037037037037038,19.6,18.0,0.0,0,0,0.0,0,0,27,24
2011,9,liuzzi,Vitantonio Liuzzi,hrt,HRT,23.0,23,23.0,16.23076923076923,17.115384615384617,19.6,21.8,0.0,0,0,0.0,0,0,26,18
2011,9,maldonado,Pastor Maldonado,williams,Williams,7.0,7,18.0,18.625,13.625,17.4,11.8,0.0,0,0,4.0,0,0,8,14
2011,9,massa,Felipe Massa,ferrari,Ferrari,4.0,4,5.0,8.592592592592593,7.444444444444445,13.0,6.4,42.0,0,0,154.0,1,4,27,5
2011,9,michael_schumacher,Michael Schumacher,mercedes,Mercedes,13.0,13,17.0,10.666666666666666,9.407407407407407,12.2,7.8,26.0,0,0,58.0,0,0,27,9
2011,9,perez,Sergio Pérez,sauber,Sauber,12.0,12,11.0,16.857142857142858,13.428571428571429,15.0,13.0,2.0,0,0,27.0,0,0,7,7
2011,9,petrov,Vitaly Petrov,renault,Renault,14.0,14,15.0,12.814814814814815,12.074074074074074,11.6,9.0,31.0,0,1,65.0,0,2,27,12
2011,9,resta,Paul di Resta,force_india,Force India,6.0,6,14.0,13.75,12.75,15.8,13.2,2.0,0,0,12.0,0,0,8,15
2011,9,ricciardo,Daniel Ricciardo,hrt,HRT,24.0,24,20.0,20.0,20.0,20.0,20.0,0.0,0,0,0.0,0,0,0,19
2011,9,rosberg,Nico Rosberg,mercedes,Mercedes,9.0,9,7.0,8.592592592592593,7.037037037037037,8.2,6.2,32.0,0,0,60.0,0,0,27,6
2011,9,sutil,Adrian Sutil,force_india,Force India,11.0,11,9.0,11.88888888888889,12.407407407407407,12.6,13.6,10.0,0,0,12.0,0,0,27,11
2011,9,trulli,Jarno Trulli,lotus_racing,Lotus,21.0,21,20.0,18.62962962962963,19.37037037037037,17.0,19.0,0.0,0,0,0.0,0,0,27,23
2011,9,vettel,Sebastian Vettel,red_bull,Red Bull,2.0,2,1.0,4.592592592592593,1.7407407407407407,1.2,1.2,186.0,6,8,295.0,6,12,27,2
2011,9,webber,Mark Webber,red_bull,Red Bull,1.0,1,3.0,5.296296296296297,3.111111111111111,3.2,2.4,109.0,0,4,313.0,6,13,27,3
2011,10,alguersuari,Jaime Alguersuari,toro_rosso,Toro Rosso,17.0,16,10.0,13.321428571428571,15.464285714285714,12.4,17.4,9.0,0,0,17.0,0,0,28,12
2011,10,alonso,Fernando Alonso,ferrari,Ferrari,4.0,4,1.0,5.535714285714286,5.321428571428571,6.4,3.4,112.0,1,4,164.0,1,4,28,2
2011,10,ambrosio,Jérôme d'Ambrosio,virgin,Virgin,22.0,21,17.0,17.88888888888889,22.11111111111111,17.6,22.8,0.0,0,0,0.0,0,0,9,18
2011,10,barrichello,Rubens Barrichello,williams,Williams,14.0,14,13.0,12.0,11.214285714285714,12.0,15.0,4.0,0,0,4.0,0,0,28,23
2011,10,buemi,Sébastien Buemi,toro_rosso,Toro Rosso,16.0,24,21.0,13.821428571428571,14.535714285714286,13.6,15.8,8.0,0,0,17.0,0,0,28,15
2011,10,button,Jenson Button,mclaren,McLaren,7.0,7,20.0,6.142857142857143,6.178571428571429,6.6,5.0,109.0,1,4,218.0,2,7,28,22
2011,10,chandhok,Karun Chandhok,lotus_racing,Lotus,21.0,20,19.0,18.0,23.4,17.8,23.4,0.0,0,0,0.0,0,0,10,20
2011,10,glock,Timo Glock,virgin,Virgin,20.0,19,16.0,18.821428571428573,20.25,18.8,20.8,0.0,0,0,0.0,0,0,28,17
2011,10,hamilton,Lewis Hamilton,mclaren,McLaren,2.0,2,4.0,6.321428571428571,4.714285714285714,8.0,5.6,109.0,1,3,218.0,2,7,28,1
2011,10,heidfeld,Nick Heidfeld,renault,Renault,11.0,11,8.0,10.785714285714286,12.923076923076923,10.8,12.5,34.0,0,1,65.0,0,2,14,24
2011,10,kobayashi,Kamui Kobayashi,sauber,Sauber,18.0,17,22.0,13.821428571428571,13.185185185185185,12.0,12.4,25.0,0,0,33.0,0,0,28,9
2011,10,kovalainen,Heikki Kovalainen,lotus_racing,Lotus,19.0,18,24.0,17.642857142857142,18.964285714285715,20.6,17.8,0.0,0,0,0.0,0,0,28,16
2011,10,liuzzi,Vitantonio Liuzzi,hrt,HRT,23.0,23,18.0,16.296296296296298,17.333333333333332,18.8,22.2,0.0,0,0,0.0,0,0,27,21
2011,10,maldonado,Pastor Maldonado,williams,Williams,13.0,13,14.0,18.11111111111111,12.88888888888889,16.8,10.4,0.0,0,0,4.0,0,0,9,14
2011,10,massa,Felipe Massa,ferrari,Ferrari,5.0,5,5.0,8.464285714285714,7.321428571428571,11.8,5.2,52.0,0,0,182.0,1,5,28,5
2011,10,michael_schumacher,Michael Schumacher,mercedes,Mercedes,10.0,10,9.0,10.607142857142858,9.535714285714286,11.6,8.8,28.0,0,0,68.0,0,0,28,8
2011,10,perez,Sergio Pérez,sauber,Sauber,15.0,15,7.0,15.625,13.25,13.0,13.0,8.0,0,0,35.0,0,0,8,11
2011,10,petrov,Vitaly Petrov,renault,Renault,9.0,9,12.0,12.785714285714286,12.142857142857142,12.4,10.4,31.0,0,1,65.0,0,2,28,10
2011,10,resta,Paul di Resta,force_india,Force India,12.0,12,15.0,13.88888888888889,12.0,14.2,11.8,2.0,0,0,12.0,0,0,9,13
2011,10,ricciardo,Daniel Ricciardo,hrt,HRT,24.0,22,19.0,19.0,24.0,19.0,24.0,0.0,0,0,0.0,0,0,1,19
2011,10,rosberg,Nico Rosberg,mercedes,Mercedes,6.0,6,6.0,8.5,7.107142857142857,8.4,7.4,40.0,0,0,72.0,0,0,28,7
2011,10,sutil,Adrian Sutil,force_india,Force India,8.0,8,11.0,11.857142857142858,12.357142857142858,12.2,13.4,10.0,0,0,12.0,0,0,28,6
2011,10,vettel,Sebastian Vettel,red_bull,Red Bull,3.0,3,2.0,4.5,1.75,1.4,1.4,204.0,6,9,328.0,6,14,28,4
2011,10,webber,Mark Webber,red_bull,Red Bull,1.0,1,3.0,5.214285714285714,3.0357142857142856,3.4,2.2,124.0,0,5,340.0,6,14,28,3
2011,11,alguersuari,Jaime Alguersuari,toro_rosso,Toro Rosso,16.0,16,12.0,13.275862068965518,15.517241379310345,11.6,18.2,9.0,0,0,17.0,0,0,29,10
2011,11,alonso,Fernando Alonso,ferrari,Ferrari,5.0,5,2.0,5.413793103448276,5.275862068965517,5.8,3.4,130.0,1,5,192.0,1,5,29,3
2011,11,ambrosio,Jérôme d'Ambrosio,virgin,Virgin,24.0,24,18.0,17.9,22.1,17.2,22.6,0.0,0,0,0.0,0,0,10,19
2011,11,barrichello,Rubens Barrichello,williams,Williams,15.0,15,23.0,12.379310344827585,11.310344827586206,13.2,14.0,4.0,0,0,4.0,0,0,29,13
2011,11,buemi,Sébastien Buemi,toro_rosso,Toro Rosso,18.0,23,15.0,13.862068965517242,14.586206896551724,13.8,16.8,8.0,0,0,18.0,0,0,29,8
2011,11,button,Jenson Button,mclaren,McLaren,3.0,3,22.0,6.689655172413793,6.206896551724138,10.4,5.4,109.0,1,4,243.0,3,8,29,1
2011,11,glock,Timo Glock,virgin,Virgin,21.0,20,17.0,18.75862068965517,20.24137931034483,18.4,20.8,0.0,0,0,0.0,0,0,29,17
2011,11,hamilton,Lewis Hamilton,mclaren,McLaren,2.0,2,1.0,6.137931034482759,4.620689655172414,7.8,5.4,134.0,2,4,268.0,4,9,29,4
2011,11,heidfeld,Nick Heidfeld,renault,Renault,14.0,14,24.0,11.666666666666666,12.785714285714286,14.0,12.2,34.0,0,1,66.0,0,2,15,23
2011,11,kobayashi,Kamui Kobayashi,sauber,Sauber,13.0,13,9.0,13.655172413793103,13.357142857142858,11.8,13.2,27.0,0,0,35.0,0,0,29,11
2011,11,kovalainen,Heikki Kovalainen,lotus_racing,Lotus,19.0,18,16.0,17.586206896551722,18.96551724137931,19.2,18.6,0.0,0,0,0.0,0,0,29,21
2011,11,liuzzi,Vitantonio Liuzzi,hrt,HRT,22.0,21,21.0,16.464285714285715,17.535714285714285,18.2,22.6,0.0,0,0,0.0,0,0,28,20
2011,11,maldonado,Pastor Maldonado,williams,Williams,17.0,17,14.0,17.7,12.9,16.6,11.2,0.0,0,0,4.0,0,0,10,16
2011,11,massa,Felipe Massa,ferrari,Ferrari,4.0,4,5.0,8.344827586206897,7.241379310344827,8.4,4.6,62.0,0,0,207.0,1,6,29,6
2011,11,michael_schumacher,Michael Schumacher,mercedes,Mercedes,9.0,9,8.0,10.517241379310345,9.551724137931034,12.0,8.8,32.0,0,0,78.0,0,0,29,22
2011,11,perez,Sergio Pérez,sauber,Sauber,10.0,10,11.0,15.11111111111111,13.444444444444445,12.4,13.0,8.0,0,0,35.0,0,0,9,15
2011,11,petrov,Vitaly Petrov,renault,Renault,12.0,12,10.0,12.689655172413794,12.03448275862069,12.2,11.0,32.0,0,1,66.0,0,2,29,12
2011,11,resta,Paul di Resta,force_india,Force India,11.0,11,13.0,13.8,12.0,14.4,11.0,2.0,0,0,20.0,0,0,10,7
2011,11,ricciardo,Daniel Ricciardo,hrt,HRT,23.0,22,19.0,19.0,24.0,19.0,24.0,0.0,0,0,0.0,0,0,2,18
2011,11,rosberg,Nico Rosberg,mercedes,Mercedes,7.0,7,7.0,8.448275862068966,7.068965517241379,8.4,7.2,46.0,0,0,78.0,0,0,29,9
2011,11,sutil,Adrian Sutil,force_india,Force India,8.0,8,6.0,11.655172413793103,12.206896551724139,10.8,11.6,18.0,0,0,26.0,0,0,29,14
2011,11,trulli,Jarno Trulli,lotus_racing,Lotus,20.0,19,23.0,18.785714285714285,19.428571428571427,18.0,19.4,0.0,0,0,0.0,0,0,28,24
2011,11,vettel,Sebastian Vettel,red_bull,Red Bull,1.0,1,4.0,4.482758620689655,1.793103448275862,2.0,1.6,216.0,6,9,355.0,6,15,29,2
2011,11,webber,Mark Webber,red_bull,Red Bull,6.0,6,3.0,5.137931034482759,2.9655172413793105,3.2,2.2,139.0,0,6,373.0,6,16,29,5
2011,12,alguersuari,Jaime Alguersuari,toro_rosso,Toro Rosso,6.0,6,10.0,13.166666666666666,15.533333333333333,9.6,17.4,10.0,0,0,22.0,0,0,30,24
2011,12,alonso,Fernando Alonso,ferrari,Ferrari,8.0,8,3.0,5.333333333333333,5.266666666666667,6.0,3.6,145.0,1,6,215.0,1,6,30,4
2011,12,ambrosio,Jérôme d'Ambrosio,virgin,Virgin,21.0,20,19.0,18.0,22.272727272727273,18.0,23.0,0.0,0,0,0.0,0,0,11,17
2011,12,barrichello,Rubens Barrichello,williams,Williams,14.0,14,13.0,12.4,11.433333333333334,14.0,14.6,4.0,0,0,4.0,0,0,30,16
2011,12,bruno_senna,Bruno Senna,renault,Renault,7.0,7,19.0,19.27777777777778,22.77777777777778,18.2,23.4,0.0,0,0,66.0,0,2,18,13
2011,12,buemi,Sébastien Buemi,toro_rosso,Toro Rosso,11.0,11,8.0,13.666666666666666,14.7,13.4,17.0,12.0,0,0,22.0,0,0,30,23
2011,12,button,Jenson Button,mclaren,McLaren,13.0,13,1.0,6.5,6.1,10.0,5.6,134.0,2,5,280.0,4,9,30,3
2011,12,glock,Timo Glock,virgin,Virgin,20.0,19,17.0,18.7,20.266666666666666,17.2,20.8,0.0,0,0,0.0,0,0,30,18
2011,12,hamilton,Lewis Hamilton,mclaren,McLaren,2.0,2,4.0,6.066666666666666,4.533333333333333,7.4,4.4,146.0,2,4,295.0,4,10,30,22
2011,12,kobayashi,Kamui Kobayashi,sauber,Sauber,12.0,12,11.0,13.566666666666666,13.344827586206897,13.0,13.2,27.0,0,0,35.0,0,0,30,12
2011,12,kovalainen,Heikki Kovalainen,lotus_racing,Lotus,17.0,16,21.0,17.7,18.966666666666665,20.6,18.8,0.0,0,0,0.0,0,0,30,15
2011,12,liuzzi,Vitantonio Liuzzi,hrt,HRT,22.0,22,20.0,16.586206896551722,17.689655172413794,19.0,22.2,0.0,0,0,0.0,0,0,29,19
2011,12,maldonado,Pastor Maldonado,williams,Williams,16.0,21,16.0,17.545454545454547,13.272727272727273,16.2,12.8,0.0,0,0,4.0,0,0,11,10
2011,12,massa,Felipe Massa,ferrari,Ferrari,4.0,4,6.0,8.266666666666667,7.133333333333334,5.4,4.2,70.0,0,0,227.0,1,6,30,8
2011,12,michael_schumacher,Michael Schumacher,mercedes,Mercedes,,24,22.0,10.9,9.533333333333333,12.0,9.6,32.0,0,0,80.0,0,0,30,5
2011,12,perez,Sergio Pérez,sauber,Sauber,9.0,9,15.0,15.1,13.1,13.6,12.6,8.0,0,0,35.0,0,0,10,20
2011,12,petrov,Vitaly Petrov,renault,Renault,10.0,10,12.0,12.666666666666666,12.033333333333333,10.8,11.2,32.0,0,1,66.0,0,2,30,9
2011,12,resta,Paul di Resta,force_india,Force India,18.0,17,7.0,13.181818181818182,11.909090909090908,13.4,10.4,8.0,0,0,26.0,0,0,11,11
2011,12,ricciardo,Daniel Ricciardo,hrt,HRT,23.0,23,18.0,18.666666666666668,23.666666666666668,18.666666666666668,23.666666666666668,0.0,0,0,0.0,0,0,3,21
2011,12,rosberg,Nico Rosberg,mercedes,Mercedes,5.0,5,9.0,8.466666666666667,7.066666666666666,8.0,7.0,48.0,0,0,90.0,0,0,30,6
2011,12,sutil,Adrian Sutil,force_india,Force India,15.0,15,14.0,11.733333333333333,12.066666666666666,12.2,10.2,18.0,0,0,26.0,0,0,30,7
2011,12,trulli,Jarno Trulli,lotus_racing,Lotus,19.0,18,24.0,18.96551724137931,19.448275862068964,19.2,19.8,0.0,0,0,0.0,0,0,29,14
2011,12,vettel,Sebastian Vettel,red_bull,Red Bull,1.0,1,2.0,4.4,1.7666666666666666,2.2,1.6,234.0,6,10,383.0,6,16,30,1
2011,12,webber,Mark Webber,red_bull,Red Bull,3.0,3,5.0,5.133333333333334,3.066666666666667,3.4,2.8,149.0,0,6,408.0,7,17,30,2
2011,13,alguersuari,Jaime Alguersuari,toro_rosso,Toro Rosso,18.0,18,24.0,13.516129032258064,15.225806451612904,12.8,15.0,10.0,0,0,22.0,0,0,31,7
2011,13,alonso,Fernando Alonso,ferrari,Ferrari,4.0,4,4.0,5.290322580645161,5.354838709677419,2.4,4.8,157.0,1,6,231.0,1,6,31,3
2011,13,ambrosio,Jérôme d'Ambrosio,virgin,Virgin,22.0,22,17.0,17.916666666666668,22.166666666666668,18.6,22.4,0.0,0,0,0.0,0,0,12,21
2011,13,barrichello,Rubens Barrichello,williams,Williams,13.0,13,16.0,12.516129032258064,11.516129032258064,15.4,14.2,4.0,0,0,5.0,0,0,31,12
2011,13,bruno_senna,Bruno Senna,renault,Renault,10.0,10,13.0,18.94736842105263,21.94736842105263,16.4,20.2,0.0,0,0,68.0,0,2,19,9
2011,13,buemi,Sébastien Buemi,toro_rosso,Toro Rosso,16.0,16,23.0,13.96774193548387,14.580645161290322,16.0,16.2,12.0,0,0,28.0,0,0,31,10
2011,13,button,Jenson Button,mclaren,McLaren,3.0,3,3.0,6.387096774193548,6.32258064516129,10.4,6.8,149.0,2,6,295.0,4,10,31,2
2011,13,glock,Timo Glock,virgin,Virgin,21.0,21,18.0,18.677419354838708,20.258064516129032,17.8,20.4,0.0,0,0,0.0,0,0,31,15
2011,13,hamilton,Lewis Hamilton,mclaren,McLaren,2.0,2,22.0,6.580645161290323,4.451612903225806,7.0,3.8,146.0,2,4,313.0,4,11,31,4
2011,13,kobayashi,Kamui Kobayashi,sauber,Sauber,17.0,17,12.0,13.516129032258064,13.3,14.0,13.0,27.0,0,0,35.0,0,0,31,18
2011,13,kovalainen,Heikki Kovalainen,lotus_racing,Lotus,20.0,20,15.0,17.612903225806452,18.903225806451612,19.0,18.2,0.0,0,0,0.0,0,0,31,13
2011,13,liuzzi,Vitantonio Liuzzi,hrt,HRT,24.0,24,19.0,16.666666666666668,17.833333333333332,20.2,22.4,0.0,0,0,0.0,0,0,30,24
2011,13,maldonado,Pastor Maldonado,williams,Williams,14.0,14,10.0,16.916666666666668,13.5,14.4,13.6,1.0,0,0,5.0,0,0,12,11
2011,13,massa,Felipe Massa,ferrari,Ferrari,6.0,6,8.0,8.258064516129032,7.032258064516129,5.8,4.4,74.0,0,0,246.0,1,7,31,6
2011,13,michael_schumacher,Michael Schumacher,mercedes,Mercedes,8.0,8,5.0,10.709677419354838,9.533333333333333,12.2,10.0,42.0,0,0,98.0,0,0,31,5
2011,13,perez,Sergio Pérez,sauber,Sauber,15.0,15,20.0,15.545454545454545,12.727272727272727,12.8,12.4,8.0,0,0,35.0,0,0,11,17
2011,13,petrov,Vitaly Petrov,renault,Renault,7.0,7,9.0,12.548387096774194,11.96774193548387,11.6,11.2,34.0,0,1,70.0,0,2,31,22
2011,13,resta,Paul di Resta,force_india,Force India,11.0,11,11.0,13.0,12.416666666666666,12.0,11.8,8.0,0,0,32.0,0,0,12,8
2011,13,ricciardo,Daniel Ricciardo,hrt,HRT,23.0,23,21.0,19.25,23.5,19.25,23.5,0.0,0,0,0.0,0,0,4,16
2011,13,rosberg,Nico Rosberg,mercedes,Mercedes,9.0,9,6.0,8.387096774193548,7.0,7.0,6.8,56.0,0,0,108.0,0,0,31,23
2011,13,sutil,Adrian Sutil,force_india,Force India,12.0,12,7.0,11.580645161290322,12.161290322580646,9.4,10.4,24.0,0,0,36.0,0,0,31,19
2011,13,trulli,Jarno Trulli,lotus_racing,Lotus,19.0,19,14.0,18.8,19.433333333333334,19.4,19.8,0.0,0,0,0.0,0,0,30,14
2011,13,vettel,Sebastian Vettel,red_bull,Red Bull,1.0,1,1.0,4.290322580645161,1.7419354838709677,2.0,1.6,259.0,7,11,426.0,7,18,31,1
2011,13,webber,Mark Webber,red_bull,Red Bull,5.0,5,2.0,5.032258064516129,3.064516129032258,3.2,2.6,167.0,0,7,451.0,8,19,31,20
2011,14,alguersuari,Jaime Alguersuari,toro_rosso,Toro Rosso,16.0,16,7.0,13.3125,15.3125,12.6,15.0,16.0,0,0,29.0,0,0,32,21
2011,14,alonso,Fernando Alonso,ferrari,Ferrari,5.0,5,3.0,5.21875,5.3125,2.6,4.8,172.0,1,7,254.0,1,7,32,4
2011,14,ambrosio,Jérôme d'Ambrosio,virgin,Virgin,22.0,22,21.0,18.153846153846153,22.153846153846153,18.4,22.2,0.0,0,0,0.0,0,0,13,18
2011,14,barrichello,Rubens Barrichello,williams,Williams,12.0,12,12.0,12.5,11.5625,15.4,14.2,4.0,0,0,5.0,0,0,32,13
2011,14,bruno_senna,Bruno Senna,renault,Renault,15.0,15,9.0,18.45,21.35,15.2,17.6,2.0,0,0,70.0,0,2,20,15
2011,14,buemi,Sébastien Buemi,toro_rosso,Toro Rosso,14.0,14,10.0,13.84375,14.625,15.4,16.0,13.0,0,0,29.0,0,0,32,12
2011,14,button,Jenson Button,mclaren,McLaren,3.0,3,2.0,6.25,6.21875,9.6,6.2,167.0,2,7,325.0,4,11,32,2
2011,14,glock,Timo Glock,virgin,Virgin,21.0,21,15.0,18.5625,20.28125,16.6,20.4,0.0,0,0,0.0,0,0,32,24
2011,14,hamilton,Lewis Hamilton,mclaren,McLaren,4.0,4,4.0,6.5,4.375,7.0,3.6,158.0,2,4,343.0,4,12,32,5
2011,14,kobayashi,Kamui Kobayashi,sauber,Sauber,17.0,17,18.0,13.65625,13.419354838709678,14.4,13.6,27.0,0,0,35.0,0,0,32,14
2011,14,kovalainen,Heikki Kovalainen,lotus_racing,Lotus,19.0,19,13.0,17.46875,18.9375,17.8,18.4,0.0,0,0,0.0,0,0,32,16
2011,14,liuzzi,Vitantonio Liuzzi,hrt,HRT,24.0,24,24.0,16.903225806451612,18.032258064516128,20.4,22.8,0.0,0,0,0.0,0,0,31,20
2011,14,maldonado,Pastor Maldonado,williams,Williams,13.0,13,11.0,16.46153846153846,13.538461538461538,13.0,13.4,1.0,0,0,5.0,0,0,13,11
2011,14,massa,Felipe Massa,ferrari,Ferrari,6.0,6,6.0,8.1875,7.0,6.0,4.6,82.0,0,0,266.0,1,7,32,9
2011,14,michael_schumacher,Michael Schumacher,mercedes,Mercedes,8.0,8,5.0,10.53125,9.483870967741936,9.8,10.0,52.0,0,0,108.0,0,0,32,23
2011,14,perez,Sergio Pérez,sauber,Sauber,11.0,11,17.0,15.666666666666666,12.916666666666666,14.0,12.2,8.0,0,0,35.0,0,0,12,10
2011,14,petrov,Vitaly Petrov,renault,Renault,18.0,18,22.0,12.84375,11.8125,13.0,10.4,34.0,0,1,70.0,0,2,32,17
2011,14,resta,Paul di Resta,force_india,Force India,10.0,10,8.0,12.615384615384615,12.307692307692308,10.8,11.6,12.0,0,0,36.0,0,0,13,6
2011,14,ricciardo,Daniel Ricciardo,hrt,HRT,23.0,23,16.0,18.6,23.4,18.6,23.4,0.0,0,0,0.0,0,0,5,19
2011,14,rosberg,Nico Rosberg,mercedes,Mercedes,7.0,7,23.0,8.84375,7.0625,10.2,7.2,56.0,0,0,108.0,0,0,32,7
2011,14,sutil,Adrian Sutil,force_india,Force India,9.0,9,19.0,11.8125,12.15625,11.4,10.8,24.0,0,0,44.0,0,0,32,8
2011,14,trulli,Jarno Trulli,lotus_racing,Lotus,20.0,20,14.0,18.64516129032258,19.419354838709676,19.0,19.8,0.0,0,0,0.0,0,0,31,22
2011,14,vettel,Sebastian Vettel,red_bull,Red Bull,1.0,1,1.0,4.1875,1.71875,2.0,1.6,284.0,8,12,451.0,8,19,32,1
2011,14,webber,Mark Webber,red_bull,Red Bull,2.0,2,20.0,5.5,3.125,6.6,3.2,167.0,0,7,476.0,9,20,32,3
2011,15,alguersuari,Jaime Alguersuari,toro_rosso,Toro Rosso,16.0,16,21.0,13.545454545454545,15.333333333333334,14.8,14.6,16.0,0,0,29.0,0,0,33,15
2011,15,alonso,Fernando Alonso,ferrari,Ferrari,5.0,5,4.0,5.181818181818182,5.303030303030303,3.2,5.2,184.0,1,7,268.0,1,7,33,2
2011,15,ambrosio,Jérôme d'Ambrosio,virgin,Virgin,20.0,20,18.0,18.142857142857142,22.142857142857142,18.6,22.2,0.0,0,0,0.0,0,0,14,21
2011,15,barrichello,Rubens Barrichello,williams,Williams,13.0,13,13.0,12.515151515151516,11.575757575757576,15.4,13.6,4.0,0,0,5.0,0,0,33,17
2011,15,bruno_senna,Bruno Senna,renault,Renault,8.0,9,15.0,18.285714285714285,21.047619047619047,15.4,15.8,2.0,0,0,70.0,0,2,21,16
2011,15,buemi,Sébastien Buemi,toro_rosso,Toro Rosso,15.0,15,12.0,13.787878787878787,14.606060606060606,13.6,15.0,13.0,0,0,29.0,0,0,33,24
2011,15,button,Jenson Button,mclaren,McLaren,2.0,2,2.0,6.121212121212121,6.121212121212121,6.0,5.8,185.0,2,8,353.0,4,12,33,1
2011,15,glock,Timo Glock,virgin,Virgin,21.0,21,24.0,18.727272727272727,20.303030303030305,18.2,20.6,0.0,0,0,0.0,0,0,33,20
2011,15,hamilton,Lewis Hamilton,mclaren,McLaren,3.0,3,5.0,6.454545454545454,4.363636363636363,7.2,2.4,168.0,2,4,378.0,5,13,33,5
2011,15,kobayashi,Kamui Kobayashi,sauber,Sauber,10.0,7,14.0,13.666666666666666,13.53125,12.8,15.4,27.0,0,0,36.0,0,0,33,13
2011,15,kovalainen,Heikki Kovalainen,lotus_racing,Lotus,18.0,18,16.0,17.424242424242426,18.939393939393938,16.2,18.8,0.0,0,0,0.0,0,0,33,18
2011,15,liuzzi,Vitantonio Liuzzi,hrt,HRT,24.0,24,20.0,17.0,18.21875,20.8,23.0,0.0,0,0,0.0,0,0,32,23
2011,15,maldonado,Pastor Maldonado,williams,Williams,14.0,14,11.0,16.071428571428573,13.5,12.4,14.6,1.0,0,0,5.0,0,0,14,14
2011,15,massa,Felipe Massa,ferrari,Ferrari,4.0,4,9.0,8.212121212121213,6.96969696969697,6.8,5.0,84.0,0,0,286.0,1,8,33,7
2011,15,michael_schumacher,Michael Schumacher,mercedes,Mercedes,7.0,8,23.0,10.909090909090908,9.4375,12.6,8.75,52.0,0,0,114.0,0,0,33,6
2011,15,perez,Sergio Pérez,sauber,Sauber,17.0,17,10.0,15.23076923076923,12.76923076923077,14.6,12.0,9.0,0,0,36.0,0,0,13,8
2011,15,petrov,Vitaly Petrov,renault,Renault,9.0,10,17.0,12.969696969696969,12.0,14.0,11.2,34.0,0,1,70.0,0,2,33,9
2011,15,resta,Paul di Resta,force_india,Force India,12.0,12,6.0,12.142857142857142,12.142857142857142,9.0,12.4,20.0,0,0,48.0,0,0,14,12
2011,15,ricciardo,Daniel Ricciardo,hrt,HRT,22.0,22,19.0,18.666666666666668,23.333333333333332,18.6,23.2,0.0,0,0,0.0,0,0,6,22
2011,15,rosberg,Nico Rosberg,mercedes,Mercedes,23.0,23,7.0,8.787878787878787,7.0606060606060606,10.4,6.8,62.0,0,0,122.0,0,0,33,10
2011,15,sutil,Adrian Sutil,force_india,Force India,11.0,11,8.0,11.696969696969697,12.06060606060606,10.8,10.4,28.0,0,0,48.0,0,0,33,11
2011,15,trulli,Jarno Trulli,lotus_racing,Lotus,19.0,19,22.0,18.75,19.4375,19.4,19.8,0.0,0,0,0.0,0,0,32,19
2011,15,vettel,Sebastian Vettel,red_bull,Red Bull,1.0,1,1.0,4.090909090909091,1.696969696969697,1.8,1.4,309.0,9,13,491.0,9,21,33,3
2011,15,webber,Mark Webber,red_bull,Red Bull,6.0,6,3.0,5.424242424242424,3.090909090909091,6.6,3.4,182.0,0,8,506.0,9,22,33,4
2011,16,alguersuari,Jaime Alguersuari,toro_rosso,Toro Rosso,11.0,11,15.0,13.588235294117647,15.352941176470589,15.4,14.4,16.0,0,0,29.0,0,0,34,7
2011,16,alonso,Fernando Alonso,ferrari,Ferrari,6.0,6,2.0,5.088235294117647,5.294117647058823,3.2,5.4,202.0,1,8,292.0,1,8,34,5
2011,16,ambrosio,Jérôme d'Ambrosio,virgin,Virgin,22.0,22,21.0,18.333333333333332,22.0,19.2,21.8,0.0,0,0,0.0,0,0,15,20
2011,16,barrichello,Rubens Barrichello,williams,Williams,18.0,18,17.0,12.647058823529411,11.617647058823529,14.2,13.4,4.0,0,0,5.0,0,0,34,12
2011,16,bruno_senna,Bruno Senna,renault,Renault,15.0,15,16.0,18.181818181818183,20.454545454545453,14.4,12.6,2.0,0,0,72.0,0,2,22,13
2011,16,buemi,Sébastien Buemi,toro_rosso,Toro Rosso,13.0,13,24.0,14.088235294117647,14.617647058823529,15.4,14.8,13.0,0,0,35.0,0,0,34,9
2011,16,button,Jenson Button,mclaren,McLaren,3.0,3,1.0,5.970588235294118,6.0,1.8,4.8,210.0,3,9,388.0,5,13,34,4
2011,16,glock,Timo Glock,virgin,Virgin,21.0,21,20.0,18.764705882352942,20.323529411764707,18.8,20.8,0.0,0,0,0.0,0,0,34,18
2011,16,hamilton,Lewis Hamilton,mclaren,McLaren,1.0,1,5.0,6.411764705882353,4.323529411764706,8.0,2.6,178.0,2,4,400.0,5,13,34,2
2011,16,kobayashi,Kamui Kobayashi,sauber,Sauber,14.0,14,13.0,13.647058823529411,13.424242424242424,13.6,13.8,27.0,0,0,40.0,0,0,34,15
2011,16,kovalainen,Heikki Kovalainen,lotus_racing,Lotus,19.0,19,18.0,17.441176470588236,18.91176470588235,16.6,18.6,0.0,0,0,0.0,0,0,34,14
2011,16,liuzzi,Vitantonio Liuzzi,hrt,HRT,23.0,23,23.0,17.181818181818183,18.393939393939394,21.2,23.2,0.0,0,0,0.0,0,0,33,21
2011,16,maldonado,Pastor Maldonado,williams,Williams,16.0,16,14.0,15.933333333333334,13.533333333333333,12.4,14.8,1.0,0,0,5.0,0,0,15,22
2011,16,massa,Felipe Massa,ferrari,Ferrari,5.0,5,7.0,8.176470588235293,6.882352941176471,7.2,4.8,90.0,0,0,302.0,1,8,34,6
2011,16,michael_schumacher,Michael Schumacher,mercedes,Mercedes,12.0,12,6.0,10.764705882352942,9.363636363636363,12.2,8.0,60.0,0,0,123.0,0,0,34,24
2011,16,perez,Sergio Pérez,sauber,Sauber,17.0,17,8.0,14.714285714285714,13.071428571428571,14.0,12.4,13.0,0,0,40.0,0,0,14,16
2011,16,petrov,Vitaly Petrov,renault,Renault,8.0,8,9.0,12.852941176470589,11.911764705882353,13.8,11.2,36.0,0,1,72.0,0,2,34,23
2011,16,resta,Paul di Resta,force_india,Force India,9.0,9,12.0,12.133333333333333,12.133333333333333,8.8,12.4,20.0,0,0,48.0,0,0,15,10
2011,16,ricciardo,Daniel Ricciardo,hrt,HRT,24.0,24,22.0,19.142857142857142,23.142857142857142,19.2,22.8,0.0,0,0,0.0,0,0,7,19
2011,16,rosberg,Nico Rosberg,mercedes,Mercedes,7.0,7,10.0,8.823529411764707,7.529411764705882,11.0,10.2,63.0,0,0,123.0,0,0,34,8
2011,16,sutil,Adrian Sutil,force_india,Force India,10.0,10,11.0,11.676470588235293,12.029411764705882,11.8,11.0,28.0,0,0,49.0,0,0,34,11
2011,16,trulli,Jarno Trulli,lotus_racing,Lotus,20.0,20,19.0,18.757575757575758,19.424242424242426,18.6,19.4,0.0,0,0,0.0,0,0,33,17
2011,16,vettel,Sebastian Vettel,red_bull,Red Bull,2.0,2,3.0,4.0588235294117645,1.6764705882352942,1.6,1.0,324.0,9,14,518.0,9,22,34,1
2011,16,webber,Mark Webber,red_bull,Red Bull,4.0,4,4.0,5.382352941176471,3.176470588235294,6.8,4.4,194.0,0,8,543.0,10,23,34,3
2011,17,alguersuari,Jaime Alguersuari,toro_rosso,Toro Rosso,10.0,10,7.0,13.4,15.228571428571428,14.8,13.4,22.0,0,0,37.0,0,0,35,8
2011,17,alonso,Fernando Alonso,ferrari,Ferrari,4.0,3,5.0,5.085714285714285,5.314285714285714,3.6,5.6,212.0,1,8,310.0,1,8,35,3
2011,17,ambrosio,Jérôme d'Ambrosio,virgin,Virgin,23.0,21,20.0,18.4375,22.0,19.4,21.4,0.0,0,0,0.0,0,0,16,16
2011,17,barrichello,Rubens Barrichello,williams,Williams,16.0,15,12.0,12.628571428571428,11.8,14.0,14.0,4.0,0,0,5.0,0,0,35,15
2011,17,bruno_senna,Bruno Senna,renault,Renault,15.0,14,13.0,17.956521739130434,20.217391304347824,13.2,11.0,2.0,0,0,72.0,0,2,23,12
2011,17,buemi,Sébastien Buemi,toro_rosso,Toro Rosso,9.0,9,9.0,13.942857142857143,14.571428571428571,15.6,13.8,15.0,0,0,41.0,0,0,35,21
2011,17,button,Jenson Button,mclaren,McLaren,5.0,4,4.0,5.914285714285715,5.914285714285715,2.4,4.8,222.0,3,9,418.0,5,14,35,2
2011,17,glock,Timo Glock,virgin,Virgin,24.0,22,18.0,18.742857142857144,20.34285714285714,19.0,20.8,0.0,0,0,0.0,0,0,35,23
2011,17,hamilton,Lewis Hamilton,mclaren,McLaren,2.0,5,2.0,6.285714285714286,4.228571428571429,7.6,2.4,196.0,2,5,436.0,5,15,35,7
2011,17,karthikeyan,Narain Karthikeyan,hrt,HRT,22.0,24,24.0,20.857142857142858,23.285714285714285,20.0,23.0,0.0,0,0,0.0,0,0,7,17
2011,17,kobayashi,Kamui Kobayashi,sauber,Sauber,18.0,17,15.0,13.685714285714285,13.441176470588236,14.4,14.0,27.0,0,0,40.0,0,0,35,24
2011,17,kovalainen,Heikki Kovalainen,lotus_racing,Lotus,19.0,18,14.0,17.34285714285714,18.914285714285715,15.2,18.6,0.0,0,0,0.0,0,0,35,14
2011,17,maldonado,Pastor Maldonado,williams,Williams,14.0,13,22.0,16.3125,13.6875,13.6,14.6,1.0,0,0,5.0,0,0,16,22
2011,17,massa,Felipe Massa,ferrari,Ferrari,6.0,6,6.0,8.114285714285714,6.828571428571428,7.2,5.0,98.0,0,0,325.0,1,9,35,20
2011,17,michael_schumacher,Michael Schumacher,mercedes,Mercedes,12.0,11,24.0,11.142857142857142,9.441176470588236,12.6,8.75,60.0,0,0,127.0,0,0,35,5
2011,17,perez,Sergio Pérez,sauber,Sauber,17.0,20,16.0,14.8,13.333333333333334,14.2,13.8,13.0,0,0,40.0,0,0,15,10
2011,17,petrov,Vitaly Petrov,renault,Renault,11.0,16,23.0,13.142857142857142,11.8,16.0,10.4,36.0,0,1,72.0,0,2,35,11
2011,17,resta,Paul di Resta,force_india,Force India,13.0,12,10.0,12.0,11.9375,9.4,12.0,21.0,0,0,49.0,0,0,16,13
2011,17,ricciardo,Daniel Ricciardo,hrt,HRT,21.0,23,19.0,19.125,23.25,19.4,23.0,0.0,0,0,0.0,0,0,8,18
2011,17,rosberg,Nico Rosberg,mercedes,Mercedes,7.0,7,8.0,8.8,7.514285714285714,10.8,10.2,67.0,0,0,137.0,0,0,35,6
2011,17,sutil,Adrian Sutil,force_india,Force India,8.0,8,11.0,11.657142857142857,11.971428571428572,11.2,11.4,28.0,0,0,49.0,0,0,35,9
2011,17,trulli,Jarno Trulli,lotus_racing,Lotus,20.0,19,17.0,18.705882352941178,19.441176470588236,17.2,19.4,0.0,0,0,0.0,0,0,34,19
2011,17,vettel,Sebastian Vettel,red_bull,Red Bull,1.0,1,1.0,3.9714285714285715,1.6857142857142857,1.4,1.2,349.0,10,15,558.0,10,24,35,1
2011,17,webber,Mark Webber,red_bull,Red Bull,3.0,2,3.0,5.314285714285714,3.2,6.4,4.0,209.0,0,9,583.0,11,25,35,4
2011,18,alguersuari,Jaime Alguersuari,toro_rosso,Toro Rosso,15.0,15,8.0,13.25,15.083333333333334,11.6,14.2,26.0,0,0,41.0,0,0,36,15
2011,18,alonso,Fernando Alonso,ferrari,Ferrari,5.0,5,3.0,5.027777777777778,5.277777777777778,3.4,4.8,227.0,1,9,325.0,1,9,36,2
2011,18,ambrosio,Jérôme d'Ambrosio,virgin,Virgin,22.0,21,16.0,18.294117647058822,22.058823529411764,19.2,21.8,0.0,0,0,0.0,0,0,17,23
2011,18,barrichello,Rubens Barrichello,williams,Williams,,24,15.0,12.694444444444445,11.916666666666666,13.8,14.4,4.0,0,0,5.0,0,0,36,12
2011,18,bruno_senna,Bruno Senna,renault,Renault,14.0,14,12.0,17.708333333333332,20.0,13.0,12.6,2.0,0,0,72.0,0,2,24,16
2011,18,buemi,Sébastien Buemi,toro_rosso,Toro Rosso,13.0,13,21.0,14.13888888888889,14.416666666666666,15.2,13.4,15.0,0,0,41.0,0,0,36,22
2011,18,button,Jenson Button,mclaren,McLaren,3.0,3,2.0,5.805555555555555,5.888888888888889,2.2,3.2,240.0,3,10,442.0,5,15,36,3
2011,18,glock,Timo Glock,virgin,Virgin,20.0,19,23.0,18.86111111111111,20.444444444444443,20.0,21.6,0.0,0,0,0.0,0,0,36,19
2011,18,hamilton,Lewis Hamilton,mclaren,McLaren,2.0,2,7.0,6.305555555555555,4.166666666666667,4.6,2.4,202.0,2,5,457.0,5,16,36,1
2011,18,kobayashi,Kamui Kobayashi,sauber,Sauber,16.0,16,24.0,13.972222222222221,13.571428571428571,16.8,15.2,27.0,0,0,41.0,0,0,36,10
2011,18,kovalainen,Heikki Kovalainen,lotus_racing,Lotus,18.0,17,14.0,17.25,18.916666666666668,15.0,19.0,0.0,0,0,0.0,0,0,36,17
2011,18,liuzzi,Vitantonio Liuzzi,hrt,HRT,23.0,22,21.0,17.294117647058822,18.529411764705884,21.4,23.4,0.0,0,0,0.0,0,0,34,20
2011,18,maldonado,Pastor Maldonado,williams,Williams,17.0,23,22.0,16.647058823529413,13.705882352941176,16.0,14.2,1.0,0,0,5.0,0,0,17,14
2011,18,massa,Felipe Massa,ferrari,Ferrari,6.0,6,20.0,8.444444444444445,6.805555555555555,9.6,5.4,98.0,0,0,343.0,1,10,36,5
2011,18,michael_schumacher,Michael Schumacher,mercedes,Mercedes,8.0,8,5.0,10.972222222222221,9.514285714285714,12.6,9.4,70.0,0,0,145.0,0,0,36,7
2011,18,perez,Sergio Pérez,sauber,Sauber,11.0,11,10.0,14.5,13.5625,12.2,15.4,14.0,0,0,42.0,0,0,16,11
2011,18,petrov,Vitaly Petrov,renault,Renault,12.0,12,11.0,13.083333333333334,11.777777777777779,16.4,10.6,36.0,0,1,72.0,0,2,36,13
2011,18,resta,Paul di Resta,force_india,Force India,10.0,10,13.0,12.058823529411764,12.0,9.8,11.0,21.0,0,0,51.0,0,0,17,9
2011,18,ricciardo,Daniel Ricciardo,hrt,HRT,21.0,20,18.0,19.0,23.0,18.8,22.6,0.0,0,0,0.0,0,0,9,21
2011,18,rosberg,Nico Rosberg,mercedes,Mercedes,7.0,7,6.0,8.722222222222221,7.5,10.8,10.6,75.0,0,0,151.0,0,0,36,6
2011,18,sutil,Adrian Sutil,force_india,Force India,9.0,9,9.0,11.583333333333334,11.86111111111111,11.6,10.0,30.0,0,0,53.0,0,0,36,8
2011,18,trulli,Jarno Trulli,lotus_racing,Lotus,19.0,18,19.0,18.714285714285715,19.457142857142856,18.2,19.6,0.0,0,0,0.0,0,0,35,18
2011,18,vettel,Sebastian Vettel,red_bull,Red Bull,1.0,1,1.0,3.888888888888889,1.6666666666666667,1.4,1.2,374.0,11,16,595.0,11,25,36,24
2011,18,webber,Mark Webber,red_bull,Red Bull,4.0,4,4.0,5.277777777777778,3.1944444444444446,6.8,4.0,221.0,0,9,595.0,11,25,36,4
2011,19,alguersuari,Jaime Alguersuari,toro_rosso,Toro Rosso,13.0,13,15.0,13.297297297297296,15.08108108108108,13.2,13.6,26.0,0,0,41.0,0,0,37,11
2011,19,alonso,Fernando Alonso,ferrari,Ferrari,5.0,5,2.0,4.945945945945946,5.27027027027027,3.2,5.0,245.0,1,10,353.0,1,10,37,4
2011,19,ambrosio,Jérôme d'Ambrosio,virgin,Virgin,23.0,23,23.0,18.555555555555557,22.055555555555557,19.6,21.8,0.0,0,0,0.0,0,0,18,19
2011,19,barrichello,Rubens Barrichello,williams,Williams,12.0,12,12.0,12.675675675675675,11.916666666666666,13.8,14.75,4.0,0,0,5.0,0,0,37,14
2011,19,bruno_senna,Bruno Senna,renault,Renault,9.0,9,16.0,17.64,19.76,14.4,13.4,2.0,0,0,72.0,0,2,25,17
2011,19,buemi,Sébastien Buemi,toro_rosso,Toro Rosso,14.0,14,22.0,14.35135135135135,14.378378378378379,17.6,12.8,15.0,0,0,41.0,0,0,37,12
2011,19,button,Jenson Button,mclaren,McLaren,3.0,3,3.0,5.72972972972973,5.8108108108108105,2.4,3.2,255.0,3,11,482.0,6,17,37,3
2011,19,glock,Timo Glock,virgin,Virgin,24.0,24,19.0,18.864864864864863,20.43243243243243,20.8,21.4,0.0,0,0,0.0,0,0,37,24
2011,19,hamilton,Lewis Hamilton,mclaren,McLaren,4.0,4,1.0,6.162162162162162,4.108108108108108,4.0,2.4,227.0,3,6,497.0,6,18,37,22
2011,19,kobayashi,Kamui Kobayashi,sauber,Sauber,16.0,16,10.0,13.864864864864865,13.63888888888889,15.2,15.0,28.0,0,0,42.0,0,0,37,9
2011,19,kovalainen,Heikki Kovalainen,lotus_racing,Lotus,19.0,19,17.0,17.243243243243242,18.89189189189189,15.8,18.6,0.0,0,0,0.0,0,0,37,16
2011,19,liuzzi,Vitantonio Liuzzi,hrt,HRT,21.0,21,20.0,17.37142857142857,18.65714285714286,21.6,23.6,0.0,0,0,0.0,0,0,35,21
2011,19,maldonado,Pastor Maldonado,williams,Williams,18.0,18,14.0,16.5,13.88888888888889,16.6,14.8,1.0,0,0,5.0,0,0,18,23
2011,19,massa,Felipe Massa,ferrari,Ferrari,7.0,7,5.0,8.35135135135135,6.783783783783784,9.4,5.4,108.0,0,0,365.0,1,10,37,5
2011,19,michael_schumacher,Michael Schumacher,mercedes,Mercedes,10.0,10,7.0,10.864864864864865,9.472222222222221,13.0,9.4,76.0,0,0,159.0,0,0,37,15
2011,19,perez,Sergio Pérez,sauber,Sauber,17.0,17,11.0,14.294117647058824,13.411764705882353,11.0,14.6,14.0,0,0,44.0,0,0,17,13
2011,19,petrov,Vitaly Petrov,renault,Renault,15.0,15,13.0,13.08108108108108,11.783783783783784,14.6,11.6,36.0,0,1,72.0,0,2,37,10
2011,19,resta,Paul di Resta,force_india,Force India,11.0,11,9.0,11.88888888888889,11.88888888888889,10.0,10.8,23.0,0,0,57.0,0,0,18,8
2011,19,ricciardo,Daniel Ricciardo,hrt,HRT,22.0,22,21.0,19.2,22.8,19.8,22.2,0.0,0,0,0.0,0,0,10,20
2011,19,rosberg,Nico Rosberg,mercedes,Mercedes,6.0,6,6.0,8.64864864864865,7.486486486486487,7.4,10.2,83.0,0,0,159.0,0,0,37,7
2011,19,sutil,Adrian Sutil,force_india,Force India,8.0,8,8.0,11.486486486486486,11.783783783783784,9.4,9.4,34.0,0,0,61.0,0,0,37,6
2011,19,trulli,Jarno Trulli,lotus_racing,Lotus,20.0,20,18.0,18.694444444444443,19.444444444444443,19.0,19.6,0.0,0,0,0.0,0,0,36,18
2011,19,vettel,Sebastian Vettel,red_bull,Red Bull,1.0,1,24.0,4.4324324324324325,1.6486486486486487,6.0,1.2,374.0,11,16,607.0,11,25,37,2
2011,19,webber,Mark Webber,red_bull,Red Bull,2.0,2,4.0,5.243243243243243,3.2162162162162162,3.6,3.8,233.0,0,9,625.0,11,26,37,1
2012,1,alonso,Fernando Alonso,ferrari,Ferrari,12.0,12,4.0,4.921052631578948,5.2631578947368425,3.2,5.0,0.0,0,0,0.0,0,0,38,5
2012,1,bruno_senna,Bruno Senna,williams,Williams,14.0,14,17.0,17.615384615384617,19.346153846153847,14.8,12.2,0.0,0,0,0.0,0,0,26,16
2012,1,button,Jenson Button,mclaren,McLaren,2.0,2,3.0,5.657894736842105,5.7368421052631575,2.6,3.2,0.0,0,0,0.0,0,0,38,1
2012,1,glock,Timo Glock,marussia,Marussia,21.0,20,24.0,19.0,20.526315789473685,20.8,22.0,0.0,0,0,0.0,0,0,38,14
2012,1,grosjean,Romain Grosjean,lotus_f1,Lotus F1,3.0,3,20.0,20.0,20.0,20.0,20.0,0.0,0,0,0.0,0,0,0,21
2012,1,hamilton,Lewis Hamilton,mclaren,McLaren,1.0,1,22.0,6.578947368421052,4.105263157894737,7.4,2.4,0.0,0,0,25.0,1,1,38,3
2012,1,hulkenberg,Nico Hülkenberg,force_india,Force India,9.0,9,16.0,14.052631578947368,10.947368421052632,12.8,9.6,0.0,0,0,0.0,0,0,19,22
2012,1,kobayashi,Kamui Kobayashi,sauber,Sauber,13.0,13,9.0,13.736842105263158,13.702702702702704,14.2,14.8,0.0,0,0,0.0,0,0,38,6
2012,1,kovalainen,Heikki Kovalainen,caterham,Caterham,19.0,18,16.0,17.210526315789473,18.894736842105264,15.8,18.6,0.0,0,0,0.0,0,0,38,18
2012,1,maldonado,Pastor Maldonado,williams,Williams,8.0,8,23.0,16.842105263157894,14.105263157894736,19.0,15.8,0.0,0,0,0.0,0,0,19,13
2012,1,massa,Felipe Massa,ferrari,Ferrari,16.0,16,5.0,8.263157894736842,6.7894736842105265,8.6,5.6,0.0,0,0,10.0,0,0,38,17
2012,1,michael_schumacher,Michael Schumacher,mercedes,Mercedes,4.0,4,15.0,10.973684210526315,9.486486486486486,11.4,9.8,0.0,0,0,0.0,0,0,38,20
2012,1,perez,Sergio Pérez,sauber,Sauber,17.0,22,13.0,14.222222222222221,13.61111111111111,11.6,15.8,0.0,0,0,8.0,0,0,18,8
2012,1,petrov,Vitaly Petrov,caterham,Caterham,20.0,19,10.0,13.0,11.868421052631579,13.2,11.0,0.0,0,0,0.0,0,0,38,19
2012,1,pic,Charles Pic,marussia,Marussia,22.0,21,20.0,20.0,20.0,20.0,20.0,0.0,0,0,0.0,0,0,0,15
2012,1,raikkonen,Kimi Räikkönen,lotus_f1,Lotus F1,18.0,17,20.0,20.0,20.0,20.0,20.0,0.0,0,0,0.0,0,0,0,7
2012,1,resta,Paul di Resta,force_india,Force India,15.0,15,8.0,11.68421052631579,11.842105263157896,10.4,11.0,0.0,0,0,0.0,0,0,19,10
2012,1,ricciardo,Daniel Ricciardo,toro_rosso,Toro Rosso,10.0,10,20.0,19.272727272727273,22.727272727272727,20.0,22.0,0.0,0,0,0.0,0,0,11,9
2012,1,rosberg,Nico Rosberg,mercedes,Mercedes,7.0,7,7.0,8.605263157894736,7.447368421052632,7.4,10.0,0.0,0,0,0.0,0,0,38,12
2012,1,vergne,Jean-Éric Vergne,toro_rosso,Toro Rosso,11.0,11,20.0,20.0,20.0,20.0,20.0,0.0,0,0,2.0,0,0,0,11
2012,1,vettel,Sebastian Vettel,red_bull,Red Bull,6.0,6,2.0,4.368421052631579,1.631578947368421,6.2,1.2,0.0,0,0,0.0,0,0,38,2
2012,1,webber,Mark Webber,red_bull,Red Bull,5.0,5,1.0,5.131578947368421,3.1842105263157894,3.2,3.8,0.0,0,0,18.0,0,1,38,4
2012,2,alonso,Fernando Alonso,ferrari,Ferrari,9.0,8,5.0,4.923076923076923,5.435897435897436,3.8,6.4,10.0,0,0,10.0,0,0,39,1
2012,2,bruno_senna,Bruno Senna,williams,Williams,13.0,13,16.0,17.555555555555557,19.14814814814815,14.8,13.4,0.0,0,0,0.0,0,0,27,6
2012,2,button,Jenson Button,mclaren,McLaren,2.0,2,1.0,5.538461538461538,5.641025641025641,2.6,3.2,25.0,1,1,40.0,1,2,39,14
2012,2,glock,Timo Glock,marussia,Marussia,21.0,20,14.0,18.871794871794872,20.53846153846154,19.6,22.0,0.0,0,0,0.0,0,0,39,17
2012,2,grosjean,Romain Grosjean,lotus_f1,Lotus F1,7.0,6,21.0,21.0,3.0,21.0,3.0,0.0,0,0,6.0,0,0,1,24
2012,2,hamilton,Lewis Hamilton,mclaren,McLaren,1.0,1,3.0,6.487179487179487,4.0256410256410255,7.0,2.0,15.0,0,1,40.0,1,2,39,3
2012,2,hulkenberg,Nico Hülkenberg,force_india,Force India,16.0,16,22.0,14.45,10.85,15.2,9.0,0.0,0,0,1.0,0,0,20,9
2012,2,karthikeyan,Narain Karthikeyan,hrt,HRT,24.0,23,17.0,20.375,23.125,19.2,22.8,0.0,0,0,0.0,0,0,8,21
2012,2,kobayashi,Kamui Kobayashi,sauber,Sauber,17.0,17,6.0,13.538461538461538,13.68421052631579,12.8,15.4,8.0,0,0,12.0,0,0,39,23
2012,2,kovalainen,Heikki Kovalainen,caterham,Caterham,19.0,24,18.0,17.23076923076923,18.897435897435898,15.8,18.8,0.0,0,0,0.0,0,0,39,18
2012,2,maldonado,Pastor Maldonado,williams,Williams,11.0,11,13.0,16.65,13.8,18.8,14.6,0.0,0,0,8.0,0,0,20,19
2012,2,massa,Felipe Massa,ferrari,Ferrari,12.0,12,17.0,8.487179487179487,7.0256410256410255,10.6,8.0,0.0,0,0,35.0,1,1,39,15
2012,2,michael_schumacher,Michael Schumacher,mercedes,Mercedes,3.0,3,20.0,11.205128205128204,9.342105263157896,14.2,9.2,0.0,0,0,0.0,0,0,39,10
2012,2,perez,Sergio Pérez,sauber,Sauber,10.0,9,8.0,13.894736842105264,13.789473684210526,11.6,15.8,4.0,0,0,12.0,0,0,19,2
2012,2,petrov,Vitaly Petrov,caterham,Caterham,20.0,19,19.0,13.153846153846153,12.076923076923077,15.2,13.2,0.0,0,0,0.0,0,0,39,16
2012,2,pic,Charles Pic,marussia,Marussia,22.0,21,15.0,15.0,22.0,15.0,22.0,0.0,0,0,0.0,0,0,1,20
2012,2,raikkonen,Kimi Räikkönen,lotus_f1,Lotus F1,5.0,10,7.0,7.0,18.0,7.0,18.0,6.0,0,0,6.0,0,0,1,5
2012,2,resta,Paul di Resta,force_india,Force India,14.0,14,10.0,11.6,12.0,10.0,11.6,1.0,0,0,3.0,0,0,20,7
2012,2,ricciardo,Daniel Ricciardo,toro_rosso,Toro Rosso,15.0,15,9.0,18.416666666666668,21.666666666666668,17.4,19.6,2.0,0,0,2.0,0,0,12,12
2012,2,rosa,Pedro de la Rosa,hrt,HRT,23.0,22,12.0,16.2,14.6,11.6,16.0,0.0,0,0,0.0,0,0,15,22
2012,2,rosberg,Nico Rosberg,mercedes,Mercedes,8.0,7,12.0,8.692307692307692,7.435897435897436,7.8,6.8,0.0,0,0,1.0,0,0,39,13
2012,2,vergne,Jean-Éric Vergne,toro_rosso,Toro Rosso,18.0,18,11.0,11.0,11.0,11.0,11.0,0.0,0,0,2.0,0,0,1,8
2012,2,vettel,Sebastian Vettel,red_bull,Red Bull,6.0,5,2.0,4.3076923076923075,1.7435897435897436,6.0,2.2,18.0,0,1,30.0,0,1,39,11
2012,2,webber,Mark Webber,red_bull,Red Bull,4.0,4,4.0,5.102564102564102,3.230769230769231,3.2,3.6,12.0,0,0,30.0,0,1,39,4
2012,3,alonso,Fernando Alonso,ferrari,Ferrari,9.0,9,1.0,4.825,5.525,3.0,7.0,35.0,1,1,35.0,1,1,40,9
2012,3,bruno_senna,Bruno Senna,williams,Williams,14.0,14,6.0,17.142857142857142,18.928571428571427,13.4,13.0,8.0,0,0,8.0,0,0,28,7
2012,3,button,Jenson Button,mclaren,McLaren,6.0,5,14.0,5.75,5.55,4.6,3.0,25.0,1,1,55.0,1,3,40,2
2012,3,glock,Timo Glock,marussia,Marussia,21.0,20,17.0,18.825,20.55,19.4,22.0,0.0,0,0,0.0,0,0,40,19
2012,3,grosjean,Romain Grosjean,lotus_f1,Lotus F1,10.0,10,24.0,22.5,5.0,22.5,5.0,0.0,0,0,16.0,0,0,2,6
2012,3,hamilton,Lewis Hamilton,mclaren,McLaren,2.0,7,3.0,6.4,3.95,7.2,2.0,30.0,0,2,73.0,1,4,40,3
2012,3,hulkenberg,Nico Hülkenberg,force_india,Force India,16.0,16,9.0,14.19047619047619,11.095238095238095,13.0,10.4,2.0,0,0,9.0,0,0,21,15
2012,3,karthikeyan,Narain Karthikeyan,hrt,HRT,24.0,23,21.0,20.444444444444443,23.22222222222222,19.2,23.2,0.0,0,0,0.0,0,0,9,22
2012,3,kobayashi,Kamui Kobayashi,sauber,Sauber,4.0,3,23.0,13.775,13.76923076923077,14.4,16.0,8.0,0,0,30.0,0,1,40,10
2012,3,kovalainen,Heikki Kovalainen,caterham,Caterham,19.0,18,18.0,17.25,18.9,16.6,18.8,0.0,0,0,0.0,0,0,40,23
2012,3,maldonado,Pastor Maldonado,williams,Williams,13.0,13,19.0,16.761904761904763,13.666666666666666,18.2,13.6,0.0,0,0,14.0,0,0,21,8
2012,3,massa,Felipe Massa,ferrari,Ferrari,12.0,12,15.0,8.65,7.15,12.4,9.4,0.0,0,0,37.0,1,1,40,13
2012,3,michael_schumacher,Michael Schumacher,mercedes,Mercedes,3.0,2,10.0,11.175,9.179487179487179,11.4,7.4,1.0,0,0,1.0,0,0,40,24
2012,3,perez,Sergio Pérez,sauber,Sauber,8.0,8,2.0,13.3,13.6,8.8,14.4,22.0,0,1,31.0,0,1,20,11
2012,3,petrov,Vitaly Petrov,caterham,Caterham,20.0,19,16.0,13.225,12.275,13.8,15.6,0.0,0,0,0.0,0,0,40,18
2012,3,pic,Charles Pic,marussia,Marussia,22.0,21,20.0,17.5,22.0,17.5,22.0,0.0,0,0,0.0,0,0,2,20
2012,3,raikkonen,Kimi Räikkönen,lotus_f1,Lotus F1,5.0,4,5.0,6.0,11.5,6.0,11.5,16.0,0,0,24.0,0,0,2,14
2012,3,resta,Paul di Resta,force_india,Force India,15.0,15,7.0,11.380952380952381,12.095238095238095,9.4,12.6,7.0,0,0,9.0,0,0,21,12
2012,3,ricciardo,Daniel Ricciardo,toro_rosso,Toro Rosso,17.0,17,12.0,17.923076923076923,21.153846153846153,16.0,17.8,2.0,0,0,6.0,0,0,13,17
2012,3,rosa,Pedro de la Rosa,hrt,HRT,23.0,22,22.0,16.5625,15.125,13.2,17.6,0.0,0,0,0.0,0,0,16,21
2012,3,rosberg,Nico Rosberg,mercedes,Mercedes,1.0,1,13.0,8.8,7.45,8.8,7.0,0.0,0,0,1.0,0,0,40,1
2012,3,vergne,Jean-Éric Vergne,toro_rosso,Toro Rosso,18.0,24,8.0,9.5,14.5,9.5,14.5,4.0,0,0,6.0,0,0,2,16
2012,3,vettel,Sebastian Vettel,red_bull,Red Bull,11.0,11,11.0,4.475,1.85,8.0,3.0,18.0,0,1,42.0,0,1,40,5
2012,3,webber,Mark Webber,red_bull,Red Bull,7.0,6,4.0,5.075,3.25,3.4,3.6,24.0,0,0,52.0,0,1,40,4
2012,4,alonso,Fernando Alonso,ferrari,Ferrari,9.0,9,9.0,4.926829268292683,5.609756097560975,4.2,8.0,37.0,1,1,37.0,1,1,41,7
2012,4,bruno_senna,Bruno Senna,williams,Williams,15.0,15,7.0,16.79310344827586,18.75862068965517,12.4,12.8,14.0,0,0,18.0,0,0,29,22
2012,4,button,Jenson Button,mclaren,McLaren,4.0,4,2.0,5.658536585365853,5.560975609756097,4.6,3.2,43.0,1,2,88.0,1,5,41,18
2012,4,glock,Timo Glock,marussia,Marussia,23.0,23,19.0,18.829268292682926,20.5609756097561,18.6,21.4,0.0,0,0,0.0,0,0,41,19
2012,4,grosjean,Romain Grosjean,lotus_f1,Lotus F1,7.0,7,6.0,17.0,6.666666666666667,17.0,6.666666666666667,8.0,0,0,24.0,0,0,3,3
2012,4,hamilton,Lewis Hamilton,mclaren,McLaren,2.0,2,3.0,6.317073170731708,3.902439024390244,6.4,2.0,45.0,0,3,88.0,1,5,41,8
2012,4,hulkenberg,Nico Hülkenberg,force_india,Force India,13.0,13,15.0,14.227272727272727,11.318181818181818,14.0,11.4,2.0,0,0,9.0,0,0,22,12
2012,4,karthikeyan,Narain Karthikeyan,hrt,HRT,24.0,24,22.0,20.6,23.3,20.2,23.4,0.0,0,0,0.0,0,0,10,21
2012,4,kobayashi,Kamui Kobayashi,sauber,Sauber,12.0,12,10.0,13.682926829268293,13.525,11.6,13.2,9.0,0,0,31.0,0,1,41,13
2012,4,kovalainen,Heikki Kovalainen,caterham,Caterham,16.0,16,23.0,17.390243902439025,18.902439024390244,18.4,18.8,0.0,0,0,0.0,0,0,41,17
2012,4,maldonado,Pastor Maldonado,williams,Williams,17.0,21,8.0,16.363636363636363,13.636363636363637,15.4,13.4,4.0,0,0,18.0,0,0,22,23
2012,4,massa,Felipe Massa,ferrari,Ferrari,14.0,14,13.0,8.75609756097561,7.2682926829268295,11.0,10.6,0.0,0,0,43.0,1,1,41,9
2012,4,michael_schumacher,Michael Schumacher,mercedes,Mercedes,18.0,22,24.0,11.487804878048781,9.025,15.2,5.6,1.0,0,0,26.0,1,1,41,10
2012,4,perez,Sergio Pérez,sauber,Sauber,8.0,8,11.0,13.19047619047619,13.333333333333334,9.0,12.6,22.0,0,1,31.0,0,1,21,11
2012,4,petrov,Vitaly Petrov,caterham,Caterham,20.0,18,18.0,13.341463414634147,12.463414634146341,15.2,17.4,0.0,0,0,0.0,0,0,41,16
2012,4,pic,Charles Pic,marussia,Marussia,21.0,19,20.0,18.333333333333332,22.0,18.333333333333332,22.0,0.0,0,0,0.0,0,0,3,24
2012,4,raikkonen,Kimi Räikkönen,lotus_f1,Lotus F1,11.0,11,14.0,8.666666666666666,9.333333333333334,8.666666666666666,9.333333333333334,16.0,0,0,39.0,0,1,3,2
2012,4,resta,Paul di Resta,force_india,Force India,10.0,10,12.0,11.409090909090908,12.227272727272727,9.2,13.0,7.0,0,0,9.0,0,0,22,6
2012,4,ricciardo,Daniel Ricciardo,toro_rosso,Toro Rosso,6.0,6,17.0,17.857142857142858,20.857142857142858,15.8,17.0,2.0,0,0,6.0,0,0,14,15
2012,4,rosa,Pedro de la Rosa,hrt,HRT,22.0,20,21.0,16.823529411764707,15.588235294117647,16.0,20.4,0.0,0,0,0.0,0,0,17,20
2012,4,rosberg,Nico Rosberg,mercedes,Mercedes,5.0,5,1.0,8.609756097560975,7.2926829268292686,7.8,5.8,25.0,1,1,27.0,1,1,41,5
2012,4,vergne,Jean-Éric Vergne,toro_rosso,Toro Rosso,19.0,17,16.0,11.666666666666666,15.666666666666666,11.666666666666666,15.666666666666666,4.0,0,0,6.0,0,0,3,14
2012,4,vettel,Sebastian Vettel,red_bull,Red Bull,1.0,1,5.0,4.487804878048781,2.073170731707317,8.8,5.0,28.0,0,1,64.0,0,1,41,1
2012,4,webber,Mark Webber,red_bull,Red Bull,3.0,3,4.0,5.048780487804878,3.341463414634146,3.4,4.4,36.0,0,0,89.0,1,2,41,4
2012,5,alonso,Fernando Alonso,ferrari,Ferrari,3.0,2,7.0,4.976190476190476,5.690476190476191,5.2,8.8,43.0,1,1,45.0,1,1,42,2
2012,5,bruno_senna,Bruno Senna,williams,Williams,18.0,17,22.0,16.966666666666665,18.633333333333333,13.6,13.0,14.0,0,0,18.0,0,0,30,23
2012,5,button,Jenson Button,mclaren,McLaren,11.0,10,18.0,5.9523809523809526,5.523809523809524,7.6,3.4,43.0,1,2,92.0,1,5,42,9
2012,5,glock,Timo Glock,marussia,Marussia,22.0,21,19.0,18.833333333333332,20.61904761904762,18.6,22.0,0.0,0,0,0.0,0,0,42,18
2012,5,grosjean,Romain Grosjean,lotus_f1,Lotus F1,4.0,3,3.0,13.5,6.75,13.5,6.75,23.0,0,1,57.0,0,2,4,4
2012,5,hamilton,Lewis Hamilton,mclaren,McLaren,1.0,24,8.0,6.357142857142857,3.857142857142857,7.8,2.0,49.0,0,3,94.0,1,5,42,8
2012,5,hulkenberg,Nico Hülkenberg,force_india,Force India,14.0,13,12.0,14.130434782608695,11.391304347826088,14.8,13.8,2.0,0,0,17.0,0,0,23,10
2012,5,karthikeyan,Narain Karthikeyan,hrt,HRT,24.0,23,21.0,20.636363636363637,23.363636363636363,21.0,23.6,0.0,0,0,0.0,0,0,11,22
2012,5,kobayashi,Kamui Kobayashi,sauber,Sauber,10.0,9,13.0,13.666666666666666,13.487804878048781,12.2,12.4,9.0,0,0,31.0,0,1,42,5
2012,5,kovalainen,Heikki Kovalainen,caterham,Caterham,20.0,19,17.0,17.38095238095238,18.833333333333332,18.4,18.4,0.0,0,0,0.0,0,0,42,16
2012,5,maldonado,Pastor Maldonado,williams,Williams,2.0,1,23.0,16.652173913043477,13.782608695652174,17.2,13.4,4.0,0,0,18.0,0,0,23,1
2012,5,massa,Felipe Massa,ferrari,Ferrari,17.0,16,9.0,8.761904761904763,7.428571428571429,11.8,12.2,2.0,0,0,63.0,1,2,42,15
2012,5,michael_schumacher,Michael Schumacher,mercedes,Mercedes,9.0,8,10.0,11.452380952380953,9.24390243902439,15.8,7.6,2.0,0,0,37.0,1,1,42,24
2012,5,perez,Sergio Pérez,sauber,Sauber,6.0,5,11.0,13.090909090909092,13.090909090909092,9.0,12.0,22.0,0,1,41.0,0,1,22,20
2012,5,petrov,Vitaly Petrov,caterham,Caterham,19.0,18,16.0,13.404761904761905,12.642857142857142,15.8,19.0,0.0,0,0,0.0,0,0,42,17
2012,5,pic,Charles Pic,marussia,Marussia,21.0,20,24.0,19.75,21.75,19.75,21.75,0.0,0,0,0.0,0,0,4,21
2012,5,raikkonen,Kimi Räikkönen,lotus_f1,Lotus F1,5.0,4,2.0,7.0,9.75,7.0,9.75,34.0,0,1,69.0,0,2,4,3
2012,5,resta,Paul di Resta,force_india,Force India,13.0,12,6.0,11.173913043478262,12.130434782608695,8.6,13.0,15.0,0,0,18.0,0,0,23,14
2012,5,ricciardo,Daniel Ricciardo,toro_rosso,Toro Rosso,16.0,15,15.0,17.666666666666668,19.866666666666667,14.6,14.0,2.0,0,0,6.0,0,0,15,13
2012,5,rosa,Pedro de la Rosa,hrt,HRT,23.0,22,20.0,17.0,15.944444444444445,17.8,20.4,0.0,0,0,0.0,0,0,18,19
2012,5,rosberg,Nico Rosberg,mercedes,Mercedes,7.0,6,5.0,8.523809523809524,7.238095238095238,7.6,5.4,35.0,1,1,37.0,1,1,42,7
2012,5,vergne,Jean-Éric Vergne,toro_rosso,Toro Rosso,15.0,14,14.0,12.25,16.5,12.25,16.5,4.0,0,0,6.0,0,0,4,12
2012,5,vettel,Sebastian Vettel,red_bull,Red Bull,8.0,7,1.0,4.404761904761905,2.0476190476190474,4.2,5.0,53.0,1,2,101.0,1,2,42,6
2012,5,webber,Mark Webber,red_bull,Red Bull,12.0,11,4.0,5.023809523809524,3.3333333333333335,3.4,4.2,48.0,0,0,109.0,1,2,42,11
2012,6,alonso,Fernando Alonso,ferrari,Ferrari,6.0,5,2.0,4.906976744186046,5.627906976744186,4.8,8.4,61.0,1,2,63.0,1,2,43,3
2012,6,bruno_senna,Bruno Senna,williams,Williams,14.0,13,23.0,17.161290322580644,18.612903225806452,14.8,14.8,14.0,0,0,43.0,1,1,31,10
2012,6,button,Jenson Button,mclaren,McLaren,13.0,12,9.0,6.023255813953488,5.651162790697675,8.8,5.0,45.0,1,2,98.0,1,5,43,16
2012,6,glock,Timo Glock,marussia,Marussia,20.0,19,18.0,18.813953488372093,20.651162790697676,17.4,21.6,0.0,0,0,0.0,0,0,43,14
2012,6,grosjean,Romain Grosjean,lotus_f1,Lotus F1,5.0,4,4.0,11.6,6.2,11.6,6.2,35.0,0,1,84.0,0,3,5,24
2012,6,hamilton,Lewis Hamilton,mclaren,McLaren,4.0,3,8.0,6.395348837209302,3.7906976744186047,5.0,1.4,53.0,0,3,98.0,1,5,43,5
2012,6,hulkenberg,Nico Hülkenberg,force_india,Force India,11.0,10,10.0,13.958333333333334,11.5,13.6,13.6,3.0,0,0,18.0,0,0,24,8
2012,6,karthikeyan,Narain Karthikeyan,hrt,HRT,23.0,22,22.0,20.75,23.416666666666668,20.6,23.6,0.0,0,0,0.0,0,0,12,15
2012,6,kobayashi,Kamui Kobayashi,sauber,Sauber,12.0,11,5.0,13.465116279069768,13.404761904761905,11.4,11.2,19.0,0,0,41.0,0,1,43,21
2012,6,kovalainen,Heikki Kovalainen,caterham,Caterham,18.0,17,16.0,17.348837209302324,18.86046511627907,18.4,18.6,0.0,0,0,0.0,0,0,43,13
2012,6,maldonado,Pastor Maldonado,williams,Williams,9.0,24,1.0,16.0,13.291666666666666,12.8,10.2,29.0,1,1,44.0,1,1,24,23
2012,6,massa,Felipe Massa,ferrari,Ferrari,7.0,7,15.0,8.906976744186046,7.651162790697675,13.8,14.2,2.0,0,0,78.0,1,3,43,6
2012,6,michael_schumacher,Michael Schumacher,mercedes,Mercedes,1.0,6,24.0,11.744186046511627,9.238095238095237,17.6,7.4,2.0,0,0,43.0,1,1,43,19
2012,6,perez,Sergio Pérez,sauber,Sauber,,23,20.0,13.391304347826088,12.782608695652174,10.4,9.8,22.0,0,1,41.0,0,1,23,11
2012,6,petrov,Vitaly Petrov,caterham,Caterham,19.0,18,17.0,13.488372093023257,12.790697674418604,17.2,19.8,0.0,0,0,0.0,0,0,43,20
2012,6,pic,Charles Pic,marussia,Marussia,22.0,21,21.0,20.0,21.6,20.0,21.6,0.0,0,0,0.0,0,0,5,18
2012,6,raikkonen,Kimi Räikkönen,lotus_f1,Lotus F1,8.0,8,3.0,6.2,8.8,6.2,8.8,49.0,0,2,84.0,0,3,5,9
2012,6,resta,Paul di Resta,force_india,Force India,15.0,14,14.0,11.291666666666666,12.166666666666666,9.8,13.4,15.0,0,0,22.0,0,0,24,7
2012,6,ricciardo,Daniel Ricciardo,toro_rosso,Toro Rosso,16.0,15,13.0,17.375,19.625,13.2,12.8,2.0,0,0,6.0,0,0,16,17
2012,6,rosa,Pedro de la Rosa,hrt,HRT,21.0,20,19.0,17.105263157894736,16.31578947368421,18.8,21.6,0.0,0,0,0.0,0,0,19,22
2012,6,rosberg,Nico Rosberg,mercedes,Mercedes,3.0,2,7.0,8.488372093023257,7.232558139534884,7.6,5.6,41.0,1,1,43.0,1,1,43,2
2012,6,vergne,Jean-Éric Vergne,toro_rosso,Toro Rosso,17.0,16,12.0,12.2,16.2,12.2,16.2,4.0,0,0,6.0,0,0,5,12
2012,6,vettel,Sebastian Vettel,red_bull,Red Bull,10.0,9,6.0,4.441860465116279,2.186046511627907,5.0,6.4,61.0,1,2,109.0,1,2,43,4
2012,6,webber,Mark Webber,red_bull,Red Bull,2.0,1,11.0,5.162790697674419,3.5348837209302326,5.4,6.2,48.0,0,0,121.0,1,2,43,1
2012,7,alonso,Fernando Alonso,ferrari,Ferrari,3.0,3,3.0,4.863636363636363,5.636363636363637,4.4,7.2,76.0,1,3,86.0,1,3,44,5
2012,7,bruno_senna,Bruno Senna,williams,Williams,16.0,16,10.0,16.9375,18.46875,13.6,14.8,15.0,0,0,44.0,1,1,32,17
2012,7,button,Jenson Button,mclaren,McLaren,10.0,10,16.0,6.25,5.818181818181818,11.8,7.2,45.0,1,2,108.0,1,5,44,16
2012,7,glock,Timo Glock,marussia,Marussia,22.0,21,14.0,18.704545454545453,20.636363636363637,17.4,21.4,0.0,0,0,0.0,0,0,44,21
2012,7,grosjean,Romain Grosjean,lotus_f1,Lotus F1,7.0,7,24.0,13.666666666666666,6.0,12.2,6.6,35.0,0,1,86.0,0,3,6,2
2012,7,hamilton,Lewis Hamilton,mclaren,McLaren,2.0,2,5.0,6.363636363636363,3.7954545454545454,5.4,2.0,63.0,0,3,108.0,1,5,44,1
2012,7,hulkenberg,Nico Hülkenberg,force_india,Force India,13.0,13,8.0,13.72,11.48,10.8,14.0,7.0,0,0,28.0,0,0,25,12
2012,7,karthikeyan,Narain Karthikeyan,hrt,HRT,24.0,24,15.0,20.307692307692307,23.384615384615383,20.2,23.8,0.0,0,0,0.0,0,0,13,24
2012,7,kobayashi,Kamui Kobayashi,sauber,Sauber,11.0,11,21.0,13.636363636363637,13.372093023255815,14.4,11.0,19.0,0,0,41.0,0,1,44,9
2012,7,kovalainen,Heikki Kovalainen,caterham,Caterham,18.0,17,13.0,17.25,18.84090909090909,17.4,18.4,0.0,0,0,0.0,0,0,44,18
2012,7,maldonado,Pastor Maldonado,williams,Williams,17.0,22,23.0,16.28,13.12,14.8,10.4,29.0,1,1,44.0,1,1,25,13
2012,7,massa,Felipe Massa,ferrari,Ferrari,6.0,6,6.0,8.840909090909092,7.636363636363637,11.6,12.4,10.0,0,0,96.0,1,3,44,10
2012,7,michael_schumacher,Michael Schumacher,mercedes,Mercedes,9.0,9,19.0,11.909090909090908,9.046511627906977,17.4,6.8,2.0,0,0,61.0,1,2,44,22
2012,7,perez,Sergio Pérez,sauber,Sauber,15.0,15,11.0,13.291666666666666,12.782608695652174,11.0,8.0,22.0,0,1,43.0,0,1,24,3
2012,7,petrov,Vitaly Petrov,caterham,Caterham,19.0,18,20.0,13.636363636363637,12.931818181818182,17.4,19.6,0.0,0,0,0.0,0,0,44,19
2012,7,pic,Charles Pic,marussia,Marussia,23.0,23,18.0,19.666666666666668,21.666666666666668,20.6,21.6,0.0,0,0,0.0,0,0,6,20
2012,7,raikkonen,Kimi Räikkönen,lotus_f1,Lotus F1,12.0,12,9.0,6.666666666666667,8.666666666666666,6.6,6.8,51.0,0,2,104.0,0,4,6,8
2012,7,resta,Paul di Resta,force_india,Force India,8.0,8,7.0,11.12,12.28,9.2,13.4,21.0,0,0,28.0,0,0,25,11
2012,7,ricciardo,Daniel Ricciardo,toro_rosso,Toro Rosso,14.0,14,17.0,17.352941176470587,19.41176470588235,14.8,14.0,2.0,0,0,6.0,0,0,17,14
2012,7,rosa,Pedro de la Rosa,hrt,HRT,21.0,20,22.0,17.35,16.55,20.8,22.4,0.0,0,0,0.0,0,0,20,23
2012,7,rosberg,Nico Rosberg,mercedes,Mercedes,5.0,5,2.0,8.340909090909092,7.136363636363637,5.6,4.8,59.0,1,2,61.0,1,2,44,6
2012,7,vergne,Jean-Éric Vergne,toro_rosso,Toro Rosso,20.0,19,12.0,12.166666666666666,16.333333333333332,12.4,17.4,4.0,0,0,6.0,0,0,6,15
2012,7,vettel,Sebastian Vettel,red_bull,Red Bull,1.0,1,4.0,4.431818181818182,2.3636363636363638,5.4,7.2,73.0,1,2,146.0,2,3,44,4
2012,7,webber,Mark Webber,red_bull,Red Bull,4.0,4,1.0,5.068181818181818,3.5,4.8,5.6,73.0,1,1,158.0,2,3,44,7
2012,8,alonso,Fernando Alonso,ferrari,Ferrari,11.0,11,5.0,4.866666666666666,5.5777777777777775,5.2,6.0,86.0,1,3,97.0,1,3,45,1
2012,8,bruno_senna,Bruno Senna,williams,Williams,14.0,14,17.0,16.939393939393938,18.393939393939394,15.8,15.4,15.0,0,0,44.0,1,1,33,10
2012,8,button,Jenson Button,mclaren,McLaren,9.0,9,16.0,6.466666666666667,5.911111111111111,12.2,8.8,45.0,1,2,133.0,2,6,45,8
2012,8,glock,Timo Glock,marussia,Marussia,,0,21.0,18.755555555555556,20.666666666666668,18.2,21.6,0.0,0,0,0.0,0,0,45,24
2012,8,grosjean,Romain Grosjean,lotus_f1,Lotus F1,4.0,4,2.0,12.0,6.142857142857143,7.8,6.6,53.0,0,2,108.0,0,4,7,20
2012,8,hamilton,Lewis Hamilton,mclaren,McLaren,2.0,2,1.0,6.2444444444444445,3.7555555555555555,5.0,2.2,88.0,1,4,137.0,2,6,45,19
2012,8,hulkenberg,Nico Hülkenberg,force_india,Force India,8.0,8,12.0,13.653846153846153,11.538461538461538,11.4,13.4,7.0,0,0,28.0,0,0,26,5
2012,8,karthikeyan,Narain Karthikeyan,hrt,HRT,22.0,22,24.0,20.571428571428573,23.428571428571427,20.8,23.8,0.0,0,0,0.0,0,0,14,18
2012,8,kobayashi,Kamui Kobayashi,sauber,Sauber,7.0,7,9.0,13.533333333333333,13.318181818181818,11.6,9.8,21.0,0,0,58.0,0,2,45,22
2012,8,kovalainen,Heikki Kovalainen,caterham,Caterham,16.0,16,18.0,17.266666666666666,18.822222222222223,17.4,18.2,0.0,0,0,0.0,0,0,45,14
2012,8,maldonado,Pastor Maldonado,williams,Williams,3.0,3,13.0,16.153846153846153,13.26923076923077,13.6,11.6,29.0,1,1,45.0,1,1,26,12
2012,8,massa,Felipe Massa,ferrari,Ferrari,13.0,13,10.0,8.866666666666667,7.6,10.6,11.2,11.0,0,0,122.0,2,4,45,16
2012,8,michael_schumacher,Michael Schumacher,mercedes,Mercedes,12.0,12,22.0,12.133333333333333,9.045454545454545,19.8,8.0,2.0,0,0,69.0,1,2,45,3
2012,8,perez,Sergio Pérez,sauber,Sauber,15.0,15,3.0,12.88,12.875,11.2,9.25,37.0,0,2,58.0,0,2,25,9
2012,8,petrov,Vitaly Petrov,caterham,Caterham,20.0,20,19.0,13.755555555555556,13.066666666666666,18.0,19.4,0.0,0,0,0.0,0,0,45,13
2012,8,pic,Charles Pic,marussia,Marussia,23.0,23,20.0,19.714285714285715,21.857142857142858,20.6,21.8,0.0,0,0,0.0,0,0,7,15
2012,8,raikkonen,Kimi Räikkönen,lotus_f1,Lotus F1,5.0,5,8.0,6.857142857142857,9.142857142857142,7.2,8.2,55.0,0,2,108.0,0,4,7,2
2012,8,resta,Paul di Resta,force_india,Force India,10.0,10,11.0,11.115384615384615,12.115384615384615,10.0,12.2,21.0,0,0,38.0,0,0,26,7
2012,8,ricciardo,Daniel Ricciardo,toro_rosso,Toro Rosso,17.0,17,14.0,17.166666666666668,19.11111111111111,15.2,13.8,2.0,0,0,6.0,0,0,18,11
2012,8,rosa,Pedro de la Rosa,hrt,HRT,21.0,21,23.0,17.61904761904762,16.761904761904763,21.0,22.0,0.0,0,0,0.0,0,0,21,17
2012,8,rosberg,Nico Rosberg,mercedes,Mercedes,6.0,6,6.0,8.28888888888889,7.088888888888889,4.2,4.2,67.0,1,2,84.0,1,3,45,6
2012,8,vergne,Jean-Éric Vergne,toro_rosso,Toro Rosso,18.0,18,15.0,12.571428571428571,16.857142857142858,13.8,17.8,4.0,0,0,6.0,0,0,7,23
2012,8,vettel,Sebastian Vettel,red_bull,Red Bull,1.0,1,4.0,4.4222222222222225,2.3333333333333335,4.0,6.2,85.0,1,2,164.0,2,3,45,21
2012,8,webber,Mark Webber,red_bull,Red Bull,19.0,19,7.0,5.111111111111111,3.511111111111111,5.4,5.6,79.0,1,1,164.0,2,3,45,4
2012,9,alonso,Fernando Alonso,ferrari,Ferrari,1.0,1,1.0,4.782608695652174,5.695652173913044,3.6,6.4,111.0,2,4,122.0,2,4,46,2
2012,9,bruno_senna,Bruno Senna,williams,Williams,15.0,13,10.0,16.735294117647058,18.264705882352942,16.4,15.4,16.0,0,0,45.0,1,1,34,9
2012,9,button,Jenson Button,mclaren,McLaren,18.0,16,8.0,6.5,5.978260869565218,13.4,9.4,49.0,1,2,137.0,2,6,46,10
2012,9,glock,Timo Glock,marussia,Marussia,21.0,20,24.0,18.869565217391305,20.666666666666668,19.2,21.75,0.0,0,0,0.0,0,0,46,18
2012,9,grosjean,Romain Grosjean,lotus_f1,Lotus F1,10.0,9,20.0,13.0,5.875,10.6,5.4,53.0,0,2,126.0,0,5,8,6
2012,9,hamilton,Lewis Hamilton,mclaren,McLaren,8.0,8,19.0,6.521739130434782,3.717391304347826,8.2,2.2,88.0,1,4,138.0,2,6,46,8
2012,9,hulkenberg,Nico Hülkenberg,force_india,Force India,9.0,14,5.0,13.333333333333334,11.407407407407407,9.4,11.8,17.0,0,0,44.0,0,0,27,12
2012,9,karthikeyan,Narain Karthikeyan,hrt,HRT,23.0,22,18.0,20.4,23.333333333333332,20.0,23.4,0.0,0,0,0.0,0,0,15,21
2012,9,kobayashi,Kamui Kobayashi,sauber,Sauber,12.0,17,22.0,13.717391304347826,13.177777777777777,14.0,10.4,21.0,0,0,60.0,0,2,46,11
2012,9,kovalainen,Heikki Kovalainen,caterham,Caterham,20.0,19,14.0,17.195652173913043,18.76086956521739,15.6,17.6,0.0,0,0,0.0,0,0,46,17
2012,9,maldonado,Pastor Maldonado,williams,Williams,7.0,7,12.0,16.0,12.88888888888889,14.4,9.6,29.0,1,1,47.0,1,1,27,16
2012,9,massa,Felipe Massa,ferrari,Ferrari,5.0,5,16.0,9.021739130434783,7.717391304347826,11.2,11.4,11.0,0,0,140.0,2,5,46,4
2012,9,michael_schumacher,Michael Schumacher,mercedes,Mercedes,3.0,3,3.0,11.934782608695652,9.11111111111111,15.6,9.8,17.0,0,1,92.0,1,3,46,7
2012,9,perez,Sergio Pérez,sauber,Sauber,17.0,15,9.0,12.73076923076923,12.96,10.8,11.0,39.0,0,2,60.0,0,2,26,22
2012,9,petrov,Vitaly Petrov,caterham,Caterham,19.0,18,13.0,13.73913043478261,13.217391304347826,17.0,19.4,0.0,0,0,0.0,0,0,46,24
2012,9,pic,Charles Pic,marussia,Marussia,24.0,24,15.0,19.125,22.0,19.6,22.0,0.0,0,0,0.0,0,0,8,19
2012,9,raikkonen,Kimi Räikkönen,lotus_f1,Lotus F1,6.0,6,2.0,6.25,8.625,4.8,8.2,73.0,0,3,134.0,0,5,8,5
2012,9,resta,Paul di Resta,force_india,Force India,11.0,10,7.0,10.962962962962964,12.037037037037036,9.0,11.2,27.0,0,0,44.0,0,0,27,23
2012,9,ricciardo,Daniel Ricciardo,toro_rosso,Toro Rosso,14.0,12,11.0,16.842105263157894,19.0,14.0,13.8,2.0,0,0,6.0,0,0,19,13
2012,9,rosa,Pedro de la Rosa,hrt,HRT,22.0,21,17.0,17.59090909090909,16.954545454545453,20.2,21.6,0.0,0,0,0.0,0,0,22,20
2012,9,rosberg,Nico Rosberg,mercedes,Mercedes,13.0,11,6.0,8.23913043478261,7.065217391304348,5.2,5.2,75.0,1,2,98.0,1,3,46,15
2012,9,vergne,Jean-Éric Vergne,toro_rosso,Toro Rosso,16.0,23,23.0,13.875,17.0,15.2,17.8,4.0,0,0,6.0,0,0,8,14
2012,9,vettel,Sebastian Vettel,red_bull,Red Bull,4.0,4,21.0,4.782608695652174,2.3043478260869565,7.2,4.2,85.0,1,2,176.0,2,3,46,3
2012,9,webber,Mark Webber,red_bull,Red Bull,2.0,2,4.0,5.086956521739131,3.847826086956522,5.4,8.0,91.0,1,1,191.0,2,4,46,1
2012,10,alonso,Fernando Alonso,ferrari,Ferrari,1.0,1,2.0,4.723404255319149,5.595744680851064,2.6,4.8,129.0,2,5,152.0,2,5,47,1
2012,10,bruno_senna,Bruno Senna,williams,Williams,16.0,14,9.0,16.514285714285716,18.17142857142857,13.8,15.4,18.0,0,0,47.0,1,1,35,17
2012,10,button,Jenson Button,mclaren,McLaren,7.0,6,10.0,6.574468085106383,6.23404255319149,11.8,12.2,50.0,1,2,142.0,2,6,47,2
2012,10,glock,Timo Glock,marussia,Marussia,22.0,22,18.0,18.851063829787233,20.67391304347826,19.0,21.25,0.0,0,0,0.0,0,0,47,22
2012,10,grosjean,Romain Grosjean,lotus_f1,Lotus F1,15.0,19,6.0,12.222222222222221,6.333333333333333,11.2,6.0,61.0,0,2,144.0,0,5,9,18
2012,10,hamilton,Lewis Hamilton,mclaren,McLaren,8.0,7,8.0,6.553191489361702,3.8085106382978724,8.2,3.4,92.0,1,4,160.0,2,7,47,24
2012,10,hulkenberg,Nico Hülkenberg,force_india,Force India,5.0,4,12.0,13.285714285714286,11.321428571428571,9.4,11.0,17.0,0,0,44.0,0,0,28,9
2012,10,karthikeyan,Narain Karthikeyan,hrt,HRT,24.0,24,21.0,20.4375,23.3125,20.0,23.2,0.0,0,0,0.0,0,0,16,23
2012,10,kobayashi,Kamui Kobayashi,sauber,Sauber,13.0,12,11.0,13.659574468085106,13.152173913043478,13.6,10.4,21.0,0,0,60.0,0,2,47,4
2012,10,kovalainen,Heikki Kovalainen,caterham,Caterham,19.0,16,17.0,17.19148936170213,18.78723404255319,15.6,18.4,0.0,0,0,0.0,0,0,47,19
2012,10,maldonado,Pastor Maldonado,williams,Williams,6.0,5,16.0,16.0,12.678571428571429,13.0,7.6,29.0,1,1,47.0,1,1,28,15
2012,10,massa,Felipe Massa,ferrari,Ferrari,14.0,13,4.0,8.914893617021276,7.659574468085107,10.2,9.6,23.0,0,0,177.0,3,6,47,12
2012,10,michael_schumacher,Michael Schumacher,mercedes,Mercedes,4.0,3,7.0,11.829787234042554,8.978260869565217,15.0,6.8,23.0,0,1,98.0,1,3,47,7
2012,10,perez,Sergio Pérez,sauber,Sauber,12.0,17,22.0,13.074074074074074,13.115384615384615,13.0,13.25,39.0,0,2,72.0,0,2,27,6
2012,10,petrov,Vitaly Petrov,caterham,Caterham,20.0,18,24.0,13.957446808510639,13.340425531914894,18.6,19.2,0.0,0,0,0.0,0,0,47,16
2012,10,pic,Charles Pic,marussia,Marussia,21.0,20,19.0,19.11111111111111,22.22222222222222,18.6,22.6,0.0,0,0,0.0,0,0,9,20
2012,10,raikkonen,Kimi Räikkönen,lotus_f1,Lotus F1,10.0,10,5.0,6.111111111111111,8.333333333333334,5.4,7.2,83.0,0,3,144.0,0,5,9,3
2012,10,resta,Paul di Resta,force_india,Force India,9.0,9,23.0,11.392857142857142,12.0,12.4,11.4,27.0,0,0,46.0,0,0,28,11
2012,10,ricciardo,Daniel Ricciardo,toro_rosso,Toro Rosso,11.0,11,13.0,16.65,18.75,13.6,15.4,2.0,0,0,6.0,0,0,20,13
2012,10,rosa,Pedro de la Rosa,hrt,HRT,23.0,23,20.0,17.695652173913043,17.17391304347826,20.2,21.6,0.0,0,0,0.0,0,0,23,21
2012,10,rosberg,Nico Rosberg,mercedes,Mercedes,17.0,21,15.0,8.382978723404255,7.191489361702128,7.2,6.8,75.0,1,2,104.0,1,3,47,10
2012,10,vergne,Jean-Éric Vergne,toro_rosso,Toro Rosso,18.0,15,14.0,13.88888888888889,16.88888888888889,15.2,17.2,4.0,0,0,6.0,0,0,9,14
2012,10,vettel,Sebastian Vettel,red_bull,Red Bull,2.0,2,3.0,4.74468085106383,2.3404255319148937,7.6,4.8,100.0,1,3,216.0,3,5,47,5
2012,10,webber,Mark Webber,red_bull,Red Bull,3.0,8,1.0,5.0,3.8085106382978724,4.8,7.8,116.0,2,2,226.0,3,5,47,8
2012,11,alonso,Fernando Alonso,ferrari,Ferrari,6.0,6,1.0,4.645833333333333,5.5,2.4,4.4,154.0,3,6,177.0,3,6,48,5
2012,11,bruno_senna,Bruno Senna,williams,Williams,9.0,9,17.0,16.52777777777778,18.11111111111111,12.6,15.0,18.0,0,0,47.0,1,1,36,7
2012,11,button,Jenson Button,mclaren,McLaren,4.0,4,2.0,6.479166666666667,6.25,10.4,11.4,68.0,1,3,160.0,2,7,48,6
2012,11,glock,Timo Glock,marussia,Marussia,22.0,22,22.0,18.916666666666668,20.70212765957447,19.8,21.25,0.0,0,0,0.0,0,0,48,21
2012,11,grosjean,Romain Grosjean,lotus_f1,Lotus F1,2.0,2,18.0,12.8,7.2,14.0,8.2,61.0,0,2,159.0,0,6,10,3
2012,11,hamilton,Lewis Hamilton,mclaren,McLaren,1.0,1,24.0,6.916666666666667,3.8958333333333335,11.4,4.8,92.0,1,4,168.0,2,7,48,1
2012,11,hulkenberg,Nico Hülkenberg,force_india,Force India,10.0,10,9.0,13.137931034482758,11.10344827586207,9.2,9.2,19.0,0,0,46.0,0,0,29,11
2012,11,karthikeyan,Narain Karthikeyan,hrt,HRT,24.0,24,23.0,20.58823529411765,23.352941176470587,20.2,23.2,0.0,0,0,0.0,0,0,17,23
2012,11,kobayashi,Kamui Kobayashi,sauber,Sauber,15.0,15,4.0,13.458333333333334,13.148936170212766,13.4,11.0,33.0,0,0,80.0,0,2,48,18
2012,11,kovalainen,Heikki Kovalainen,caterham,Caterham,19.0,19,19.0,17.229166666666668,18.791666666666668,16.2,18.2,0.0,0,0,0.0,0,0,48,17
2012,11,maldonado,Pastor Maldonado,williams,Williams,8.0,8,15.0,15.96551724137931,12.448275862068966,15.8,8.4,29.0,1,1,53.0,1,1,29,13
2012,11,massa,Felipe Massa,ferrari,Ferrari,7.0,7,12.0,8.979166666666666,7.791666666666667,9.6,9.0,23.0,0,0,187.0,3,6,48,9
2012,11,michael_schumacher,Michael Schumacher,mercedes,Mercedes,17.0,17,7.0,11.729166666666666,8.872340425531915,11.6,5.8,29.0,0,1,105.0,1,3,48,24
2012,11,perez,Sergio Pérez,sauber,Sauber,14.0,14,6.0,12.821428571428571,13.074074074074074,10.2,14.75,47.0,0,2,80.0,0,2,28,14
2012,11,petrov,Vitaly Petrov,caterham,Caterham,20.0,20,16.0,14.0,13.479166666666666,18.4,19.4,0.0,0,0,0.0,0,0,48,19
2012,11,pic,Charles Pic,marussia,Marussia,21.0,21,20.0,19.2,22.1,18.4,22.6,0.0,0,0,0.0,0,0,10,20
2012,11,raikkonen,Kimi Räikkönen,lotus_f1,Lotus F1,5.0,5,3.0,5.8,8.5,5.4,8.2,98.0,0,4,174.0,0,7,10,2
2012,11,resta,Paul di Resta,force_india,Force India,12.0,12,11.0,11.379310344827585,11.89655172413793,11.8,10.6,27.0,0,0,46.0,0,0,29,12
2012,11,ricciardo,Daniel Ricciardo,toro_rosso,Toro Rosso,18.0,18,13.0,16.476190476190474,18.38095238095238,13.6,14.4,2.0,0,0,6.0,0,0,21,15
2012,11,rosa,Pedro de la Rosa,hrt,HRT,23.0,23,21.0,17.833333333333332,17.416666666666668,20.6,21.6,0.0,0,0,0.0,0,0,24,22
2012,11,rosberg,Nico Rosberg,mercedes,Mercedes,13.0,13,10.0,8.416666666666666,7.395833333333333,7.8,8.8,76.0,1,2,105.0,1,3,48,10
2012,11,vergne,Jean-Éric Vergne,toro_rosso,Toro Rosso,16.0,16,14.0,13.9,17.0,15.6,17.8,4.0,0,0,6.0,0,0,10,16
2012,11,vettel,Sebastian Vettel,red_bull,Red Bull,3.0,3,5.0,4.75,2.3333333333333335,7.4,3.6,110.0,1,3,230.0,3,5,48,4
2012,11,webber,Mark Webber,red_bull,Red Bull,11.0,11,8.0,5.0625,3.7916666666666665,4.2,6.0,120.0,2,2,242.0,3,5,48,8
2012,12,alonso,Fernando Alonso,ferrari,Ferrari,6.0,5,5.0,4.653061224489796,5.510204081632653,2.8,4.4,164.0,3,6,189.0,3,6,49,22
2012,12,bruno_senna,Bruno Senna,williams,Williams,17.0,17,7.0,16.27027027027027,17.864864864864863,12.0,14.0,24.0,0,0,53.0,1,1,37,12
2012,12,button,Jenson Button,mclaren,McLaren,1.0,1,6.0,6.469387755102041,6.204081632653061,8.4,9.6,76.0,1,3,193.0,3,8,49,1
2012,12,glock,Timo Glock,marussia,Marussia,21.0,20,21.0,18.959183673469386,20.729166666666668,21.2,21.75,0.0,0,0,0.0,0,0,49,15
2012,12,grosjean,Romain Grosjean,lotus_f1,Lotus F1,9.0,8,3.0,11.909090909090908,6.7272727272727275,9.8,7.6,76.0,0,3,192.0,0,8,11,24
2012,12,hamilton,Lewis Hamilton,mclaren,McLaren,8.0,7,1.0,6.795918367346939,3.836734693877551,10.6,4.2,117.0,2,5,218.0,4,9,49,23
2012,12,hulkenberg,Nico Hülkenberg,force_india,Force India,12.0,11,11.0,13.066666666666666,11.066666666666666,9.8,9.0,19.0,0,0,46.0,0,0,30,4
2012,12,karthikeyan,Narain Karthikeyan,hrt,HRT,24.0,24,23.0,20.72222222222222,23.38888888888889,21.8,23.4,0.0,0,0,0.0,0,0,18,19
2012,12,kobayashi,Kamui Kobayashi,sauber,Sauber,2.0,2,18.0,13.551020408163266,13.1875,12.8,11.6,33.0,0,0,80.0,0,2,49,13
2012,12,kovalainen,Heikki Kovalainen,caterham,Caterham,19.0,18,17.0,17.224489795918366,18.79591836734694,17.0,18.4,0.0,0,0,0.0,0,0,49,17
2012,12,maldonado,Pastor Maldonado,williams,Williams,3.0,6,13.0,15.866666666666667,12.3,13.8,8.2,29.0,1,1,53.0,1,1,30,20
2012,12,massa,Felipe Massa,ferrari,Ferrari,14.0,14,9.0,8.979591836734693,7.775510204081633,10.2,9.0,25.0,0,0,189.0,3,6,49,5
2012,12,michael_schumacher,Michael Schumacher,mercedes,Mercedes,13.0,13,24.0,11.979591836734693,9.041666666666666,12.6,9.0,29.0,0,1,106.0,1,3,49,7
2012,12,perez,Sergio Pérez,sauber,Sauber,5.0,4,14.0,12.862068965517242,13.107142857142858,10.8,14.6,47.0,0,2,80.0,0,2,29,21
2012,12,petrov,Vitaly Petrov,caterham,Caterham,20.0,19,19.0,14.10204081632653,13.612244897959183,18.2,19.6,0.0,0,0,0.0,0,0,49,14
2012,12,pic,Charles Pic,marussia,Marussia,23.0,22,20.0,19.272727272727273,22.0,18.8,22.4,0.0,0,0,0.0,0,0,11,16
2012,12,raikkonen,Kimi Räikkönen,lotus_f1,Lotus F1,4.0,3,2.0,5.454545454545454,8.181818181818182,4.0,7.6,116.0,0,5,192.0,0,8,11,3
2012,12,resta,Paul di Resta,force_india,Force India,10.0,9,12.0,11.4,11.9,12.8,10.0,27.0,0,0,58.0,0,0,30,10
2012,12,ricciardo,Daniel Ricciardo,toro_rosso,Toro Rosso,16.0,16,15.0,16.40909090909091,18.363636363636363,13.2,14.8,2.0,0,0,6.0,0,0,22,9
2012,12,rosa,Pedro de la Rosa,hrt,HRT,22.0,21,22.0,18.0,17.64,20.6,22.0,0.0,0,0,0.0,0,0,25,18
2012,12,rosberg,Nico Rosberg,mercedes,Mercedes,18.0,23,10.0,8.448979591836734,7.510204081632653,9.4,10.8,77.0,1,2,112.0,1,3,49,11
2012,12,vergne,Jean-Éric Vergne,toro_rosso,Toro Rosso,15.0,15,16.0,14.090909090909092,16.90909090909091,16.4,17.6,4.0,0,0,8.0,0,0,11,8
2012,12,vettel,Sebastian Vettel,red_bull,Red Bull,11.0,10,4.0,4.73469387755102,2.3469387755102042,7.4,2.2,122.0,1,3,246.0,3,5,49,2
2012,12,webber,Mark Webber,red_bull,Red Bull,7.0,12,8.0,5.122448979591836,3.938775510204082,5.6,7.8,124.0,2,2,264.0,3,6,49,6
2012,13,alonso,Fernando Alonso,ferrari,Ferrari,10.0,10,22.0,5.0,5.52,6.2,5.0,164.0,3,6,199.0,3,6,50,3
2012,13,ambrosio,Jérôme d'Ambrosio,lotus_f1,Lotus F1,16.0,15,19.0,18.57894736842105,22.105263157894736,19.8,22.0,0.0,0,0,207.0,0,9,19,13
2012,13,bruno_senna,Bruno Senna,williams,Williams,14.0,13,12.0,16.157894736842106,17.842105263157894,11.0,14.2,24.0,0,0,53.0,1,1,38,10
2012,13,button,Jenson Button,mclaren,McLaren,2.0,2,1.0,6.36,6.1,5.4,7.8,101.0,2,4,218.0,4,9,50,23
2012,13,glock,Timo Glock,marussia,Marussia,20.0,19,15.0,18.88,20.73469387755102,20.0,21.5,0.0,0,0,0.0,0,0,50,17
2012,13,hamilton,Lewis Hamilton,mclaren,McLaren,1.0,1,23.0,7.12,3.92,15.0,5.4,117.0,2,5,218.0,4,9,50,1
2012,13,hulkenberg,Nico Hülkenberg,force_india,Force India,,24,4.0,12.774193548387096,11.096774193548388,8.2,8.8,31.0,0,0,59.0,0,0,31,21
2012,13,karthikeyan,Narain Karthikeyan,hrt,HRT,22.0,21,19.0,20.63157894736842,23.42105263157895,20.8,23.4,0.0,0,0,0.0,0,0,19,19
2012,13,kobayashi,Kamui Kobayashi,sauber,Sauber,9.0,8,13.0,13.54,12.959183673469388,13.6,9.8,33.0,0,0,80.0,0,2,50,9
2012,13,kovalainen,Heikki Kovalainen,caterham,Caterham,18.0,17,17.0,17.22,18.8,16.8,18.6,0.0,0,0,0.0,0,0,50,14
2012,13,maldonado,Pastor Maldonado,williams,Williams,12.0,22,20.0,16.0,12.0,15.2,5.4,29.0,1,1,54.0,1,1,31,11
2012,13,massa,Felipe Massa,ferrari,Ferrari,3.0,3,5.0,8.9,7.9,9.2,10.6,35.0,0,0,214.0,3,7,50,4
2012,13,michael_schumacher,Michael Schumacher,mercedes,Mercedes,5.0,4,7.0,11.88,9.122448979591837,9.6,9.8,35.0,0,1,112.0,1,3,50,6
2012,13,perez,Sergio Pérez,sauber,Sauber,13.0,12,21.0,13.133333333333333,12.827586206896552,14.4,12.6,47.0,0,2,82.0,0,2,30,2
2012,13,petrov,Vitaly Petrov,caterham,Caterham,19.0,18,14.0,14.1,13.74,17.2,19.8,0.0,0,0,0.0,0,0,50,15
2012,13,pic,Charles Pic,marussia,Marussia,21.0,20,16.0,19.0,22.083333333333332,18.0,22.4,0.0,0,0,0.0,0,0,12,16
2012,13,raikkonen,Kimi Räikkönen,lotus_f1,Lotus F1,8.0,7,3.0,5.25,7.833333333333333,3.0,6.0,131.0,0,6,207.0,0,9,12,5
2012,13,resta,Paul di Resta,force_india,Force India,4.0,9,10.0,11.35483870967742,11.838709677419354,12.6,10.4,28.0,0,0,59.0,0,0,31,8
2012,13,ricciardo,Daniel Ricciardo,toro_rosso,Toro Rosso,15.0,14,9.0,16.08695652173913,18.26086956521739,12.2,15.2,4.0,0,0,12.0,0,0,23,12
2012,13,rosa,Pedro de la Rosa,hrt,HRT,23.0,23,18.0,18.0,17.807692307692307,19.6,22.2,0.0,0,0,0.0,0,0,26,18
2012,13,rosberg,Nico Rosberg,mercedes,Mercedes,7.0,6,11.0,8.5,7.72,10.4,13.4,77.0,1,2,120.0,1,3,50,7
2012,13,vergne,Jean-Éric Vergne,toro_rosso,Toro Rosso,17.0,16,8.0,13.583333333333334,16.75,15.0,16.6,8.0,0,0,12.0,0,0,12,24
2012,13,vettel,Sebastian Vettel,red_bull,Red Bull,6.0,5,2.0,4.68,2.52,7.0,4.2,140.0,1,4,272.0,3,6,50,22
2012,13,webber,Mark Webber,red_bull,Red Bull,11.0,11,6.0,5.14,4.0,5.4,8.4,132.0,2,2,272.0,3,6,50,20
2012,14,alonso,Fernando Alonso,ferrari,Ferrari,5.0,5,3.0,4.96078431372549,5.607843137254902,6.6,4.8,179.0,3,7,226.0,3,7,51,3
2012,14,bruno_senna,Bruno Senna,williams,Williams,17.0,22,10.0,16.0,17.743589743589745,11.0,14.2,25.0,0,0,54.0,1,1,39,18
2012,14,button,Jenson Button,mclaren,McLaren,4.0,4,23.0,6.686274509803922,6.019607843137255,8.4,6.4,101.0,2,4,243.0,5,10,51,2
2012,14,glock,Timo Glock,marussia,Marussia,21.0,20,17.0,18.84313725490196,20.72,18.6,21.2,0.0,0,0,0.0,0,0,51,12
2012,14,grosjean,Romain Grosjean,lotus_f1,Lotus F1,8.0,8,24.0,12.916666666666666,6.916666666666667,14.2,8.0,76.0,0,3,217.0,0,9,12,7
2012,14,hamilton,Lewis Hamilton,mclaren,McLaren,1.0,1,1.0,7.0,3.8627450980392157,11.4,5.2,142.0,3,6,261.0,5,11,51,24
2012,14,hulkenberg,Nico Hülkenberg,force_india,Force India,11.0,11,21.0,13.03125,11.096774193548388,11.4,9.0,31.0,0,0,63.0,0,0,32,14
2012,14,karthikeyan,Narain Karthikeyan,hrt,HRT,23.0,23,19.0,20.55,23.35,21.0,23.4,0.0,0,0,0.0,0,0,20,23
2012,14,kobayashi,Kamui Kobayashi,sauber,Sauber,18.0,17,9.0,13.450980392156863,12.88,11.0,10.2,35.0,0,0,100.0,0,3,51,13
2012,14,kovalainen,Heikki Kovalainen,caterham,Caterham,20.0,19,14.0,17.15686274509804,18.784313725490197,16.8,19.0,0.0,0,0,0.0,0,0,51,15
2012,14,maldonado,Pastor Maldonado,williams,Williams,2.0,2,11.0,15.84375,12.0,15.0,7.2,29.0,1,1,54.0,1,1,32,22
2012,14,massa,Felipe Massa,ferrari,Ferrari,13.0,13,4.0,8.803921568627452,7.803921568627451,6.8,8.6,47.0,0,0,241.0,3,8,51,8
2012,14,michael_schumacher,Michael Schumacher,mercedes,Mercedes,9.0,9,6.0,11.764705882352942,9.04,10.2,8.4,43.0,0,1,126.0,1,3,51,21
2012,14,perez,Sergio Pérez,sauber,Sauber,14.0,14,2.0,12.774193548387096,12.833333333333334,13.0,12.2,65.0,0,3,100.0,0,3,31,10
2012,14,petrov,Vitaly Petrov,caterham,Caterham,19.0,18,15.0,14.117647058823529,13.843137254901961,17.6,19.6,0.0,0,0,0.0,0,0,51,19
2012,14,pic,Charles Pic,marussia,Marussia,22.0,21,16.0,18.76923076923077,22.0,18.2,22.0,0.0,0,0,0.0,0,0,13,16
2012,14,raikkonen,Kimi Räikkönen,lotus_f1,Lotus F1,12.0,12,5.0,5.230769230769231,7.846153846153846,3.6,6.6,141.0,0,6,223.0,0,9,13,6
2012,14,resta,Paul di Resta,force_india,Force India,6.0,6,8.0,11.25,11.59375,12.8,9.2,32.0,0,0,63.0,0,0,32,4
2012,14,ricciardo,Daniel Ricciardo,toro_rosso,Toro Rosso,15.0,15,12.0,15.916666666666666,18.125,12.4,14.8,4.0,0,0,12.0,0,0,24,9
2012,14,rosa,Pedro de la Rosa,hrt,HRT,24.0,24,18.0,18.0,18.0,19.8,22.6,0.0,0,0,0.0,0,0,27,17
2012,14,rosberg,Nico Rosberg,mercedes,Mercedes,10.0,10,7.0,8.470588235294118,7.705882352941177,10.6,13.6,83.0,1,2,126.0,1,3,51,5
2012,14,vergne,Jean-Éric Vergne,toro_rosso,Toro Rosso,16.0,16,24.0,14.384615384615385,16.76923076923077,15.2,16.4,8.0,0,0,14.0,0,0,13,20
2012,14,vettel,Sebastian Vettel,red_bull,Red Bull,3.0,3,22.0,5.019607843137255,2.588235294117647,7.2,5.2,140.0,1,4,272.0,3,6,51,1
2012,14,webber,Mark Webber,red_bull,Red Bull,7.0,7,20.0,5.431372549019608,4.137254901960785,8.6,6.8,132.0,2,2,297.0,4,7,51,11
2012,15,alonso,Fernando Alonso,ferrari,Ferrari,7.0,6,3.0,4.923076923076923,5.596153846153846,6.8,5.6,194.0,3,8,245.0,3,8,52,23
2012,15,bruno_senna,Bruno Senna,williams,Williams,18.0,16,18.0,16.05,17.725,12.8,14.6,25.0,0,0,54.0,1,1,40,14
2012,15,button,Jenson Button,mclaren,McLaren,3.0,8,2.0,6.596153846153846,5.980769230769231,6.8,3.6,119.0,2,5,261.0,5,11,52,4
2012,15,glock,Timo Glock,marussia,Marussia,20.0,18,12.0,18.71153846153846,20.725490196078432,17.4,21.2,0.0,0,0,0.0,0,0,52,16
2012,15,grosjean,Romain Grosjean,lotus_f1,Lotus F1,5.0,4,7.0,12.461538461538462,7.0,11.6,8.8,82.0,0,3,231.0,0,9,13,19
2012,15,hamilton,Lewis Hamilton,mclaren,McLaren,9.0,9,24.0,7.326923076923077,3.8076923076923075,14.6,3.8,142.0,3,6,273.0,5,11,52,5
2012,15,hulkenberg,Nico Hülkenberg,force_india,Force India,10.0,15,14.0,13.06060606060606,11.09375,11.8,9.5,31.0,0,0,75.0,0,0,33,7
2012,15,karthikeyan,Narain Karthikeyan,hrt,HRT,24.0,24,23.0,20.666666666666668,23.333333333333332,21.4,23.4,0.0,0,0,0.0,0,0,21,21
2012,15,kobayashi,Kamui Kobayashi,sauber,Sauber,4.0,3,13.0,13.442307692307692,12.980392156862745,11.4,11.4,35.0,0,0,101.0,0,3,52,3
2012,15,kovalainen,Heikki Kovalainen,caterham,Caterham,19.0,17,15.0,17.115384615384617,18.807692307692307,16.4,19.0,0.0,0,0,0.0,0,0,52,15
2012,15,maldonado,Pastor Maldonado,williams,Williams,14.0,12,22.0,16.03030303030303,11.696969696969697,16.2,6.2,29.0,1,1,54.0,1,1,33,8
2012,15,massa,Felipe Massa,ferrari,Ferrari,11.0,10,8.0,8.788461538461538,7.903846153846154,7.6,10.2,51.0,0,0,245.0,3,8,52,2
2012,15,michael_schumacher,Michael Schumacher,mercedes,Mercedes,13.0,23,21.0,11.942307692307692,9.03921568627451,13.0,9.6,43.0,0,1,136.0,1,3,52,11
2012,15,perez,Sergio Pérez,sauber,Sauber,6.0,5,10.0,12.6875,12.870967741935484,10.6,11.6,66.0,0,3,116.0,0,4,32,22
2012,15,petrov,Vitaly Petrov,caterham,Caterham,23.0,22,19.0,14.211538461538462,13.942307692307692,16.6,19.6,0.0,0,0,0.0,0,0,52,17
2012,15,pic,Charles Pic,marussia,Marussia,22.0,21,16.0,18.571428571428573,22.0,17.6,21.6,0.0,0,0,0.0,0,0,14,20
2012,15,raikkonen,Kimi Räikkönen,lotus_f1,Lotus F1,8.0,7,6.0,5.285714285714286,8.142857142857142,3.8,7.8,149.0,0,6,231.0,0,9,14,6
2012,15,resta,Paul di Resta,force_india,Force India,12.0,11,4.0,11.030303030303031,11.424242424242424,9.0,8.2,44.0,0,0,81.0,0,0,33,12
2012,15,ricciardo,Daniel Ricciardo,toro_rosso,Toro Rosso,16.0,14,9.0,15.64,18.0,11.6,15.0,6.0,0,0,14.0,0,0,25,10
2012,15,rosa,Pedro de la Rosa,hrt,HRT,21.0,20,17.0,17.964285714285715,18.214285714285715,19.2,23.0,0.0,0,0,0.0,0,0,28,18
2012,15,rosberg,Nico Rosberg,mercedes,Mercedes,15.0,13,5.0,8.403846153846153,7.75,8.6,13.0,93.0,1,2,136.0,1,3,52,24
2012,15,vergne,Jean-Éric Vergne,toro_rosso,Toro Rosso,17.0,19,20.0,14.785714285714286,16.714285714285715,16.4,16.4,8.0,0,0,15.0,0,0,14,13
2012,15,vettel,Sebastian Vettel,red_bull,Red Bull,1.0,1,1.0,4.9423076923076925,2.5961538461538463,6.8,5.0,165.0,2,5,297.0,4,7,52,1
2012,15,webber,Mark Webber,red_bull,Red Bull,2.0,2,11.0,5.538461538461538,4.1923076923076925,10.6,7.8,132.0,2,2,322.0,5,8,52,9
2012,16,alonso,Fernando Alonso,ferrari,Ferrari,4.0,4,23.0,5.264150943396227,5.622641509433962,11.2,6.8,194.0,3,8,263.0,3,9,53,3
2012,16,bruno_senna,Bruno Senna,williams,Williams,18.0,17,14.0,16.0,17.73170731707317,12.2,15.0,25.0,0,0,58.0,1,1,41,15
2012,16,button,Jenson Button,mclaren,McLaren,11.0,11,4.0,6.547169811320755,5.9245283018867925,7.2,2.8,131.0,2,5,283.0,5,11,53,24
2012,16,glock,Timo Glock,marussia,Marussia,22.0,20,16.0,18.660377358490567,20.71153846153846,16.2,20.8,0.0,0,0,0.0,0,0,53,18
2012,16,grosjean,Romain Grosjean,lotus_f1,Lotus F1,7.0,7,19.0,12.928571428571429,6.857142857142857,14.2,7.8,82.0,0,3,239.0,0,9,14,7
2012,16,hamilton,Lewis Hamilton,mclaren,McLaren,3.0,3,5.0,7.283018867924528,3.9056603773584904,10.8,4.0,152.0,3,6,283.0,5,11,53,10
2012,16,hulkenberg,Nico Hülkenberg,force_india,Force India,8.0,8,7.0,12.882352941176471,11.06060606060606,11.4,10.75,37.0,0,0,81.0,0,0,34,6
2012,16,karthikeyan,Narain Karthikeyan,hrt,HRT,,23,21.0,20.681818181818183,23.363636363636363,21.0,23.4,0.0,0,0,0.0,0,0,22,20
2012,16,kobayashi,Kamui Kobayashi,sauber,Sauber,13.0,13,3.0,13.245283018867925,12.807692307692308,11.2,9.6,50.0,0,1,116.0,0,4,53,22
2012,16,kovalainen,Heikki Kovalainen,caterham,Caterham,20.0,19,15.0,17.07547169811321,18.81132075471698,15.6,19.0,0.0,0,0,0.0,0,0,53,17
2012,16,maldonado,Pastor Maldonado,williams,Williams,15.0,15,8.0,15.794117647058824,11.764705882352942,14.8,7.8,33.0,1,1,58.0,1,1,34,14
2012,16,massa,Felipe Massa,ferrari,Ferrari,6.0,6,2.0,8.660377358490566,7.962264150943396,5.6,9.6,69.0,0,1,278.0,3,10,53,4
2012,16,michael_schumacher,Michael Schumacher,mercedes,Mercedes,10.0,10,11.0,11.924528301886792,9.115384615384615,13.8,11.4,43.0,0,1,136.0,1,3,53,13
2012,16,perez,Sergio Pérez,sauber,Sauber,12.0,12,22.0,12.969696969696969,12.65625,13.8,10.4,66.0,0,3,116.0,0,4,33,11
2012,16,petrov,Vitaly Petrov,caterham,Caterham,19.0,18,17.0,14.264150943396226,14.11320754716981,16.8,20.2,0.0,0,0,0.0,0,0,53,16
2012,16,pic,Charles Pic,marussia,Marussia,21.0,24,20.0,18.666666666666668,22.0,17.6,21.8,0.0,0,0,0.0,0,0,15,19
2012,16,raikkonen,Kimi Räikkönen,lotus_f1,Lotus F1,5.0,5,6.0,5.333333333333333,8.133333333333333,4.4,7.4,157.0,0,6,245.0,0,9,15,5
2012,16,resta,Paul di Resta,force_india,Force India,14.0,14,12.0,11.058823529411764,11.441176470588236,9.2,8.8,44.0,0,0,89.0,0,0,34,12
2012,16,ricciardo,Daniel Ricciardo,toro_rosso,Toro Rosso,16.0,21,10.0,15.423076923076923,17.923076923076923,11.0,16.0,7.0,0,0,15.0,0,0,26,9
2012,16,rosa,Pedro de la Rosa,hrt,HRT,23.0,22,18.0,17.96551724137931,18.310344827586206,18.6,22.6,0.0,0,0,0.0,0,0,29,21
2012,16,rosberg,Nico Rosberg,mercedes,Mercedes,9.0,9,24.0,8.69811320754717,7.886792452830188,11.4,12.6,93.0,1,2,136.0,1,3,53,23
2012,16,vergne,Jean-Éric Vergne,toro_rosso,Toro Rosso,17.0,16,13.0,14.666666666666666,16.733333333333334,16.2,16.2,8.0,0,0,17.0,0,0,15,8
2012,16,vettel,Sebastian Vettel,red_bull,Red Bull,2.0,2,1.0,4.867924528301887,2.5660377358490565,6.0,4.8,190.0,3,6,324.0,5,8,53,1
2012,16,webber,Mark Webber,red_bull,Red Bull,1.0,1,9.0,5.60377358490566,4.150943396226415,10.8,7.6,134.0,2,2,349.0,6,9,53,2
2012,17,alonso,Fernando Alonso,ferrari,Ferrari,5.0,5,3.0,5.222222222222222,5.592592592592593,10.8,6.4,209.0,3,9,290.0,3,10,54,2
2012,17,bruno_senna,Bruno Senna,williams,Williams,13.0,13,15.0,15.976190476190476,17.738095238095237,13.8,16.8,25.0,0,0,58.0,1,1,42,10
2012,17,button,Jenson Button,mclaren,McLaren,4.0,4,24.0,6.87037037037037,6.018518518518518,10.8,4.2,131.0,2,5,284.0,5,11,54,5
2012,17,glock,Timo Glock,marussia,Marussia,21.0,21,18.0,18.64814814814815,20.735849056603772,15.6,20.8,0.0,0,0,0.0,0,0,54,20
2012,17,grosjean,Romain Grosjean,lotus_f1,Lotus F1,11.0,11,7.0,12.533333333333333,6.866666666666666,12.0,6.2,88.0,0,3,255.0,0,9,15,9
2012,17,hamilton,Lewis Hamilton,mclaren,McLaren,3.0,3,10.0,7.333333333333333,3.888888888888889,12.6,4.4,153.0,3,6,294.0,5,11,54,4
2012,17,hulkenberg,Nico Hülkenberg,force_india,Force India,12.0,12,6.0,12.685714285714285,10.970588235294118,10.4,10.25,45.0,0,0,89.0,0,0,35,8
2012,17,karthikeyan,Narain Karthikeyan,hrt,HRT,23.0,23,20.0,20.652173913043477,23.363636363636363,20.4,23.25,0.0,0,0,0.0,0,0,23,21
2012,17,kobayashi,Kamui Kobayashi,sauber,Sauber,17.0,17,22.0,13.407407407407407,12.81132075471698,12.0,9.2,50.0,0,1,116.0,0,4,54,14
2012,17,kovalainen,Heikki Kovalainen,caterham,Caterham,20.0,20,17.0,17.074074074074073,18.833333333333332,15.6,19.2,0.0,0,0,0.0,0,0,54,18
2012,17,maldonado,Pastor Maldonado,williams,Williams,9.0,9,14.0,15.742857142857142,11.857142857142858,15.0,9.2,33.0,1,1,59.0,1,1,35,16
2012,17,massa,Felipe Massa,ferrari,Ferrari,6.0,6,4.0,8.574074074074074,7.925925925925926,4.6,9.4,81.0,0,1,308.0,3,11,54,6
2012,17,michael_schumacher,Michael Schumacher,mercedes,Mercedes,14.0,14,13.0,11.944444444444445,9.132075471698114,11.6,10.0,43.0,0,1,136.0,1,3,54,22
2012,17,perez,Sergio Pérez,sauber,Sauber,8.0,8,11.0,12.911764705882353,12.636363636363637,13.2,10.0,66.0,0,3,116.0,0,4,34,24
2012,17,petrov,Vitaly Petrov,caterham,Caterham,19.0,19,16.0,14.296296296296296,14.203703703703704,16.2,20.0,0.0,0,0,0.0,0,0,54,17
2012,17,pic,Charles Pic,marussia,Marussia,24.0,24,19.0,18.6875,21.9375,17.4,21.8,0.0,0,0,0.0,0,0,16,19
2012,17,raikkonen,Kimi Räikkönen,lotus_f1,Lotus F1,7.0,7,5.0,5.3125,7.9375,5.0,7.4,167.0,0,6,257.0,0,9,16,7
2012,17,resta,Paul di Resta,force_india,Force India,16.0,16,12.0,11.085714285714285,11.514285714285714,9.2,9.2,44.0,0,0,93.0,0,0,35,12
2012,17,ricciardo,Daniel Ricciardo,toro_rosso,Toro Rosso,15.0,15,9.0,15.185185185185185,17.85185185185185,9.8,15.6,9.0,0,0,21.0,0,0,27,13
2012,17,rosa,Pedro de la Rosa,hrt,HRT,22.0,22,21.0,18.066666666666666,18.466666666666665,18.4,22.6,0.0,0,0,0.0,0,0,30,23
2012,17,rosberg,Nico Rosberg,mercedes,Mercedes,10.0,10,23.0,8.962962962962964,7.907407407407407,14.0,11.8,93.0,1,2,136.0,1,3,54,11
2012,17,vergne,Jean-Éric Vergne,toro_rosso,Toro Rosso,18.0,18,8.0,14.25,16.75,14.6,16.4,12.0,0,0,21.0,0,0,16,15
2012,17,vettel,Sebastian Vettel,red_bull,Red Bull,1.0,1,1.0,4.796296296296297,2.5555555555555554,5.4,4.6,215.0,4,7,367.0,6,10,54,1
2012,17,webber,Mark Webber,red_bull,Red Bull,2.0,2,2.0,5.537037037037037,4.092592592592593,9.6,5.6,152.0,2,3,392.0,7,11,54,3
2012,18,alonso,Fernando Alonso,ferrari,Ferrari,7.0,6,2.0,5.163636363636364,5.581818181818182,6.8,6.2,227.0,3,10,316.0,3,11,55,2
2012,18,bruno_senna,Bruno Senna,williams,Williams,15.0,14,10.0,15.837209302325581,17.627906976744185,13.4,16.0,26.0,0,0,59.0,1,1,43,8
2012,18,button,Jenson Button,mclaren,McLaren,6.0,5,5.0,6.836363636363636,5.9818181818181815,11.6,4.8,141.0,2,5,306.0,5,11,55,4
2012,18,glock,Timo Glock,marussia,Marussia,22.0,21,20.0,18.672727272727272,20.74074074074074,16.6,20.8,0.0,0,0,0.0,0,0,55,14
2012,18,grosjean,Romain Grosjean,lotus_f1,Lotus F1,10.0,9,9.0,12.3125,7.125,13.2,8.0,90.0,0,3,263.0,0,9,16,19
2012,18,hamilton,Lewis Hamilton,mclaren,McLaren,1.0,1,4.0,7.2727272727272725,3.8727272727272726,8.8,3.4,165.0,3,6,318.0,5,11,55,21
2012,18,hulkenberg,Nico Hülkenberg,force_india,Force India,11.0,10,8.0,12.555555555555555,11.0,11.2,10.25,49.0,0,0,93.0,0,0,36,24
2012,18,karthikeyan,Narain Karthikeyan,hrt,HRT,24.0,23,21.0,20.666666666666668,23.347826086956523,20.8,23.0,0.0,0,0,0.0,0,0,24,22
2012,18,kobayashi,Kamui Kobayashi,sauber,Sauber,16.0,15,14.0,13.418181818181818,12.88888888888889,12.2,12.2,50.0,0,1,116.0,0,4,55,6
2012,18,kovalainen,Heikki Kovalainen,caterham,Caterham,19.0,18,18.0,17.09090909090909,18.854545454545455,15.8,19.4,0.0,0,0,0.0,0,0,55,13
2012,18,maldonado,Pastor Maldonado,williams,Williams,4.0,3,16.0,15.75,11.777777777777779,14.2,10.4,33.0,1,1,63.0,1,1,36,5
2012,18,massa,Felipe Massa,ferrari,Ferrari,9.0,8,6.0,8.527272727272727,7.890909090909091,4.8,7.8,89.0,0,1,334.0,3,12,55,7
2012,18,michael_schumacher,Michael Schumacher,mercedes,Mercedes,14.0,13,22.0,12.127272727272727,9.222222222222221,14.6,10.2,43.0,0,1,136.0,1,3,55,11
2012,18,perez,Sergio Pérez,sauber,Sauber,12.0,11,24.0,13.228571428571428,12.5,13.8,10.6,66.0,0,3,124.0,0,4,35,15
2012,18,petrov,Vitaly Petrov,caterham,Caterham,21.0,20,17.0,14.345454545454546,14.290909090909091,16.8,19.8,0.0,0,0,0.0,0,0,55,16
2012,18,pic,Charles Pic,marussia,Marussia,20.0,19,19.0,18.705882352941178,22.058823529411764,18.0,22.0,0.0,0,0,0.0,0,0,17,18
2012,18,raikkonen,Kimi Räikkönen,lotus_f1,Lotus F1,5.0,4,7.0,5.411764705882353,7.882352941176471,5.8,8.0,173.0,0,6,263.0,0,9,17,1
2012,18,resta,Paul di Resta,force_india,Force India,13.0,12,12.0,11.11111111111111,11.63888888888889,9.6,10.4,44.0,0,0,93.0,0,0,36,9
2012,18,ricciardo,Daniel Ricciardo,toro_rosso,Toro Rosso,17.0,16,13.0,15.107142857142858,17.75,10.6,15.4,9.0,0,0,21.0,0,0,28,10
2012,18,rosa,Pedro de la Rosa,hrt,HRT,23.0,22,23.0,18.225806451612904,18.580645161290324,19.4,22.6,0.0,0,0,0.0,0,0,31,17
2012,18,rosberg,Nico Rosberg,mercedes,Mercedes,8.0,7,11.0,9.0,7.945454545454545,14.0,10.2,93.0,1,2,136.0,1,3,55,23
2012,18,vergne,Jean-Éric Vergne,toro_rosso,Toro Rosso,18.0,17,15.0,14.294117647058824,16.823529411764707,16.0,17.0,12.0,0,0,22.0,0,0,17,12
2012,18,vettel,Sebastian Vettel,red_bull,Red Bull,3.0,24,1.0,4.7272727272727275,2.5272727272727273,5.2,2.6,240.0,5,8,407.0,7,12,55,3
2012,18,webber,Mark Webber,red_bull,Red Bull,2.0,2,3.0,5.490909090909091,4.054545454545455,9.0,4.6,167.0,2,4,422.0,7,13,55,20
2012,19,alonso,Fernando Alonso,ferrari,Ferrari,9.0,7,2.0,5.107142857142857,5.607142857142857,6.6,5.6,245.0,3,11,340.0,3,12,56,3
2012,19,bruno_senna,Bruno Senna,williams,Williams,11.0,10,8.0,15.659090909090908,17.568181818181817,13.0,16.2,30.0,0,0,73.0,1,1,44,10
2012,19,button,Jenson Button,mclaren,McLaren,12.0,12,4.0,6.785714285714286,5.982142857142857,7.8,5.6,153.0,2,5,318.0,5,11,56,5
2012,19,glock,Timo Glock,marussia,Marussia,19.0,19,14.0,18.589285714285715,20.763636363636362,16.0,21.2,0.0,0,0,0.0,0,0,56,19
2012,19,grosjean,Romain Grosjean,lotus_f1,Lotus F1,4.0,8,19.0,12.705882352941176,7.294117647058823,12.2,8.2,90.0,0,3,288.0,1,10,17,7
2012,19,hamilton,Lewis Hamilton,mclaren,McLaren,2.0,2,21.0,7.517857142857143,3.8214285714285716,12.8,3.4,165.0,3,6,328.0,5,11,56,1
2012,19,hulkenberg,Nico Hülkenberg,force_india,Force India,8.0,6,24.0,12.864864864864865,11.0,11.8,10.4,49.0,0,0,95.0,0,0,37,8
2012,19,karthikeyan,Narain Karthikeyan,hrt,HRT,24.0,24,22.0,20.72,23.375,21.4,23.5,0.0,0,0,0.0,0,0,25,22
2012,19,kobayashi,Kamui Kobayashi,sauber,Sauber,16.0,16,6.0,13.285714285714286,12.945454545454545,11.6,13.6,58.0,0,1,124.0,0,4,56,14
2012,19,kovalainen,Heikki Kovalainen,caterham,Caterham,22.0,22,13.0,17.017857142857142,18.857142857142858,15.6,19.6,0.0,0,0,0.0,0,0,56,18
2012,19,maldonado,Pastor Maldonado,williams,Williams,10.0,9,5.0,15.45945945945946,11.567567567567568,13.0,8.8,43.0,1,1,74.0,1,1,37,9
2012,19,massa,Felipe Massa,ferrari,Ferrari,7.0,11,7.0,8.5,7.910714285714286,5.4,9.0,95.0,0,1,355.0,3,13,56,4
2012,19,michael_schumacher,Michael Schumacher,mercedes,Mercedes,6.0,5,11.0,12.107142857142858,9.309090909090909,15.6,12.0,43.0,0,1,136.0,1,3,56,16
2012,19,perez,Sergio Pérez,sauber,Sauber,15.0,15,15.0,13.277777777777779,12.485714285714286,16.4,10.4,66.0,0,3,124.0,0,4,36,11
2012,19,petrov,Vitaly Petrov,caterham,Caterham,21.0,21,16.0,14.375,14.410714285714286,17.0,20.2,0.0,0,0,0.0,0,0,56,17
2012,19,pic,Charles Pic,marussia,Marussia,20.0,20,18.0,18.666666666666668,21.944444444444443,18.4,21.8,0.0,0,0,0.0,0,0,18,20
2012,19,raikkonen,Kimi Räikkönen,lotus_f1,Lotus F1,5.0,4,1.0,5.166666666666667,7.722222222222222,5.0,7.4,198.0,1,7,294.0,1,10,18,6
2012,19,resta,Paul di Resta,force_india,Force India,13.0,13,9.0,11.054054054054054,11.675675675675675,9.8,12.2,46.0,0,0,99.0,0,0,37,15
2012,19,ricciardo,Daniel Ricciardo,toro_rosso,Toro Rosso,18.0,18,10.0,14.931034482758621,17.724137931034484,10.2,15.8,10.0,0,0,22.0,0,0,29,12
2012,19,rosa,Pedro de la Rosa,hrt,HRT,23.0,23,17.0,18.1875,18.71875,19.2,22.6,0.0,0,0,0.0,0,0,32,21
2012,19,rosberg,Nico Rosberg,mercedes,Mercedes,17.0,17,23.0,9.25,7.946428571428571,17.2,10.4,93.0,1,2,136.0,1,3,56,13
2012,19,vergne,Jean-Éric Vergne,toro_rosso,Toro Rosso,14.0,14,12.0,14.166666666666666,16.88888888888889,13.6,17.2,12.0,0,0,22.0,0,0,18,24
2012,19,vettel,Sebastian Vettel,red_bull,Red Bull,1.0,1,3.0,4.696428571428571,2.5357142857142856,1.4,2.0,255.0,5,9,422.0,7,13,56,2
2012,19,webber,Mark Webber,red_bull,Red Bull,3.0,3,20.0,5.75,4.017857142857143,9.0,2.8,167.0,2,4,440.0,7,14,56,23
2012,20,alonso,Fernando Alonso,ferrari,Ferrari,8.0,7,3.0,5.0701754385964914,5.666666666666667,6.6,6.4,260.0,3,12,367.0,3,13,57,2
2012,20,bruno_senna,Bruno Senna,williams,Williams,12.0,11,10.0,15.533333333333333,17.42222222222222,11.4,15.0,31.0,0,0,76.0,1,1,45,23
2012,20,button,Jenson Button,mclaren,McLaren,2.0,2,5.0,6.754385964912281,6.087719298245614,8.4,7.2,163.0,2,5,353.0,6,12,57,1
2012,20,glock,Timo Glock,marussia,Marussia,21.0,21,19.0,18.596491228070175,20.732142857142858,17.4,20.8,0.0,0,0,0.0,0,0,57,16
2012,20,grosjean,Romain Grosjean,lotus_f1,Lotus F1,18.0,18,7.0,12.38888888888889,7.111111111111111,12.2,7.4,96.0,0,3,302.0,1,10,18,21
2012,20,hamilton,Lewis Hamilton,mclaren,McLaren,1.0,1,1.0,7.4035087719298245,3.789473684210526,8.2,3.6,190.0,4,7,378.0,7,13,57,20
2012,20,hulkenberg,Nico Hülkenberg,force_india,Force India,7.0,6,8.0,12.736842105263158,10.91891891891892,10.6,9.8,53.0,0,0,99.0,0,0,38,5
2012,20,karthikeyan,Narain Karthikeyan,hrt,HRT,23.0,23,22.0,20.76923076923077,23.4,21.2,23.75,0.0,0,0,0.0,0,0,26,18
2012,20,kobayashi,Kamui Kobayashi,sauber,Sauber,15.0,14,14.0,13.298245614035087,13.0,11.8,13.2,58.0,0,1,124.0,0,4,57,9
2012,20,kovalainen,Heikki Kovalainen,caterham,Caterham,20.0,20,18.0,17.035087719298247,18.912280701754387,16.2,20.0,0.0,0,0,0.0,0,0,57,14
2012,20,maldonado,Pastor Maldonado,williams,Williams,6.0,16,9.0,15.289473684210526,11.526315789473685,10.4,10.4,45.0,1,1,76.0,1,1,38,22
2012,20,massa,Felipe Massa,ferrari,Ferrari,5.0,5,4.0,8.421052631578947,7.894736842105263,4.6,7.8,107.0,0,1,385.0,3,14,57,3
2012,20,michael_schumacher,Michael Schumacher,mercedes,Mercedes,14.0,13,16.0,12.175438596491228,9.25,14.6,11.4,43.0,0,1,136.0,1,3,57,7
2012,20,perez,Sergio Pérez,sauber,Sauber,13.0,12,11.0,13.216216216216216,12.555555555555555,16.6,10.6,66.0,0,3,126.0,0,4,37,24
2012,20,petrov,Vitaly Petrov,caterham,Caterham,19.0,19,17.0,14.421052631578947,14.526315789473685,16.6,20.6,0.0,0,0,0.0,0,0,57,11
2012,20,pic,Charles Pic,marussia,Marussia,22.0,22,20.0,18.736842105263158,21.842105263157894,19.2,21.4,0.0,0,0,0.0,0,0,19,12
2012,20,raikkonen,Kimi Räikkönen,lotus_f1,Lotus F1,9.0,8,6.0,5.2105263157894735,7.578947368421052,5.0,6.0,206.0,1,7,302.0,1,10,19,10
2012,20,resta,Paul di Resta,force_india,Force India,11.0,10,15.0,11.157894736842104,11.710526315789474,12.0,13.6,46.0,0,0,109.0,0,0,38,19
2012,20,ricciardo,Daniel Ricciardo,toro_rosso,Toro Rosso,16.0,15,12.0,14.833333333333334,17.733333333333334,10.8,16.4,10.0,0,0,22.0,0,0,30,13
2012,20,rosa,Pedro de la Rosa,hrt,HRT,24.0,24,21.0,18.272727272727273,18.848484848484848,20.0,22.4,0.0,0,0,0.0,0,0,33,17
2012,20,rosberg,Nico Rosberg,mercedes,Mercedes,10.0,9,13.0,9.31578947368421,8.105263157894736,18.8,11.8,93.0,1,2,142.0,1,3,57,15
2012,20,vergne,Jean-Éric Vergne,toro_rosso,Toro Rosso,17.0,17,24.0,14.68421052631579,16.736842105263158,14.4,16.8,12.0,0,0,22.0,0,0,19,8
2012,20,vettel,Sebastian Vettel,red_bull,Red Bull,4.0,4,2.0,4.649122807017544,2.508771929824561,1.6,1.6,273.0,5,10,440.0,7,14,57,6
2012,20,webber,Mark Webber,red_bull,Red Bull,3.0,3,23.0,6.052631578947368,4.0,11.4,2.0,167.0,2,4,448.0,7,14,57,4
2013,1,alonso,Fernando Alonso,ferrari,Ferrari,5.0,5,2.0,5.017241379310345,5.706896551724138,2.4,6.6,0.0,0,0,0.0,0,0,58,2
2013,1,bottas,Valtteri Bottas,williams,Williams,16.0,16,20.0,20.0,20.0,20.0,20.0,0.0,0,0,0.0,0,0,0,14
2013,1,button,Jenson Button,mclaren,McLaren,10.0,10,1.0,6.655172413793103,6.017241379310345,7.8,7.0,0.0,0,0,0.0,0,0,58,9
2013,1,chilton,Max Chilton,marussia,Marussia,20.0,20,20.0,20.0,20.0,20.0,20.0,0.0,0,0,0.0,0,0,0,17
2013,1,garde,Giedo van der Garde,caterham,Caterham,21.0,21,20.0,20.0,20.0,20.0,20.0,0.0,0,0,0.0,0,0,0,18
2013,1,grosjean,Romain Grosjean,lotus_f1,Lotus F1,8.0,8,21.0,12.842105263157896,7.684210526315789,12.6,10.0,0.0,0,0,0.0,0,0,19,10
2013,1,gutierrez,Esteban Gutiérrez,sauber,Sauber,18.0,18,20.0,20.0,20.0,20.0,20.0,0.0,0,0,0.0,0,0,0,13
2013,1,hamilton,Lewis Hamilton,mercedes,Mercedes,3.0,3,20.0,7.620689655172414,3.7413793103448274,11.2,2.0,0.0,0,0,0.0,0,0,58,5
2013,1,hulkenberg,Nico Hülkenberg,sauber,Sauber,11.0,11,5.0,12.538461538461538,10.81578947368421,10.2,9.2,0.0,0,0,0.0,0,0,39,22
2013,1,jules_bianchi,Jules Bianchi,marussia,Marussia,19.0,19,20.0,20.0,20.0,20.0,20.0,0.0,0,0,0.0,0,0,0,15
2013,1,maldonado,Pastor Maldonado,williams,Williams,17.0,17,22.0,15.461538461538462,11.384615384615385,13.2,8.8,0.0,0,0,0.0,0,0,39,21
2013,1,massa,Felipe Massa,ferrari,Ferrari,4.0,4,3.0,8.327586206896552,7.844827586206897,4.8,6.6,0.0,0,0,18.0,0,1,58,4
2013,1,perez,Sergio Pérez,mclaren,McLaren,15.0,15,24.0,13.5,12.567567567567568,17.0,12.0,0.0,0,0,2.0,0,0,38,11
2013,1,pic,Charles Pic,caterham,Caterham,22.0,22,12.0,18.4,21.85,17.6,21.4,0.0,0,0,0.0,0,0,20,16
2013,1,raikkonen,Kimi Räikkönen,lotus_f1,Lotus F1,7.0,7,10.0,5.45,7.65,5.8,6.2,0.0,0,0,1.0,0,0,20,1
2013,1,resta,Paul di Resta,force_india,Force India,9.0,9,19.0,11.35897435897436,11.692307692307692,13.4,13.4,0.0,0,0,0.0,0,0,39,8
2013,1,ricciardo,Daniel Ricciardo,toro_rosso,Toro Rosso,14.0,14,13.0,14.774193548387096,17.677419354838708,11.4,16.4,0.0,0,0,0.0,0,0,31,19
2013,1,rosberg,Nico Rosberg,mercedes,Mercedes,6.0,6,15.0,9.413793103448276,8.137931034482758,17.0,10.8,0.0,0,0,10.0,0,0,58,20
2013,1,sutil,Adrian Sutil,force_india,Force India,12.0,12,6.0,11.342105263157896,11.68421052631579,9.0,9.2,0.0,0,0,4.0,0,0,38,7
2013,1,vergne,Jean-Éric Vergne,toro_rosso,Toro Rosso,13.0,13,8.0,14.35,16.75,13.4,16.8,0.0,0,0,0.0,0,0,20,12
2013,1,vettel,Sebastian Vettel,red_bull,Red Bull,1.0,1,6.0,4.672413793103448,2.5344827586206895,2.6,2.2,0.0,0,0,0.0,0,0,58,3
2013,1,webber,Mark Webber,red_bull,Red Bull,2.0,2,4.0,6.017241379310345,3.9827586206896552,10.4,2.2,0.0,0,0,15.0,0,1,58,6
2013,2,alonso,Fernando Alonso,ferrari,Ferrari,3.0,3,2.0,4.966101694915254,5.694915254237288,2.2,6.8,18.0,0,1,30.0,0,1,59,22
2013,2,bottas,Valtteri Bottas,williams,Williams,18.0,18,14.0,14.0,16.0,14.0,16.0,0.0,0,0,0.0,0,0,1,11
2013,2,button,Jenson Button,mclaren,McLaren,8.0,7,9.0,6.694915254237288,6.084745762711864,4.8,6.8,2.0,0,0,2.0,0,0,59,17
2013,2,chilton,Max Chilton,marussia,Marussia,21.0,21,17.0,17.0,20.0,17.0,20.0,0.0,0,0,0.0,0,0,1,16
2013,2,garde,Giedo van der Garde,caterham,Caterham,22.0,22,18.0,18.0,21.0,18.0,21.0,0.0,0,0,0.0,0,0,1,15
2013,2,grosjean,Romain Grosjean,lotus_f1,Lotus F1,11.0,11,10.0,12.7,7.7,13.2,10.2,1.0,0,0,26.0,1,1,20,6
2013,2,gutierrez,Esteban Gutiérrez,sauber,Sauber,14.0,14,13.0,13.0,18.0,13.0,18.0,0.0,0,0,0.0,0,0,1,12
2013,2,hamilton,Lewis Hamilton,mercedes,Mercedes,4.0,4,5.0,7.576271186440678,3.7288135593220337,10.2,2.0,10.0,0,0,10.0,0,0,59,3
2013,2,hulkenberg,Nico Hülkenberg,sauber,Sauber,12.0,12,22.0,12.775,10.820512820512821,13.4,9.8,0.0,0,0,0.0,0,0,40,8
2013,2,jules_bianchi,Jules Bianchi,marussia,Marussia,19.0,19,15.0,15.0,19.0,15.0,19.0,0.0,0,0,0.0,0,0,1,13
2013,2,maldonado,Pastor Maldonado,williams,Williams,16.0,16,21.0,15.6,11.525,14.6,9.2,0.0,0,0,0.0,0,0,40,19
2013,2,massa,Felipe Massa,ferrari,Ferrari,2.0,2,4.0,8.254237288135593,7.779661016949152,4.8,6.2,12.0,0,0,30.0,0,1,59,5
2013,2,perez,Sergio Pérez,mclaren,McLaren,10.0,9,11.0,13.435897435897436,12.631578947368421,17.0,12.6,0.0,0,0,2.0,0,0,39,9
2013,2,pic,Charles Pic,caterham,Caterham,20.0,20,16.0,18.285714285714285,21.857142857142858,17.0,21.6,0.0,0,0,0.0,0,0,21,14
2013,2,raikkonen,Kimi Räikkönen,lotus_f1,Lotus F1,7.0,10,1.0,5.238095238095238,7.619047619047619,5.0,6.6,25.0,1,1,34.0,1,1,21,7
2013,2,resta,Paul di Resta,force_india,Force India,15.0,15,8.0,11.275,11.625,12.6,12.4,4.0,0,0,10.0,0,0,40,21
2013,2,ricciardo,Daniel Ricciardo,toro_rosso,Toro Rosso,13.0,13,19.0,14.90625,17.5625,13.4,16.0,0.0,0,0,0.0,0,0,32,18
2013,2,rosberg,Nico Rosberg,mercedes,Mercedes,6.0,6,20.0,9.59322033898305,8.101694915254237,16.4,10.2,0.0,0,0,25.0,0,1,59,4
2013,2,sutil,Adrian Sutil,force_india,Force India,9.0,8,7.0,11.23076923076923,11.692307692307692,8.2,9.4,6.0,0,0,10.0,0,0,39,20
2013,2,vergne,Jean-Éric Vergne,toro_rosso,Toro Rosso,17.0,17,12.0,14.238095238095237,16.571428571428573,14.2,16.0,0.0,0,0,0.0,0,0,21,10
2013,2,vettel,Sebastian Vettel,red_bull,Red Bull,1.0,1,3.0,4.6440677966101696,2.5084745762711864,3.0,2.0,15.0,0,1,23.0,0,1,59,1
2013,2,webber,Mark Webber,red_bull,Red Bull,5.0,5,6.0,6.016949152542373,3.9491525423728815,11.2,2.4,8.0,0,0,48.0,1,2,59,2
2013,3,alonso,Fernando Alonso,ferrari,Ferrari,3.0,3,22.0,5.25,5.65,6.2,6.4,18.0,0,1,40.0,0,1,60,1
2013,3,bottas,Valtteri Bottas,williams,Williams,17.0,16,11.0,12.5,17.0,12.5,17.0,0.0,0,0,0.0,0,0,2,13
2013,3,button,Jenson Button,mclaren,McLaren,8.0,8,17.0,6.866666666666666,6.116666666666666,7.2,7.6,2.0,0,0,4.0,0,0,60,5
2013,3,chilton,Max Chilton,marussia,Marussia,20.0,19,16.0,16.5,20.5,16.5,20.5,0.0,0,0,0.0,0,0,2,17
2013,3,garde,Giedo van der Garde,caterham,Caterham,22.0,21,15.0,16.5,21.5,16.5,21.5,0.0,0,0,0.0,0,0,2,18
2013,3,grosjean,Romain Grosjean,lotus_f1,Lotus F1,6.0,6,6.0,12.380952380952381,7.857142857142857,12.6,10.2,9.0,0,0,40.0,1,1,21,9
2013,3,gutierrez,Esteban Gutiérrez,sauber,Sauber,18.0,17,12.0,12.5,16.0,12.5,16.0,0.0,0,0,4.0,0,0,2,22
2013,3,hamilton,Lewis Hamilton,mercedes,Mercedes,1.0,1,3.0,7.5,3.7333333333333334,10.0,2.2,25.0,0,1,37.0,0,1,60,3
2013,3,hulkenberg,Nico Hülkenberg,sauber,Sauber,10.0,10,8.0,12.658536585365853,10.85,13.4,9.8,4.0,0,0,4.0,0,0,41,10
2013,3,jules_bianchi,Jules Bianchi,marussia,Marussia,19.0,18,13.0,14.0,19.0,14.0,19.0,0.0,0,0,0.0,0,0,2,15
2013,3,maldonado,Pastor Maldonado,williams,Williams,15.0,14,19.0,15.682926829268293,11.634146341463415,15.2,10.6,0.0,0,0,0.0,0,0,41,14
2013,3,massa,Felipe Massa,ferrari,Ferrari,5.0,5,5.0,8.2,7.683333333333334,4.6,5.4,22.0,0,0,65.0,1,2,60,6
2013,3,perez,Sergio Pérez,mclaren,McLaren,12.0,12,9.0,13.325,12.564102564102564,14.0,13.0,2.0,0,0,14.0,0,0,40,11
2013,3,pic,Charles Pic,caterham,Caterham,21.0,20,14.0,18.09090909090909,21.772727272727273,16.0,20.8,0.0,0,0,0.0,0,0,22,16
2013,3,raikkonen,Kimi Räikkönen,lotus_f1,Lotus F1,2.0,2,7.0,5.318181818181818,7.590909090909091,5.0,6.6,31.0,1,1,42.0,1,1,22,2
2013,3,resta,Paul di Resta,force_india,Force India,11.0,11,21.0,11.512195121951219,11.707317073170731,14.4,12.2,4.0,0,0,10.0,0,0,41,8
2013,3,ricciardo,Daniel Ricciardo,toro_rosso,Toro Rosso,7.0,7,18.0,15.0,17.424242424242426,14.4,15.6,0.0,0,0,1.0,0,0,33,7
2013,3,rosberg,Nico Rosberg,mercedes,Mercedes,4.0,4,4.0,9.5,8.066666666666666,15.0,9.4,12.0,0,0,52.0,0,2,60,19
2013,3,sutil,Adrian Sutil,force_india,Force India,13.0,13,20.0,11.45,11.625,10.0,9.2,6.0,0,0,14.0,0,0,40,21
2013,3,vergne,Jean-Éric Vergne,toro_rosso,Toro Rosso,16.0,15,10.0,14.045454545454545,16.59090909090909,13.2,15.8,1.0,0,0,7.0,0,0,22,12
2013,3,vettel,Sebastian Vettel,red_bull,Red Bull,9.0,9,1.0,4.583333333333333,2.4833333333333334,3.0,2.0,40.0,1,2,66.0,1,3,60,4
2013,3,webber,Mark Webber,red_bull,Red Bull,14.0,22,2.0,5.95,3.966666666666667,11.0,3.0,26.0,0,1,78.0,1,3,60,20
2013,4,alonso,Fernando Alonso,ferrari,Ferrari,3.0,3,1.0,5.180327868852459,5.60655737704918,6.0,5.6,43.0,1,2,73.0,1,2,61,8
2013,4,bottas,Valtteri Bottas,williams,Williams,15.0,15,13.0,12.666666666666666,17.0,12.666666666666666,17.0,0.0,0,0,0.0,0,0,3,14
2013,4,button,Jenson Button,mclaren,McLaren,10.0,10,5.0,6.836065573770492,6.147540983606557,7.4,8.0,12.0,0,0,14.0,0,0,61,10
2013,4,chilton,Max Chilton,marussia,Marussia,22.0,21,17.0,16.666666666666668,20.333333333333332,16.666666666666668,20.333333333333332,0.0,0,0,0.0,0,0,3,20
2013,4,garde,Giedo van der Garde,caterham,Caterham,21.0,20,18.0,17.0,21.666666666666668,17.0,21.666666666666668,0.0,0,0,0.0,0,0,3,21
2013,4,grosjean,Romain Grosjean,lotus_f1,Lotus F1,11.0,11,9.0,12.227272727272727,7.7727272727272725,10.6,9.4,11.0,0,0,60.0,1,2,22,3
2013,4,gutierrez,Esteban Gutiérrez,sauber,Sauber,18.0,22,22.0,15.666666666666666,16.666666666666668,15.666666666666666,16.666666666666668,0.0,0,0,5.0,0,0,3,18
2013,4,hamilton,Lewis Hamilton,mercedes,Mercedes,4.0,9,3.0,7.426229508196721,3.6885245901639343,6.4,2.2,40.0,0,2,52.0,0,2,61,5
2013,4,hulkenberg,Nico Hülkenberg,sauber,Sauber,14.0,14,10.0,12.595238095238095,10.829268292682928,10.6,9.6,5.0,0,0,5.0,0,0,42,12
2013,4,jules_bianchi,Jules Bianchi,marussia,Marussia,20.0,19,15.0,14.333333333333334,19.0,14.333333333333334,19.0,0.0,0,0,0.0,0,0,3,19
2013,4,maldonado,Pastor Maldonado,williams,Williams,17.0,17,14.0,15.642857142857142,11.714285714285714,17.0,12.8,0.0,0,0,0.0,0,0,42,11
2013,4,massa,Felipe Massa,ferrari,Ferrari,6.0,4,6.0,8.163934426229508,7.639344262295082,4.4,4.6,30.0,0,0,77.0,1,2,61,15
2013,4,perez,Sergio Pérez,mclaren,McLaren,12.0,12,11.0,13.268292682926829,12.55,13.2,13.0,2.0,0,0,15.0,0,0,41,6
2013,4,pic,Charles Pic,caterham,Caterham,19.0,18,16.0,18.0,21.73913043478261,15.6,21.0,0.0,0,0,0.0,0,0,23,17
2013,4,raikkonen,Kimi Räikkönen,lotus_f1,Lotus F1,9.0,8,2.0,5.173913043478261,7.3478260869565215,5.2,6.0,49.0,1,2,75.0,1,3,23,2
2013,4,resta,Paul di Resta,force_india,Force India,7.0,5,8.0,11.428571428571429,11.69047619047619,14.2,11.8,8.0,0,0,14.0,0,0,42,4
2013,4,ricciardo,Daniel Ricciardo,toro_rosso,Toro Rosso,13.0,13,7.0,14.764705882352942,17.11764705882353,13.8,13.6,6.0,0,0,7.0,0,0,34,16
2013,4,rosberg,Nico Rosberg,mercedes,Mercedes,1.0,1,19.0,9.655737704918034,8.0,14.2,8.6,12.0,0,0,62.0,0,2,61,9
2013,4,sutil,Adrian Sutil,force_india,Force India,8.0,6,21.0,11.682926829268293,11.658536585365853,12.4,10.2,6.0,0,0,26.0,0,0,41,13
2013,4,vergne,Jean-Éric Vergne,toro_rosso,Toro Rosso,16.0,16,12.0,13.956521739130435,16.565217391304348,13.2,15.4,1.0,0,0,7.0,0,0,23,22
2013,4,vettel,Sebastian Vettel,red_bull,Red Bull,2.0,2,4.0,4.573770491803279,2.5901639344262297,3.2,3.2,52.0,1,2,78.0,1,3,61,1
2013,4,webber,Mark Webber,red_bull,Red Bull,5.0,7,20.0,6.180327868852459,4.131147540983607,11.0,5.4,26.0,0,1,103.0,2,4,61,7
2013,5,alonso,Fernando Alonso,ferrari,Ferrari,5.0,5,8.0,5.225806451612903,5.564516129032258,7.0,4.4,47.0,1,2,77.0,1,2,62,1
2013,5,bottas,Valtteri Bottas,williams,Williams,17.0,16,14.0,13.0,16.5,13.0,16.5,0.0,0,0,0.0,0,0,4,16
2013,5,button,Jenson Button,mclaren,McLaren,14.0,14,10.0,6.887096774193548,6.209677419354839,8.4,7.6,13.0,0,0,23.0,0,0,62,8
2013,5,chilton,Max Chilton,marussia,Marussia,21.0,21,20.0,17.5,20.75,17.5,20.75,0.0,0,0,0.0,0,0,4,19
2013,5,garde,Giedo van der Garde,caterham,Caterham,19.0,18,21.0,18.0,21.5,18.0,21.5,0.0,0,0,0.0,0,0,4,21
2013,5,grosjean,Romain Grosjean,lotus_f1,Lotus F1,7.0,6,3.0,11.826086956521738,7.913043478260869,9.8,10.8,26.0,0,1,93.0,1,4,23,22
2013,5,gutierrez,Esteban Gutiérrez,sauber,Sauber,16.0,19,18.0,16.25,17.0,16.25,17.0,0.0,0,0,5.0,0,0,4,11
2013,5,hamilton,Lewis Hamilton,mercedes,Mercedes,2.0,2,5.0,7.387096774193548,3.693548387096774,7.2,2.6,50.0,0,2,64.0,0,2,62,12
2013,5,hulkenberg,Nico Hülkenberg,sauber,Sauber,15.0,15,12.0,12.581395348837209,10.904761904761905,11.4,10.8,5.0,0,0,5.0,0,0,43,15
2013,5,jules_bianchi,Jules Bianchi,marussia,Marussia,20.0,20,19.0,15.5,19.25,15.5,19.25,0.0,0,0,0.0,0,0,4,18
2013,5,maldonado,Pastor Maldonado,williams,Williams,18.0,17,11.0,15.534883720930232,11.837209302325581,17.4,14.2,0.0,0,0,0.0,0,0,43,14
2013,5,massa,Felipe Massa,ferrari,Ferrari,6.0,9,15.0,8.274193548387096,7.612903225806452,6.6,4.4,30.0,0,0,102.0,2,3,62,3
2013,5,perez,Sergio Pérez,mclaren,McLaren,9.0,8,6.0,13.095238095238095,12.536585365853659,12.2,12.4,10.0,0,0,27.0,0,0,42,9
2013,5,pic,Charles Pic,caterham,Caterham,22.0,22,17.0,17.958333333333332,21.625,15.0,20.8,0.0,0,0,0.0,0,0,24,17
2013,5,raikkonen,Kimi Räikkönen,lotus_f1,Lotus F1,4.0,4,2.0,5.041666666666667,7.416666666666667,4.4,6.8,67.0,1,3,93.0,1,4,24,2
2013,5,resta,Paul di Resta,force_india,Force India,10.0,10,4.0,11.255813953488373,11.581395348837209,12.0,10.6,20.0,0,0,26.0,0,0,43,7
2013,5,ricciardo,Daniel Ricciardo,toro_rosso,Toro Rosso,11.0,11,16.0,14.8,17.0,14.6,12.6,6.0,0,0,7.0,0,0,35,10
2013,5,rosberg,Nico Rosberg,mercedes,Mercedes,1.0,1,9.0,9.64516129032258,7.887096774193548,13.4,5.4,14.0,0,0,64.0,0,2,62,6
2013,5,sutil,Adrian Sutil,force_india,Force India,13.0,13,13.0,11.714285714285714,11.571428571428571,13.4,10.0,6.0,0,0,32.0,0,0,42,13
2013,5,vergne,Jean-Éric Vergne,toro_rosso,Toro Rosso,12.0,12,22.0,14.291666666666666,16.541666666666668,12.8,15.8,1.0,0,0,8.0,0,0,24,20
2013,5,vettel,Sebastian Vettel,red_bull,Red Bull,3.0,3,1.0,4.516129032258065,2.5806451612903225,3.0,3.4,77.0,2,3,109.0,2,4,62,4
2013,5,webber,Mark Webber,red_bull,Red Bull,8.0,7,7.0,6.193548387096774,4.145161290322581,7.8,5.8,32.0,0,1,121.0,2,4,62,5
2013,6,alonso,Fernando Alonso,ferrari,Ferrari,6.0,6,1.0,5.158730158730159,5.555555555555555,6.8,3.8,72.0,2,3,117.0,2,4,63,7
2013,6,bottas,Valtteri Bottas,williams,Williams,14.0,14,16.0,13.6,16.6,13.6,16.6,0.0,0,0,0.0,0,0,5,12
2013,6,button,Jenson Button,mclaren,McLaren,9.0,9,8.0,6.904761904761905,6.333333333333333,9.8,10.0,17.0,0,0,29.0,0,0,63,6
2013,6,chilton,Max Chilton,marussia,Marussia,20.0,22,19.0,17.8,20.8,17.8,20.8,0.0,0,0,0.0,0,0,5,14
2013,6,garde,Giedo van der Garde,caterham,Caterham,15.0,15,21.0,18.6,21.0,18.6,21.0,0.0,0,0,0.0,0,0,5,15
2013,6,grosjean,Romain Grosjean,lotus_f1,Lotus F1,13.0,13,22.0,12.25,7.875,10.0,8.6,26.0,0,1,111.0,1,5,24,17
2013,6,gutierrez,Esteban Gutiérrez,sauber,Sauber,19.0,19,11.0,15.2,16.8,15.2,16.8,0.0,0,0,5.0,0,0,5,13
2013,6,hamilton,Lewis Hamilton,mercedes,Mercedes,2.0,2,12.0,7.4603174603174605,3.6666666666666665,5.6,2.8,50.0,0,2,72.0,0,2,63,4
2013,6,hulkenberg,Nico Hülkenberg,sauber,Sauber,11.0,11,15.0,12.636363636363637,11.0,13.4,12.4,5.0,0,0,5.0,0,0,44,11
2013,6,jules_bianchi,Jules Bianchi,marussia,Marussia,21.0,20,18.0,16.0,19.4,16.0,19.4,0.0,0,0,0.0,0,0,5,19
2013,6,maldonado,Pastor Maldonado,williams,Williams,16.0,16,14.0,15.5,11.977272727272727,15.8,16.6,0.0,0,0,0.0,0,0,44,20
2013,6,massa,Felipe Massa,ferrari,Ferrari,22.0,21,3.0,8.19047619047619,7.587301587301587,6.6,4.6,45.0,0,1,123.0,2,4,63,21
2013,6,perez,Sergio Pérez,mclaren,McLaren,7.0,7,9.0,13.0,12.452380952380953,9.2,11.6,12.0,0,0,37.0,0,0,43,16
2013,6,pic,Charles Pic,caterham,Caterham,18.0,18,17.0,17.92,21.64,16.0,20.8,0.0,0,0,0.0,0,0,25,22
2013,6,raikkonen,Kimi Räikkönen,lotus_f1,Lotus F1,5.0,5,2.0,4.92,7.28,2.8,5.8,85.0,1,4,111.0,1,5,25,10
2013,6,resta,Paul di Resta,force_india,Force India,17.0,17,7.0,11.159090909090908,11.545454545454545,9.6,10.4,26.0,0,0,32.0,0,0,44,9
2013,6,ricciardo,Daniel Ricciardo,toro_rosso,Toro Rosso,12.0,12,10.0,14.666666666666666,16.833333333333332,14.0,11.6,7.0,0,0,8.0,0,0,36,18
2013,6,rosberg,Nico Rosberg,mercedes,Mercedes,1.0,1,6.0,9.587301587301587,7.777777777777778,11.6,3.6,22.0,0,0,84.0,0,2,63,1
2013,6,sutil,Adrian Sutil,force_india,Force India,8.0,8,13.0,11.744186046511627,11.604651162790697,14.8,11.0,6.0,0,0,34.0,0,0,43,5
2013,6,vergne,Jean-Éric Vergne,toro_rosso,Toro Rosso,10.0,10,20.0,14.52,16.36,15.2,14.8,1.0,0,0,8.0,0,0,25,8
2013,6,vettel,Sebastian Vettel,red_bull,Red Bull,3.0,3,4.0,4.507936507936508,2.5873015873015874,2.6,3.2,89.0,2,3,131.0,2,4,63,2
2013,6,webber,Mark Webber,red_bull,Red Bull,4.0,4,5.0,6.174603174603175,4.2063492063492065,8.0,6.8,42.0,0,1,149.0,2,5,63,3
2013,7,alonso,Fernando Alonso,ferrari,Ferrari,6.0,6,7.0,5.1875,5.5625,7.8,4.0,78.0,2,3,123.0,2,4,64,2
2013,7,bottas,Valtteri Bottas,williams,Williams,3.0,3,12.0,13.333333333333334,16.166666666666668,13.2,16.2,0.0,0,0,0.0,0,0,6,14
2013,7,button,Jenson Button,mclaren,McLaren,14.0,14,6.0,6.890625,6.375,9.2,9.8,25.0,0,0,37.0,0,0,64,12
2013,7,chilton,Max Chilton,marussia,Marussia,21.0,20,14.0,17.166666666666668,20.666666666666668,17.2,20.8,0.0,0,0,0.0,0,0,6,19
2013,7,garde,Giedo van der Garde,caterham,Caterham,22.0,21,15.0,18.0,20.0,18.0,19.8,0.0,0,0,0.0,0,0,6,22
2013,7,grosjean,Romain Grosjean,lotus_f1,Lotus F1,19.0,22,17.0,12.44,8.08,11.4,9.6,26.0,0,1,112.0,1,5,25,13
2013,7,gutierrez,Esteban Gutiérrez,sauber,Sauber,15.0,15,13.0,14.833333333333334,17.166666666666668,15.2,17.0,0.0,0,0,5.0,0,0,6,20
2013,7,hamilton,Lewis Hamilton,mercedes,Mercedes,2.0,2,4.0,7.40625,3.640625,5.4,2.6,62.0,0,2,109.0,1,3,64,3
2013,7,hulkenberg,Nico Hülkenberg,sauber,Sauber,11.0,9,11.0,12.6,11.0,11.2,12.4,5.0,0,0,5.0,0,0,45,21
2013,7,jules_bianchi,Jules Bianchi,marussia,Marussia,20.0,19,19.0,16.5,19.666666666666668,16.8,19.8,0.0,0,0,0.0,0,0,6,17
2013,7,maldonado,Pastor Maldonado,williams,Williams,13.0,13,20.0,15.6,12.066666666666666,15.6,16.4,0.0,0,0,0.0,0,0,45,16
2013,7,massa,Felipe Massa,ferrari,Ferrari,16.0,16,21.0,8.390625,7.8125,10.0,8.2,45.0,0,1,141.0,2,5,64,8
2013,7,perez,Sergio Pérez,mclaren,McLaren,12.0,12,16.0,13.068181818181818,12.325581395348838,10.2,10.0,12.0,0,0,37.0,0,0,44,11
2013,7,pic,Charles Pic,caterham,Caterham,18.0,18,22.0,18.076923076923077,21.5,17.2,20.0,0.0,0,0,0.0,0,0,26,18
2013,7,raikkonen,Kimi Räikkönen,lotus_f1,Lotus F1,9.0,10,10.0,5.115384615384615,7.1923076923076925,4.6,5.4,86.0,1,4,112.0,1,5,26,9
2013,7,resta,Paul di Resta,force_india,Force India,17.0,17,9.0,11.11111111111111,11.666666666666666,9.8,12.0,28.0,0,0,44.0,0,0,45,7
2013,7,ricciardo,Daniel Ricciardo,toro_rosso,Toro Rosso,10.0,11,18.0,14.756756756756756,16.7027027027027,13.8,11.2,7.0,0,0,12.0,0,0,37,15
2013,7,rosberg,Nico Rosberg,mercedes,Mercedes,4.0,4,1.0,9.453125,7.671875,7.8,2.6,47.0,1,1,124.0,1,4,64,5
2013,7,sutil,Adrian Sutil,force_india,Force India,8.0,8,5.0,11.590909090909092,11.522727272727273,14.4,10.2,16.0,0,0,50.0,0,0,44,10
2013,7,vergne,Jean-Éric Vergne,toro_rosso,Toro Rosso,7.0,7,8.0,14.26923076923077,16.115384615384617,14.4,14.2,5.0,0,0,12.0,0,0,26,6
2013,7,vettel,Sebastian Vettel,red_bull,Red Bull,1.0,1,2.0,4.46875,2.59375,2.4,3.6,107.0,2,4,164.0,2,6,64,1
2013,7,webber,Mark Webber,red_bull,Red Bull,5.0,5,3.0,6.125,4.203125,7.4,7.2,57.0,0,2,189.0,3,7,64,4
2013,8,alonso,Fernando Alonso,ferrari,Ferrari,10.0,9,2.0,5.138461538461539,5.569230769230769,3.8,4.6,96.0,2,4,145.0,2,5,65,3
2013,8,bottas,Valtteri Bottas,williams,Williams,17.0,16,14.0,13.428571428571429,14.285714285714286,13.8,13.2,0.0,0,0,0.0,0,0,7,12
2013,8,button,Jenson Button,mclaren,McLaren,11.0,10,12.0,6.969230769230769,6.492307692307692,8.2,11.0,25.0,0,0,37.0,0,0,65,13
2013,8,chilton,Max Chilton,marussia,Marussia,22.0,20,19.0,17.428571428571427,20.714285714285715,17.8,20.8,0.0,0,0,0.0,0,0,7,17
2013,8,garde,Giedo van der Garde,caterham,Caterham,21.0,22,22.0,18.571428571428573,20.285714285714285,19.4,19.8,0.0,0,0,0.0,0,0,7,18
2013,8,grosjean,Romain Grosjean,lotus_f1,Lotus F1,8.0,7,13.0,12.461538461538462,8.5,12.8,11.2,26.0,0,1,114.0,1,5,26,19
2013,8,gutierrez,Esteban Gutiérrez,sauber,Sauber,18.0,17,20.0,15.571428571428571,16.857142857142858,16.8,17.2,0.0,0,0,5.0,0,0,7,14
2013,8,hamilton,Lewis Hamilton,mercedes,Mercedes,1.0,1,3.0,7.338461538461538,3.6153846153846154,5.4,2.2,77.0,0,3,134.0,1,4,65,4
2013,8,hulkenberg,Nico Hülkenberg,sauber,Sauber,15.0,14,21.0,12.782608695652174,11.0,13.8,12.2,5.0,0,0,5.0,0,0,46,10
2013,8,jules_bianchi,Jules Bianchi,marussia,Marussia,20.0,19,17.0,16.571428571428573,19.714285714285715,17.6,20.0,0.0,0,0,0.0,0,0,7,16
2013,8,maldonado,Pastor Maldonado,williams,Williams,16.0,15,16.0,15.608695652173912,12.08695652173913,15.0,15.8,0.0,0,0,0.0,0,0,46,11
2013,8,massa,Felipe Massa,ferrari,Ferrari,12.0,11,8.0,8.384615384615385,7.938461538461539,10.6,11.0,49.0,0,1,160.0,2,6,65,6
2013,8,perez,Sergio Pérez,mclaren,McLaren,14.0,13,11.0,13.022222222222222,12.318181818181818,10.6,10.4,12.0,0,0,37.0,0,0,45,20
2013,8,pic,Charles Pic,caterham,Caterham,19.0,18,18.0,18.074074074074073,21.37037037037037,18.0,19.6,0.0,0,0,0.0,0,0,27,15
2013,8,raikkonen,Kimi Räikkönen,lotus_f1,Lotus F1,9.0,8,9.0,5.2592592592592595,7.2592592592592595,5.0,5.8,88.0,1,4,114.0,1,5,27,5
2013,8,resta,Paul di Resta,force_india,Force India,5.0,21,7.0,11.021739130434783,11.782608695652174,7.0,12.4,34.0,0,0,51.0,0,0,46,9
2013,8,ricciardo,Daniel Ricciardo,toro_rosso,Toro Rosso,6.0,5,15.0,14.763157894736842,16.526315789473685,13.2,10.6,7.0,0,0,20.0,0,0,38,8
2013,8,rosberg,Nico Rosberg,mercedes,Mercedes,2.0,2,5.0,9.384615384615385,7.615384615384615,8.0,2.2,57.0,1,1,146.0,1,4,65,1
2013,8,sutil,Adrian Sutil,force_india,Force India,7.0,6,10.0,11.555555555555555,11.444444444444445,12.4,10.0,17.0,0,0,53.0,0,0,45,7
2013,8,vergne,Jean-Éric Vergne,toro_rosso,Toro Rosso,13.0,12,6.0,13.962962962962964,15.777777777777779,13.6,12.2,13.0,0,0,24.0,0,0,27,22
2013,8,vettel,Sebastian Vettel,red_bull,Red Bull,3.0,3,1.0,4.415384615384616,2.5692307692307694,2.4,3.6,132.0,3,5,201.0,3,7,65,21
2013,8,webber,Mark Webber,red_bull,Red Bull,4.0,4,4.0,6.092307692307692,4.2153846153846155,7.8,7.2,69.0,0,2,201.0,3,7,65,2
2013,9,alonso,Fernando Alonso,ferrari,Ferrari,8.0,8,3.0,5.106060606060606,5.636363636363637,4.2,6.0,111.0,2,5,168.0,2,6,66,4
2013,9,bottas,Valtteri Bottas,williams,Williams,17.0,17,12.0,13.25,14.625,13.6,13.2,0.0,0,0,0.0,0,0,8,16
2013,9,button,Jenson Button,mclaren,McLaren,9.0,9,13.0,7.0606060606060606,6.5606060606060606,9.8,11.6,25.0,0,0,37.0,0,0,66,6
2013,9,chilton,Max Chilton,marussia,Marussia,22.0,21,17.0,17.375,20.875,17.8,21.2,0.0,0,0,0.0,0,0,8,19
2013,9,garde,Giedo van der Garde,caterham,Caterham,21.0,20,18.0,18.5,20.375,19.4,19.6,0.0,0,0,0.0,0,0,8,18
2013,9,grosjean,Romain Grosjean,lotus_f1,Lotus F1,5.0,5,19.0,12.703703703703704,8.481481481481481,14.8,11.6,26.0,0,1,124.0,1,5,27,3
2013,9,gutierrez,Esteban Gutiérrez,sauber,Sauber,14.0,14,14.0,15.375,17.0,15.2,17.2,0.0,0,0,6.0,0,0,8,14
2013,9,hamilton,Lewis Hamilton,mercedes,Mercedes,1.0,1,4.0,7.287878787878788,3.5757575757575757,5.6,2.2,89.0,0,3,171.0,2,5,66,5
2013,9,hulkenberg,Nico Hülkenberg,sauber,Sauber,10.0,10,10.0,12.72340425531915,11.08695652173913,13.8,13.2,6.0,0,0,6.0,0,0,47,10
2013,9,jules_bianchi,Jules Bianchi,marussia,Marussia,20.0,19,16.0,16.5,19.75,17.8,20.2,0.0,0,0,0.0,0,0,8,21
2013,9,maldonado,Pastor Maldonado,williams,Williams,18.0,18,11.0,15.51063829787234,12.170212765957446,14.4,16.0,0.0,0,0,0.0,0,0,47,15
2013,9,massa,Felipe Massa,ferrari,Ferrari,7.0,7,6.0,8.348484848484848,8.0,10.6,12.4,57.0,0,1,180.0,2,6,66,22
2013,9,perez,Sergio Pérez,mclaren,McLaren,13.0,13,20.0,13.173913043478262,12.355555555555556,12.4,10.8,12.0,0,0,45.0,0,0,46,8
2013,9,pic,Charles Pic,caterham,Caterham,19.0,22,15.0,17.964285714285715,21.285714285714285,17.8,19.2,0.0,0,0,0.0,0,0,28,17
2013,9,raikkonen,Kimi Räikkönen,lotus_f1,Lotus F1,4.0,4,5.0,5.25,7.321428571428571,5.6,7.2,98.0,1,4,139.0,1,6,28,2
2013,9,resta,Paul di Resta,force_india,Force India,12.0,12,9.0,10.97872340425532,11.638297872340425,7.2,11.2,36.0,0,0,59.0,0,0,47,11
2013,9,ricciardo,Daniel Ricciardo,toro_rosso,Toro Rosso,6.0,6,8.0,14.58974358974359,16.256410256410255,13.4,10.4,11.0,0,0,24.0,0,0,39,12
2013,9,rosberg,Nico Rosberg,mercedes,Mercedes,11.0,11,1.0,9.257575757575758,7.53030303030303,4.4,1.8,82.0,2,2,181.0,2,5,66,9
2013,9,sutil,Adrian Sutil,force_india,Force India,15.0,15,7.0,11.456521739130435,11.347826086956522,9.6,8.8,23.0,0,0,59.0,0,0,46,13
2013,9,vergne,Jean-Éric Vergne,toro_rosso,Toro Rosso,16.0,16,22.0,14.25,15.678571428571429,15.6,11.6,13.0,0,0,24.0,0,0,28,20
2013,9,vettel,Sebastian Vettel,red_bull,Red Bull,2.0,2,21.0,4.666666666666667,2.5757575757575757,5.8,2.4,132.0,3,5,219.0,3,8,66,1
2013,9,webber,Mark Webber,red_bull,Red Bull,3.0,3,2.0,6.03030303030303,4.212121212121212,4.2,5.2,87.0,0,3,244.0,4,9,66,7
2013,10,alonso,Fernando Alonso,ferrari,Ferrari,5.0,5,4.0,5.08955223880597,5.6716417910447765,3.4,7.0,123.0,2,5,180.0,2,6,67,5
2013,10,bottas,Valtteri Bottas,williams,Williams,16.0,16,16.0,13.555555555555555,14.88888888888889,14.0,13.6,0.0,0,0,0.0,0,0,9,20
2013,10,button,Jenson Button,mclaren,McLaren,13.0,13,6.0,7.044776119402985,6.597014925373134,9.0,11.4,33.0,0,0,49.0,0,0,67,7
2013,10,chilton,Max Chilton,marussia,Marussia,22.0,22,19.0,17.555555555555557,21.0,17.6,21.2,0.0,0,0,0.0,0,0,9,17
2013,10,garde,Giedo van der Garde,caterham,Caterham,20.0,20,18.0,18.444444444444443,20.444444444444443,18.8,19.6,0.0,0,0,0.0,0,0,9,14
2013,10,grosjean,Romain Grosjean,lotus_f1,Lotus F1,3.0,3,3.0,12.357142857142858,8.357142857142858,14.8,10.4,41.0,0,2,157.0,1,7,28,6
2013,10,gutierrez,Esteban Gutiérrez,sauber,Sauber,17.0,17,14.0,15.222222222222221,16.666666666666668,14.4,16.4,0.0,0,0,7.0,0,0,9,21
2013,10,hamilton,Lewis Hamilton,mercedes,Mercedes,1.0,1,5.0,7.253731343283582,3.537313432835821,5.6,1.6,99.0,0,3,183.0,2,5,67,1
2013,10,hulkenberg,Nico Hülkenberg,sauber,Sauber,12.0,12,10.0,12.666666666666666,11.063829787234043,13.4,12.4,7.0,0,0,7.0,0,0,48,11
2013,10,jules_bianchi,Jules Bianchi,marussia,Marussia,21.0,21,21.0,17.0,19.77777777777778,18.2,20.2,0.0,0,0,0.0,0,0,9,16
2013,10,maldonado,Pastor Maldonado,williams,Williams,15.0,15,15.0,15.5,12.291666666666666,15.2,16.2,0.0,0,0,0.0,0,0,48,10
2013,10,massa,Felipe Massa,ferrari,Ferrari,7.0,7,22.0,8.552238805970148,7.985074626865671,12.0,12.6,57.0,0,1,190.0,2,6,67,8
2013,10,perez,Sergio Pérez,mclaren,McLaren,9.0,9,8.0,13.063829787234043,12.369565217391305,12.8,11.0,16.0,0,0,55.0,0,0,47,9
2013,10,pic,Charles Pic,caterham,Caterham,19.0,19,17.0,17.93103448275862,21.20689655172414,17.8,19.2,0.0,0,0,0.0,0,0,29,15
2013,10,raikkonen,Kimi Räikkönen,lotus_f1,Lotus F1,6.0,6,2.0,5.137931034482759,7.206896551724138,5.6,6.2,116.0,1,5,165.0,1,7,29,2
2013,10,resta,Paul di Resta,force_india,Force India,18.0,18,11.0,10.979166666666666,11.645833333333334,8.6,12.2,36.0,0,0,59.0,0,0,48,18
2013,10,ricciardo,Daniel Ricciardo,toro_rosso,Toro Rosso,8.0,8,12.0,14.525,16.0,12.6,9.0,11.0,0,0,24.0,0,0,40,13
2013,10,rosberg,Nico Rosberg,mercedes,Mercedes,4.0,4,9.0,9.253731343283581,7.582089552238806,4.4,3.8,84.0,2,2,208.0,3,6,67,19
2013,10,sutil,Adrian Sutil,force_india,Force India,11.0,11,13.0,11.48936170212766,11.425531914893616,9.6,10.2,23.0,0,0,59.0,0,0,47,22
2013,10,vergne,Jean-Éric Vergne,toro_rosso,Toro Rosso,14.0,14,20.0,14.448275862068966,15.689655172413794,15.2,11.6,13.0,0,0,24.0,0,0,29,12
2013,10,vettel,Sebastian Vettel,red_bull,Red Bull,2.0,2,1.0,4.611940298507463,2.5671641791044775,5.8,2.4,157.0,4,6,250.0,4,9,67,3
2013,10,webber,Mark Webber,red_bull,Red Bull,10.0,10,7.0,6.044776119402985,4.1940298507462686,4.2,4.8,93.0,0,3,265.0,4,10,67,4
2013,11,alonso,Fernando Alonso,ferrari,Ferrari,9.0,9,5.0,5.088235294117647,5.661764705882353,4.2,7.0,133.0,2,5,194.0,2,6,68,2
2013,11,bottas,Valtteri Bottas,williams,Williams,20.0,20,20.0,14.2,15.0,14.8,13.4,0.0,0,0,1.0,0,0,10,15
2013,11,button,Jenson Button,mclaren,McLaren,6.0,6,7.0,7.044117647058823,6.6911764705882355,8.8,11.2,39.0,0,0,57.0,0,0,68,6
2013,11,chilton,Max Chilton,marussia,Marussia,16.0,16,17.0,17.5,21.1,17.2,21.4,0.0,0,0,0.0,0,0,10,19
2013,11,garde,Giedo van der Garde,caterham,Caterham,14.0,14,14.0,18.0,20.4,17.4,19.8,0.0,0,0,0.0,0,0,10,16
2013,11,grosjean,Romain Grosjean,lotus_f1,Lotus F1,7.0,7,6.0,12.137931034482758,8.172413793103448,11.6,9.6,49.0,0,2,183.0,1,8,29,8
2013,11,gutierrez,Esteban Gutiérrez,sauber,Sauber,21.0,21,21.0,15.8,16.7,16.4,16.6,0.0,0,0,7.0,0,0,10,14
2013,11,hamilton,Lewis Hamilton,mercedes,Mercedes,1.0,1,1.0,7.161764705882353,3.5,3.4,1.4,124.0,1,4,208.0,3,6,68,3
2013,11,hulkenberg,Nico Hülkenberg,sauber,Sauber,11.0,11,11.0,12.63265306122449,11.083333333333334,12.6,11.8,7.0,0,0,7.0,0,0,49,13
2013,11,jules_bianchi,Jules Bianchi,marussia,Marussia,15.0,15,16.0,16.9,19.9,17.8,20.4,0.0,0,0,0.0,0,0,10,18
2013,11,maldonado,Pastor Maldonado,williams,Williams,17.0,17,10.0,15.387755102040817,12.346938775510203,14.4,15.6,1.0,0,0,1.0,0,0,49,17
2013,11,massa,Felipe Massa,ferrari,Ferrari,10.0,10,8.0,8.544117647058824,7.970588235294118,13.0,12.8,61.0,0,1,212.0,2,7,68,7
2013,11,perez,Sergio Pérez,mclaren,McLaren,13.0,13,9.0,12.979166666666666,12.297872340425531,12.8,11.0,18.0,0,0,65.0,0,0,48,11
2013,11,pic,Charles Pic,caterham,Caterham,22.0,22,15.0,17.833333333333332,21.133333333333333,17.4,18.6,0.0,0,0,0.0,0,0,30,22
2013,11,raikkonen,Kimi Räikkönen,lotus_f1,Lotus F1,8.0,8,2.0,5.033333333333333,7.166666666666667,5.6,6.6,134.0,1,6,187.0,1,8,30,21
2013,11,resta,Paul di Resta,force_india,Force India,5.0,5,18.0,11.122448979591837,11.775510204081632,10.8,13.8,36.0,0,0,59.0,0,0,49,20
2013,11,ricciardo,Daniel Ricciardo,toro_rosso,Toro Rosso,19.0,19,13.0,14.487804878048781,15.804878048780488,13.2,8.4,11.0,0,0,24.0,0,0,41,10
2013,11,rosberg,Nico Rosberg,mercedes,Mercedes,4.0,4,19.0,9.397058823529411,7.529411764705882,7.0,4.4,84.0,2,2,223.0,3,7,68,4
2013,11,sutil,Adrian Sutil,force_india,Force India,12.0,12,22.0,11.708333333333334,11.416666666666666,11.4,9.8,23.0,0,0,59.0,0,0,48,9
2013,11,vergne,Jean-Éric Vergne,toro_rosso,Toro Rosso,18.0,18,12.0,14.366666666666667,15.633333333333333,13.6,12.0,13.0,0,0,25.0,0,0,30,12
2013,11,vettel,Sebastian Vettel,red_bull,Red Bull,2.0,2,3.0,4.588235294117647,2.5588235294117645,5.6,2.2,172.0,4,7,277.0,4,10,68,1
2013,11,webber,Mark Webber,red_bull,Red Bull,3.0,3,4.0,6.014705882352941,4.279411764705882,4.0,5.2,105.0,0,3,302.0,5,11,68,5
2013,12,alonso,Fernando Alonso,ferrari,Ferrari,5.0,5,2.0,5.043478260869565,5.7101449275362315,3.2,7.6,151.0,2,6,218.0,2,7,69,2
2013,12,bottas,Valtteri Bottas,williams,Williams,18.0,18,15.0,14.272727272727273,15.454545454545455,15.4,14.6,0.0,0,0,1.0,0,0,11,15
2013,12,button,Jenson Button,mclaren,McLaren,9.0,9,6.0,7.028985507246377,6.681159420289855,8.8,10.6,47.0,0,0,65.0,0,0,69,10
2013,12,chilton,Max Chilton,marussia,Marussia,22.0,22,19.0,17.636363636363637,20.636363636363637,18.2,20.6,0.0,0,0,0.0,0,0,11,20
2013,12,garde,Giedo van der Garde,caterham,Caterham,19.0,19,16.0,17.818181818181817,19.818181818181817,17.6,19.6,0.0,0,0,0.0,0,0,11,18
2013,12,grosjean,Romain Grosjean,lotus_f1,Lotus F1,13.0,13,8.0,12.0,8.133333333333333,9.8,8.4,53.0,0,2,187.0,1,8,30,8
2013,12,gutierrez,Esteban Gutiérrez,sauber,Sauber,17.0,16,14.0,15.636363636363637,17.09090909090909,16.6,17.0,0.0,0,0,7.0,0,0,11,13
2013,12,hamilton,Lewis Hamilton,mercedes,Mercedes,12.0,12,3.0,7.101449275362318,3.463768115942029,3.2,1.2,139.0,1,5,235.0,3,7,69,9
2013,12,hulkenberg,Nico Hülkenberg,sauber,Sauber,3.0,3,13.0,12.64,11.081632653061224,13.0,11.8,7.0,0,0,7.0,0,0,50,5
2013,12,jules_bianchi,Jules Bianchi,marussia,Marussia,21.0,21,18.0,17.0,19.454545454545453,17.6,19.2,0.0,0,0,0.0,0,0,11,19
2013,12,maldonado,Pastor Maldonado,williams,Williams,15.0,14,17.0,15.42,12.44,13.8,15.8,1.0,0,0,1.0,0,0,50,14
2013,12,massa,Felipe Massa,ferrari,Ferrari,4.0,4,7.0,8.521739130434783,8.0,10.2,10.4,67.0,0,1,236.0,2,8,69,4
2013,12,perez,Sergio Pérez,mclaren,McLaren,8.0,8,11.0,12.938775510204081,12.3125,11.8,12.2,18.0,0,0,66.0,0,0,49,12
2013,12,pic,Charles Pic,caterham,Caterham,20.0,20,22.0,17.967741935483872,21.161290322580644,17.4,19.4,0.0,0,0,0.0,0,0,31,17
2013,12,raikkonen,Kimi Räikkönen,lotus_f1,Lotus F1,11.0,11,21.0,5.548387096774194,7.193548387096774,7.8,7.2,134.0,1,6,191.0,1,8,31,11
2013,12,resta,Paul di Resta,force_india,Force India,16.0,15,20.0,11.3,11.64,13.0,11.4,36.0,0,0,61.0,0,0,50,22
2013,12,ricciardo,Daniel Ricciardo,toro_rosso,Toro Rosso,7.0,7,10.0,14.380952380952381,15.880952380952381,11.6,9.8,12.0,0,0,25.0,0,0,42,7
2013,12,rosberg,Nico Rosberg,mercedes,Mercedes,6.0,6,4.0,9.318840579710145,7.478260869565218,7.6,5.0,96.0,2,2,237.0,3,7,69,6
2013,12,sutil,Adrian Sutil,force_india,Force India,14.0,17,9.0,11.653061224489797,11.428571428571429,12.2,10.6,25.0,0,0,61.0,0,0,49,16
2013,12,vergne,Jean-Éric Vergne,toro_rosso,Toro Rosso,10.0,10,12.0,14.290322580645162,15.709677419354838,14.4,13.6,13.0,0,0,31.0,0,0,31,21
2013,12,vettel,Sebastian Vettel,red_bull,Red Bull,1.0,1,1.0,4.536231884057971,2.550724637681159,5.4,2.0,197.0,5,8,312.0,5,11,69,1
2013,12,webber,Mark Webber,red_bull,Red Bull,2.0,2,5.0,6.0,4.260869565217392,4.4,5.0,115.0,0,3,337.0,6,12,69,3
2013,13,alonso,Fernando Alonso,ferrari,Ferrari,7.0,7,2.0,5.0,5.7,3.2,7.4,169.0,2,7,248.0,2,8,70,2
2013,13,bottas,Valtteri Bottas,williams,Williams,16.0,16,15.0,14.333333333333334,15.666666666666666,15.6,17.6,0.0,0,0,1.0,0,0,12,13
2013,13,button,Jenson Button,mclaren,McLaren,8.0,8,10.0,7.071428571428571,6.714285714285714,8.4,9.6,48.0,0,0,66.0,0,0,70,7
2013,13,chilton,Max Chilton,marussia,Marussia,22.0,22,20.0,17.833333333333332,20.75,18.4,20.8,0.0,0,0,0.0,0,0,12,17
2013,13,garde,Giedo van der Garde,caterham,Caterham,20.0,20,18.0,17.833333333333332,19.75,16.8,19.0,0.0,0,0,0.0,0,0,12,16
2013,13,grosjean,Romain Grosjean,lotus_f1,Lotus F1,3.0,3,8.0,11.870967741935484,8.290322580645162,8.8,7.2,57.0,0,2,191.0,1,8,31,21
2013,13,gutierrez,Esteban Gutiérrez,sauber,Sauber,10.0,10,13.0,15.416666666666666,17.083333333333332,15.2,17.4,0.0,0,0,17.0,0,0,12,12
2013,13,hamilton,Lewis Hamilton,mercedes,Mercedes,5.0,5,9.0,7.128571428571429,3.585714285714286,4.4,3.2,141.0,1,5,245.0,3,7,70,5
2013,13,hulkenberg,Nico Hülkenberg,sauber,Sauber,11.0,11,5.0,12.490196078431373,10.92,9.8,10.2,17.0,0,0,17.0,0,0,51,9
2013,13,jules_bianchi,Jules Bianchi,marussia,Marussia,21.0,21,19.0,17.166666666666668,19.583333333333332,18.0,19.4,0.0,0,0,0.0,0,0,12,18
2013,13,maldonado,Pastor Maldonado,williams,Williams,18.0,18,14.0,15.392156862745098,12.490196078431373,13.4,16.2,1.0,0,0,1.0,0,0,51,11
2013,13,massa,Felipe Massa,ferrari,Ferrari,6.0,6,4.0,8.457142857142857,7.942857142857143,9.4,8.0,79.0,0,1,266.0,2,9,70,6
2013,13,perez,Sergio Pérez,mclaren,McLaren,14.0,14,12.0,12.92,12.224489795918368,12.0,11.4,18.0,0,0,72.0,0,0,50,8
2013,13,pic,Charles Pic,caterham,Caterham,19.0,19,17.0,17.9375,21.125,17.2,19.8,0.0,0,0,0.0,0,0,32,19
2013,13,raikkonen,Kimi Räikkönen,lotus_f1,Lotus F1,13.0,13,11.0,5.71875,7.3125,8.2,7.6,134.0,1,6,191.0,1,8,32,3
2013,13,resta,Paul di Resta,force_india,Force India,17.0,17,22.0,11.509803921568627,11.72549019607843,16.0,11.2,36.0,0,0,61.0,0,0,51,20
2013,13,ricciardo,Daniel Ricciardo,toro_rosso,Toro Rosso,9.0,9,7.0,14.209302325581396,15.674418604651162,10.0,9.2,18.0,0,0,31.0,0,0,43,22
2013,13,rosberg,Nico Rosberg,mercedes,Mercedes,2.0,2,6.0,9.271428571428572,7.457142857142857,7.8,5.4,104.0,2,2,255.0,3,7,70,4
2013,13,sutil,Adrian Sutil,force_india,Force India,15.0,15,16.0,11.74,11.48,13.4,11.8,25.0,0,0,61.0,0,0,50,10
2013,13,vergne,Jean-Éric Vergne,toro_rosso,Toro Rosso,12.0,12,21.0,14.5,15.53125,17.4,14.2,13.0,0,0,31.0,0,0,32,14
2013,13,vettel,Sebastian Vettel,red_bull,Red Bull,1.0,1,1.0,4.485714285714286,2.5285714285714285,5.4,2.0,222.0,6,9,352.0,6,13,70,1
2013,13,webber,Mark Webber,red_bull,Red Bull,4.0,4,3.0,5.957142857142857,4.228571428571429,4.2,4.4,130.0,0,4,377.0,7,14,70,15
2013,14,alonso,Fernando Alonso,ferrari,Ferrari,6.0,5,2.0,4.957746478873239,5.71830985915493,3.0,6.8,187.0,2,8,274.0,2,9,71,6
2013,14,bottas,Valtteri Bottas,williams,Williams,17.0,17,13.0,14.23076923076923,15.692307692307692,15.8,17.4,0.0,0,0,1.0,0,0,13,12
2013,14,button,Jenson Button,mclaren,McLaren,12.0,11,7.0,7.070422535211268,6.732394366197183,7.2,9.0,54.0,0,0,76.0,0,0,71,8
2013,14,chilton,Max Chilton,marussia,Marussia,22.0,21,17.0,17.76923076923077,20.846153846153847,18.4,20.8,0.0,0,0,0.0,0,0,13,17
2013,14,garde,Giedo van der Garde,caterham,Caterham,20.0,20,16.0,17.692307692307693,19.76923076923077,16.4,18.8,0.0,0,0,0.0,0,0,13,15
2013,14,grosjean,Romain Grosjean,lotus_f1,Lotus F1,4.0,3,21.0,12.15625,8.125,9.2,6.2,57.0,0,2,206.0,1,9,32,3
2013,14,gutierrez,Esteban Gutiérrez,sauber,Sauber,9.0,8,12.0,15.153846153846153,16.53846153846154,14.8,15.8,0.0,0,0,19.0,0,0,13,11
2013,14,hamilton,Lewis Hamilton,mercedes,Mercedes,2.0,2,5.0,7.098591549295775,3.6056338028169015,4.6,4.0,151.0,1,5,267.0,3,7,71,5
2013,14,hulkenberg,Nico Hülkenberg,sauber,Sauber,8.0,7,9.0,12.423076923076923,10.92156862745098,9.6,9.4,19.0,0,0,19.0,0,0,52,4
2013,14,jules_bianchi,Jules Bianchi,marussia,Marussia,21.0,22,18.0,17.23076923076923,19.692307692307693,18.4,19.6,0.0,0,0,0.0,0,0,13,16
2013,14,maldonado,Pastor Maldonado,williams,Williams,18.0,18,11.0,15.307692307692308,12.596153846153847,13.4,16.6,1.0,0,0,1.0,0,0,52,13
2013,14,massa,Felipe Massa,ferrari,Ferrari,7.0,6,6.0,8.422535211267606,7.915492957746479,9.4,6.8,87.0,0,1,282.0,2,9,71,9
2013,14,perez,Sergio Pérez,mclaren,McLaren,11.0,10,8.0,12.823529411764707,12.26,9.6,11.4,22.0,0,0,80.0,0,0,51,10
2013,14,pic,Charles Pic,caterham,Caterham,19.0,19,19.0,17.96969696969697,21.060606060606062,18.0,19.8,0.0,0,0,0.0,0,0,33,14
2013,14,raikkonen,Kimi Räikkönen,lotus_f1,Lotus F1,10.0,9,3.0,5.636363636363637,7.484848484848484,7.8,8.4,149.0,1,7,221.0,1,10,33,2
2013,14,resta,Paul di Resta,force_india,Force India,15.0,15,20.0,11.673076923076923,11.826923076923077,18.2,13.6,36.0,0,0,62.0,0,0,52,22
2013,14,ricciardo,Daniel Ricciardo,toro_rosso,Toro Rosso,13.0,12,22.0,14.386363636363637,15.522727272727273,12.8,9.8,18.0,0,0,31.0,0,0,44,19
2013,14,rosberg,Nico Rosberg,mercedes,Mercedes,5.0,4,4.0,9.19718309859155,7.380281690140845,8.4,5.4,116.0,2,2,277.0,3,7,71,7
2013,14,sutil,Adrian Sutil,force_india,Force India,14.0,14,10.0,11.705882352941176,11.549019607843137,14.0,13.4,26.0,0,0,62.0,0,0,51,20
2013,14,vergne,Jean-Éric Vergne,toro_rosso,Toro Rosso,16.0,16,14.0,14.484848484848484,15.424242424242424,15.8,14.0,13.0,0,0,31.0,0,0,33,18
2013,14,vettel,Sebastian Vettel,red_bull,Red Bull,1.0,1,1.0,4.436619718309859,2.507042253521127,1.4,1.6,247.0,7,10,377.0,7,14,71,1
2013,14,webber,Mark Webber,red_bull,Red Bull,3.0,13,15.0,6.084507042253521,4.225352112676056,6.8,4.4,130.0,0,4,402.0,8,15,71,21
2013,15,alonso,Fernando Alonso,ferrari,Ferrari,8.0,8,6.0,4.972222222222222,5.722222222222222,3.4,6.4,195.0,2,8,284.0,2,9,72,4
2013,15,bottas,Valtteri Bottas,williams,Williams,13.0,13,12.0,14.071428571428571,15.785714285714286,15.0,17.4,0.0,0,0,1.0,0,0,14,17
2013,15,button,Jenson Button,mclaren,McLaren,10.0,10,8.0,7.083333333333333,6.805555555555555,7.6,9.6,58.0,0,0,81.0,0,0,72,9
2013,15,chilton,Max Chilton,marussia,Marussia,19.0,18,17.0,17.714285714285715,20.928571428571427,18.0,20.8,0.0,0,0,0.0,0,0,14,19
2013,15,garde,Giedo van der Garde,caterham,Caterham,21.0,19,15.0,17.5,19.785714285714285,15.8,18.6,0.0,0,0,0.0,0,0,14,21
2013,15,grosjean,Romain Grosjean,lotus_f1,Lotus F1,4.0,4,3.0,11.878787878787879,8.0,9.2,6.0,72.0,0,3,239.0,1,11,33,3
2013,15,gutierrez,Esteban Gutiérrez,sauber,Sauber,14.0,14,11.0,14.857142857142858,16.0,14.2,14.8,0.0,0,0,31.0,0,0,14,7
2013,15,hamilton,Lewis Hamilton,mercedes,Mercedes,3.0,3,5.0,7.069444444444445,3.5833333333333335,4.6,4.2,161.0,1,5,283.0,3,7,72,20
2013,15,hulkenberg,Nico Hülkenberg,sauber,Sauber,7.0,7,4.0,12.264150943396226,10.865384615384615,8.4,9.0,31.0,0,0,37.0,0,0,53,6
2013,15,jules_bianchi,Jules Bianchi,marussia,Marussia,22.0,21,16.0,17.142857142857142,19.785714285714285,17.4,19.8,0.0,0,0,0.0,0,0,14,22
2013,15,maldonado,Pastor Maldonado,williams,Williams,15.0,15,13.0,15.264150943396226,12.69811320754717,13.0,16.6,1.0,0,0,1.0,0,0,53,16
2013,15,massa,Felipe Massa,ferrari,Ferrari,5.0,5,9.0,8.430555555555555,7.902777777777778,6.8,6.8,89.0,0,1,296.0,2,9,72,10
2013,15,perez,Sergio Pérez,mclaren,McLaren,11.0,11,10.0,12.76923076923077,12.235294117647058,10.0,11.0,23.0,0,0,83.0,0,0,52,15
2013,15,pic,Charles Pic,caterham,Caterham,20.0,20,14.0,17.852941176470587,21.0,17.4,19.8,0.0,0,0,0.0,0,0,34,18
2013,15,raikkonen,Kimi Räikkönen,lotus_f1,Lotus F1,9.0,9,2.0,5.529411764705882,7.5588235294117645,7.8,9.6,167.0,1,8,254.0,1,12,34,5
2013,15,resta,Paul di Resta,force_india,Force India,12.0,12,22.0,11.867924528301886,11.88679245283019,20.4,14.2,36.0,0,0,62.0,0,0,53,11
2013,15,ricciardo,Daniel Ricciardo,toro_rosso,Toro Rosso,16.0,16,19.0,14.488888888888889,15.466666666666667,14.2,11.2,18.0,0,0,31.0,0,0,45,13
2013,15,rosberg,Nico Rosberg,mercedes,Mercedes,6.0,6,7.0,9.166666666666666,7.347222222222222,8.0,4.2,122.0,2,2,283.0,3,7,72,8
2013,15,sutil,Adrian Sutil,force_india,Force India,17.0,22,20.0,11.865384615384615,11.596153846153847,15.4,13.2,26.0,0,0,62.0,0,0,52,14
2013,15,vergne,Jean-Éric Vergne,toro_rosso,Toro Rosso,18.0,17,18.0,14.588235294117647,15.441176470588236,15.4,14.0,13.0,0,0,31.0,0,0,34,12
2013,15,vettel,Sebastian Vettel,red_bull,Red Bull,2.0,2,1.0,4.388888888888889,2.486111111111111,1.4,1.4,272.0,8,11,402.0,8,15,72,1
2013,15,webber,Mark Webber,red_bull,Red Bull,1.0,1,21.0,6.291666666666667,4.208333333333333,9.6,4.4,130.0,0,4,427.0,9,16,72,2
2013,16,alonso,Fernando Alonso,ferrari,Ferrari,8.0,8,4.0,4.958904109589041,5.7534246575342465,3.2,7.0,207.0,2,8,297.0,2,9,73,11
2013,16,bottas,Valtteri Bottas,williams,Williams,15.0,15,17.0,14.266666666666667,15.6,14.4,16.8,0.0,0,0,1.0,0,0,15,16
2013,16,button,Jenson Button,mclaren,McLaren,10.0,10,9.0,7.109589041095891,6.8493150684931505,8.0,9.0,60.0,0,0,83.0,0,0,73,14
2013,16,chilton,Max Chilton,marussia,Marussia,22.0,22,19.0,17.8,20.8,18.4,20.2,0.0,0,0,0.0,0,0,15,17
2013,16,garde,Giedo van der Garde,caterham,Caterham,20.0,20,21.0,17.733333333333334,19.866666666666667,17.2,18.8,0.0,0,0,0.0,0,0,15,22
2013,16,grosjean,Romain Grosjean,lotus_f1,Lotus F1,17.0,17,3.0,11.617647058823529,7.882352941176471,8.6,6.2,87.0,0,4,264.0,1,12,34,3
2013,16,gutierrez,Esteban Gutiérrez,sauber,Sauber,16.0,16,7.0,14.333333333333334,15.866666666666667,11.4,14.2,6.0,0,0,45.0,0,0,15,15
2013,16,hamilton,Lewis Hamilton,mercedes,Mercedes,3.0,3,20.0,7.2465753424657535,3.5753424657534247,8.4,4.6,161.0,1,5,287.0,3,7,73,6
2013,16,hulkenberg,Nico Hülkenberg,sauber,Sauber,7.0,7,6.0,12.148148148148149,10.79245283018868,7.4,8.0,39.0,0,0,45.0,0,0,54,19
2013,16,jules_bianchi,Jules Bianchi,marussia,Marussia,19.0,19,22.0,17.466666666666665,19.933333333333334,18.6,20.0,0.0,0,0,0.0,0,0,15,18
2013,16,maldonado,Pastor Maldonado,williams,Williams,18.0,18,16.0,15.277777777777779,12.74074074074074,14.2,16.6,1.0,0,0,1.0,0,0,54,12
2013,16,massa,Felipe Massa,ferrari,Ferrari,5.0,5,10.0,8.452054794520548,7.863013698630137,7.2,6.4,90.0,0,1,297.0,2,9,73,4
2013,16,perez,Sergio Pérez,mclaren,McLaren,9.0,9,15.0,12.81132075471698,12.211538461538462,11.2,11.4,23.0,0,0,83.0,0,0,53,5
2013,16,pic,Charles Pic,caterham,Caterham,21.0,21,18.0,17.857142857142858,20.97142857142857,18.0,20.0,0.0,0,0,0.0,0,0,35,21
2013,16,raikkonen,Kimi Räikkönen,lotus_f1,Lotus F1,6.0,6,5.0,5.514285714285714,7.6,8.4,10.2,177.0,1,8,279.0,1,13,35,7
2013,16,resta,Paul di Resta,force_india,Force India,12.0,12,11.0,11.851851851851851,11.88888888888889,19.0,13.0,36.0,0,0,62.0,0,0,54,8
2013,16,ricciardo,Daniel Ricciardo,toro_rosso,Toro Rosso,11.0,11,13.0,14.456521739130435,15.478260869565217,14.2,12.8,18.0,0,0,31.0,0,0,46,10
2013,16,rosberg,Nico Rosberg,mercedes,Mercedes,2.0,2,8.0,9.150684931506849,7.328767123287672,5.8,4.6,126.0,2,2,295.0,3,7,73,2
2013,16,sutil,Adrian Sutil,force_india,Force India,13.0,13,14.0,11.90566037735849,11.69811320754717,13.8,14.4,26.0,0,0,66.0,0,0,53,9
2013,16,vergne,Jean-Éric Vergne,toro_rosso,Toro Rosso,14.0,14,12.0,14.514285714285714,15.514285714285714,15.4,14.8,13.0,0,0,32.0,0,0,35,13
2013,16,vettel,Sebastian Vettel,red_bull,Red Bull,1.0,1,1.0,4.342465753424658,2.4794520547945207,1.0,1.4,297.0,9,12,445.0,9,17,73,1
2013,16,webber,Mark Webber,red_bull,Red Bull,4.0,4,2.0,6.232876712328767,4.164383561643835,9.2,2.6,148.0,0,5,470.0,10,18,73,20
2013,17,alonso,Fernando Alonso,ferrari,Ferrari,11.0,10,11.0,5.04054054054054,5.783783783783784,5.0,6.8,207.0,2,8,309.0,2,9,74,5
2013,17,bottas,Valtteri Bottas,williams,Williams,16.0,15,16.0,14.375,15.5625,14.6,15.8,0.0,0,0,1.0,0,0,16,15
2013,17,button,Jenson Button,mclaren,McLaren,13.0,12,14.0,7.202702702702703,6.891891891891892,9.6,9.8,60.0,0,0,93.0,0,0,74,12
2013,17,chilton,Max Chilton,marussia,Marussia,22.0,20,17.0,17.75,20.875,18.0,21.4,0.0,0,0,0.0,0,0,16,21
2013,17,garde,Giedo van der Garde,caterham,Caterham,19.0,18,22.0,18.0,19.875,18.4,20.0,0.0,0,0,0.0,0,0,16,18
2013,17,grosjean,Romain Grosjean,lotus_f1,Lotus F1,7.0,6,3.0,11.371428571428572,8.142857142857142,7.6,8.2,102.0,0,5,285.0,1,13,35,4
2013,17,gutierrez,Esteban Gutiérrez,sauber,Sauber,17.0,16,15.0,14.375,15.875,11.6,13.2,6.0,0,0,45.0,0,0,16,13
2013,17,hamilton,Lewis Hamilton,mercedes,Mercedes,4.0,4,6.0,7.22972972972973,3.5675675675675675,9.0,5.0,169.0,1,5,313.0,3,8,74,7
2013,17,hulkenberg,Nico Hülkenberg,sauber,Sauber,6.0,5,19.0,12.272727272727273,10.722222222222221,8.6,7.2,39.0,0,0,45.0,0,0,55,14
2013,17,jules_bianchi,Jules Bianchi,marussia,Marussia,20.0,21,18.0,17.5,19.875,18.6,20.8,0.0,0,0,0.0,0,0,16,20
2013,17,maldonado,Pastor Maldonado,williams,Williams,15.0,14,12.0,15.218181818181819,12.836363636363636,13.2,16.8,1.0,0,0,1.0,0,0,55,11
2013,17,massa,Felipe Massa,ferrari,Ferrari,8.0,7,4.0,8.391891891891891,7.824324324324325,6.6,5.4,102.0,0,1,319.0,2,9,74,8
2013,17,perez,Sergio Pérez,mclaren,McLaren,9.0,8,5.0,12.666666666666666,12.150943396226415,10.0,10.6,33.0,0,0,93.0,0,0,54,9
2013,17,pic,Charles Pic,caterham,Caterham,21.0,19,21.0,17.944444444444443,20.97222222222222,17.8,19.8,0.0,0,0,0.0,0,0,36,19
2013,17,raikkonen,Kimi Räikkönen,lotus_f1,Lotus F1,5.0,22,7.0,5.555555555555555,7.555555555555555,5.6,9.8,183.0,1,8,297.0,1,13,36,22
2013,17,resta,Paul di Resta,force_india,Force India,12.0,11,8.0,11.781818181818181,11.89090909090909,16.6,14.4,40.0,0,0,68.0,0,0,55,6
2013,17,ricciardo,Daniel Ricciardo,toro_rosso,Toro Rosso,10.0,9,10.0,14.361702127659575,15.382978723404255,14.2,11.2,19.0,0,0,32.0,0,0,47,16
2013,17,rosberg,Nico Rosberg,mercedes,Mercedes,3.0,3,2.0,9.054054054054054,7.256756756756757,5.4,4.2,144.0,2,3,319.0,3,8,74,3
2013,17,sutil,Adrian Sutil,force_india,Force India,18.0,17,9.0,11.851851851851851,11.722222222222221,13.8,14.6,28.0,0,0,76.0,0,0,54,10
2013,17,vergne,Jean-Éric Vergne,toro_rosso,Toro Rosso,14.0,13,13.0,14.472222222222221,15.472222222222221,15.6,14.0,13.0,0,0,32.0,0,0,36,17
2013,17,vettel,Sebastian Vettel,red_bull,Red Bull,2.0,2,1.0,4.297297297297297,2.4594594594594597,1.0,1.2,322.0,10,13,470.0,10,18,74,1
2013,17,webber,Mark Webber,red_bull,Red Bull,1.0,1,20.0,6.418918918918919,4.162162162162162,12.2,2.8,148.0,0,5,495.0,11,19,74,2
2013,18,alonso,Fernando Alonso,ferrari,Ferrari,6.0,6,5.0,5.04,5.8533333333333335,5.6,8.0,217.0,2,8,323.0,2,9,75,5
2013,18,bottas,Valtteri Bottas,williams,Williams,9.0,9,15.0,14.411764705882353,15.588235294117647,14.6,15.4,0.0,0,0,1.0,0,0,17,8
2013,18,button,Jenson Button,mclaren,McLaren,13.0,15,12.0,7.266666666666667,6.973333333333334,10.0,10.6,60.0,0,0,95.0,0,0,75,10
2013,18,chilton,Max Chilton,marussia,Marussia,22.0,21,21.0,17.941176470588236,20.941176470588236,18.2,21.4,0.0,0,0,0.0,0,0,17,21
2013,18,garde,Giedo van der Garde,caterham,Caterham,19.0,18,18.0,18.0,19.823529411764707,18.4,20.0,0.0,0,0,0.0,0,0,17,19
2013,18,grosjean,Romain Grosjean,lotus_f1,Lotus F1,3.0,3,4.0,11.166666666666666,8.11111111111111,6.8,7.0,114.0,0,5,297.0,1,13,36,2
2013,18,gutierrez,Esteban Gutiérrez,sauber,Sauber,10.0,20,13.0,14.294117647058824,15.941176470588236,11.6,13.2,6.0,0,0,45.0,0,0,17,14
2013,18,hamilton,Lewis Hamilton,mercedes,Mercedes,5.0,5,7.0,7.226666666666667,3.5733333333333333,8.6,3.4,175.0,1,5,334.0,3,9,75,4
2013,18,hulkenberg,Nico Hülkenberg,sauber,Sauber,4.0,4,14.0,12.303571428571429,10.636363636363637,10.4,7.8,39.0,0,0,45.0,0,0,56,6
2013,18,jules_bianchi,Jules Bianchi,marussia,Marussia,20.0,19,20.0,17.647058823529413,19.88235294117647,18.8,20.6,0.0,0,0,0.0,0,0,17,18
2013,18,kovalainen,Heikki Kovalainen,lotus_f1,Lotus F1,8.0,8,14.0,16.982758620689655,18.93103448275862,16.0,20.2,0.0,0,0,315.0,1,14,58,15
2013,18,maldonado,Pastor Maldonado,williams,Williams,18.0,17,11.0,15.142857142857142,12.875,12.6,16.8,1.0,0,0,5.0,0,0,56,17
2013,18,massa,Felipe Massa,ferrari,Ferrari,15.0,13,8.0,8.386666666666667,7.826666666666667,7.4,6.2,106.0,0,1,333.0,2,9,75,13
2013,18,perez,Sergio Pérez,mclaren,McLaren,7.0,7,9.0,12.6,12.092592592592593,9.4,10.8,35.0,0,0,96.0,0,0,55,7
2013,18,pic,Charles Pic,caterham,Caterham,21.0,22,19.0,17.972972972972972,20.972972972972972,18.2,20.0,0.0,0,0,0.0,0,0,37,20
2013,18,resta,Paul di Resta,force_india,Force India,12.0,11,6.0,11.678571428571429,11.892857142857142,13.4,13.6,48.0,0,0,77.0,0,0,56,16
2013,18,ricciardo,Daniel Ricciardo,toro_rosso,Toro Rosso,11.0,10,16.0,14.395833333333334,15.270833333333334,16.0,11.8,19.0,0,0,32.0,0,0,48,11
2013,18,rosberg,Nico Rosberg,mercedes,Mercedes,14.0,12,3.0,8.973333333333333,7.2,4.8,3.6,159.0,2,4,346.0,3,9,75,9
2013,18,sutil,Adrian Sutil,force_india,Force India,17.0,16,10.0,11.818181818181818,11.836363636363636,12.6,15.4,29.0,0,0,77.0,0,0,55,22
2013,18,vergne,Jean-Éric Vergne,toro_rosso,Toro Rosso,16.0,14,17.0,14.54054054054054,15.432432432432432,14.8,14.8,13.0,0,0,32.0,0,0,37,12
2013,18,vettel,Sebastian Vettel,red_bull,Red Bull,1.0,1,1.0,4.253333333333333,2.453333333333333,1.0,1.4,347.0,11,14,513.0,11,20,75,1
2013,18,webber,Mark Webber,red_bull,Red Bull,2.0,2,2.0,6.36,4.12,12.0,2.6,166.0,0,6,538.0,12,21,75,3
2013,19,alonso,Fernando Alonso,ferrari,Ferrari,3.0,3,5.0,5.0394736842105265,5.855263157894737,6.2,7.8,227.0,2,8,333.0,2,9,76,3
2013,19,bottas,Valtteri Bottas,williams,Williams,13.0,13,8.0,14.055555555555555,15.222222222222221,13.6,14.0,4.0,0,0,5.0,0,0,18,21
2013,19,button,Jenson Button,mclaren,McLaren,15.0,14,10.0,7.302631578947368,7.052631578947368,10.6,11.6,61.0,0,0,102.0,0,0,76,4
2013,19,chilton,Max Chilton,marussia,Marussia,22.0,22,21.0,18.11111111111111,21.0,19.0,21.4,0.0,0,0,0.0,0,0,18,19
2013,19,garde,Giedo van der Garde,caterham,Caterham,20.0,20,19.0,18.055555555555557,19.77777777777778,19.0,19.8,0.0,0,0,0.0,0,0,18,18
2013,19,grosjean,Romain Grosjean,lotus_f1,Lotus F1,6.0,6,2.0,10.91891891891892,7.972972972972973,3.0,7.0,132.0,0,6,315.0,1,14,37,22
2013,19,gutierrez,Esteban Gutiérrez,sauber,Sauber,18.0,17,14.0,14.277777777777779,15.61111111111111,12.0,13.2,6.0,0,0,53.0,0,0,18,12
2013,19,hamilton,Lewis Hamilton,mercedes,Mercedes,5.0,5,4.0,7.184210526315789,3.5921052631578947,8.4,3.4,187.0,1,5,348.0,3,9,76,9
2013,19,hulkenberg,Nico Hülkenberg,sauber,Sauber,10.0,10,6.0,12.192982456140351,10.517857142857142,9.8,6.4,47.0,0,0,53.0,0,0,57,8
2013,19,jules_bianchi,Jules Bianchi,marussia,Marussia,21.0,21,18.0,17.666666666666668,19.88888888888889,18.8,20.4,0.0,0,0,0.0,0,0,18,17
2013,19,kovalainen,Heikki Kovalainen,lotus_f1,Lotus F1,11.0,11,15.0,16.949152542372882,18.74576271186441,15.6,17.8,0.0,0,0,315.0,1,14,59,14
2013,19,maldonado,Pastor Maldonado,williams,Williams,17.0,16,17.0,15.175438596491228,12.964912280701755,13.8,16.8,1.0,0,0,5.0,0,0,57,16
2013,19,massa,Felipe Massa,ferrari,Ferrari,9.0,9,13.0,8.447368421052632,7.921052631578948,8.8,8.0,106.0,0,1,348.0,2,10,76,7
2013,19,perez,Sergio Pérez,mclaren,McLaren,14.0,19,7.0,12.5,12.0,9.2,9.4,41.0,0,0,114.0,0,0,56,6
2013,19,pic,Charles Pic,caterham,Caterham,19.0,18,20.0,18.026315789473685,20.973684210526315,18.4,20.4,0.0,0,0,0.0,0,0,38,20
2013,19,resta,Paul di Resta,force_india,Force India,12.0,12,16.0,11.75438596491228,11.894736842105264,12.6,12.6,48.0,0,0,77.0,0,0,57,11
2013,19,ricciardo,Daniel Ricciardo,toro_rosso,Toro Rosso,7.0,7,11.0,14.326530612244898,15.183673469387756,13.8,12.2,19.0,0,0,32.0,0,0,49,10
2013,19,rosberg,Nico Rosberg,mercedes,Mercedes,2.0,2,9.0,8.973684210526315,7.2894736842105265,5.8,6.0,161.0,2,4,350.0,3,9,76,5
2013,19,sutil,Adrian Sutil,force_india,Force India,16.0,15,22.0,12.0,11.928571428571429,15.0,15.8,29.0,0,0,77.0,0,0,56,13
2013,19,vergne,Jean-Éric Vergne,toro_rosso,Toro Rosso,8.0,8,12.0,14.473684210526315,15.447368421052632,14.4,15.6,13.0,0,0,33.0,0,0,38,15
2013,19,vettel,Sebastian Vettel,red_bull,Red Bull,1.0,1,1.0,4.2105263157894735,2.4342105263157894,1.0,1.4,372.0,12,15,553.0,12,22,76,1
2013,19,webber,Mark Webber,red_bull,Red Bull,4.0,4,3.0,6.315789473684211,4.092105263157895,9.6,2.2,181.0,0,7,578.0,13,23,76,2
2014,1,alonso,Fernando Alonso,ferrari,Ferrari,5.0,5,3.0,5.012987012987013,5.818181818181818,5.6,7.2,0.0,0,0,0.0,0,0,77,4
2014,1,bottas,Valtteri Bottas,williams,Williams,10.0,15,21.0,14.421052631578947,15.105263157894736,15.4,13.2,0.0,0,0,0.0,0,0,19,5
2014,1,button,Jenson Button,mclaren,McLaren,11.0,10,4.0,7.259740259740259,7.1558441558441555,9.8,12.2,0.0,0,0,0.0,0,0,77,3
2014,1,chilton,Max Chilton,marussia,Marussia,17.0,17,19.0,18.157894736842106,21.05263157894737,19.4,21.4,0.0,0,0,0.0,0,0,19,13
2014,1,ericsson,Marcus Ericsson,caterham,Caterham,20.0,19,20.0,20.0,20.0,20.0,20.0,0.0,0,0,0.0,0,0,0,17
2014,1,grosjean,Romain Grosjean,lotus_f1,Lotus F1,21.0,22,22.0,11.210526315789474,7.921052631578948,6.8,7.4,0.0,0,0,0.0,0,0,38,15
2014,1,gutierrez,Esteban Gutiérrez,sauber,Sauber,19.0,20,12.0,14.157894736842104,15.736842105263158,12.2,15.0,0.0,0,0,0.0,0,0,19,12
2014,1,hamilton,Lewis Hamilton,mercedes,Mercedes,1.0,1,9.0,7.207792207792208,3.6103896103896105,9.2,4.0,0.0,0,0,0.0,0,0,77,19
2014,1,hulkenberg,Nico Hülkenberg,force_india,Force India,7.0,7,8.0,12.120689655172415,10.508771929824562,10.6,6.8,0.0,0,0,0.0,0,0,58,6
2014,1,jules_bianchi,Jules Bianchi,marussia,Marussia,18.0,18,17.0,17.63157894736842,19.94736842105263,19.0,20.4,0.0,0,0,0.0,0,0,19,14
2014,1,kevin_magnussen,Kevin Magnussen,mclaren,McLaren,4.0,4,20.0,20.0,20.0,20.0,20.0,0.0,0,0,15.0,0,1,0,2
2014,1,kobayashi,Kamui Kobayashi,caterham,Caterham,15.0,14,9.0,13.224137931034482,13.035087719298245,13.0,15.4,0.0,0,0,0.0,0,0,58,21
2014,1,kvyat,Daniil Kvyat,toro_rosso,Toro Rosso,8.0,8,20.0,20.0,20.0,20.0,20.0,0.0,0,0,0.0,0,0,0,9
2014,1,maldonado,Pastor Maldonado,lotus_f1,Lotus F1,22.0,21,16.0,15.189655172413794,13.03448275862069,14.4,16.6,0.0,0,0,0.0,0,0,58,16
2014,1,massa,Felipe Massa,williams,Williams,9.0,9,7.0,8.428571428571429,7.935064935064935,8.4,8.4,0.0,0,0,10.0,0,0,77,20
2014,1,perez,Sergio Pérez,force_india,Force India,16.0,16,6.0,12.385964912280702,12.035714285714286,8.4,10.0,0.0,0,0,8.0,0,0,57,10
2014,1,raikkonen,Kimi Räikkönen,ferrari,Ferrari,12.0,11,22.0,6.0,7.486486486486487,7.8,8.6,0.0,0,0,12.0,0,0,37,7
2014,1,ricciardo,Daniel Ricciardo,red_bull,Red Bull,2.0,2,10.0,14.24,15.02,12.0,11.0,0.0,0,0,0.0,0,0,50,22
2014,1,rosberg,Nico Rosberg,mercedes,Mercedes,3.0,3,5.0,8.922077922077921,7.220779220779221,5.4,5.4,0.0,0,0,0.0,0,0,77,1
2014,1,sutil,Adrian Sutil,sauber,Sauber,14.0,13,13.0,12.017543859649123,12.0,13.6,16.2,0.0,0,0,0.0,0,0,57,11
2014,1,vergne,Jean-Éric Vergne,toro_rosso,Toro Rosso,6.0,6,15.0,14.487179487179487,15.256410256410257,13.8,14.0,0.0,0,0,2.0,0,0,39,8
2014,1,vettel,Sebastian Vettel,red_bull,Red Bull,13.0,12,1.0,4.1688311688311686,2.4155844155844157,1.0,1.4,0.0,0,0,0.0,0,0,77,18
2014,2,alonso,Fernando Alonso,ferrari,Ferrari,4.0,4,4.0,5.0,5.8076923076923075,5.6,6.6,12.0,0,0,18.0,0,0,78,4
2014,2,bottas,Valtteri Bottas,williams,Williams,15.0,18,5.0,13.95,14.85,13.0,12.6,10.0,0,0,10.0,0,0,20,8
2014,2,button,Jenson Button,mclaren,McLaren,10.0,10,3.0,7.205128205128205,7.205128205128205,8.6,12.4,15.0,0,1,33.0,0,2,78,6
2014,2,chilton,Max Chilton,marussia,Marussia,21.0,21,13.0,17.9,20.85,18.2,21.0,0.0,0,0,0.0,0,0,20,15
2014,2,ericsson,Marcus Ericsson,caterham,Caterham,22.0,22,17.0,17.0,20.0,17.0,20.0,0.0,0,0,0.0,0,0,1,14
2014,2,grosjean,Romain Grosjean,lotus_f1,Lotus F1,16.0,15,15.0,11.307692307692308,8.256410256410257,9.2,10.8,0.0,0,0,0.0,0,0,39,11
2014,2,gutierrez,Esteban Gutiérrez,sauber,Sauber,12.0,12,12.0,14.05,15.9,13.2,16.0,0.0,0,0,0.0,0,0,20,17
2014,2,hamilton,Lewis Hamilton,mercedes,Mercedes,1.0,1,19.0,7.358974358974359,3.576923076923077,9.0,3.6,0.0,0,0,25.0,1,1,78,1
2014,2,hulkenberg,Nico Hülkenberg,force_india,Force India,7.0,7,6.0,12.016949152542374,10.448275862068966,10.6,6.8,8.0,0,0,9.0,0,0,59,5
2014,2,jules_bianchi,Jules Bianchi,marussia,Marussia,19.0,19,14.0,17.45,19.85,17.4,19.6,0.0,0,0,0.0,0,0,20,20
2014,2,kevin_magnussen,Kevin Magnussen,mclaren,McLaren,8.0,8,2.0,2.0,4.0,2.0,4.0,18.0,0,1,41.0,0,2,1,9
2014,2,kobayashi,Kamui Kobayashi,caterham,Caterham,20.0,20,21.0,13.35593220338983,13.068965517241379,12.8,15.8,0.0,0,0,0.0,0,0,59,13
2014,2,kvyat,Daniil Kvyat,toro_rosso,Toro Rosso,11.0,11,9.0,9.0,8.0,9.0,8.0,2.0,0,0,6.0,0,0,1,10
2014,2,maldonado,Pastor Maldonado,lotus_f1,Lotus F1,17.0,16,16.0,15.203389830508474,13.186440677966102,14.4,18.0,0.0,0,0,0.0,0,0,59,21
2014,2,massa,Felipe Massa,williams,Williams,13.0,13,20.0,8.576923076923077,7.948717948717949,10.4,9.2,0.0,0,0,14.0,0,0,78,7
2014,2,perez,Sergio Pérez,force_india,Force India,14.0,14,10.0,12.344827586206897,12.105263157894736,7.4,11.0,1.0,0,0,19.0,0,0,58,22
2014,2,raikkonen,Kimi Räikkönen,ferrari,Ferrari,6.0,6,7.0,6.026315789473684,7.605263157894737,8.6,8.4,6.0,0,0,30.0,0,0,38,12
2014,2,ricciardo,Daniel Ricciardo,red_bull,Red Bull,5.0,5,22.0,14.392156862745098,14.764705882352942,13.8,8.2,0.0,0,0,0.0,0,0,51,16
2014,2,rosberg,Nico Rosberg,mercedes,Mercedes,3.0,3,1.0,8.820512820512821,7.166666666666667,4.0,4.8,25.0,1,1,50.0,2,2,78,2
2014,2,sutil,Adrian Sutil,sauber,Sauber,18.0,17,11.0,12.0,12.03448275862069,13.0,15.6,0.0,0,0,0.0,0,0,58,18
2014,2,vergne,Jean-Éric Vergne,toro_rosso,Toro Rosso,9.0,9,8.0,14.325,15.025,13.0,11.6,4.0,0,0,7.0,0,0,40,19
2014,2,vettel,Sebastian Vettel,red_bull,Red Bull,2.0,2,18.0,4.346153846153846,2.551282051282051,4.4,3.6,0.0,0,0,0.0,0,0,78,3
2014,3,alonso,Fernando Alonso,ferrari,Ferrari,10.0,9,4.0,4.987341772151899,5.784810126582278,4.2,5.8,24.0,0,0,30.0,0,0,79,9
2014,3,bottas,Valtteri Bottas,williams,Williams,4.0,3,8.0,13.666666666666666,14.857142857142858,11.4,12.6,14.0,0,0,20.0,0,0,21,8
2014,3,button,Jenson Button,mclaren,McLaren,7.0,6,6.0,7.189873417721519,7.2405063291139244,7.0,12.4,23.0,0,1,43.0,0,2,79,17
2014,3,chilton,Max Chilton,marussia,Marussia,22.0,21,15.0,17.761904761904763,20.857142857142858,17.8,20.8,0.0,0,0,0.0,0,0,21,13
2014,3,ericsson,Marcus Ericsson,caterham,Caterham,21.0,20,14.0,15.5,21.0,15.5,21.0,0.0,0,0,0.0,0,0,2,20
2014,3,grosjean,Romain Grosjean,lotus_f1,Lotus F1,16.0,16,11.0,11.3,8.45,10.8,10.6,0.0,0,0,0.0,0,0,40,12
2014,3,gutierrez,Esteban Gutiérrez,sauber,Sauber,15.0,15,17.0,14.19047619047619,15.714285714285714,13.6,15.2,0.0,0,0,0.0,0,0,21,19
2014,3,hamilton,Lewis Hamilton,mercedes,Mercedes,2.0,2,1.0,7.2784810126582276,3.5443037974683542,8.0,3.2,25.0,1,1,68.0,2,3,79,1
2014,3,hulkenberg,Nico Hülkenberg,force_india,Force India,12.0,11,5.0,11.9,10.389830508474576,7.8,6.8,18.0,0,0,19.0,0,0,60,5
2014,3,jules_bianchi,Jules Bianchi,marussia,Marussia,20.0,19,20.0,17.571428571428573,19.80952380952381,17.8,19.6,0.0,0,0,0.0,0,0,21,16
2014,3,kevin_magnussen,Kevin Magnussen,mclaren,McLaren,9.0,8,9.0,5.5,6.0,5.5,6.0,20.0,0,1,43.0,0,2,2,18
2014,3,kobayashi,Kamui Kobayashi,caterham,Caterham,19.0,18,13.0,13.35,13.186440677966102,12.6,16.4,0.0,0,0,0.0,0,0,60,15
2014,3,kvyat,Daniil Kvyat,toro_rosso,Toro Rosso,13.0,12,10.0,9.5,9.5,9.5,9.5,3.0,0,0,7.0,0,0,2,11
2014,3,maldonado,Pastor Maldonado,lotus_f1,Lotus F1,17.0,17,21.0,15.3,13.25,16.2,17.8,0.0,0,0,0.0,0,0,60,14
2014,3,massa,Felipe Massa,williams,Williams,8.0,7,7.0,8.556962025316455,8.012658227848101,11.0,10.8,6.0,0,0,24.0,0,0,79,7
2014,3,perez,Sergio Pérez,force_india,Force India,5.0,4,22.0,12.508474576271187,12.137931034482758,10.8,12.0,1.0,0,0,29.0,0,0,59,3
2014,3,raikkonen,Kimi Räikkönen,ferrari,Ferrari,6.0,5,12.0,6.17948717948718,7.564102564102564,10.6,7.6,6.0,0,0,32.0,0,0,39,10
2014,3,ricciardo,Daniel Ricciardo,red_bull,Red Bull,3.0,13,16.0,14.423076923076923,14.576923076923077,15.0,7.0,0.0,0,0,15.0,0,1,52,4
2014,3,rosberg,Nico Rosberg,mercedes,Mercedes,1.0,1,2.0,8.734177215189874,7.113924050632911,4.0,5.0,43.0,1,2,93.0,3,4,79,2
2014,3,sutil,Adrian Sutil,sauber,Sauber,18.0,22,18.0,12.101694915254237,12.135593220338983,14.8,16.6,0.0,0,0,0.0,0,0,59,22
2014,3,vergne,Jean-Éric Vergne,toro_rosso,Toro Rosso,14.0,14,19.0,14.439024390243903,14.878048780487806,14.2,10.6,4.0,0,0,7.0,0,0,41,21
2014,3,vettel,Sebastian Vettel,red_bull,Red Bull,11.0,10,3.0,4.329113924050633,2.5443037974683542,4.8,3.8,15.0,0,1,27.0,0,1,79,6
2014,4,alonso,Fernando Alonso,ferrari,Ferrari,5.0,5,9.0,5.0375,5.8375,5.0,5.6,26.0,0,0,33.0,0,0,80,3
2014,4,bottas,Valtteri Bottas,williams,Williams,7.0,7,8.0,13.409090909090908,14.363636363636363,10.0,10.2,18.0,0,0,30.0,0,0,22,7
2014,4,button,Jenson Button,mclaren,McLaren,12.0,12,17.0,7.3125,7.2375,8.0,11.2,23.0,0,1,43.0,0,2,80,11
2014,4,chilton,Max Chilton,marussia,Marussia,21.0,21,13.0,17.545454545454547,20.90909090909091,16.2,20.8,0.0,0,0,0.0,0,0,22,19
2014,4,ericsson,Marcus Ericsson,caterham,Caterham,20.0,20,20.0,17.0,21.0,17.0,21.0,0.0,0,0,0.0,0,0,3,20
2014,4,grosjean,Romain Grosjean,lotus_f1,Lotus F1,10.0,10,12.0,11.317073170731707,8.634146341463415,12.4,12.4,0.0,0,0,0.0,0,0,41,21
2014,4,gutierrez,Esteban Gutiérrez,sauber,Sauber,17.0,17,19.0,14.409090909090908,15.681818181818182,14.8,14.8,0.0,0,0,0.0,0,0,22,16
2014,4,hamilton,Lewis Hamilton,mercedes,Mercedes,1.0,1,1.0,7.2,3.525,6.8,2.8,50.0,2,2,111.0,3,5,80,1
2014,4,hulkenberg,Nico Hülkenberg,force_india,Force India,8.0,8,5.0,11.78688524590164,10.416666666666666,6.0,8.0,28.0,0,0,44.0,0,1,61,6
2014,4,jules_bianchi,Jules Bianchi,marussia,Marussia,19.0,19,16.0,17.5,19.818181818181817,17.0,19.6,0.0,0,0,0.0,0,0,22,17
2014,4,kevin_magnussen,Kevin Magnussen,mclaren,McLaren,15.0,15,18.0,9.666666666666666,7.0,9.666666666666666,7.0,20.0,0,1,43.0,0,2,3,13
2014,4,kobayashi,Kamui Kobayashi,caterham,Caterham,18.0,18,15.0,13.37704918032787,13.283333333333333,14.4,17.0,0.0,0,0,0.0,0,0,61,18
2014,4,kvyat,Daniil Kvyat,toro_rosso,Toro Rosso,13.0,13,11.0,10.0,10.666666666666666,10.0,10.666666666666666,3.0,0,0,7.0,0,0,3,10
2014,4,maldonado,Pastor Maldonado,lotus_f1,Lotus F1,22.0,22,14.0,15.278688524590164,13.311475409836065,16.8,18.2,0.0,0,0,0.0,0,0,61,14
2014,4,massa,Felipe Massa,williams,Williams,6.0,6,7.0,8.5375,8.0125,10.8,10.8,12.0,0,0,36.0,0,0,80,15
2014,4,perez,Sergio Pérez,force_india,Force India,16.0,16,3.0,12.35,12.016949152542374,9.6,11.2,16.0,0,1,52.0,0,1,60,9
2014,4,raikkonen,Kimi Räikkönen,ferrari,Ferrari,11.0,11,10.0,6.275,7.525,11.6,7.0,7.0,0,0,48.0,0,1,40,8
2014,4,ricciardo,Daniel Ricciardo,red_bull,Red Bull,2.0,2,4.0,14.226415094339623,14.358490566037736,12.6,5.6,12.0,0,0,35.0,0,1,53,4
2014,4,rosberg,Nico Rosberg,mercedes,Mercedes,4.0,4,2.0,8.65,7.0375,3.8,4.6,61.0,1,3,136.0,4,6,80,2
2014,4,sutil,Adrian Sutil,sauber,Sauber,14.0,14,22.0,12.266666666666667,12.233333333333333,17.2,16.6,0.0,0,0,0.0,0,0,60,22
2014,4,vergne,Jean-Éric Vergne,toro_rosso,Toro Rosso,9.0,9,21.0,14.595238095238095,14.857142857142858,15.0,10.6,4.0,0,0,8.0,0,0,42,12
2014,4,vettel,Sebastian Vettel,red_bull,Red Bull,3.0,3,6.0,4.35,2.65,5.8,5.6,23.0,0,1,47.0,0,1,80,5
2014,5,alonso,Fernando Alonso,ferrari,Ferrari,7.0,7,3.0,5.012345679012346,5.827160493827161,4.6,5.4,41.0,0,1,52.0,0,1,81,6
2014,5,bottas,Valtteri Bottas,williams,Williams,4.0,4,7.0,13.130434782608695,14.043478260869565,9.8,9.8,24.0,0,0,36.0,0,0,23,5
2014,5,button,Jenson Button,mclaren,McLaren,8.0,8,11.0,7.3580246913580245,7.296296296296297,8.2,11.0,23.0,0,1,43.0,0,2,81,11
2014,5,chilton,Max Chilton,marussia,Marussia,18.0,17,19.0,17.608695652173914,20.91304347826087,15.8,20.6,0.0,0,0,0.0,0,0,23,19
2014,5,ericsson,Marcus Ericsson,caterham,Caterham,20.0,19,20.0,17.75,20.75,17.75,20.75,0.0,0,0,0.0,0,0,4,20
2014,5,grosjean,Romain Grosjean,lotus_f1,Lotus F1,5.0,5,21.0,11.547619047619047,8.666666666666666,16.2,13.8,0.0,0,0,0.0,0,0,42,8
2014,5,gutierrez,Esteban Gutiérrez,sauber,Sauber,14.0,13,16.0,14.478260869565217,15.73913043478261,15.2,16.2,0.0,0,0,0.0,0,0,23,16
2014,5,hamilton,Lewis Hamilton,mercedes,Mercedes,1.0,1,1.0,7.1234567901234565,3.493827160493827,6.2,2.0,75.0,3,3,154.0,4,7,81,1
2014,5,hulkenberg,Nico Hülkenberg,force_india,Force India,11.0,10,6.0,11.693548387096774,10.37704918032787,6.0,8.8,36.0,0,0,54.0,0,1,62,10
2014,5,jules_bianchi,Jules Bianchi,marussia,Marussia,19.0,18,17.0,17.47826086956522,19.782608695652176,16.8,19.4,0.0,0,0,0.0,0,0,23,18
2014,5,kevin_magnussen,Kevin Magnussen,mclaren,McLaren,15.0,14,13.0,10.5,9.0,10.5,9.0,20.0,0,1,43.0,0,2,4,12
2014,5,kobayashi,Kamui Kobayashi,caterham,Caterham,21.0,20,18.0,13.451612903225806,13.360655737704919,15.2,17.4,0.0,0,0,0.0,0,0,62,21
2014,5,kvyat,Daniil Kvyat,toro_rosso,Toro Rosso,13.0,12,10.0,10.0,11.25,10.0,11.25,4.0,0,0,8.0,0,0,4,14
2014,5,maldonado,Pastor Maldonado,lotus_f1,Lotus F1,22.0,22,14.0,15.258064516129032,13.451612903225806,16.2,19.0,0.0,0,0,4.0,0,0,62,15
2014,5,massa,Felipe Massa,williams,Williams,9.0,9,15.0,8.617283950617283,7.987654320987654,11.2,9.0,12.0,0,0,46.0,0,0,81,13
2014,5,perez,Sergio Pérez,force_india,Force India,12.0,11,9.0,12.295081967213115,12.083333333333334,10.0,13.0,18.0,0,1,55.0,0,1,61,9
2014,5,raikkonen,Kimi Räikkönen,ferrari,Ferrari,6.0,6,8.0,6.317073170731708,7.609756097560975,11.8,8.0,11.0,0,0,60.0,0,1,41,7
2014,5,ricciardo,Daniel Ricciardo,red_bull,Red Bull,3.0,3,4.0,14.037037037037036,14.12962962962963,11.2,3.8,24.0,0,0,57.0,0,1,54,3
2014,5,rosberg,Nico Rosberg,mercedes,Mercedes,2.0,2,2.0,8.567901234567902,7.0,2.4,2.6,79.0,1,4,179.0,5,8,81,2
2014,5,sutil,Adrian Sutil,sauber,Sauber,17.0,16,22.0,12.426229508196721,12.262295081967213,17.2,16.0,0.0,0,0,0.0,0,0,61,17
2014,5,vergne,Jean-Éric Vergne,toro_rosso,Toro Rosso,16.0,21,12.0,14.534883720930232,14.720930232558139,15.0,9.2,4.0,0,0,8.0,0,0,43,22
2014,5,vettel,Sebastian Vettel,red_bull,Red Bull,10.0,15,5.0,4.3580246913580245,2.654320987654321,6.6,6.0,33.0,0,1,72.0,0,2,81,4
2014,6,alonso,Fernando Alonso,ferrari,Ferrari,5.0,5,6.0,5.024390243902439,5.841463414634147,5.2,6.2,49.0,0,1,66.0,0,1,82,4
2014,6,bottas,Valtteri Bottas,williams,Williams,13.0,13,5.0,12.791666666666666,13.625,6.6,8.0,34.0,0,0,46.0,0,0,24,16
2014,6,button,Jenson Button,mclaren,McLaren,12.0,12,11.0,7.402439024390244,7.304878048780488,9.6,9.6,23.0,0,1,43.0,0,2,82,6
2014,6,chilton,Max Chilton,marussia,Marussia,20.0,19,19.0,17.666666666666668,20.791666666666668,15.8,19.8,0.0,0,0,0.0,0,0,24,14
2014,6,ericsson,Marcus Ericsson,caterham,Caterham,22.0,22,20.0,18.2,20.6,18.2,20.6,0.0,0,0,0.0,0,0,5,11
2014,6,grosjean,Romain Grosjean,lotus_f1,Lotus F1,14.0,14,8.0,11.465116279069768,8.581395348837209,13.4,13.6,4.0,0,0,4.0,0,0,43,8
2014,6,gutierrez,Esteban Gutiérrez,sauber,Sauber,17.0,17,16.0,14.541666666666666,15.666666666666666,16.0,15.4,0.0,0,0,0.0,0,0,24,15
2014,6,hamilton,Lewis Hamilton,mercedes,Mercedes,2.0,2,1.0,7.048780487804878,3.4634146341463414,4.6,1.2,100.0,4,4,197.0,5,9,82,2
2014,6,hulkenberg,Nico Hülkenberg,force_india,Force India,11.0,11,10.0,11.666666666666666,10.387096774193548,6.4,9.0,37.0,0,0,57.0,0,1,63,5
2014,6,jules_bianchi,Jules Bianchi,marussia,Marussia,19.0,21,18.0,17.5,19.75,17.0,19.0,0.0,0,0,0.0,0,0,24,9
2014,6,kevin_magnussen,Kevin Magnussen,mclaren,McLaren,8.0,8,12.0,10.8,10.2,10.8,10.2,20.0,0,1,51.0,0,2,5,10
2014,6,kobayashi,Kamui Kobayashi,caterham,Caterham,21.0,20,21.0,13.571428571428571,13.483870967741936,17.6,18.6,0.0,0,0,0.0,0,0,63,13
2014,6,kvyat,Daniil Kvyat,toro_rosso,Toro Rosso,9.0,9,14.0,10.8,11.6,10.8,11.6,4.0,0,0,8.0,0,0,5,19
2014,6,maldonado,Pastor Maldonado,lotus_f1,Lotus F1,15.0,15,15.0,15.253968253968255,13.587301587301587,16.0,20.0,0.0,0,0,8.0,0,0,63,22
2014,6,massa,Felipe Massa,williams,Williams,16.0,16,13.0,8.670731707317072,8.0,12.4,9.0,12.0,0,0,46.0,0,0,82,7
2014,6,perez,Sergio Pérez,force_india,Force India,10.0,10,9.0,12.241935483870968,12.081967213114755,10.6,12.6,20.0,0,1,67.0,0,1,62,21
2014,6,raikkonen,Kimi Räikkönen,ferrari,Ferrari,6.0,6,7.0,6.333333333333333,7.571428571428571,8.8,8.2,17.0,0,0,78.0,0,1,42,12
2014,6,ricciardo,Daniel Ricciardo,red_bull,Red Bull,3.0,3,3.0,13.836363636363636,13.927272727272728,9.8,3.0,39.0,0,1,84.0,0,2,55,3
2014,6,rosberg,Nico Rosberg,mercedes,Mercedes,1.0,1,2.0,8.487804878048781,6.939024390243903,1.8,2.6,97.0,1,5,215.0,5,10,82,1
2014,6,sutil,Adrian Sutil,sauber,Sauber,18.0,18,17.0,12.5,12.338709677419354,18.0,16.2,0.0,0,0,0.0,0,0,62,18
2014,6,vergne,Jean-Éric Vergne,toro_rosso,Toro Rosso,7.0,7,22.0,14.704545454545455,14.75,16.4,10.8,4.0,0,0,8.0,0,0,44,17
2014,6,vettel,Sebastian Vettel,red_bull,Red Bull,4.0,4,4.0,4.353658536585366,2.7439024390243905,7.2,7.8,45.0,0,1,99.0,0,3,82,20
2014,7,alonso,Fernando Alonso,ferrari,Ferrari,7.0,7,4.0,5.0120481927710845,5.831325301204819,5.2,6.2,61.0,0,1,78.0,0,1,83,6
2014,7,bottas,Valtteri Bottas,williams,Williams,4.0,4,16.0,12.92,13.6,8.8,8.6,34.0,0,0,52.0,0,0,25,7
2014,7,button,Jenson Button,mclaren,McLaren,9.0,9,6.0,7.385542168674699,7.36144578313253,10.2,9.8,31.0,0,1,52.0,0,2,83,4
2014,7,chilton,Max Chilton,marussia,Marussia,18.0,18,14.0,17.52,20.76,16.0,20.4,0.0,0,0,2.0,0,0,25,21
2014,7,ericsson,Marcus Ericsson,caterham,Caterham,21.0,20,11.0,17.0,20.833333333333332,17.0,21.0,0.0,0,0,0.0,0,0,6,20
2014,7,grosjean,Romain Grosjean,lotus_f1,Lotus F1,14.0,14,8.0,11.386363636363637,8.704545454545455,12.0,12.2,8.0,0,0,8.0,0,0,44,15
2014,7,gutierrez,Esteban Gutiérrez,sauber,Sauber,22.0,22,15.0,14.56,15.72,16.6,15.0,0.0,0,0,0.0,0,0,25,14
2014,7,hamilton,Lewis Hamilton,mercedes,Mercedes,2.0,2,2.0,6.9879518072289155,3.4457831325301207,1.2,1.4,118.0,4,5,240.0,6,11,83,17
2014,7,hulkenberg,Nico Hülkenberg,force_india,Force India,11.0,11,5.0,11.5625,10.396825396825397,6.2,9.8,47.0,0,0,67.0,0,1,64,5
2014,7,jules_bianchi,Jules Bianchi,marussia,Marussia,19.0,19,9.0,17.16,19.72,16.0,19.2,2.0,0,0,2.0,0,0,25,22
2014,7,kevin_magnussen,Kevin Magnussen,mclaren,McLaren,12.0,12,10.0,10.666666666666666,9.833333333333334,12.4,11.0,21.0,0,1,64.0,0,2,6,9
2014,7,kobayashi,Kamui Kobayashi,caterham,Caterham,20.0,21,13.0,13.5625,13.603174603174603,16.0,19.8,0.0,0,0,0.0,0,0,64,18
2014,7,kvyat,Daniil Kvyat,toro_rosso,Toro Rosso,15.0,15,19.0,12.166666666666666,11.166666666666666,12.8,11.8,4.0,0,0,8.0,0,0,6,16
2014,7,maldonado,Pastor Maldonado,lotus_f1,Lotus F1,17.0,17,22.0,15.359375,13.609375,17.2,18.6,0.0,0,0,8.0,0,0,64,19
2014,7,massa,Felipe Massa,williams,Williams,5.0,5,7.0,8.650602409638553,8.096385542168674,9.8,10.4,18.0,0,0,58.0,0,0,83,12
2014,7,perez,Sergio Pérez,force_india,Force India,13.0,13,21.0,12.380952380952381,12.048387096774194,12.8,11.4,20.0,0,1,77.0,0,1,63,11
2014,7,raikkonen,Kimi Räikkönen,ferrari,Ferrari,10.0,10,12.0,6.465116279069767,7.534883720930233,9.8,7.0,17.0,0,0,86.0,0,1,43,10
2014,7,ricciardo,Daniel Ricciardo,red_bull,Red Bull,6.0,6,3.0,13.642857142857142,13.732142857142858,6.0,3.2,54.0,0,2,99.0,0,3,56,1
2014,7,rosberg,Nico Rosberg,mercedes,Mercedes,1.0,1,1.0,8.397590361445783,6.867469879518072,1.8,2.2,122.0,2,6,240.0,6,11,83,2
2014,7,sutil,Adrian Sutil,sauber,Sauber,16.0,16,18.0,12.587301587301587,12.428571428571429,19.4,17.0,0.0,0,0,0.0,0,0,63,13
2014,7,vergne,Jean-Éric Vergne,toro_rosso,Toro Rosso,8.0,8,17.0,14.755555555555556,14.577777777777778,18.2,11.0,4.0,0,0,8.0,0,0,45,8
2014,7,vettel,Sebastian Vettel,red_bull,Red Bull,3.0,3,20.0,4.542168674698795,2.7590361445783134,7.6,6.0,45.0,0,1,124.0,1,4,83,3
2014,8,alonso,Fernando Alonso,ferrari,Ferrari,4.0,4,6.0,5.023809523809524,5.845238095238095,5.6,6.8,69.0,0,1,87.0,0,1,84,5
2014,8,bottas,Valtteri Bottas,williams,Williams,2.0,2,7.0,12.692307692307692,13.23076923076923,8.6,6.4,40.0,0,0,58.0,0,0,26,3
2014,8,button,Jenson Button,mclaren,McLaren,12.0,11,4.0,7.345238095238095,7.380952380952381,9.8,9.6,43.0,0,1,66.0,0,2,84,11
2014,8,chilton,Max Chilton,marussia,Marussia,21.0,21,21.0,17.653846153846153,20.653846153846153,17.2,19.8,0.0,0,0,2.0,0,0,26,17
2014,8,ericsson,Marcus Ericsson,caterham,Caterham,22.0,20,20.0,17.428571428571427,20.857142857142858,18.2,20.8,0.0,0,0,0.0,0,0,7,18
2014,8,grosjean,Romain Grosjean,lotus_f1,Lotus F1,16.0,22,15.0,11.466666666666667,8.822222222222223,12.8,11.8,8.0,0,0,8.0,0,0,45,14
2014,8,gutierrez,Esteban Gutiérrez,sauber,Sauber,18.0,17,14.0,14.538461538461538,15.961538461538462,16.0,17.0,0.0,0,0,0.0,0,0,26,19
2014,8,hamilton,Lewis Hamilton,mercedes,Mercedes,9.0,9,17.0,7.107142857142857,3.4285714285714284,4.4,1.6,118.0,4,5,258.0,6,12,84,2
2014,8,hulkenberg,Nico Hülkenberg,force_india,Force India,10.0,10,5.0,11.461538461538462,10.40625,6.2,10.6,57.0,0,0,77.0,0,1,65,9
2014,8,jules_bianchi,Jules Bianchi,marussia,Marussia,19.0,18,22.0,17.346153846153847,19.692307692307693,16.4,19.2,2.0,0,0,2.0,0,0,26,15
2014,8,kevin_magnussen,Kevin Magnussen,mclaren,McLaren,6.0,6,9.0,10.428571428571429,10.142857142857142,12.4,11.8,23.0,0,1,66.0,0,2,7,7
2014,8,kobayashi,Kamui Kobayashi,caterham,Caterham,20.0,19,18.0,13.63076923076923,13.703125,17.0,19.8,0.0,0,0,0.0,0,0,65,16
2014,8,kvyat,Daniil Kvyat,toro_rosso,Toro Rosso,7.0,7,16.0,12.714285714285714,11.714285714285714,14.0,12.6,4.0,0,0,12.0,0,0,7,22
2014,8,maldonado,Pastor Maldonado,lotus_f1,Lotus F1,14.0,13,19.0,15.415384615384616,13.661538461538461,16.8,18.6,0.0,0,0,8.0,0,0,65,12
2014,8,massa,Felipe Massa,williams,Williams,1.0,1,12.0,8.69047619047619,8.05952380952381,10.8,8.8,18.0,0,0,73.0,0,1,84,4
2014,8,perez,Sergio Pérez,force_india,Force India,11.0,15,11.0,12.359375,12.063492063492063,10.6,11.2,20.0,0,1,79.0,0,1,64,6
2014,8,raikkonen,Kimi Räikkönen,ferrari,Ferrari,8.0,8,10.0,6.545454545454546,7.590909090909091,9.4,7.8,18.0,0,0,97.0,0,1,44,10
2014,8,ricciardo,Daniel Ricciardo,red_bull,Red Bull,5.0,5,1.0,13.421052631578947,13.596491228070175,3.0,3.4,79.0,1,3,139.0,1,5,57,8
2014,8,rosberg,Nico Rosberg,mercedes,Mercedes,3.0,3,2.0,8.321428571428571,6.7976190476190474,1.8,1.8,140.0,2,7,276.0,6,13,84,1
2014,8,sutil,Adrian Sutil,sauber,Sauber,17.0,16,13.0,12.59375,12.484375,18.4,16.6,0.0,0,0,0.0,0,0,64,13
2014,8,vergne,Jean-Éric Vergne,toro_rosso,Toro Rosso,15.0,14,8.0,14.608695652173912,14.434782608695652,16.0,10.8,8.0,0,0,12.0,0,0,46,20
2014,8,vettel,Sebastian Vettel,red_bull,Red Bull,13.0,12,3.0,4.523809523809524,2.761904761904762,7.6,6.2,60.0,0,2,143.0,1,5,84,21
2014,9,alonso,Fernando Alonso,ferrari,Ferrari,19.0,16,5.0,5.023529411764706,5.823529411764706,4.8,5.6,79.0,0,1,98.0,0,1,85,6
2014,9,bottas,Valtteri Bottas,williams,Williams,17.0,14,3.0,12.333333333333334,12.814814814814815,7.6,6.0,55.0,0,1,85.0,0,1,27,2
2014,9,button,Jenson Button,mclaren,McLaren,3.0,3,11.0,7.3882352941176475,7.435294117647059,8.6,10.6,43.0,0,1,72.0,0,2,85,4
2014,9,chilton,Max Chilton,marussia,Marussia,13.0,17,17.0,17.62962962962963,20.666666666666668,18.0,19.6,0.0,0,0,2.0,0,0,27,16
2014,9,ericsson,Marcus Ericsson,caterham,Caterham,21.0,21,18.0,17.5,21.0,17.8,21.0,0.0,0,0,0.0,0,0,8,19
2014,9,grosjean,Romain Grosjean,lotus_f1,Lotus F1,11.0,11,14.0,11.521739130434783,8.978260869565217,13.2,11.8,8.0,0,0,8.0,0,0,46,12
2014,9,gutierrez,Esteban Gutiérrez,sauber,Sauber,14.0,19,19.0,14.703703703703704,16.037037037037038,16.0,17.6,0.0,0,0,0.0,0,0,27,20
2014,9,hamilton,Lewis Hamilton,mercedes,Mercedes,6.0,6,2.0,7.047058823529412,3.4941176470588236,4.6,3.0,136.0,4,6,301.0,7,14,85,1
2014,9,hulkenberg,Nico Hülkenberg,force_india,Force India,4.0,4,9.0,11.424242424242424,10.4,7.0,10.2,59.0,0,0,87.0,0,1,66,8
2014,9,jules_bianchi,Jules Bianchi,marussia,Marussia,12.0,12,15.0,17.25925925925926,19.666666666666668,16.2,19.0,2.0,0,0,2.0,0,0,27,14
2014,9,kevin_magnussen,Kevin Magnussen,mclaren,McLaren,5.0,5,7.0,10.0,9.625,10.2,11.2,29.0,0,1,84.0,0,2,8,7
2014,9,kobayashi,Kamui Kobayashi,caterham,Caterham,22.0,22,16.0,13.666666666666666,13.8,17.2,20.0,0.0,0,0,0.0,0,0,66,15
2014,9,kvyat,Daniil Kvyat,toro_rosso,Toro Rosso,9.0,9,22.0,13.875,11.125,16.2,11.4,4.0,0,0,12.0,0,0,8,9
2014,9,maldonado,Pastor Maldonado,lotus_f1,Lotus F1,15.0,20,12.0,15.363636363636363,13.666666666666666,16.4,18.0,0.0,0,0,8.0,0,0,66,17
2014,9,massa,Felipe Massa,williams,Williams,18.0,15,4.0,8.635294117647058,7.976470588235294,10.2,7.4,30.0,0,0,103.0,0,2,85,21
2014,9,perez,Sergio Pérez,force_india,Force India,7.0,7,6.0,12.261538461538462,12.046875,11.2,12.4,28.0,0,1,91.0,0,1,65,11
2014,9,raikkonen,Kimi Räikkönen,ferrari,Ferrari,20.0,18,10.0,6.622222222222222,7.6,9.4,8.2,19.0,0,0,106.0,0,1,45,22
2014,9,ricciardo,Daniel Ricciardo,red_bull,Red Bull,8.0,8,8.0,13.327586206896552,13.448275862068966,3.8,3.8,83.0,1,3,143.0,1,5,58,3
2014,9,rosberg,Nico Rosberg,mercedes,Mercedes,1.0,1,1.0,8.235294117647058,6.752941176470588,1.6,2.2,165.0,3,8,326.0,8,15,85,18
2014,9,sutil,Adrian Sutil,sauber,Sauber,16.0,13,13.0,12.6,12.553846153846154,16.6,16.4,0.0,0,0,0.0,0,0,65,13
2014,9,vergne,Jean-Éric Vergne,toro_rosso,Toro Rosso,10.0,10,20.0,14.72340425531915,14.446808510638299,15.8,11.0,8.0,0,0,14.0,0,0,47,10
2014,9,vettel,Sebastian Vettel,red_bull,Red Bull,2.0,2,21.0,4.7176470588235295,2.8823529411764706,10.6,6.6,60.0,0,2,158.0,1,6,85,5
2014,10,alonso,Fernando Alonso,ferrari,Ferrari,7.0,7,6.0,5.034883720930233,5.976744186046512,5.4,8.4,87.0,0,1,106.0,0,1,86,5
2014,10,bottas,Valtteri Bottas,williams,Williams,2.0,2,2.0,11.964285714285714,12.964285714285714,6.6,8.0,73.0,0,2,103.0,0,2,28,2
2014,10,button,Jenson Button,mclaren,McLaren,11.0,11,4.0,7.348837209302325,7.383720930232558,7.2,8.8,55.0,0,1,90.0,0,2,86,8
2014,10,chilton,Max Chilton,marussia,Marussia,21.0,21,16.0,17.571428571428573,20.392857142857142,17.4,18.0,0.0,0,0,2.0,0,0,28,17
2014,10,ericsson,Marcus Ericsson,caterham,Caterham,22.0,22,19.0,17.666666666666668,21.0,17.6,21.2,0.0,0,0,0.0,0,0,9,18
2014,10,grosjean,Romain Grosjean,lotus_f1,Lotus F1,15.0,14,12.0,11.53191489361702,9.02127659574468,11.4,12.0,8.0,0,0,8.0,0,0,47,21
2014,10,gutierrez,Esteban Gutiérrez,sauber,Sauber,14.0,16,20.0,14.892857142857142,15.964285714285714,16.8,17.0,0.0,0,0,0.0,0,0,28,14
2014,10,hamilton,Lewis Hamilton,mercedes,Mercedes,16.0,20,1.0,6.976744186046512,3.5232558139534884,4.6,4.0,161.0,5,7,326.0,8,15,86,3
2014,10,hulkenberg,Nico Hülkenberg,force_india,Force India,9.0,9,8.0,11.373134328358208,10.303030303030303,7.4,9.4,63.0,0,0,91.0,0,1,67,7
2014,10,jules_bianchi,Jules Bianchi,marussia,Marussia,18.0,17,14.0,17.142857142857142,19.392857142857142,15.6,17.6,2.0,0,0,2.0,0,0,28,15
2014,10,kevin_magnussen,Kevin Magnussen,mclaren,McLaren,4.0,4,7.0,9.666666666666666,9.11111111111111,9.0,9.2,35.0,0,1,94.0,0,2,9,9
2014,10,kobayashi,Kamui Kobayashi,caterham,Caterham,20.0,19,15.0,13.686567164179104,13.924242424242424,16.6,20.8,0.0,0,0,0.0,0,0,67,16
2014,10,kvyat,Daniil Kvyat,toro_rosso,Toro Rosso,8.0,8,9.0,13.333333333333334,10.88888888888889,16.0,10.6,6.0,0,0,15.0,0,0,9,20
2014,10,maldonado,Pastor Maldonado,lotus_f1,Lotus F1,19.0,18,17.0,15.388059701492537,13.686567164179104,17.0,16.6,0.0,0,0,8.0,0,0,67,12
2014,10,massa,Felipe Massa,williams,Williams,3.0,3,21.0,8.779069767441861,8.093023255813954,11.4,9.8,30.0,0,0,121.0,0,3,86,22
2014,10,perez,Sergio Pérez,force_india,Force India,10.0,10,11.0,12.242424242424242,11.96923076923077,11.6,10.6,28.0,0,1,97.0,0,1,66,10
2014,10,raikkonen,Kimi Räikkönen,ferrari,Ferrari,12.0,12,22.0,6.956521739130435,7.869565217391305,12.2,10.0,19.0,0,0,116.0,0,1,46,11
2014,10,ricciardo,Daniel Ricciardo,red_bull,Red Bull,5.0,5,3.0,13.152542372881356,13.35593220338983,3.6,5.0,98.0,1,4,168.0,1,6,59,6
2014,10,rosberg,Nico Rosberg,mercedes,Mercedes,1.0,1,18.0,8.348837209302326,6.686046511627907,4.8,1.6,165.0,3,8,341.0,8,16,86,1
2014,10,sutil,Adrian Sutil,sauber,Sauber,17.0,15,13.0,12.606060606060606,12.606060606060606,14.8,16.8,0.0,0,0,0.0,0,0,66,19
2014,10,vergne,Jean-Éric Vergne,toro_rosso,Toro Rosso,13.0,13,10.0,14.625,14.354166666666666,15.4,11.2,9.0,0,0,15.0,0,0,48,13
2014,10,vettel,Sebastian Vettel,red_bull,Red Bull,6.0,6,5.0,4.72093023255814,2.872093023255814,10.6,6.4,70.0,0,2,176.0,1,6,86,4
2014,11,alonso,Fernando Alonso,ferrari,Ferrari,5.0,5,5.0,5.0344827586206895,5.988505747126437,5.2,8.4,97.0,0,1,116.0,0,1,87,2
2014,11,bottas,Valtteri Bottas,williams,Williams,3.0,3,2.0,11.620689655172415,12.586206896551724,6.0,7.6,91.0,0,3,121.0,0,3,29,8
2014,11,button,Jenson Button,mclaren,McLaren,7.0,7,8.0,7.35632183908046,7.425287356321839,6.6,9.4,59.0,0,1,96.0,0,2,87,10
2014,11,chilton,Max Chilton,marussia,Marussia,19.0,18,17.0,17.551724137931036,20.413793103448278,17.0,18.6,0.0,0,0,2.0,0,0,29,16
2014,11,ericsson,Marcus Ericsson,caterham,Caterham,20.0,19,18.0,17.7,21.1,17.2,21.6,0.0,0,0,0.0,0,0,10,22
2014,11,grosjean,Romain Grosjean,lotus_f1,Lotus F1,15.0,14,21.0,11.729166666666666,9.145833333333334,14.0,14.0,8.0,0,0,8.0,0,0,48,21
2014,11,gutierrez,Esteban Gutiérrez,sauber,Sauber,14.0,13,14.0,14.862068965517242,15.89655172413793,16.4,17.0,0.0,0,0,0.0,0,0,29,17
2014,11,hamilton,Lewis Hamilton,mercedes,Mercedes,21.0,22,3.0,6.931034482758621,3.6666666666666665,5.0,7.0,176.0,5,8,366.0,9,17,87,3
2014,11,hulkenberg,Nico Hülkenberg,force_india,Force India,9.0,9,7.0,11.308823529411764,10.283582089552239,6.8,9.0,69.0,0,0,98.0,0,1,68,20
2014,11,jules_bianchi,Jules Bianchi,marussia,Marussia,16.0,15,15.0,17.06896551724138,19.344827586206897,15.0,17.4,2.0,0,0,2.0,0,0,29,15
2014,11,kevin_magnussen,Kevin Magnussen,mclaren,McLaren,10.0,21,9.0,9.6,8.6,8.4,7.0,37.0,0,1,97.0,0,2,10,12
2014,11,kobayashi,Kamui Kobayashi,caterham,Caterham,18.0,17,16.0,13.720588235294118,14.014925373134329,15.6,20.6,0.0,0,0,0.0,0,0,68,18
2014,11,kvyat,Daniil Kvyat,toro_rosso,Toro Rosso,11.0,10,20.0,14.0,10.6,17.2,9.6,6.0,0,0,15.0,0,0,10,14
2014,11,maldonado,Pastor Maldonado,lotus_f1,Lotus F1,22.0,20,12.0,15.338235294117647,13.764705882352942,16.4,16.0,0.0,0,0,8.0,0,0,68,13
2014,11,massa,Felipe Massa,williams,Williams,6.0,6,22.0,8.931034482758621,8.03448275862069,13.2,8.6,30.0,0,0,125.0,0,3,87,5
2014,11,perez,Sergio Pérez,force_india,Force India,13.0,12,10.0,12.208955223880597,11.93939393939394,11.8,10.2,29.0,0,1,98.0,0,1,67,19
2014,11,raikkonen,Kimi Räikkönen,ferrari,Ferrari,17.0,16,11.0,7.042553191489362,7.957446808510638,13.0,11.2,19.0,0,0,134.0,0,2,47,6
2014,11,ricciardo,Daniel Ricciardo,red_bull,Red Bull,4.0,4,6.0,13.033333333333333,13.216666666666667,4.2,5.4,106.0,1,4,188.0,1,6,60,1
2014,11,rosberg,Nico Rosberg,mercedes,Mercedes,1.0,1,1.0,8.264367816091953,6.620689655172414,4.6,1.4,190.0,4,9,381.0,9,18,87,4
2014,11,sutil,Adrian Sutil,sauber,Sauber,12.0,11,19.0,12.701492537313433,12.671641791044776,15.2,16.8,0.0,0,0,0.0,0,0,67,11
2014,11,vergne,Jean-Éric Vergne,toro_rosso,Toro Rosso,8.0,8,13.0,14.591836734693878,14.326530612244898,13.6,10.6,9.0,0,0,15.0,0,0,49,9
2014,11,vettel,Sebastian Vettel,red_bull,Red Bull,2.0,2,4.0,4.712643678160919,2.9080459770114944,10.6,5.6,82.0,0,2,213.0,2,7,87,7
2014,12,alonso,Fernando Alonso,ferrari,Ferrari,4.0,4,2.0,5.0,5.9772727272727275,4.8,8.4,115.0,0,2,142.0,0,2,88,7
2014,12,bottas,Valtteri Bottas,williams,Williams,6.0,6,8.0,11.5,12.266666666666667,4.4,5.6,95.0,0,3,135.0,0,3,30,3
2014,12,button,Jenson Button,mclaren,McLaren,10.0,10,10.0,7.386363636363637,7.420454545454546,7.4,8.4,60.0,0,1,97.0,0,2,88,6
2014,12,chilton,Max Chilton,marussia,Marussia,19.0,19,16.0,17.5,20.366666666666667,17.4,18.4,0.0,0,0,2.0,0,0,30,16
2014,12,ericsson,Marcus Ericsson,caterham,Caterham,22.0,22,22.0,18.09090909090909,21.0,19.4,21.2,0.0,0,0,0.0,0,0,11,17
2014,12,grosjean,Romain Grosjean,lotus_f1,Lotus F1,15.0,15,21.0,11.918367346938776,9.26530612244898,16.6,14.2,8.0,0,0,8.0,0,0,49,20
2014,12,gutierrez,Esteban Gutiérrez,sauber,Sauber,20.0,20,17.0,14.933333333333334,15.833333333333334,16.8,16.4,0.0,0,0,0.0,0,0,30,15
2014,12,hamilton,Lewis Hamilton,mercedes,Mercedes,2.0,2,3.0,6.886363636363637,3.8636363636363638,5.2,10.8,191.0,5,9,393.0,9,18,88,19
2014,12,hulkenberg,Nico Hülkenberg,force_india,Force India,18.0,18,20.0,11.434782608695652,10.264705882352942,9.8,8.6,69.0,0,0,98.0,0,1,69,10
2014,12,jules_bianchi,Jules Bianchi,marussia,Marussia,16.0,16,15.0,17.0,19.233333333333334,16.2,16.8,2.0,0,0,2.0,0,0,30,18
2014,12,kevin_magnussen,Kevin Magnussen,mclaren,McLaren,7.0,7,12.0,9.818181818181818,8.727272727272727,8.8,7.4,37.0,0,1,105.0,0,2,11,12
2014,12,kvyat,Daniil Kvyat,toro_rosso,Toro Rosso,11.0,11,14.0,14.0,10.636363636363637,16.2,10.0,6.0,0,0,17.0,0,0,11,9
2014,12,lotterer,André Lotterer,caterham,Caterham,21.0,21,20.0,20.0,20.0,20.0,20.0,0.0,0,0,0.0,0,0,0,22
2014,12,maldonado,Pastor Maldonado,lotus_f1,Lotus F1,17.0,17,13.0,15.304347826086957,13.884057971014492,14.6,17.4,0.0,0,0,8.0,0,0,69,21
2014,12,massa,Felipe Massa,williams,Williams,9.0,9,5.0,8.886363636363637,8.011363636363637,12.8,6.6,40.0,0,0,150.0,0,4,88,13
2014,12,perez,Sergio Pérez,force_india,Force India,13.0,13,19.0,12.308823529411764,11.955223880597014,11.4,10.8,29.0,0,1,99.0,0,1,68,8
2014,12,raikkonen,Kimi Räikkönen,ferrari,Ferrari,8.0,8,6.0,7.020833333333333,8.145833333333334,11.8,13.4,27.0,0,0,148.0,0,2,48,4
2014,12,ricciardo,Daniel Ricciardo,red_bull,Red Bull,5.0,5,1.0,12.836065573770492,13.065573770491802,3.8,5.6,131.0,2,5,219.0,2,7,61,1
2014,12,rosberg,Nico Rosberg,mercedes,Mercedes,1.0,1,4.0,8.215909090909092,6.556818181818182,5.2,1.4,202.0,4,9,393.0,9,18,88,2
2014,12,sutil,Adrian Sutil,sauber,Sauber,14.0,14,11.0,12.676470588235293,12.661764705882353,13.8,15.6,0.0,0,0,0.0,0,0,68,14
2014,12,vergne,Jean-Éric Vergne,toro_rosso,Toro Rosso,12.0,12,9.0,14.48,14.2,12.0,10.8,11.0,0,0,19.0,0,0,50,11
2014,12,vettel,Sebastian Vettel,red_bull,Red Bull,3.0,3,7.0,4.738636363636363,2.897727272727273,8.0,5.2,88.0,0,2,244.0,3,8,88,5
2014,13,alonso,Fernando Alonso,ferrari,Ferrari,7.0,7,7.0,5.022471910112359,5.955056179775281,5.0,7.8,121.0,0,2,160.0,0,2,89,21
2014,13,bottas,Valtteri Bottas,williams,Williams,3.0,3,3.0,11.225806451612904,12.064516129032258,3.6,6.0,110.0,0,4,150.0,0,4,31,4
2014,13,button,Jenson Button,mclaren,McLaren,6.0,6,6.0,7.370786516853933,7.449438202247191,7.8,8.6,68.0,0,1,105.0,0,2,89,8
2014,13,chilton,Max Chilton,marussia,Marussia,21.0,20,16.0,17.451612903225808,20.322580645161292,16.4,18.6,0.0,0,0,2.0,0,0,31,22
2014,13,ericsson,Marcus Ericsson,caterham,Caterham,22.0,22,17.0,18.0,21.083333333333332,18.8,21.4,0.0,0,0,0.0,0,0,12,20
2014,13,grosjean,Romain Grosjean,lotus_f1,Lotus F1,18.0,17,20.0,12.08,9.38,17.6,14.4,8.0,0,0,8.0,0,0,50,16
2014,13,gutierrez,Esteban Gutiérrez,sauber,Sauber,16.0,15,15.0,14.935483870967742,15.96774193548387,17.0,16.0,0.0,0,0,0.0,0,0,31,19
2014,13,hamilton,Lewis Hamilton,mercedes,Mercedes,1.0,1,19.0,7.022471910112359,3.842696629213483,5.6,10.8,191.0,5,9,411.0,9,19,89,1
2014,13,hulkenberg,Nico Hülkenberg,force_india,Force India,14.0,13,10.0,11.414285714285715,10.376811594202898,10.8,10.0,70.0,0,0,103.0,0,1,70,12
2014,13,jules_bianchi,Jules Bianchi,marussia,Marussia,20.0,19,18.0,17.032258064516128,19.129032258064516,15.4,16.2,2.0,0,0,2.0,0,0,31,18
2014,13,kevin_magnussen,Kevin Magnussen,mclaren,McLaren,5.0,5,12.0,10.0,8.583333333333334,9.4,6.4,37.0,0,1,109.0,0,2,12,10
2014,13,kobayashi,Kamui Kobayashi,caterham,Caterham,19.0,18,18.0,13.782608695652174,14.073529411764707,16.6,20.0,0.0,0,0,0.0,0,0,69,17
2014,13,kvyat,Daniil Kvyat,toro_rosso,Toro Rosso,11.0,21,9.0,13.583333333333334,10.666666666666666,14.8,9.2,8.0,0,0,19.0,0,0,12,11
2014,13,maldonado,Pastor Maldonado,lotus_f1,Lotus F1,17.0,16,21.0,15.385714285714286,13.928571428571429,15.0,17.4,0.0,0,0,8.0,0,0,70,14
2014,13,massa,Felipe Massa,williams,Williams,4.0,4,13.0,8.932584269662922,8.02247191011236,13.0,7.4,40.0,0,0,162.0,0,4,89,3
2014,13,perez,Sergio Pérez,force_india,Force India,10.0,10,8.0,12.246376811594203,11.970588235294118,10.8,10.8,33.0,0,1,103.0,0,1,69,7
2014,13,raikkonen,Kimi Räikkönen,ferrari,Ferrari,12.0,11,4.0,6.959183673469388,8.142857142857142,10.6,13.0,39.0,0,0,160.0,0,2,49,9
2014,13,ricciardo,Daniel Ricciardo,red_bull,Red Bull,9.0,9,1.0,12.64516129032258,12.935483870967742,3.8,5.4,156.0,3,6,254.0,3,8,62,5
2014,13,rosberg,Nico Rosberg,mercedes,Mercedes,2.0,2,2.0,8.146067415730338,6.49438202247191,5.2,1.4,220.0,4,10,436.0,10,20,89,2
2014,13,sutil,Adrian Sutil,sauber,Sauber,15.0,14,14.0,12.695652173913043,12.681159420289855,14.0,15.2,0.0,0,0,0.0,0,0,69,15
2014,13,vergne,Jean-Éric Vergne,toro_rosso,Toro Rosso,13.0,12,11.0,14.411764705882353,14.156862745098039,12.6,11.6,11.0,0,0,19.0,0,0,51,13
2014,13,vettel,Sebastian Vettel,red_bull,Red Bull,8.0,8,5.0,4.741573033707865,2.898876404494382,8.4,5.2,98.0,0,2,264.0,3,8,89,6
2014,14,alonso,Fernando Alonso,ferrari,Ferrari,5.0,5,21.0,5.2,5.966666666666667,8.2,8.4,121.0,0,2,162.0,0,2,90,4
2014,14,bottas,Valtteri Bottas,williams,Williams,8.0,8,4.0,11.0,11.78125,3.8,6.2,122.0,0,4,177.0,0,5,32,11
2014,14,button,Jenson Button,mclaren,McLaren,11.0,11,8.0,7.377777777777778,7.433333333333334,7.2,7.4,72.0,0,1,110.0,0,2,90,18
2014,14,chilton,Max Chilton,marussia,Marussia,21.0,21,22.0,17.59375,20.34375,17.4,18.6,0.0,0,0,2.0,0,0,32,17
2014,14,ericsson,Marcus Ericsson,caterham,Caterham,22.0,22,20.0,18.153846153846153,21.153846153846153,19.2,21.4,0.0,0,0,0.0,0,0,13,15
2014,14,grosjean,Romain Grosjean,lotus_f1,Lotus F1,16.0,16,16.0,12.156862745098039,9.549019607843137,18.0,14.8,8.0,0,0,8.0,0,0,51,13
2014,14,gutierrez,Esteban Gutiérrez,sauber,Sauber,14.0,14,19.0,15.0625,15.96875,17.0,15.6,0.0,0,0,0.0,0,0,32,20
2014,14,hamilton,Lewis Hamilton,mercedes,Mercedes,1.0,1,1.0,6.955555555555556,3.811111111111111,5.4,9.2,216.0,6,10,454.0,10,21,90,1
2014,14,hulkenberg,Nico Hülkenberg,force_india,Force India,13.0,13,12.0,11.422535211267606,10.428571428571429,11.4,10.8,70.0,0,0,109.0,0,1,71,9
2014,14,jules_bianchi,Jules Bianchi,marussia,Marussia,19.0,19,18.0,17.0625,19.15625,16.0,16.4,2.0,0,0,2.0,0,0,32,16
2014,14,kevin_magnussen,Kevin Magnussen,mclaren,McLaren,9.0,9,10.0,10.0,8.307692307692308,10.0,6.2,38.0,0,1,110.0,0,2,13,10
2014,14,kobayashi,Kamui Kobayashi,caterham,Caterham,20.0,20,17.0,13.82857142857143,14.144927536231885,16.4,19.8,0.0,0,0,0.0,0,0,70,22
2014,14,kvyat,Daniil Kvyat,toro_rosso,Toro Rosso,10.0,10,11.0,13.384615384615385,10.692307692307692,12.6,10.0,8.0,0,0,19.0,0,0,13,14
2014,14,maldonado,Pastor Maldonado,lotus_f1,Lotus F1,18.0,18,14.0,15.366197183098592,13.971830985915492,15.4,18.0,0.0,0,0,8.0,0,0,71,12
2014,14,massa,Felipe Massa,williams,Williams,6.0,6,3.0,8.866666666666667,7.977777777777778,12.8,8.0,55.0,0,1,177.0,0,5,90,5
2014,14,perez,Sergio Pérez,force_india,Force India,15.0,15,7.0,12.17142857142857,11.942028985507246,11.0,10.6,39.0,0,1,111.0,0,1,70,7
2014,14,raikkonen,Kimi Räikkönen,ferrari,Ferrari,7.0,7,9.0,7.0,8.22,10.4,13.8,41.0,0,0,174.0,0,2,50,8
2014,14,ricciardo,Daniel Ricciardo,red_bull,Red Bull,3.0,3,5.0,12.523809523809524,12.873015873015873,3.2,6.2,166.0,3,6,272.0,3,8,63,3
2014,14,rosberg,Nico Rosberg,mercedes,Mercedes,2.0,2,2.0,8.077777777777778,6.444444444444445,5.4,1.2,238.0,4,11,479.0,11,22,90,21
2014,14,sutil,Adrian Sutil,sauber,Sauber,17.0,17,15.0,12.728571428571428,12.714285714285714,14.4,14.8,0.0,0,0,0.0,0,0,70,19
2014,14,vergne,Jean-Éric Vergne,toro_rosso,Toro Rosso,12.0,12,13.0,14.384615384615385,14.134615384615385,11.2,11.2,11.0,0,0,19.0,0,0,52,6
2014,14,vettel,Sebastian Vettel,red_bull,Red Bull,4.0,4,6.0,4.7555555555555555,2.9555555555555557,5.4,4.2,106.0,0,2,287.0,3,9,90,2
2014,15,alonso,Fernando Alonso,ferrari,Ferrari,5.0,5,4.0,5.186813186813187,5.956043956043956,7.8,5.6,133.0,0,2,178.0,0,2,91,22
2014,15,bottas,Valtteri Bottas,williams,Williams,3.0,3,11.0,11.0,11.666666666666666,5.6,4.4,122.0,0,4,187.0,0,5,33,6
2014,15,button,Jenson Button,mclaren,McLaren,8.0,8,18.0,7.4945054945054945,7.472527472527473,10.0,9.0,72.0,0,1,111.0,0,2,91,5
2014,15,chilton,Max Chilton,marussia,Marussia,22.0,21,17.0,17.575757575757574,20.363636363636363,17.6,20.2,0.0,0,0,2.0,0,0,33,18
2014,15,ericsson,Marcus Ericsson,caterham,Caterham,19.0,17,15.0,17.928571428571427,21.214285714285715,18.4,21.6,0.0,0,0,0.0,0,0,14,17
2014,15,grosjean,Romain Grosjean,lotus_f1,Lotus F1,18.0,16,13.0,12.173076923076923,9.673076923076923,18.2,15.8,8.0,0,0,8.0,0,0,52,15
2014,15,gutierrez,Esteban Gutiérrez,sauber,Sauber,16.0,15,20.0,15.212121212121213,15.909090909090908,17.0,15.6,0.0,0,0,0.0,0,0,33,13
2014,15,hamilton,Lewis Hamilton,mercedes,Mercedes,2.0,2,1.0,6.8901098901098905,3.78021978021978,5.4,8.2,241.0,7,11,479.0,11,22,91,1
2014,15,hulkenberg,Nico Hülkenberg,force_india,Force India,14.0,13,9.0,11.38888888888889,10.464788732394366,11.6,12.6,72.0,0,0,117.0,0,1,72,8
2014,15,jules_bianchi,Jules Bianchi,marussia,Marussia,20.0,18,16.0,17.03030303030303,19.151515151515152,16.4,17.8,2.0,0,0,2.0,0,0,33,20
2014,15,kevin_magnussen,Kevin Magnussen,mclaren,McLaren,7.0,7,10.0,10.0,8.357142857142858,10.6,7.0,39.0,0,1,121.0,0,2,14,14
2014,15,kobayashi,Kamui Kobayashi,caterham,Caterham,21.0,19,22.0,13.943661971830986,14.228571428571428,17.6,19.8,0.0,0,0,0.0,0,0,71,19
2014,15,kvyat,Daniil Kvyat,toro_rosso,Toro Rosso,13.0,12,14.0,13.428571428571429,10.642857142857142,13.6,10.2,8.0,0,0,27.0,0,0,14,11
2014,15,maldonado,Pastor Maldonado,lotus_f1,Lotus F1,17.0,22,12.0,15.319444444444445,14.027777777777779,14.4,18.6,0.0,0,0,8.0,0,0,72,16
2014,15,massa,Felipe Massa,williams,Williams,4.0,4,5.0,8.824175824175825,7.956043956043956,9.6,5.6,65.0,0,1,195.0,0,5,91,7
2014,15,perez,Sergio Pérez,force_india,Force India,12.0,11,7.0,12.098591549295774,11.985714285714286,10.2,12.2,45.0,0,1,121.0,0,1,71,10
2014,15,raikkonen,Kimi Räikkönen,ferrari,Ferrari,10.0,10,8.0,7.019607843137255,8.196078431372548,7.6,11.2,45.0,0,0,178.0,0,2,51,12
2014,15,ricciardo,Daniel Ricciardo,red_bull,Red Bull,6.0,6,3.0,12.375,12.71875,3.2,5.2,181.0,3,7,305.0,3,10,64,4
2014,15,rosberg,Nico Rosberg,mercedes,Mercedes,1.0,1,21.0,8.219780219780219,6.395604395604396,6.0,1.4,238.0,4,11,504.0,12,23,91,2
2014,15,sutil,Adrian Sutil,sauber,Sauber,15.0,14,19.0,12.816901408450704,12.774647887323944,15.6,15.0,0.0,0,0,0.0,0,0,71,21
2014,15,vergne,Jean-Éric Vergne,toro_rosso,Toro Rosso,11.0,20,6.0,14.226415094339623,14.09433962264151,10.4,11.6,19.0,0,0,27.0,0,0,53,9
2014,15,vettel,Sebastian Vettel,red_bull,Red Bull,9.0,9,2.0,4.725274725274725,2.967032967032967,4.8,4.6,124.0,0,3,317.0,3,10,91,3
2014,16,alonso,Fernando Alonso,ferrari,Ferrari,8.0,7,22.0,5.369565217391305,5.945652173913044,11.2,5.2,133.0,0,2,178.0,0,2,92,6
2014,16,bottas,Valtteri Bottas,williams,Williams,3.0,3,6.0,10.852941176470589,11.411764705882353,6.4,4.6,130.0,0,4,201.0,0,5,34,3
2014,16,button,Jenson Button,mclaren,McLaren,4.0,4,5.0,7.467391304347826,7.478260869565218,9.4,8.4,82.0,0,1,121.0,0,2,92,4
2014,16,chilton,Max Chilton,marussia,Marussia,21.0,20,18.0,17.58823529411765,20.41176470588235,17.8,20.4,0.0,0,0,2.0,0,0,34,21
2014,16,ericsson,Marcus Ericsson,caterham,Caterham,17.0,16,17.0,17.866666666666667,21.066666666666666,18.2,21.0,0.0,0,0,0.0,0,0,15,19
2014,16,grosjean,Romain Grosjean,lotus_f1,Lotus F1,16.0,15,15.0,12.226415094339623,9.830188679245284,17.0,16.4,8.0,0,0,8.0,0,0,53,17
2014,16,gutierrez,Esteban Gutiérrez,sauber,Sauber,14.0,13,13.0,15.147058823529411,15.911764705882353,16.8,16.0,0.0,0,0,0.0,0,0,34,15
2014,16,hamilton,Lewis Hamilton,mercedes,Mercedes,1.0,1,1.0,6.826086956521739,3.760869565217391,5.0,5.4,266.0,8,12,522.0,12,24,92,1
2014,16,hulkenberg,Nico Hülkenberg,force_india,Force India,12.0,17,8.0,11.342465753424657,10.51388888888889,11.8,13.6,76.0,0,0,122.0,0,1,73,12
2014,16,kevin_magnussen,Kevin Magnussen,mclaren,McLaren,6.0,11,14.0,10.266666666666667,8.266666666666667,11.6,7.6,39.0,0,1,133.0,0,2,15,5
2014,16,kobayashi,Kamui Kobayashi,caterham,Caterham,19.0,19,19.0,14.01388888888889,14.32394366197183,18.4,19.6,0.0,0,0,0.0,0,0,72,20
2014,16,kvyat,Daniil Kvyat,toro_rosso,Toro Rosso,5.0,5,11.0,13.266666666666667,10.8,11.8,11.2,8.0,0,0,29.0,0,0,15,14
2014,16,maldonado,Pastor Maldonado,lotus_f1,Lotus F1,20.0,21,16.0,15.32876712328767,14.068493150684931,15.2,18.2,0.0,0,0,8.0,0,0,73,18
2014,16,massa,Felipe Massa,williams,Williams,18.0,18,7.0,8.804347826086957,7.913043478260869,6.6,5.8,71.0,0,1,216.0,0,6,92,11
2014,16,perez,Sergio Pérez,force_india,Force India,13.0,12,10.0,12.069444444444445,11.985915492957746,10.2,12.6,46.0,0,1,122.0,0,1,72,10
2014,16,raikkonen,Kimi Räikkönen,ferrari,Ferrari,9.0,8,12.0,7.115384615384615,8.23076923076923,7.8,10.8,45.0,0,0,186.0,0,2,52,9
2014,16,ricciardo,Daniel Ricciardo,red_bull,Red Bull,7.0,6,4.0,12.246153846153845,12.615384615384615,2.8,5.4,193.0,3,7,332.0,3,11,65,7
2014,16,rosberg,Nico Rosberg,mercedes,Mercedes,2.0,2,2.0,8.152173913043478,6.336956521739131,6.2,1.4,256.0,4,12,547.0,13,25,92,2
2014,16,sutil,Adrian Sutil,sauber,Sauber,15.0,14,21.0,12.930555555555555,12.805555555555555,16.0,14.6,0.0,0,0,0.0,0,0,72,16
2014,16,vergne,Jean-Éric Vergne,toro_rosso,Toro Rosso,10.0,9,9.0,14.12962962962963,14.037037037037036,9.6,11.2,21.0,0,0,29.0,0,0,54,13
2014,16,vettel,Sebastian Vettel,red_bull,Red Bull,11.0,10,3.0,4.706521739130435,3.032608695652174,4.6,5.2,139.0,0,4,338.0,3,11,92,8
2014,17,alonso,Fernando Alonso,ferrari,Ferrari,6.0,6,6.0,5.376344086021505,5.967741935483871,12.0,5.8,141.0,0,2,188.0,0,2,93,6
2014,17,bottas,Valtteri Bottas,williams,Williams,3.0,3,3.0,10.628571428571428,11.17142857142857,5.4,4.6,145.0,0,5,216.0,0,6,35,5
2014,17,button,Jenson Button,mclaren,McLaren,7.0,12,4.0,7.43010752688172,7.440860215053763,8.2,7.8,94.0,0,1,143.0,0,2,93,12
2014,17,grosjean,Romain Grosjean,lotus_f1,Lotus F1,18.0,16,17.0,12.314814814814815,9.944444444444445,16.2,16.6,8.0,0,0,8.0,0,0,54,11
2014,17,gutierrez,Esteban Gutiérrez,sauber,Sauber,16.0,15,15.0,15.142857142857142,15.857142857142858,16.4,16.0,0.0,0,0,0.0,0,0,35,14
2014,17,hamilton,Lewis Hamilton,mercedes,Mercedes,2.0,2,1.0,6.763440860215054,3.7311827956989245,4.6,1.4,291.0,9,13,565.0,13,26,93,1
2014,17,hulkenberg,Nico Hülkenberg,force_india,Force India,13.0,13,12.0,11.35135135135135,10.534246575342467,10.2,14.2,76.0,0,0,123.0,0,1,74,16
2014,17,kevin_magnussen,Kevin Magnussen,mclaren,McLaren,8.0,7,5.0,9.9375,8.125,10.2,6.8,49.0,0,1,143.0,0,2,16,8
2014,17,kvyat,Daniil Kvyat,toro_rosso,Toro Rosso,14.0,17,14.0,13.3125,10.4375,11.8,10.0,8.0,0,0,29.0,0,0,16,15
2014,17,maldonado,Pastor Maldonado,lotus_f1,Lotus F1,11.0,10,18.0,15.364864864864865,14.14864864864865,16.2,17.8,0.0,0,0,8.0,0,0,74,9
2014,17,massa,Felipe Massa,williams,Williams,4.0,4,11.0,8.827956989247312,8.021505376344086,7.8,8.2,71.0,0,1,226.0,0,6,93,4
2014,17,perez,Sergio Pérez,force_india,Force India,12.0,11,10.0,12.04109589041096,12.0,8.4,12.6,47.0,0,1,123.0,0,1,73,17
2014,17,raikkonen,Kimi Räikkönen,ferrari,Ferrari,9.0,8,9.0,7.150943396226415,8.245283018867925,8.4,9.2,47.0,0,0,196.0,0,2,53,13
2014,17,ricciardo,Daniel Ricciardo,red_bull,Red Bull,5.0,5,7.0,12.166666666666666,12.530303030303031,4.0,6.0,199.0,3,7,342.0,3,11,66,3
2014,17,rosberg,Nico Rosberg,mercedes,Mercedes,1.0,1,2.0,8.086021505376344,6.290322580645161,5.8,1.6,274.0,4,13,590.0,14,27,93,2
2014,17,sutil,Adrian Sutil,sauber,Sauber,10.0,9,16.0,12.972602739726028,12.835616438356164,17.0,15.2,0.0,0,0,0.0,0,0,73,18
2014,17,vergne,Jean-Éric Vergne,toro_rosso,Toro Rosso,15.0,14,13.0,14.10909090909091,13.963636363636363,10.4,11.6,21.0,0,0,29.0,0,0,55,10
2014,17,vettel,Sebastian Vettel,red_bull,Red Bull,17.0,18,8.0,4.741935483870968,3.118279569892473,4.8,7.0,143.0,0,4,357.0,3,12,93,7
2014,18,alonso,Fernando Alonso,ferrari,Ferrari,8.0,8,6.0,5.382978723404255,5.968085106382978,11.8,6.2,149.0,0,2,196.0,0,2,94,6
2014,18,bottas,Valtteri Bottas,williams,Williams,4.0,4,5.0,10.472222222222221,10.944444444444445,5.8,4.0,155.0,0,5,238.0,0,6,36,10
2014,18,button,Jenson Button,mclaren,McLaren,5.0,5,12.0,7.4787234042553195,7.4361702127659575,9.4,7.2,94.0,0,1,147.0,0,2,94,4
2014,18,grosjean,Romain Grosjean,lotus_f1,Lotus F1,15.0,14,11.0,12.290909090909091,10.090909090909092,14.4,17.2,8.0,0,0,10.0,0,0,55,17
2014,18,gutierrez,Esteban Gutiérrez,sauber,Sauber,11.0,11,14.0,15.11111111111111,15.86111111111111,16.2,15.2,0.0,0,0,0.0,0,0,36,14
2014,18,hamilton,Lewis Hamilton,mercedes,Mercedes,2.0,2,1.0,6.702127659574468,3.7127659574468086,1.0,1.4,316.0,10,14,608.0,14,28,94,2
2014,18,hulkenberg,Nico Hülkenberg,force_india,Force India,12.0,12,16.0,11.413333333333334,10.567567567567568,11.4,13.2,76.0,0,0,123.0,0,1,75,8
2014,18,kevin_magnussen,Kevin Magnussen,mclaren,McLaren,7.0,7,8.0,9.823529411764707,8.117647058823529,9.4,7.0,53.0,0,1,159.0,0,2,17,9
2014,18,kvyat,Daniil Kvyat,toro_rosso,Toro Rosso,14.0,17,15.0,13.411764705882353,10.647058823529411,13.0,10.6,8.0,0,0,30.0,0,0,17,11
2014,18,maldonado,Pastor Maldonado,lotus_f1,Lotus F1,18.0,16,9.0,15.28,14.106666666666667,13.8,16.6,2.0,0,0,10.0,0,0,75,12
2014,18,massa,Felipe Massa,williams,Williams,3.0,3,4.0,8.77659574468085,7.9787234042553195,6.0,7.2,83.0,0,1,239.0,0,6,94,3
2014,18,perez,Sergio Pérez,force_india,Force India,17.0,18,17.0,12.108108108108109,12.0,10.2,12.4,47.0,0,1,127.0,0,1,74,15
2014,18,raikkonen,Kimi Räikkönen,ferrari,Ferrari,10.0,10,13.0,7.2592592592592595,8.25925925925926,10.2,9.4,47.0,0,0,204.0,0,2,54,7
2014,18,ricciardo,Daniel Ricciardo,red_bull,Red Bull,9.0,9,3.0,12.029850746268657,12.417910447761194,4.4,6.0,214.0,3,8,363.0,3,12,67,18
2014,18,rosberg,Nico Rosberg,mercedes,Mercedes,1.0,1,2.0,8.02127659574468,6.23404255319149,5.8,1.6,292.0,4,14,626.0,14,29,94,1
2014,18,sutil,Adrian Sutil,sauber,Sauber,13.0,13,18.0,13.04054054054054,12.797297297297296,17.8,14.4,0.0,0,0,0.0,0,0,74,16
2014,18,vergne,Jean-Éric Vergne,toro_rosso,Toro Rosso,16.0,15,10.0,14.035714285714286,13.982142857142858,10.2,12.2,22.0,0,0,30.0,0,0,56,13
2014,18,vettel,Sebastian Vettel,red_bull,Red Bull,6.0,6,7.0,4.76595744680851,3.265957446808511,5.2,9.8,149.0,0,4,363.0,3,12,94,5
2014,19,alonso,Fernando Alonso,ferrari,Ferrari,8.0,8,6.0,5.389473684210526,5.989473684210527,8.8,6.4,157.0,0,2,210.0,0,2,95,9
2014,19,bottas,Valtteri Bottas,williams,Williams,3.0,3,10.0,10.45945945945946,10.756756756756756,7.0,4.2,156.0,0,5,254.0,0,7,37,3
2014,19,button,Jenson Button,mclaren,McLaren,6.0,6,4.0,7.442105263157894,7.410526315789474,8.6,7.0,106.0,0,1,161.0,0,2,95,5
2014,19,grosjean,Romain Grosjean,lotus_f1,Lotus F1,14.0,18,17.0,12.375,10.178571428571429,14.6,16.6,8.0,0,0,10.0,0,0,56,13
2014,19,gutierrez,Esteban Gutiérrez,sauber,Sauber,15.0,14,14.0,15.08108108108108,15.72972972972973,15.2,14.2,0.0,0,0,0.0,0,0,37,15
2014,19,hamilton,Lewis Hamilton,mercedes,Mercedes,2.0,2,2.0,6.652631578947369,3.694736842105263,1.2,1.6,334.0,10,15,651.0,15,30,95,1
2014,19,hulkenberg,Nico Hülkenberg,force_india,Force India,12.0,12,8.0,11.368421052631579,10.586666666666666,10.6,12.8,80.0,0,0,127.0,0,1,76,6
2014,19,kevin_magnussen,Kevin Magnussen,mclaren,McLaren,9.0,9,9.0,9.777777777777779,8.055555555555555,9.2,7.4,55.0,0,1,181.0,0,2,18,11
2014,19,kobayashi,Kamui Kobayashi,caterham,Caterham,17.0,16,20.0,14.095890410958905,14.38888888888889,19.2,19.4,0.0,0,0,0.0,0,0,73,18
2014,19,kvyat,Daniil Kvyat,toro_rosso,Toro Rosso,5.0,5,11.0,13.277777777777779,10.833333333333334,13.0,11.2,8.0,0,0,30.0,0,0,18,20
2014,19,maldonado,Pastor Maldonado,lotus_f1,Lotus F1,16.0,15,12.0,15.236842105263158,14.157894736842104,13.4,16.8,2.0,0,0,10.0,0,0,76,19
2014,19,massa,Felipe Massa,williams,Williams,4.0,4,3.0,8.715789473684211,7.926315789473684,6.0,7.0,98.0,0,2,284.0,0,8,95,2
2014,19,perez,Sergio Pérez,force_india,Force India,11.0,11,15.0,12.146666666666667,12.067567567567568,11.8,13.8,47.0,0,1,143.0,0,1,75,7
2014,19,raikkonen,Kimi Räikkönen,ferrari,Ferrari,7.0,7,7.0,7.254545454545455,8.290909090909091,9.8,9.0,53.0,0,0,214.0,0,2,55,10
2014,19,ricciardo,Daniel Ricciardo,red_bull,Red Bull,,20,18.0,12.117647058823529,12.367647058823529,7.0,6.0,214.0,3,8,373.0,3,12,68,4
2014,19,rosberg,Nico Rosberg,mercedes,Mercedes,1.0,1,1.0,7.947368421052632,6.178947368421053,5.6,1.4,317.0,5,15,701.0,16,31,95,14
2014,19,stevens,Will Stevens,caterham,Caterham,18.0,17,20.0,20.0,20.0,20.0,20.0,0.0,0,0,0.0,0,0,0,17
2014,19,sutil,Adrian Sutil,sauber,Sauber,13.0,13,16.0,13.08,12.8,18.0,14.0,0.0,0,0,0.0,0,0,75,16
2014,19,vergne,Jean-Éric Vergne,toro_rosso,Toro Rosso,10.0,10,13.0,14.017543859649123,14.017543859649123,10.2,12.8,22.0,0,0,30.0,0,0,57,12
2014,19,vettel,Sebastian Vettel,red_bull,Red Bull,,19,5.0,4.768421052631579,3.294736842105263,5.0,9.4,159.0,0,4,397.0,3,12,95,8
2015,1,bottas,Valtteri Bottas,williams,Williams,6.0,0,3.0,10.263157894736842,10.552631578947368,5.4,3.2,0.0,0,0,0.0,0,0,38,18
2015,1,button,Jenson Button,mclaren,McLaren,17.0,16,5.0,7.416666666666667,7.395833333333333,6.0,6.0,0.0,0,0,0.0,0,0,96,11
2015,1,ericsson,Marcus Ericsson,sauber,Sauber,16.0,15,19.0,17.9375,20.8125,17.6,20.4,0.0,0,0,0.0,0,0,16,8
2015,1,grosjean,Romain Grosjean,lotus_f1,Lotus F1,9.0,8,13.0,12.385964912280702,10.24561403508772,14.6,16.2,0.0,0,0,0.0,0,0,57,14
2015,1,hamilton,Lewis Hamilton,mercedes,Mercedes,1.0,1,1.0,6.59375,3.6770833333333335,1.2,1.8,0.0,0,0,0.0,0,0,96,1
2015,1,hulkenberg,Nico Hülkenberg,force_india,Force India,14.0,13,6.0,11.2987012987013,10.605263157894736,10.0,12.6,0.0,0,0,0.0,0,0,77,7
2015,1,kevin_magnussen,Kevin Magnussen,mclaren,McLaren,18.0,17,11.0,9.842105263157896,8.105263157894736,9.4,7.4,0.0,0,0,0.0,0,0,19,17
2015,1,kvyat,Daniil Kvyat,red_bull,Red Bull,13.0,12,20.0,13.631578947368421,10.526315789473685,14.2,10.2,0.0,0,0,0.0,0,0,19,16
2015,1,maldonado,Pastor Maldonado,lotus_f1,Lotus F1,10.0,9,19.0,15.285714285714286,14.181818181818182,14.8,16.4,0.0,0,0,0.0,0,0,77,15
2015,1,massa,Felipe Massa,williams,Williams,3.0,3,2.0,8.645833333333334,7.885416666666667,5.4,6.6,0.0,0,0,0.0,0,0,96,4
2015,1,max_verstappen,Max Verstappen,toro_rosso,Toro Rosso,12.0,11,20.0,20.0,20.0,20.0,20.0,0.0,0,0,0.0,0,0,0,13
2015,1,nasr,Felipe Nasr,sauber,Sauber,11.0,10,20.0,20.0,20.0,20.0,20.0,0.0,0,0,4.0,0,0,0,5
2015,1,perez,Sergio Pérez,force_india,Force India,15.0,14,7.0,12.078947368421053,12.053333333333333,11.8,13.0,0.0,0,0,6.0,0,0,76,10
2015,1,raikkonen,Kimi Räikkönen,ferrari,Ferrari,5.0,5,10.0,7.303571428571429,8.267857142857142,10.2,9.0,0.0,0,0,0.0,0,0,56,12
2015,1,ricciardo,Daniel Ricciardo,red_bull,Red Bull,7.0,6,4.0,12.0,12.367647058823529,7.2,6.75,0.0,0,0,0.0,0,0,69,6
2015,1,rosberg,Nico Rosberg,mercedes,Mercedes,2.0,2,14.0,8.010416666666666,6.125,4.2,1.2,0.0,0,0,25.0,1,1,96,2
2015,1,sainz,Carlos Sainz,toro_rosso,Toro Rosso,8.0,7,20.0,20.0,20.0,20.0,20.0,0.0,0,0,0.0,0,0,0,9
2015,1,vettel,Sebastian Vettel,ferrari,Ferrari,4.0,4,8.0,4.802083333333333,3.294736842105263,6.2,10.75,0.0,0,0,0.0,0,0,96,3
2015,2,alonso,Fernando Alonso,mclaren,McLaren,18.0,18,9.0,5.427083333333333,6.010416666666667,9.8,7.0,0.0,0,0,0.0,0,0,96,18
2015,2,bottas,Valtteri Bottas,williams,Williams,9.0,8,18.0,10.461538461538462,10.435897435897436,7.8,3.8,0.0,0,0,12.0,0,0,39,5
2015,2,button,Jenson Button,mclaren,McLaren,17.0,17,11.0,7.453608247422681,7.494845360824742,7.2,7.8,0.0,0,0,0.0,0,0,97,17
2015,2,ericsson,Marcus Ericsson,sauber,Sauber,10.0,9,8.0,17.352941176470587,20.529411764705884,15.8,19.2,4.0,0,0,14.0,0,0,17,19
2015,2,grosjean,Romain Grosjean,lotus_f1,Lotus F1,8.0,10,14.0,12.413793103448276,10.224137931034482,14.4,14.4,0.0,0,0,0.0,0,0,58,11
2015,2,hamilton,Lewis Hamilton,mercedes,Mercedes,1.0,1,1.0,6.536082474226804,3.649484536082474,1.2,1.6,25.0,1,1,43.0,1,2,97,2
2015,2,hulkenberg,Nico Hülkenberg,force_india,Force India,13.0,13,7.0,11.243589743589743,10.64935064935065,9.8,12.6,6.0,0,0,7.0,0,0,78,14
2015,2,kvyat,Daniil Kvyat,red_bull,Red Bull,5.0,5,16.0,13.75,10.65,15.2,10.2,0.0,0,0,8.0,0,0,20,9
2015,2,maldonado,Pastor Maldonado,lotus_f1,Lotus F1,12.0,12,15.0,15.282051282051283,14.128205128205128,14.6,15.0,0.0,0,0,0.0,0,0,78,16
2015,2,massa,Felipe Massa,williams,Williams,7.0,7,4.0,8.597938144329897,7.835051546391752,4.8,6.4,12.0,0,0,22.0,0,0,97,6
2015,2,max_verstappen,Max Verstappen,toro_rosso,Toro Rosso,6.0,6,13.0,13.0,12.0,13.0,12.0,0.0,0,0,2.0,0,0,1,7
2015,2,merhi,Roberto Merhi,manor,Manor Marussia,19.0,19,20.0,20.0,20.0,20.0,20.0,0.0,0,0,0.0,0,0,0,15
2015,2,nasr,Felipe Nasr,sauber,Sauber,16.0,16,5.0,5.0,11.0,5.0,11.0,10.0,0,0,14.0,0,0,1,12
2015,2,perez,Sergio Pérez,force_india,Force India,14.0,14,10.0,12.051948051948052,12.092105263157896,11.8,13.6,1.0,0,0,7.0,0,0,77,13
2015,2,raikkonen,Kimi Räikkönen,ferrari,Ferrari,11.0,11,12.0,7.385964912280702,8.210526315789474,10.2,8.0,0.0,0,0,15.0,0,1,57,4
2015,2,ricciardo,Daniel Ricciardo,red_bull,Red Bull,4.0,4,6.0,11.914285714285715,12.289855072463768,7.6,7.0,8.0,0,0,10.0,0,0,70,10
2015,2,rosberg,Nico Rosberg,mercedes,Mercedes,3.0,3,2.0,7.948453608247423,6.082474226804123,4.2,1.4,18.0,0,1,61.0,1,3,97,3
2015,2,sainz,Carlos Sainz,toro_rosso,Toro Rosso,15.0,15,9.0,9.0,8.0,9.0,8.0,2.0,0,0,8.0,0,0,1,8
2015,2,stevens,Will Stevens,manor,Manor Marussia,,0,17.0,17.0,18.0,17.0,18.0,0.0,0,0,0.0,0,0,1,20
2015,2,vettel,Sebastian Vettel,ferrari,Ferrari,2.0,2,3.0,4.783505154639175,3.3020833333333335,6.2,9.5,15.0,0,1,27.0,0,1,97,1
2015,3,alonso,Fernando Alonso,mclaren,McLaren,18.0,18,18.0,5.556701030927835,6.134020618556701,9.0,9.6,0.0,0,0,0.0,0,0,97,12
2015,3,bottas,Valtteri Bottas,williams,Williams,5.0,5,5.0,10.325,10.4,8.2,5.0,10.0,0,0,30.0,0,0,40,6
2015,3,button,Jenson Button,mclaren,McLaren,17.0,17,17.0,7.551020408163265,7.591836734693878,9.8,10.4,0.0,0,0,0.0,0,0,98,14
2015,3,ericsson,Marcus Ericsson,sauber,Sauber,10.0,10,19.0,17.444444444444443,19.944444444444443,15.6,16.8,4.0,0,0,14.0,0,0,18,10
2015,3,grosjean,Romain Grosjean,lotus_f1,Lotus F1,8.0,8,11.0,12.389830508474576,10.186440677966102,13.2,12.8,0.0,0,0,0.0,0,0,59,7
2015,3,hamilton,Lewis Hamilton,mercedes,Mercedes,1.0,1,2.0,6.489795918367347,3.622448979591837,1.4,1.6,43.0,1,2,76.0,1,4,98,1
2015,3,hulkenberg,Nico Hülkenberg,force_india,Force India,16.0,16,14.0,11.278481012658228,10.679487179487179,10.2,12.8,6.0,0,0,7.0,0,0,79,20
2015,3,kvyat,Daniil Kvyat,red_bull,Red Bull,12.0,12,9.0,13.523809523809524,10.380952380952381,14.2,10.2,2.0,0,0,11.0,0,0,21,19
2015,3,maldonado,Pastor Maldonado,lotus_f1,Lotus F1,11.0,11,16.0,15.291139240506329,14.10126582278481,14.2,13.4,0.0,0,0,6.0,0,0,79,18
2015,3,massa,Felipe Massa,williams,Williams,4.0,4,6.0,8.571428571428571,7.826530612244898,3.8,4.2,20.0,0,0,38.0,0,0,98,5
2015,3,max_verstappen,Max Verstappen,toro_rosso,Toro Rosso,13.0,13,7.0,10.0,9.0,10.0,9.0,6.0,0,0,12.0,0,0,2,17
2015,3,merhi,Roberto Merhi,manor,Manor Marussia,20.0,20,15.0,15.0,19.0,15.0,19.0,0.0,0,0,0.0,0,0,1,16
2015,3,nasr,Felipe Nasr,sauber,Sauber,9.0,9,12.0,8.5,13.5,8.5,13.5,10.0,0,0,15.0,0,0,2,8
2015,3,perez,Sergio Pérez,force_india,Force India,15.0,15,13.0,12.064102564102564,12.116883116883116,12.4,13.8,1.0,0,0,7.0,0,0,78,11
2015,3,raikkonen,Kimi Räikkönen,ferrari,Ferrari,6.0,6,4.0,7.327586206896552,8.258620689655173,9.2,8.4,12.0,0,0,52.0,1,2,58,4
2015,3,ricciardo,Daniel Ricciardo,red_bull,Red Bull,7.0,7,10.0,11.887323943661972,12.17142857142857,8.2,6.25,9.0,0,0,11.0,0,0,71,9
2015,3,rosberg,Nico Rosberg,mercedes,Mercedes,2.0,2,3.0,7.8979591836734695,6.051020408163265,4.4,1.6,33.0,0,2,101.0,2,5,98,2
2015,3,sainz,Carlos Sainz,toro_rosso,Toro Rosso,14.0,14,8.0,8.5,11.5,8.5,11.5,6.0,0,0,12.0,0,0,2,13
2015,3,stevens,Will Stevens,manor,Manor Marussia,19.0,19,20.0,18.5,18.0,18.5,18.0,0.0,0,0,0.0,0,0,2,15
2015,3,vettel,Sebastian Vettel,ferrari,Ferrari,3.0,3,1.0,4.744897959183674,3.288659793814433,4.8,7.25,40.0,1,2,64.0,1,2,98,3
2015,4,alonso,Fernando Alonso,mclaren,McLaren,14.0,14,12.0,5.622448979591836,6.255102040816326,10.2,11.6,0.0,0,0,0.0,0,0,98,11
2015,4,bottas,Valtteri Bottas,williams,Williams,5.0,5,6.0,10.21951219512195,10.268292682926829,8.4,5.4,18.0,0,0,48.0,0,0,41,4
2015,4,button,Jenson Button,mclaren,McLaren,,20,14.0,7.616161616161616,7.686868686868687,10.2,12.4,0.0,0,0,0.0,0,0,99,20
2015,4,ericsson,Marcus Ericsson,sauber,Sauber,13.0,13,10.0,17.05263157894737,19.42105263157895,14.6,14.4,5.0,0,0,19.0,0,0,19,14
2015,4,grosjean,Romain Grosjean,lotus_f1,Lotus F1,10.0,10,7.0,12.3,10.15,12.4,10.8,6.0,0,0,6.0,0,0,60,7
2015,4,hamilton,Lewis Hamilton,mercedes,Mercedes,1.0,1,1.0,6.434343434343434,3.595959595959596,1.4,1.4,68.0,2,3,119.0,2,6,99,1
2015,4,hulkenberg,Nico Hülkenberg,force_india,Force India,8.0,8,20.0,11.3875,10.746835443037975,11.0,13.4,6.0,0,0,7.0,0,0,80,13
2015,4,kvyat,Daniil Kvyat,red_bull,Red Bull,17.0,17,19.0,13.772727272727273,10.454545454545455,15.0,9.8,2.0,0,0,13.0,0,0,22,9
2015,4,maldonado,Pastor Maldonado,lotus_f1,Lotus F1,16.0,16,18.0,15.325,14.0625,16.0,13.4,0.0,0,0,12.0,0,0,80,15
2015,4,massa,Felipe Massa,williams,Williams,6.0,6,5.0,8.535353535353535,7.787878787878788,4.0,4.2,30.0,0,0,60.0,0,0,99,10
2015,4,max_verstappen,Max Verstappen,toro_rosso,Toro Rosso,15.0,15,17.0,12.333333333333334,10.333333333333334,12.333333333333334,10.333333333333334,6.0,0,0,12.0,0,0,3,18
2015,4,merhi,Roberto Merhi,manor,Manor Marussia,19.0,19,16.0,15.5,19.5,15.5,19.5,0.0,0,0,0.0,0,0,2,17
2015,4,nasr,Felipe Nasr,sauber,Sauber,12.0,12,8.0,8.333333333333334,12.0,8.333333333333334,12.0,14.0,0,0,19.0,0,0,3,12
2015,4,perez,Sergio Pérez,force_india,Force India,11.0,11,11.0,12.050632911392405,12.153846153846153,11.2,14.4,1.0,0,0,7.0,0,0,79,8
2015,4,raikkonen,Kimi Räikkönen,ferrari,Ferrari,4.0,4,4.0,7.271186440677966,8.220338983050848,7.4,7.8,24.0,0,0,79.0,1,3,59,2
2015,4,ricciardo,Daniel Ricciardo,red_bull,Red Bull,7.0,7,9.0,11.847222222222221,12.098591549295774,9.4,6.75,11.0,0,0,15.0,0,0,72,6
2015,4,rosberg,Nico Rosberg,mercedes,Mercedes,3.0,3,2.0,7.838383838383838,6.01010101010101,4.4,1.8,51.0,0,3,144.0,3,7,99,3
2015,4,sainz,Carlos Sainz,toro_rosso,Toro Rosso,9.0,9,13.0,10.0,12.333333333333334,10.0,12.333333333333334,6.0,0,0,12.0,0,0,3,19
2015,4,stevens,Will Stevens,manor,Manor Marussia,18.0,18,15.0,17.333333333333332,18.5,17.333333333333332,18.5,0.0,0,0,0.0,0,0,3,16
2015,4,vettel,Sebastian Vettel,ferrari,Ferrari,2.0,2,3.0,4.7272727272727275,3.2857142857142856,4.0,3.75,55.0,1,3,97.0,1,4,99,5
2015,5,alonso,Fernando Alonso,mclaren,McLaren,13.0,13,11.0,5.6767676767676765,6.333333333333333,11.2,13.2,0.0,0,0,0.0,0,0,99,20
2015,5,bottas,Valtteri Bottas,williams,Williams,4.0,4,4.0,10.071428571428571,10.142857142857142,7.2,5.6,30.0,0,0,61.0,0,0,42,4
2015,5,button,Jenson Button,mclaren,McLaren,14.0,14,20.0,7.74,7.686868686868687,13.4,14.25,0.0,0,0,0.0,0,0,100,16
2015,5,ericsson,Marcus Ericsson,sauber,Sauber,16.0,16,14.0,16.9,19.1,14.0,13.2,5.0,0,0,19.0,0,0,20,14
2015,5,grosjean,Romain Grosjean,lotus_f1,Lotus F1,11.0,11,7.0,12.21311475409836,10.147540983606557,10.4,9.8,12.0,0,0,12.0,0,0,61,8
2015,5,hamilton,Lewis Hamilton,mercedes,Mercedes,2.0,2,1.0,6.38,3.57,1.2,1.2,93.0,3,4,159.0,3,8,100,2
2015,5,hulkenberg,Nico Hülkenberg,force_india,Force India,17.0,17,13.0,11.407407407407407,10.7125,12.0,12.6,6.0,0,0,11.0,0,0,81,15
2015,5,kvyat,Daniil Kvyat,red_bull,Red Bull,8.0,8,9.0,13.565217391304348,10.73913043478261,14.6,10.4,4.0,0,0,23.0,0,0,23,10
2015,5,maldonado,Pastor Maldonado,lotus_f1,Lotus F1,12.0,12,15.0,15.320987654320987,14.08641975308642,16.6,13.0,0.0,0,0,16.0,0,0,81,19
2015,5,massa,Felipe Massa,williams,Williams,9.0,9,10.0,8.55,7.77,5.4,4.8,31.0,0,0,73.0,0,0,100,6
2015,5,max_verstappen,Max Verstappen,toro_rosso,Toro Rosso,6.0,6,18.0,13.75,11.5,13.75,11.5,6.0,0,0,12.0,0,0,4,11
2015,5,merhi,Roberto Merhi,manor,Manor Marussia,20.0,20,17.0,16.0,19.333333333333332,16.0,19.333333333333332,0.0,0,0,0.0,0,0,3,18
2015,5,nasr,Felipe Nasr,sauber,Sauber,15.0,15,12.0,9.25,12.0,9.25,12.0,14.0,0,0,19.0,0,0,4,12
2015,5,perez,Sergio Pérez,force_india,Force India,18.0,18,8.0,12.0,12.139240506329115,9.8,13.2,5.0,0,0,11.0,0,0,80,13
2015,5,raikkonen,Kimi Räikkönen,ferrari,Ferrari,7.0,7,2.0,7.183333333333334,8.15,6.4,6.6,42.0,0,1,107.0,1,4,60,5
2015,5,ricciardo,Daniel Ricciardo,red_bull,Red Bull,10.0,10,6.0,11.767123287671232,12.027777777777779,7.0,6.25,19.0,0,0,24.0,0,0,73,7
2015,5,rosberg,Nico Rosberg,mercedes,Mercedes,1.0,1,3.0,7.79,5.98,4.8,2.2,66.0,0,4,177.0,3,9,100,1
2015,5,sainz,Carlos Sainz,toro_rosso,Toro Rosso,5.0,5,19.0,12.25,11.5,12.25,11.5,6.0,0,0,12.0,0,0,4,9
2015,5,stevens,Will Stevens,manor,Manor Marussia,19.0,19,16.0,17.0,18.333333333333332,17.0,18.333333333333332,0.0,0,0,0.0,0,0,4,17
2015,5,vettel,Sebastian Vettel,ferrari,Ferrari,3.0,3,5.0,4.73,3.272727272727273,4.0,2.75,65.0,1,3,117.0,1,4,100,3
2015,6,alonso,Fernando Alonso,mclaren,McLaren,15.0,13,20.0,5.82,6.4,14.0,14.2,0.0,0,0,0.0,0,0,100,19
2015,6,bottas,Valtteri Bottas,williams,Williams,17.0,16,4.0,9.930232558139535,10.0,7.4,5.8,42.0,0,0,81.0,0,0,43,14
2015,6,button,Jenson Button,mclaren,McLaren,12.0,10,16.0,7.821782178217822,7.75,15.6,16.25,0.0,0,0,0.0,0,0,101,8
2015,6,ericsson,Marcus Ericsson,sauber,Sauber,18.0,17,14.0,16.761904761904763,18.952380952380953,13.0,13.0,5.0,0,0,19.0,0,0,21,13
2015,6,grosjean,Romain Grosjean,lotus_f1,Lotus F1,11.0,15,8.0,12.14516129032258,10.161290322580646,9.4,9.2,16.0,0,0,16.0,0,0,62,12
2015,6,hamilton,Lewis Hamilton,mercedes,Mercedes,1.0,1,2.0,6.336633663366337,3.5544554455445545,1.4,1.2,111.0,3,5,202.0,4,10,101,3
2015,6,hulkenberg,Nico Hülkenberg,force_india,Force India,13.0,11,15.0,11.451219512195122,10.790123456790123,13.8,13.6,6.0,0,0,11.0,0,0,82,11
2015,6,kvyat,Daniil Kvyat,red_bull,Red Bull,5.0,5,10.0,13.416666666666666,10.625,12.6,11.0,5.0,0,0,30.0,0,0,24,4
2015,6,maldonado,Pastor Maldonado,lotus_f1,Lotus F1,9.0,8,19.0,15.365853658536585,14.060975609756097,16.6,12.2,0.0,0,0,16.0,0,0,82,20
2015,6,massa,Felipe Massa,williams,Williams,14.0,12,6.0,8.524752475247524,7.782178217821782,6.2,5.8,39.0,0,0,81.0,0,0,101,15
2015,6,max_verstappen,Max Verstappen,toro_rosso,Toro Rosso,10.0,9,11.0,13.2,10.4,13.2,10.4,6.0,0,0,14.0,0,0,5,18
2015,6,merhi,Roberto Merhi,manor,Manor Marussia,20.0,19,18.0,16.5,19.5,16.5,19.5,0.0,0,0,0.0,0,0,4,16
2015,6,nasr,Felipe Nasr,sauber,Sauber,16.0,14,12.0,9.8,12.6,9.8,12.6,14.0,0,0,19.0,0,0,5,9
2015,6,perez,Sergio Pérez,force_india,Force India,7.0,7,13.0,12.012345679012345,12.2125,11.0,14.6,5.0,0,0,11.0,0,0,81,7
2015,6,raikkonen,Kimi Räikkönen,ferrari,Ferrari,6.0,6,5.0,7.147540983606557,8.131147540983607,5.4,6.6,52.0,0,1,132.0,1,5,61,6
2015,6,ricciardo,Daniel Ricciardo,red_bull,Red Bull,4.0,4,7.0,11.702702702702704,12.0,7.6,7.0,25.0,0,0,42.0,0,0,74,5
2015,6,rosberg,Nico Rosberg,mercedes,Mercedes,2.0,2,1.0,7.7227722772277225,5.930693069306931,2.2,2.2,91.0,1,5,217.0,4,11,101,1
2015,6,sainz,Carlos Sainz,toro_rosso,Toro Rosso,8.0,0,9.0,11.6,10.2,11.6,10.2,8.0,0,0,14.0,0,0,5,10
2015,6,stevens,Will Stevens,manor,Manor Marussia,19.0,18,17.0,17.0,18.5,17.0,18.5,0.0,0,0,0.0,0,0,5,17
2015,6,vettel,Sebastian Vettel,ferrari,Ferrari,3.0,3,3.0,4.712871287128713,3.27,3.0,2.8,80.0,1,4,140.0,1,5,101,2
2015,7,alonso,Fernando Alonso,mclaren,McLaren,14.0,13,19.0,5.9504950495049505,6.485148514851486,16.0,15.6,0.0,0,0,4.0,0,0,101,20
2015,7,bottas,Valtteri Bottas,williams,Williams,4.0,4,14.0,10.022727272727273,10.159090909090908,6.6,8.0,42.0,0,0,81.0,0,0,44,3
2015,7,button,Jenson Button,mclaren,McLaren,,20,8.0,7.823529411764706,7.792079207920792,15.0,15.0,4.0,0,0,4.0,0,0,102,19
2015,7,ericsson,Marcus Ericsson,sauber,Sauber,13.0,12,13.0,16.59090909090909,18.90909090909091,14.0,13.4,5.0,0,0,21.0,0,0,22,14
2015,7,grosjean,Romain Grosjean,lotus_f1,Lotus F1,5.0,5,12.0,12.142857142857142,10.174603174603174,9.0,9.6,16.0,0,0,16.0,0,0,63,10
2015,7,hamilton,Lewis Hamilton,mercedes,Mercedes,1.0,1,3.0,6.303921568627451,3.5294117647058822,1.8,1.2,126.0,3,6,242.0,5,12,102,1
2015,7,hulkenberg,Nico Hülkenberg,force_india,Force India,7.0,7,11.0,11.44578313253012,10.817073170731707,14.6,13.4,6.0,0,0,17.0,0,0,83,8
2015,7,kvyat,Daniil Kvyat,red_bull,Red Bull,8.0,8,4.0,13.04,10.4,10.2,9.4,17.0,0,0,52.0,0,0,25,9
2015,7,maldonado,Pastor Maldonado,lotus_f1,Lotus F1,6.0,6,20.0,15.421686746987952,14.0,17.6,12.0,0.0,0,0,17.0,0,0,83,7
2015,7,massa,Felipe Massa,williams,Williams,17.0,15,15.0,8.588235294117647,7.8431372549019605,8.4,8.0,39.0,0,0,96.0,0,1,102,6
2015,7,max_verstappen,Max Verstappen,toro_rosso,Toro Rosso,12.0,19,18.0,14.0,10.333333333333334,14.2,10.0,6.0,0,0,15.0,0,0,6,15
2015,7,merhi,Roberto Merhi,manor,Manor Marussia,18.0,16,16.0,16.4,19.6,16.4,19.6,0.0,0,0,0.0,0,0,5,18
2015,7,nasr,Felipe Nasr,sauber,Sauber,15.0,14,9.0,9.666666666666666,13.166666666666666,10.6,13.6,16.0,0,0,21.0,0,0,6,16
2015,7,perez,Sergio Pérez,force_india,Force India,10.0,10,7.0,11.951219512195122,12.148148148148149,10.4,13.0,11.0,0,0,21.0,0,0,82,11
2015,7,raikkonen,Kimi Räikkönen,ferrari,Ferrari,3.0,3,6.0,7.129032258064516,8.096774193548388,4.2,6.8,60.0,0,1,158.0,1,6,62,4
2015,7,ricciardo,Daniel Ricciardo,red_bull,Red Bull,9.0,9,5.0,11.613333333333333,11.891891891891891,7.4,6.4,35.0,0,0,54.0,0,0,75,13
2015,7,rosberg,Nico Rosberg,mercedes,Mercedes,2.0,2,1.0,7.6568627450980395,5.892156862745098,2.0,2.2,116.0,2,6,267.0,6,13,102,2
2015,7,sainz,Carlos Sainz,toro_rosso,Toro Rosso,11.0,11,10.0,11.333333333333334,9.833333333333334,11.8,10.2,9.0,0,0,15.0,0,0,6,12
2015,7,stevens,Will Stevens,manor,Manor Marussia,19.0,17,17.0,17.0,18.6,17.0,18.75,0.0,0,0,0.0,0,0,6,17
2015,7,vettel,Sebastian Vettel,ferrari,Ferrari,16.0,18,2.0,4.686274509803922,3.267326732673267,2.8,2.6,98.0,1,5,170.0,1,6,102,5
2015,8,alonso,Fernando Alonso,mclaren,McLaren,15.0,19,20.0,6.088235294117647,6.5588235294117645,16.4,14.8,0.0,0,0,4.0,0,0,102,20
2015,8,bottas,Valtteri Bottas,williams,Williams,6.0,6,3.0,9.866666666666667,10.022222222222222,6.2,7.0,57.0,0,1,104.0,0,1,45,5
2015,8,button,Jenson Button,mclaren,McLaren,17.0,20,19.0,7.932038834951456,7.792079207920792,15.4,14.333333333333334,4.0,0,0,4.0,0,0,103,17
2015,8,ericsson,Marcus Ericsson,sauber,Sauber,12.0,11,14.0,16.47826086956522,18.652173913043477,13.0,14.0,5.0,0,0,21.0,0,0,23,13
2015,8,grosjean,Romain Grosjean,lotus_f1,Lotus F1,10.0,9,10.0,12.109375,10.09375,8.8,9.0,17.0,0,0,23.0,0,0,64,15
2015,8,hamilton,Lewis Hamilton,mercedes,Mercedes,1.0,1,1.0,6.252427184466019,3.504854368932039,1.6,1.2,151.0,4,7,285.0,6,14,103,2
2015,8,hulkenberg,Nico Hülkenberg,force_india,Force India,5.0,5,8.0,11.404761904761905,10.771084337349398,13.4,12.2,10.0,0,0,21.0,0,0,84,6
2015,8,kvyat,Daniil Kvyat,red_bull,Red Bull,8.0,15,9.0,12.884615384615385,10.307692307692308,10.2,10.0,19.0,0,0,54.0,0,0,26,12
2015,8,maldonado,Pastor Maldonado,lotus_f1,Lotus F1,11.0,10,7.0,15.321428571428571,13.904761904761905,15.8,10.8,6.0,0,0,23.0,0,0,84,7
2015,8,massa,Felipe Massa,williams,Williams,4.0,4,6.0,8.563106796116505,7.932038834951456,8.4,10.0,47.0,0,0,114.0,0,1,103,3
2015,8,max_verstappen,Max Verstappen,toro_rosso,Toro Rosso,7.0,7,15.0,14.142857142857142,10.571428571428571,15.8,11.2,6.0,0,0,15.0,0,0,7,8
2015,8,merhi,Roberto Merhi,manor,Manor Marussia,19.0,16,18.0,16.666666666666668,19.333333333333332,17.0,19.4,0.0,0,0,0.0,0,0,6,14
2015,8,nasr,Felipe Nasr,sauber,Sauber,9.0,8,16.0,10.571428571428571,13.428571428571429,11.4,13.4,16.0,0,0,21.0,0,0,7,11
2015,8,perez,Sergio Pérez,force_india,Force India,16.0,13,11.0,11.939759036144578,12.121951219512194,10.0,12.2,11.0,0,0,29.0,0,0,83,9
2015,8,raikkonen,Kimi Räikkönen,ferrari,Ferrari,18.0,14,4.0,7.079365079365079,8.015873015873016,4.2,5.2,72.0,0,1,180.0,1,6,63,19
2015,8,ricciardo,Daniel Ricciardo,red_bull,Red Bull,14.0,18,13.0,11.631578947368421,11.853333333333333,8.0,7.4,35.0,0,0,54.0,0,0,76,10
2015,8,rosberg,Nico Rosberg,mercedes,Mercedes,2.0,2,2.0,7.601941747572815,5.854368932038835,1.8,2.0,134.0,2,7,303.0,6,15,103,1
2015,8,sainz,Carlos Sainz,toro_rosso,Toro Rosso,13.0,12,12.0,11.428571428571429,10.0,12.6,9.4,9.0,0,0,19.0,0,0,7,16
2015,8,stevens,Will Stevens,manor,Manor Marussia,20.0,17,17.0,17.0,18.666666666666668,16.4,18.8,0.0,0,0,0.0,0,0,7,18
2015,8,vettel,Sebastian Vettel,ferrari,Ferrari,3.0,3,5.0,4.689320388349515,3.392156862745098,3.6,5.4,108.0,1,5,180.0,1,6,103,4
2015,9,alonso,Fernando Alonso,mclaren,McLaren,17.0,17,20.0,6.223300970873787,6.640776699029126,18.0,14.2,0.0,0,0,4.0,0,0,103,10
2015,9,bottas,Valtteri Bottas,williams,Williams,4.0,4,5.0,9.76086956521739,9.934782608695652,6.0,7.2,67.0,0,1,129.0,0,2,46,5
2015,9,button,Jenson Button,mclaren,McLaren,18.0,18,17.0,8.01923076923077,7.882352941176471,16.0,14.333333333333334,4.0,0,0,5.0,0,0,104,19
2015,9,ericsson,Marcus Ericsson,sauber,Sauber,15.0,15,13.0,16.333333333333332,18.375,13.6,14.4,5.0,0,0,21.0,0,0,24,11
2015,9,grosjean,Romain Grosjean,lotus_f1,Lotus F1,12.0,12,15.0,12.153846153846153,10.092307692307692,10.4,9.4,17.0,0,0,29.0,0,0,65,17
2015,9,hamilton,Lewis Hamilton,mercedes,Mercedes,1.0,1,2.0,6.211538461538462,3.480769230769231,1.8,1.2,169.0,4,8,328.0,7,16,104,1
2015,9,hulkenberg,Nico Hülkenberg,force_india,Force India,9.0,9,6.0,11.341176470588236,10.702380952380953,10.6,10.0,18.0,0,0,31.0,0,0,85,7
2015,9,kvyat,Daniil Kvyat,red_bull,Red Bull,7.0,7,12.0,12.851851851851851,10.222222222222221,8.8,9.2,19.0,0,0,55.0,0,0,27,6
2015,9,maldonado,Pastor Maldonado,lotus_f1,Lotus F1,14.0,14,7.0,15.223529411764705,13.870588235294118,13.6,10.8,12.0,0,0,29.0,0,0,85,18
2015,9,massa,Felipe Massa,williams,Williams,3.0,3,3.0,8.509615384615385,7.894230769230769,8.0,10.0,62.0,0,1,139.0,0,2,104,4
2015,9,max_verstappen,Max Verstappen,toro_rosso,Toro Rosso,13.0,13,8.0,13.375,10.125,14.0,10.0,10.0,0,0,19.0,0,0,8,16
2015,9,merhi,Roberto Merhi,manor,Manor Marussia,20.0,20,14.0,16.285714285714285,19.285714285714285,16.6,19.2,0.0,0,0,0.0,0,0,7,12
2015,9,nasr,Felipe Nasr,sauber,Sauber,16.0,16,11.0,10.625,12.875,12.0,13.4,16.0,0,0,21.0,0,0,8,20
2015,9,perez,Sergio Pérez,force_india,Force India,11.0,11,9.0,11.904761904761905,12.168674698795181,9.6,12.4,13.0,0,0,37.0,0,0,84,9
2015,9,raikkonen,Kimi Räikkönen,ferrari,Ferrari,5.0,5,19.0,7.265625,8.171875,7.2,7.6,72.0,0,1,192.0,1,6,64,8
2015,9,ricciardo,Daniel Ricciardo,red_bull,Red Bull,10.0,10,10.0,11.61038961038961,11.881578947368421,8.2,8.8,36.0,0,0,63.0,0,0,77,15
2015,9,rosberg,Nico Rosberg,mercedes,Mercedes,2.0,2,1.0,7.538461538461538,5.8173076923076925,1.6,2.0,159.0,3,8,353.0,8,17,104,2
2015,9,sainz,Carlos Sainz,toro_rosso,Toro Rosso,8.0,8,16.0,12.0,10.375,13.2,9.2,9.0,0,0,19.0,0,0,8,14
2015,9,stevens,Will Stevens,manor,Manor Marussia,19.0,19,18.0,17.125,18.857142857142858,17.0,19.0,0.0,0,0,0.0,0,0,8,13
2015,9,vettel,Sebastian Vettel,ferrari,Ferrari,6.0,6,4.0,4.6826923076923075,3.3883495145631066,3.8,5.4,120.0,1,5,196.0,1,6,104,3
2015,10,alonso,Fernando Alonso,mclaren,McLaren,15.0,15,10.0,6.259615384615385,6.740384615384615,17.8,14.8,1.0,0,0,5.0,0,0,104,5
2015,10,bottas,Valtteri Bottas,williams,Williams,6.0,6,5.0,9.659574468085106,9.808510638297872,6.2,7.0,77.0,0,1,151.0,0,2,47,13
2015,10,button,Jenson Button,mclaren,McLaren,16.0,16,19.0,8.123809523809523,7.980582524271845,15.8,15.25,4.0,0,0,15.0,0,0,105,9
2015,10,ericsson,Marcus Ericsson,sauber,Sauber,17.0,17,11.0,16.12,18.24,13.0,14.8,5.0,0,0,21.0,0,0,25,10
2015,10,grosjean,Romain Grosjean,lotus_f1,Lotus F1,10.0,10,17.0,12.227272727272727,10.121212121212121,12.4,9.8,17.0,0,0,29.0,0,0,66,7
2015,10,hamilton,Lewis Hamilton,mercedes,Mercedes,1.0,1,1.0,6.161904761904762,3.4571428571428573,1.8,1.2,194.0,5,9,371.0,8,18,105,6
2015,10,hulkenberg,Nico Hülkenberg,force_india,Force India,11.0,11,7.0,11.290697674418604,10.68235294117647,9.4,10.2,24.0,0,0,39.0,0,0,86,20
2015,10,kvyat,Daniil Kvyat,red_bull,Red Bull,7.0,7,6.0,12.607142857142858,10.107142857142858,8.2,7.2,27.0,0,0,63.0,0,0,28,2
2015,10,maldonado,Pastor Maldonado,lotus_f1,Lotus F1,14.0,14,18.0,15.255813953488373,13.872093023255815,14.2,10.4,12.0,0,0,35.0,0,0,86,14
2015,10,massa,Felipe Massa,williams,Williams,8.0,8,4.0,8.466666666666667,7.847619047619047,6.8,9.4,74.0,0,1,151.0,0,2,105,12
2015,10,max_verstappen,Max Verstappen,toro_rosso,Toro Rosso,9.0,9,16.0,13.666666666666666,10.444444444444445,13.6,9.6,10.0,0,0,19.0,0,0,9,4
2015,10,merhi,Roberto Merhi,manor,Manor Marussia,19.0,19,12.0,15.75,19.375,15.6,19.4,0.0,0,0,0.0,0,0,8,15
2015,10,nasr,Felipe Nasr,sauber,Sauber,18.0,18,20.0,11.666666666666666,13.222222222222221,13.6,14.2,16.0,0,0,22.0,0,0,9,11
2015,10,perez,Sergio Pérez,force_india,Force India,13.0,13,9.0,11.870588235294118,12.154761904761905,9.8,12.4,15.0,0,0,39.0,0,0,85,19
2015,10,raikkonen,Kimi Räikkönen,ferrari,Ferrari,5.0,5,8.0,7.276923076923077,8.123076923076923,8.4,7.8,76.0,0,1,211.0,1,7,65,18
2015,10,ricciardo,Daniel Ricciardo,red_bull,Red Bull,4.0,4,15.0,11.653846153846153,11.857142857142858,10.0,9.4,36.0,0,0,81.0,0,1,78,3
2015,10,rosberg,Nico Rosberg,mercedes,Mercedes,2.0,2,2.0,7.485714285714286,5.780952380952381,1.4,1.8,177.0,3,9,379.0,8,18,105,8
2015,10,sainz,Carlos Sainz,toro_rosso,Toro Rosso,12.0,12,14.0,12.222222222222221,10.11111111111111,12.2,9.0,9.0,0,0,31.0,0,0,9,17
2015,10,stevens,Will Stevens,manor,Manor Marussia,20.0,20,13.0,16.666666666666668,18.875,16.4,19.2,0.0,0,0,0.0,0,0,9,16
2015,10,vettel,Sebastian Vettel,ferrari,Ferrari,3.0,3,3.0,4.666666666666667,3.4134615384615383,3.4,6.2,135.0,1,6,211.0,1,7,105,1
2015,11,alonso,Fernando Alonso,mclaren,McLaren,18.0,20,5.0,6.247619047619048,6.819047619047619,14.8,15.2,11.0,0,0,17.0,0,0,105,13
2015,11,bottas,Valtteri Bottas,williams,Williams,3.0,3,13.0,9.729166666666666,9.729166666666666,8.0,7.4,77.0,0,1,151.0,0,2,48,9
2015,11,button,Jenson Button,mclaren,McLaren,17.0,19,9.0,8.132075471698114,8.057692307692308,14.4,15.75,6.0,0,0,17.0,0,0,106,14
2015,11,ericsson,Marcus Ericsson,sauber,Sauber,13.0,13,10.0,15.884615384615385,18.192307692307693,12.2,15.0,6.0,0,0,22.0,0,0,26,10
2015,11,grosjean,Romain Grosjean,lotus_f1,Lotus F1,4.0,9,7.0,12.149253731343284,10.119402985074627,12.2,9.6,23.0,0,0,35.0,0,0,67,3
2015,11,hamilton,Lewis Hamilton,mercedes,Mercedes,1.0,1,6.0,6.160377358490566,3.4339622641509435,2.6,1.0,202.0,5,9,383.0,8,18,106,1
2015,11,hulkenberg,Nico Hülkenberg,force_india,Force India,11.0,11,20.0,11.39080459770115,10.686046511627907,10.4,9.0,24.0,0,0,39.0,0,0,87,20
2015,11,kvyat,Daniil Kvyat,red_bull,Red Bull,12.0,12,2.0,12.241379310344827,10.0,6.6,7.0,45.0,0,1,96.0,0,2,29,4
2015,11,maldonado,Pastor Maldonado,lotus_f1,Lotus F1,8.0,7,14.0,15.241379310344827,13.873563218390805,13.2,10.8,12.0,0,0,50.0,0,1,87,19
2015,11,massa,Felipe Massa,williams,Williams,7.0,6,12.0,8.5,7.849056603773585,8.0,9.2,74.0,0,1,153.0,0,2,106,6
2015,11,max_verstappen,Max Verstappen,toro_rosso,Toro Rosso,15.0,18,4.0,12.7,10.3,12.2,10.2,22.0,0,0,31.0,0,0,10,8
2015,11,merhi,Roberto Merhi,manor,Manor Marussia,20.0,17,15.0,15.666666666666666,19.333333333333332,15.0,19.2,0.0,0,0,0.0,0,0,9,15
2015,11,nasr,Felipe Nasr,sauber,Sauber,16.0,14,11.0,11.6,13.7,13.4,14.8,16.0,0,0,23.0,0,0,10,11
2015,11,perez,Sergio Pérez,force_india,Force India,5.0,4,19.0,11.953488372093023,12.16470588235294,11.0,11.4,15.0,0,0,39.0,0,0,86,5
2015,11,raikkonen,Kimi Räikkönen,ferrari,Ferrari,14.0,16,18.0,7.4393939393939394,8.075757575757576,11.0,7.4,76.0,0,1,236.0,2,8,66,7
2015,11,ricciardo,Daniel Ricciardo,red_bull,Red Bull,6.0,5,3.0,11.544303797468354,11.756410256410257,9.2,8.2,51.0,0,1,108.0,0,2,79,18
2015,11,rosberg,Nico Rosberg,mercedes,Mercedes,2.0,2,8.0,7.490566037735849,5.745283018867925,2.8,2.0,181.0,3,9,408.0,9,19,106,2
2015,11,sainz,Carlos Sainz,toro_rosso,Toro Rosso,10.0,10,17.0,12.7,10.3,13.8,10.4,9.0,0,0,35.0,0,0,10,17
2015,11,stevens,Will Stevens,manor,Manor Marussia,19.0,15,16.0,16.6,19.0,16.2,19.4,0.0,0,0,0.0,0,0,10,16
2015,11,vettel,Sebastian Vettel,ferrari,Ferrari,9.0,8,1.0,4.632075471698113,3.4095238095238094,3.0,6.2,160.0,2,7,242.0,2,8,106,12
2015,12,alonso,Fernando Alonso,mclaren,McLaren,17.0,16,13.0,6.311320754716981,6.9245283018867925,13.6,15.8,11.0,0,0,17.0,0,0,106,18
2015,12,bottas,Valtteri Bottas,williams,Williams,6.0,6,9.0,9.714285714285714,9.591836734693878,7.0,4.6,79.0,0,1,161.0,0,2,49,4
2015,12,button,Jenson Button,mclaren,McLaren,16.0,15,14.0,8.186915887850468,8.142857142857142,15.6,17.0,6.0,0,0,17.0,0,0,107,14
2015,12,ericsson,Marcus Ericsson,sauber,Sauber,10.0,12,10.0,15.666666666666666,18.0,11.6,14.0,7.0,0,0,23.0,0,0,27,9
2015,12,grosjean,Romain Grosjean,lotus_f1,Lotus F1,8.0,8,3.0,12.014705882352942,10.029411764705882,10.4,8.2,38.0,0,1,50.0,0,1,68,19
2015,12,hamilton,Lewis Hamilton,mercedes,Mercedes,1.0,1,1.0,6.11214953271028,3.411214953271028,2.2,1.0,227.0,6,10,426.0,9,20,107,1
2015,12,hulkenberg,Nico Hülkenberg,force_india,Force India,9.0,9,20.0,11.488636363636363,10.689655172413794,12.2,8.6,24.0,0,0,49.0,0,0,88,7
2015,12,kvyat,Daniil Kvyat,red_bull,Red Bull,14.0,18,4.0,11.966666666666667,10.066666666666666,6.6,8.4,57.0,0,1,108.0,0,2,30,10
2015,12,maldonado,Pastor Maldonado,lotus_f1,Lotus F1,11.0,10,19.0,15.284090909090908,13.806818181818182,13.0,10.6,12.0,0,0,50.0,0,1,88,20
2015,12,massa,Felipe Massa,williams,Williams,5.0,5,6.0,8.476635514018692,7.841121495327103,6.2,7.8,82.0,0,1,173.0,0,2,107,3
2015,12,max_verstappen,Max Verstappen,toro_rosso,Toro Rosso,20.0,20,8.0,12.272727272727273,10.727272727272727,10.2,11.2,26.0,0,0,35.0,0,0,11,12
2015,12,merhi,Roberto Merhi,manor,Manor Marussia,19.0,14,15.0,15.6,19.4,14.8,19.2,0.0,0,0,0.0,0,0,10,16
2015,12,nasr,Felipe Nasr,sauber,Sauber,12.0,17,11.0,11.545454545454545,13.909090909090908,13.8,14.8,16.0,0,0,25.0,0,0,11,13
2015,12,perez,Sergio Pérez,force_india,Force India,7.0,7,5.0,11.873563218390805,12.081395348837209,10.6,11.0,25.0,0,0,55.0,0,0,87,6
2015,12,raikkonen,Kimi Räikkönen,ferrari,Ferrari,2.0,2,7.0,7.432835820895522,8.164179104477611,11.2,9.0,82.0,0,1,242.0,2,8,67,5
2015,12,ricciardo,Daniel Ricciardo,red_bull,Red Bull,15.0,19,18.0,11.625,11.683544303797468,11.8,8.6,51.0,0,1,109.0,0,2,80,8
2015,12,rosberg,Nico Rosberg,mercedes,Mercedes,4.0,4,2.0,7.4392523364485985,5.710280373831775,3.0,2.0,199.0,3,10,451.0,10,21,107,17
2015,12,sainz,Carlos Sainz,toro_rosso,Toro Rosso,13.0,17,17.0,13.090909090909092,10.272727272727273,15.2,10.8,9.0,0,0,35.0,0,0,11,11
2015,12,stevens,Will Stevens,manor,Manor Marussia,18.0,13,16.0,16.545454545454547,19.0,16.0,19.4,0.0,0,0,0.0,0,0,11,15
2015,12,vettel,Sebastian Vettel,ferrari,Ferrari,3.0,3,12.0,4.700934579439252,3.4622641509433962,5.0,7.4,160.0,2,7,252.0,2,8,107,2
2015,13,alonso,Fernando Alonso,mclaren,McLaren,12.0,12,18.0,6.420560747663552,7.018691588785047,13.2,16.4,11.0,0,0,17.0,0,0,107,17
2015,13,bottas,Valtteri Bottas,williams,Williams,7.0,7,4.0,9.6,9.52,7.2,5.0,91.0,0,1,188.0,0,3,50,5
2015,13,button,Jenson Button,mclaren,McLaren,15.0,15,14.0,8.24074074074074,8.216981132075471,14.6,16.8,6.0,0,0,17.0,0,0,108,16
2015,13,ericsson,Marcus Ericsson,sauber,Sauber,17.0,17,9.0,15.428571428571429,17.714285714285715,10.6,13.4,9.0,0,0,25.0,0,0,28,11
2015,13,grosjean,Romain Grosjean,lotus_f1,Lotus F1,10.0,10,19.0,12.115942028985508,10.0,12.2,8.8,38.0,0,1,50.0,0,1,69,13
2015,13,hamilton,Lewis Hamilton,mercedes,Mercedes,5.0,5,1.0,6.064814814814815,3.388888888888889,2.2,1.0,252.0,7,11,451.0,10,21,108,18
2015,13,hulkenberg,Nico Hülkenberg,force_india,Force India,11.0,11,7.0,11.438202247191011,10.670454545454545,12.0,9.0,30.0,0,0,63.0,0,0,89,20
2015,13,kvyat,Daniil Kvyat,red_bull,Red Bull,4.0,4,10.0,11.903225806451612,10.193548387096774,6.8,9.6,58.0,0,1,113.0,0,2,31,6
2015,13,maldonado,Pastor Maldonado,lotus_f1,Lotus F1,18.0,18,20.0,15.337078651685394,13.775280898876405,15.6,11.6,12.0,0,0,50.0,0,1,89,12
2015,13,massa,Felipe Massa,williams,Williams,9.0,9,3.0,8.425925925925926,7.814814814814815,5.6,5.4,97.0,0,2,198.0,0,3,108,19
2015,13,max_verstappen,Max Verstappen,toro_rosso,Toro Rosso,8.0,8,12.0,12.25,11.5,9.6,12.8,26.0,0,0,35.0,0,0,12,8
2015,13,nasr,Felipe Nasr,sauber,Sauber,16.0,16,13.0,11.666666666666666,13.75,13.2,14.2,16.0,0,0,25.0,0,0,12,10
2015,13,perez,Sergio Pérez,force_india,Force India,13.0,13,6.0,11.806818181818182,12.022988505747126,9.6,10.4,33.0,0,0,63.0,0,0,88,7
2015,13,raikkonen,Kimi Räikkönen,ferrari,Ferrari,3.0,3,5.0,7.397058823529412,8.073529411764707,11.4,8.8,92.0,0,1,270.0,2,9,68,3
2015,13,ricciardo,Daniel Ricciardo,red_bull,Red Bull,2.0,2,8.0,11.580246913580247,11.725,10.8,9.8,55.0,0,1,121.0,0,2,81,2
2015,13,rosberg,Nico Rosberg,mercedes,Mercedes,6.0,6,17.0,7.527777777777778,5.694444444444445,6.0,2.4,199.0,3,10,451.0,10,21,108,4
2015,13,rossi,Alexander Rossi,manor,Manor Marussia,20.0,20,20.0,20.0,20.0,20.0,20.0,0.0,0,0,0.0,0,0,0,14
2015,13,sainz,Carlos Sainz,toro_rosso,Toro Rosso,14.0,14,11.0,12.916666666666666,10.5,15.0,11.2,9.0,0,0,39.0,0,0,12,9
2015,13,stevens,Will Stevens,manor,Manor Marussia,19.0,19,15.0,16.416666666666668,18.90909090909091,15.6,19.2,0.0,0,0,0.0,0,0,12,15
2015,13,vettel,Sebastian Vettel,ferrari,Ferrari,1.0,1,2.0,4.675925925925926,3.457943925233645,4.4,4.8,178.0,2,8,285.0,2,10,108,1
2015,14,alonso,Fernando Alonso,mclaren,McLaren,14.0,12,17.0,6.518518518518518,7.064814814814815,12.6,15.8,11.0,0,0,17.0,0,0,108,11
2015,14,bottas,Valtteri Bottas,williams,Williams,3.0,3,5.0,9.509803921568627,9.470588235294118,7.2,5.2,101.0,0,1,198.0,0,3,51,5
2015,14,button,Jenson Button,mclaren,McLaren,16.0,14,16.0,8.311926605504587,8.280373831775702,14.4,16.4,6.0,0,0,17.0,0,0,109,16
2015,14,ericsson,Marcus Ericsson,sauber,Sauber,17.0,15,11.0,15.275862068965518,17.689655172413794,10.2,14.4,9.0,0,0,26.0,0,0,29,14
2015,14,grosjean,Romain Grosjean,lotus_f1,Lotus F1,8.0,8,13.0,12.128571428571428,10.0,11.8,8.8,38.0,0,1,50.0,0,1,70,7
2015,14,hamilton,Lewis Hamilton,mercedes,Mercedes,2.0,2,18.0,6.174311926605505,3.403669724770642,5.4,1.8,252.0,7,11,463.0,10,21,109,1
2015,14,hulkenberg,Nico Hülkenberg,force_india,Force India,11.0,13,20.0,11.533333333333333,10.674157303370787,14.8,10.2,30.0,0,0,69.0,0,0,90,6
2015,14,kvyat,Daniil Kvyat,red_bull,Red Bull,10.0,20,6.0,11.71875,10.0,5.6,8.8,66.0,0,1,139.0,0,3,32,13
2015,14,maldonado,Pastor Maldonado,lotus_f1,Lotus F1,13.0,11,12.0,15.3,13.822222222222223,16.6,13.0,12.0,0,0,56.0,0,1,90,8
2015,14,massa,Felipe Massa,williams,Williams,5.0,5,19.0,8.522935779816514,7.825688073394495,8.8,6.4,97.0,0,2,208.0,0,3,109,17
2015,14,max_verstappen,Max Verstappen,toro_rosso,Toro Rosso,15.0,17,8.0,11.923076923076923,11.23076923076923,9.6,13.0,30.0,0,0,41.0,0,0,13,9
2015,14,nasr,Felipe Nasr,sauber,Sauber,18.0,16,10.0,11.538461538461538,13.923076923076923,13.0,15.6,17.0,0,0,26.0,0,0,13,20
2015,14,perez,Sergio Pérez,force_india,Force India,9.0,9,7.0,11.752808988764045,12.034090909090908,9.2,9.8,39.0,0,0,77.0,0,0,89,12
2015,14,raikkonen,Kimi Räikkönen,ferrari,Ferrari,6.0,6,3.0,7.333333333333333,8.0,8.2,5.8,107.0,0,2,310.0,3,11,69,4
2015,14,ricciardo,Daniel Ricciardo,red_bull,Red Bull,7.0,7,2.0,11.463414634146341,11.604938271604938,9.2,7.4,73.0,0,2,139.0,0,3,82,15
2015,14,rosberg,Nico Rosberg,mercedes,Mercedes,1.0,1,4.0,7.495412844036697,5.697247706422019,6.6,3.2,211.0,3,10,488.0,11,22,109,2
2015,14,rossi,Alexander Rossi,manor,Manor Marussia,20.0,19,14.0,14.0,20.0,14.0,20.0,0.0,0,0,0.0,0,0,1,18
2015,14,sainz,Carlos Sainz,toro_rosso,Toro Rosso,12.0,10,9.0,12.615384615384615,10.76923076923077,13.6,11.4,11.0,0,0,43.0,0,0,13,10
2015,14,stevens,Will Stevens,manor,Manor Marussia,19.0,18,15.0,16.307692307692307,18.916666666666668,15.0,19.0,0.0,0,0,0.0,0,0,13,19
2015,14,vettel,Sebastian Vettel,ferrari,Ferrari,4.0,4,1.0,4.6422018348623855,3.435185185185185,3.8,4.4,203.0,3,9,322.0,3,11,109,3
2015,15,alonso,Fernando Alonso,mclaren,McLaren,16.0,19,11.0,6.559633027522936,7.128440366972477,12.8,15.2,11.0,0,0,17.0,0,0,109,11
2015,15,bottas,Valtteri Bottas,williams,Williams,3.0,3,5.0,9.423076923076923,9.346153846153847,7.2,5.0,111.0,0,1,208.0,0,3,52,12
2015,15,button,Jenson Button,mclaren,McLaren,13.0,13,16.0,8.381818181818181,8.351851851851851,13.8,16.0,6.0,0,0,17.0,0,0,110,9
2015,15,ericsson,Marcus Ericsson,sauber,Sauber,17.0,17,14.0,15.233333333333333,17.666666666666668,10.8,14.8,9.0,0,0,26.0,0,0,30,20
2015,15,grosjean,Romain Grosjean,lotus_f1,Lotus F1,8.0,8,7.0,12.056338028169014,9.971830985915492,9.8,8.0,44.0,0,1,60.0,0,1,71,17
2015,15,hamilton,Lewis Hamilton,mercedes,Mercedes,2.0,2,1.0,6.127272727272727,3.390909090909091,5.4,2.0,277.0,8,12,506.0,11,23,110,1
2015,15,hulkenberg,Nico Hülkenberg,force_india,Force India,6.0,6,6.0,11.472527472527473,10.677777777777777,14.6,10.6,38.0,0,0,77.0,0,0,91,19
2015,15,kvyat,Daniil Kvyat,red_bull,Red Bull,11.0,11,13.0,11.757575757575758,10.0,7.0,9.4,66.0,0,1,139.0,0,3,33,5
2015,15,maldonado,Pastor Maldonado,lotus_f1,Lotus F1,14.0,14,8.0,15.219780219780219,13.813186813186814,14.6,12.8,16.0,0,0,60.0,0,1,91,7
2015,15,massa,Felipe Massa,williams,Williams,15.0,15,17.0,8.6,7.8,11.4,6.8,97.0,0,2,208.0,0,3,110,4
2015,15,max_verstappen,Max Verstappen,toro_rosso,Toro Rosso,9.0,9,9.0,11.714285714285714,11.5,8.2,13.4,32.0,0,0,44.0,0,0,14,10
2015,15,merhi,Roberto Merhi,manor,Manor Marussia,19.0,18,16.0,15.636363636363637,19.363636363636363,14.4,19.4,0.0,0,0,0.0,0,0,11,13
2015,15,nasr,Felipe Nasr,sauber,Sauber,12.0,12,20.0,12.142857142857142,14.214285714285714,13.0,16.0,17.0,0,0,26.0,0,0,14,6
2015,15,perez,Sergio Pérez,force_india,Force India,7.0,7,12.0,11.755555555555556,12.0,9.8,9.4,39.0,0,0,77.0,0,0,90,3
2015,15,raikkonen,Kimi Räikkönen,ferrari,Ferrari,5.0,5,4.0,7.285714285714286,7.9714285714285715,7.4,6.0,119.0,0,2,337.0,3,12,70,8
2015,15,ricciardo,Daniel Ricciardo,red_bull,Red Bull,10.0,10,15.0,11.506024096385541,11.548780487804878,9.2,6.8,73.0,0,2,149.0,0,3,83,15
2015,15,rosberg,Nico Rosberg,mercedes,Mercedes,1.0,1,2.0,7.445454545454545,5.654545454545454,6.6,3.0,229.0,3,11,531.0,12,24,110,18
2015,15,sainz,Carlos Sainz,toro_rosso,Toro Rosso,,20,10.0,12.428571428571429,10.857142857142858,12.8,12.2,12.0,0,0,45.0,0,0,14,16
2015,15,stevens,Will Stevens,manor,Manor Marussia,18.0,17,19.0,16.5,18.923076923076923,16.2,19.0,0.0,0,0,0.0,0,0,14,14
2015,15,vettel,Sebastian Vettel,ferrari,Ferrari,4.0,4,3.0,4.627272727272727,3.4403669724770642,3.8,4.0,218.0,3,10,341.0,3,12,110,2
2015,16,alonso,Fernando Alonso,mclaren,McLaren,11.0,9,11.0,6.6,7.209090909090909,14.0,15.4,11.0,0,0,19.0,0,0,110,11
2015,16,bottas,Valtteri Bottas,williams,Williams,12.0,16,12.0,9.471698113207546,9.226415094339623,7.0,4.4,111.0,0,1,220.0,0,3,53,19
2015,16,button,Jenson Button,mclaren,McLaren,14.0,11,9.0,8.387387387387387,8.394495412844037,13.8,15.4,8.0,0,0,19.0,0,0,111,6
2015,16,ericsson,Marcus Ericsson,sauber,Sauber,16.0,14,20.0,15.387096774193548,17.64516129032258,12.8,14.8,9.0,0,0,34.0,0,0,31,15
2015,16,grosjean,Romain Grosjean,lotus_f1,Lotus F1,13.0,10,17.0,12.125,9.944444444444445,11.8,7.6,44.0,0,1,66.0,0,1,72,18
2015,16,hamilton,Lewis Hamilton,mercedes,Mercedes,2.0,2,1.0,6.081081081081081,3.3783783783783785,4.4,2.2,302.0,9,13,531.0,12,24,111,1
2015,16,hulkenberg,Nico Hülkenberg,force_india,Force India,7.0,6,19.0,11.554347826086957,10.626373626373626,14.4,9.6,38.0,0,0,92.0,0,1,92,14
2015,16,kvyat,Daniil Kvyat,red_bull,Red Bull,4.0,4,5.0,11.558823529411764,10.029411764705882,7.6,10.2,76.0,0,1,149.0,0,3,34,13
2015,16,maldonado,Pastor Maldonado,lotus_f1,Lotus F1,15.0,12,7.0,15.130434782608695,13.815217391304348,13.2,12.8,22.0,0,0,66.0,0,1,92,8
2015,16,massa,Felipe Massa,williams,Williams,9.0,7,4.0,8.558558558558559,7.864864864864865,9.8,8.2,109.0,0,2,220.0,0,3,111,17
2015,16,max_verstappen,Max Verstappen,toro_rosso,Toro Rosso,10.0,8,10.0,11.6,11.333333333333334,9.4,13.4,33.0,0,0,45.0,0,0,15,4
2015,16,nasr,Felipe Nasr,sauber,Sauber,17.0,15,6.0,11.733333333333333,14.066666666666666,12.0,14.8,25.0,0,0,34.0,0,0,15,9
2015,16,perez,Sergio Pérez,force_india,Force India,6.0,5,3.0,11.659340659340659,11.944444444444445,6.6,8.2,54.0,0,1,92.0,0,1,91,5
2015,16,raikkonen,Kimi Räikkönen,ferrari,Ferrari,8.0,18,8.0,7.295774647887324,7.929577464788732,5.4,6.0,123.0,0,2,359.0,3,13,71,16
2015,16,ricciardo,Daniel Ricciardo,red_bull,Red Bull,3.0,3,15.0,11.547619047619047,11.53012048192771,11.6,8.0,73.0,0,2,149.0,0,3,84,10
2015,16,rosberg,Nico Rosberg,mercedes,Mercedes,1.0,1,18.0,7.54054054054054,5.612612612612613,8.6,2.8,229.0,3,11,556.0,13,25,111,2
2015,16,rossi,Alexander Rossi,manor,Manor Marussia,18.0,17,18.0,16.0,20.0,16.0,20.0,0.0,0,0,0.0,0,0,2,12
2015,16,sainz,Carlos Sainz,toro_rosso,Toro Rosso,20.0,20,16.0,12.666666666666666,10.857142857142858,12.6,12.25,12.0,0,0,57.0,0,0,15,7
2015,16,stevens,Will Stevens,manor,Manor Marussia,19.0,19,14.0,16.333333333333332,18.857142857142858,15.8,18.6,0.0,0,0,0.0,0,0,15,20
2015,16,vettel,Sebastian Vettel,ferrari,Ferrari,5.0,13,2.0,4.603603603603603,3.4454545454545453,4.0,4.2,236.0,3,11,359.0,3,13,111,3
2015,17,alonso,Fernando Alonso,mclaren,McLaren,16.0,18,11.0,6.63963963963964,7.243243243243243,13.6,14.0,11.0,0,0,27.0,0,0,111,20
2015,17,bottas,Valtteri Bottas,williams,Williams,6.0,6,19.0,9.648148148148149,9.277777777777779,9.0,6.2,111.0,0,1,220.0,0,3,54,3
2015,17,button,Jenson Button,mclaren,McLaren,20.0,20,6.0,8.366071428571429,8.445454545454545,12.2,14.8,16.0,0,0,27.0,0,0,112,14
2015,17,ericsson,Marcus Ericsson,sauber,Sauber,14.0,14,15.0,15.375,17.59375,13.8,15.4,9.0,0,0,36.0,0,0,32,12
2015,17,grosjean,Romain Grosjean,lotus_f1,Lotus F1,12.0,12,18.0,12.205479452054794,9.986301369863014,14.8,9.4,44.0,0,1,70.0,0,1,73,10
2015,17,hamilton,Lewis Hamilton,mercedes,Mercedes,2.0,2,1.0,6.035714285714286,3.3660714285714284,4.4,2.4,327.0,10,14,574.0,13,26,112,2
2015,17,hulkenberg,Nico Hülkenberg,force_india,Force India,10.0,10,14.0,11.580645161290322,10.58695652173913,13.2,8.8,38.0,0,0,102.0,0,1,93,7
2015,17,kvyat,Daniil Kvyat,red_bull,Red Bull,4.0,4,13.0,11.6,9.857142857142858,9.4,8.6,76.0,0,1,150.0,0,3,35,4
2015,17,maldonado,Pastor Maldonado,lotus_f1,Lotus F1,13.0,13,8.0,15.053763440860216,13.827956989247312,11.0,14.2,26.0,0,0,71.0,0,1,93,11
2015,17,massa,Felipe Massa,williams,Williams,7.0,7,17.0,8.633928571428571,7.875,12.0,8.6,109.0,0,2,235.0,0,4,112,6
2015,17,max_verstappen,Max Verstappen,toro_rosso,Toro Rosso,8.0,8,4.0,11.125,11.25,8.6,12.4,45.0,0,0,63.0,0,0,16,9
2015,17,nasr,Felipe Nasr,sauber,Sauber,17.0,15,9.0,11.5625,14.25,11.6,15.0,27.0,0,0,36.0,0,0,16,17
2015,17,perez,Sergio Pérez,force_india,Force India,9.0,9,5.0,11.58695652173913,11.87912087912088,6.6,8.4,64.0,0,1,108.0,0,1,92,8
2015,17,raikkonen,Kimi Räikkönen,ferrari,Ferrari,15.0,19,16.0,7.416666666666667,7.930555555555555,7.2,4.8,123.0,0,2,374.0,3,14,72,19
2015,17,ricciardo,Daniel Ricciardo,red_bull,Red Bull,5.0,5,10.0,11.529411764705882,11.428571428571429,10.0,7.4,74.0,0,2,162.0,0,3,85,5
2015,17,rosberg,Nico Rosberg,mercedes,Mercedes,1.0,1,2.0,7.491071428571429,5.571428571428571,8.6,2.6,247.0,3,12,592.0,13,27,112,1
2015,17,rossi,Alexander Rossi,manor,Manor Marussia,18.0,16,12.0,14.666666666666666,19.333333333333332,14.666666666666666,19.333333333333332,0.0,0,0,0.0,0,0,3,15
2015,17,sainz,Carlos Sainz,toro_rosso,Toro Rosso,11.0,11,7.0,12.3125,11.466666666666667,10.6,14.75,18.0,0,0,65.0,0,0,16,13
2015,17,stevens,Will Stevens,manor,Manor Marussia,19.0,17,20.0,16.5625,18.866666666666667,16.6,18.6,0.0,0,0,0.0,0,0,16,16
2015,17,vettel,Sebastian Vettel,ferrari,Ferrari,3.0,3,3.0,4.589285714285714,3.4594594594594597,2.2,3.4,251.0,3,12,374.0,3,14,112,18
2015,18,alonso,Fernando Alonso,mclaren,McLaren,20.0,20,20.0,6.758928571428571,7.321428571428571,14.0,13.8,11.0,0,0,27.0,0,0,112,15
2015,18,bottas,Valtteri Bottas,williams,Williams,4.0,7,3.0,9.527272727272727,9.218181818181819,8.8,6.2,126.0,0,2,243.0,0,4,55,5
2015,18,button,Jenson Button,mclaren,McLaren,17.0,16,14.0,8.415929203539823,8.54954954954955,12.2,15.6,16.0,0,0,27.0,0,0,113,14
2015,18,ericsson,Marcus Ericsson,sauber,Sauber,14.0,12,12.0,15.272727272727273,17.484848484848484,14.4,16.2,9.0,0,0,36.0,0,0,33,16
2015,18,grosjean,Romain Grosjean,lotus_f1,Lotus F1,15.0,14,10.0,12.175675675675675,10.013513513513514,13.0,10.2,45.0,0,1,71.0,0,1,74,8
2015,18,hamilton,Lewis Hamilton,mercedes,Mercedes,2.0,2,2.0,6.0,3.353982300884956,4.6,2.6,345.0,10,15,617.0,14,28,113,2
2015,18,hulkenberg,Nico Hülkenberg,force_india,Force India,6.0,5,7.0,11.53191489361702,10.580645161290322,13.2,9.0,44.0,0,0,112.0,0,1,94,6
2015,18,kvyat,Daniil Kvyat,red_bull,Red Bull,7.0,6,4.0,11.38888888888889,9.694444444444445,8.2,6.6,88.0,0,1,172.0,0,3,36,7
2015,18,maldonado,Pastor Maldonado,lotus_f1,Lotus F1,16.0,15,11.0,15.01063829787234,13.819148936170214,9.2,14.6,26.0,0,0,75.0,0,1,94,10
2015,18,massa,Felipe Massa,williams,Williams,8.0,8,6.0,8.610619469026549,7.867256637168142,12.6,9.0,117.0,0,2,253.0,0,4,113,20
2015,18,max_verstappen,Max Verstappen,toro_rosso,Toro Rosso,10.0,9,9.0,11.0,11.058823529411764,8.0,10.0,47.0,0,0,65.0,0,0,17,9
2015,18,nasr,Felipe Nasr,sauber,Sauber,11.0,13,17.0,11.882352941176471,14.411764705882353,12.4,16.0,27.0,0,0,36.0,0,0,17,13
2015,18,perez,Sergio Pérez,force_india,Force India,13.0,11,8.0,11.548387096774194,11.847826086956522,7.0,8.8,68.0,0,1,120.0,0,1,93,12
2015,18,raikkonen,Kimi Räikkönen,ferrari,Ferrari,5.0,4,19.0,7.575342465753424,8.027397260273972,10.0,7.4,123.0,0,2,374.0,3,14,73,4
2015,18,ricciardo,Daniel Ricciardo,red_bull,Red Bull,9.0,19,5.0,11.453488372093023,11.352941176470589,9.4,5.4,84.0,0,2,178.0,0,3,86,11
2015,18,rosberg,Nico Rosberg,mercedes,Mercedes,1.0,1,1.0,7.433628318584071,5.530973451327434,5.4,2.0,272.0,4,13,635.0,14,29,113,1
2015,18,rossi,Alexander Rossi,manor,Manor Marussia,18.0,17,15.0,14.75,19.0,14.75,19.0,0.0,0,0,0.0,0,0,4,18
2015,18,sainz,Carlos Sainz,toro_rosso,Toro Rosso,12.0,10,13.0,12.352941176470589,11.4375,11.0,14.25,18.0,0,0,67.0,0,0,17,19
2015,18,stevens,Will Stevens,manor,Manor Marussia,19.0,18,16.0,16.529411764705884,18.875,16.8,18.8,0.0,0,0,0.0,0,0,17,17
2015,18,vettel,Sebastian Vettel,ferrari,Ferrari,3.0,3,18.0,4.707964601769912,3.455357142857143,5.4,3.4,251.0,3,12,386.0,3,14,113,3
2015,19,alonso,Fernando Alonso,mclaren,McLaren,17.0,16,15.0,6.831858407079646,7.433628318584071,13.6,15.4,11.0,0,0,27.0,0,0,113,17
2015,19,bottas,Valtteri Bottas,williams,Williams,6.0,6,5.0,9.446428571428571,9.125,8.8,5.6,136.0,0,2,253.0,0,4,56,13
2015,19,button,Jenson Button,mclaren,McLaren,12.0,12,14.0,8.464912280701755,8.625,11.8,16.0,16.0,0,0,27.0,0,0,114,12
2015,19,ericsson,Marcus Ericsson,sauber,Sauber,18.0,17,16.0,15.294117647058824,17.38235294117647,15.4,15.6,9.0,0,0,36.0,0,0,34,14
2015,19,grosjean,Romain Grosjean,lotus_f1,Lotus F1,15.0,18,8.0,12.12,10.08,12.0,11.2,49.0,0,1,76.0,0,1,75,9
2015,19,hamilton,Lewis Hamilton,mercedes,Mercedes,2.0,2,2.0,5.964912280701754,3.3421052631578947,1.4,2.0,363.0,10,16,660.0,15,30,114,2
2015,19,hulkenberg,Nico Hülkenberg,force_india,Force India,7.0,7,6.0,11.473684210526315,10.53191489361702,10.4,8.0,52.0,0,0,120.0,0,1,95,7
2015,19,kvyat,Daniil Kvyat,red_bull,Red Bull,9.0,9,7.0,11.27027027027027,9.621621621621621,8.4,7.2,94.0,0,1,178.0,0,3,37,10
2015,19,maldonado,Pastor Maldonado,lotus_f1,Lotus F1,13.0,13,10.0,14.957894736842105,13.842105263157896,8.8,14.2,27.0,0,0,78.0,0,1,95,20
2015,19,massa,Felipe Massa,williams,Williams,8.0,8,20.0,8.710526315789474,7.868421052631579,12.8,8.8,117.0,0,2,253.0,0,4,114,8
2015,19,max_verstappen,Max Verstappen,toro_rosso,Toro Rosso,11.0,11,9.0,10.88888888888889,11.0,8.2,10.4,49.0,0,0,67.0,0,0,18,16
2015,19,merhi,Roberto Merhi,manor,Manor Marussia,20.0,20,13.0,15.416666666666666,19.333333333333332,14.2,19.4,0.0,0,0,0.0,0,0,12,19
2015,19,nasr,Felipe Nasr,sauber,Sauber,14.0,14,13.0,11.944444444444445,14.222222222222221,13.0,15.0,27.0,0,0,36.0,0,0,18,15
2015,19,perez,Sergio Pérez,force_india,Force India,4.0,4,12.0,11.553191489361701,11.86021505376344,8.0,8.8,68.0,0,1,126.0,0,1,94,5
2015,19,raikkonen,Kimi Räikkönen,ferrari,Ferrari,3.0,3,4.0,7.527027027027027,7.986486486486487,10.2,7.8,135.0,0,2,401.0,3,15,74,3
2015,19,ricciardo,Daniel Ricciardo,red_bull,Red Bull,5.0,5,11.0,11.448275862068966,11.325581395348838,11.2,6.8,84.0,0,2,179.0,0,3,87,6
2015,19,rosberg,Nico Rosberg,mercedes,Mercedes,1.0,1,1.0,7.37719298245614,5.491228070175438,4.8,1.0,297.0,5,14,678.0,15,31,114,1
2015,19,sainz,Carlos Sainz,toro_rosso,Toro Rosso,10.0,10,19.0,12.722222222222221,11.470588235294118,13.0,13.75,18.0,0,0,67.0,0,0,18,11
2015,19,stevens,Will Stevens,manor,Manor Marussia,19.0,19,17.0,16.555555555555557,18.88235294117647,17.2,18.8,0.0,0,0,0.0,0,0,18,18
2015,19,vettel,Sebastian Vettel,ferrari,Ferrari,16.0,15,3.0,4.692982456140351,3.4513274336283186,5.8,3.8,266.0,3,13,416.0,3,16,114,4
2016,1,alonso,Fernando Alonso,mclaren,McLaren,12.0,11,17.0,6.921052631578948,7.517543859649122,14.8,16.0,0.0,0,0,0.0,0,0,114,21
2016,1,bottas,Valtteri Bottas,williams,Williams,11.0,16,13.0,9.508771929824562,9.070175438596491,10.4,6.2,0.0,0,0,0.0,0,0,57,8
2016,1,button,Jenson Button,mclaren,McLaren,13.0,12,12.0,8.495652173913044,8.654867256637168,11.0,15.2,0.0,0,0,0.0,0,0,115,14
2016,1,ericsson,Marcus Ericsson,sauber,Sauber,16.0,15,14.0,15.257142857142858,17.4,15.4,15.8,0.0,0,0,0.0,0,0,35,17
2016,1,grosjean,Romain Grosjean,haas,Haas F1 Team,19.0,19,9.0,12.078947368421053,10.144736842105264,12.4,12.6,0.0,0,0,0.0,0,0,76,6
2016,1,gutierrez,Esteban Gutiérrez,haas,Haas F1 Team,20.0,20,15.0,15.078947368421053,15.710526315789474,14.2,14.4,0.0,0,0,8.0,0,0,38,20
2016,1,hamilton,Lewis Hamilton,mercedes,Mercedes,1.0,1,2.0,5.930434782608696,3.3304347826086955,1.6,2.0,0.0,0,0,0.0,0,0,115,2
2016,1,haryanto,Rio Haryanto,manor,Manor Marussia,21.0,22,20.0,20.0,20.0,20.0,20.0,0.0,0,0,0.0,0,0,0,19
2016,1,hulkenberg,Nico Hülkenberg,force_india,Force India,10.0,10,7.0,11.427083333333334,10.494736842105263,10.6,7.2,0.0,0,0,0.0,0,0,96,7
2016,1,jolyon_palmer,Jolyon Palmer,renault,Renault,14.0,13,20.0,20.0,20.0,20.0,20.0,0.0,0,0,0.0,0,0,0,11
2016,1,kevin_magnussen,Kevin Magnussen,renault,Renault,15.0,14,17.0,10.2,8.6,10.0,9.6,0.0,0,0,0.0,0,0,20,12
2016,1,kvyat,Daniil Kvyat,red_bull,Red Bull,18.0,18,10.0,11.236842105263158,9.605263157894736,7.8,7.0,0.0,0,0,0.0,0,0,38,22
2016,1,massa,Felipe Massa,williams,Williams,6.0,6,8.0,8.704347826086957,7.869565217391305,11.0,9.4,0.0,0,0,4.0,0,0,115,5
2016,1,max_verstappen,Max Verstappen,toro_rosso,Toro Rosso,5.0,5,16.0,11.157894736842104,11.0,9.6,9.6,0.0,0,0,0.0,0,0,19,10
2016,1,nasr,Felipe Nasr,sauber,Sauber,17.0,17,15.0,12.105263157894736,14.210526315789474,12.0,14.2,0.0,0,0,0.0,0,0,19,15
2016,1,perez,Sergio Pérez,force_india,Force India,9.0,9,5.0,11.48421052631579,11.77659574468085,6.6,7.8,0.0,0,0,6.0,0,0,95,13
2016,1,raikkonen,Kimi Räikkönen,ferrari,Ferrari,4.0,4,3.0,7.466666666666667,7.92,10.0,7.2,0.0,0,0,0.0,0,0,75,18
2016,1,ricciardo,Daniel Ricciardo,red_bull,Red Bull,8.0,8,6.0,11.386363636363637,11.25287356321839,9.4,6.4,0.0,0,0,0.0,0,0,88,4
2016,1,rosberg,Nico Rosberg,mercedes,Mercedes,2.0,2,1.0,7.321739130434783,5.452173913043478,4.6,1.0,0.0,0,0,18.0,0,1,115,1
2016,1,sainz,Carlos Sainz,toro_rosso,Toro Rosso,7.0,7,11.0,12.631578947368421,11.38888888888889,13.2,13.25,0.0,0,0,1.0,0,0,19,9
2016,1,vettel,Sebastian Vettel,ferrari,Ferrari,3.0,3,4.0,4.6869565217391305,3.56140350877193,6.0,6.2,0.0,0,0,0.0,0,0,115,3
2016,1,wehrlein,Pascal Wehrlein,manor,Manor Marussia,22.0,21,20.0,20.0,20.0,20.0,20.0,0.0,0,0,0.0,0,0,0,16
2016,2,bottas,Valtteri Bottas,williams,Williams,6.0,6,8.0,9.482758620689655,9.10344827586207,9.6,7.8,4.0,0,0,14.0,0,0,58,9
2016,2,button,Jenson Button,mclaren,McLaren,14.0,14,14.0,8.543103448275861,8.692982456140351,12.0,15.2,0.0,0,0,0.0,0,0,116,20
2016,2,ericsson,Marcus Ericsson,sauber,Sauber,17.0,17,17.0,15.305555555555555,17.36111111111111,14.8,15.6,0.0,0,0,0.0,0,0,36,12
2016,2,grosjean,Romain Grosjean,haas,Haas F1 Team,9.0,9,6.0,12.0,10.25974025974026,10.2,14.8,8.0,0,0,8.0,0,0,77,5
2016,2,gutierrez,Esteban Gutiérrez,haas,Haas F1 Team,13.0,13,20.0,15.205128205128204,15.820512820512821,15.6,15.2,0.0,0,0,18.0,0,0,39,19
2016,2,hamilton,Lewis Hamilton,mercedes,Mercedes,1.0,1,2.0,5.896551724137931,3.310344827586207,1.8,1.8,18.0,0,1,43.0,1,2,116,3
2016,2,haryanto,Rio Haryanto,manor,Manor Marussia,21.0,20,19.0,19.0,21.0,19.0,21.0,0.0,0,0,0.0,0,0,1,17
2016,2,hulkenberg,Nico Hülkenberg,force_india,Force India,8.0,8,7.0,11.381443298969073,10.489583333333334,8.2,8.0,6.0,0,0,6.0,0,0,97,15
2016,2,jolyon_palmer,Jolyon Palmer,renault,Renault,20.0,19,11.0,11.0,14.0,11.0,14.0,0.0,0,0,0.0,0,0,1,22
2016,2,kevin_magnussen,Kevin Magnussen,renault,Renault,19.0,22,12.0,10.285714285714286,8.904761904761905,11.4,11.4,0.0,0,0,0.0,0,0,21,11
2016,2,kvyat,Daniil Kvyat,red_bull,Red Bull,15.0,15,22.0,11.512820512820513,9.820512820512821,11.2,8.4,0.0,0,0,12.0,0,0,39,7
2016,2,massa,Felipe Massa,williams,Williams,7.0,7,5.0,8.672413793103448,7.853448275862069,11.2,7.6,10.0,0,0,16.0,0,0,116,8
2016,2,max_verstappen,Max Verstappen,toro_rosso,Toro Rosso,10.0,10,10.0,11.1,10.7,9.6,8.8,1.0,0,0,3.0,0,0,20,6
2016,2,nasr,Felipe Nasr,sauber,Sauber,22.0,21,15.0,12.25,14.35,13.8,15.2,0.0,0,0,0.0,0,0,20,14
2016,2,perez,Sergio Pérez,force_india,Force India,18.0,18,13.0,11.5,11.74736842105263,8.6,8.2,0.0,0,0,6.0,0,0,96,16
2016,2,raikkonen,Kimi Räikkönen,ferrari,Ferrari,4.0,4,18.0,7.605263157894737,7.868421052631579,12.0,7.0,0.0,0,0,15.0,0,1,76,2
2016,2,ricciardo,Daniel Ricciardo,red_bull,Red Bull,5.0,5,4.0,11.303370786516854,11.215909090909092,7.2,6.0,12.0,0,0,18.0,0,0,89,4
2016,2,rosberg,Nico Rosberg,mercedes,Mercedes,2.0,2,1.0,7.267241379310345,5.422413793103448,1.2,1.2,25.0,1,1,58.0,1,3,116,1
2016,2,sainz,Carlos Sainz,toro_rosso,Toro Rosso,11.0,11,9.0,12.45,11.157894736842104,11.8,12.0,2.0,0,0,11.0,0,0,20,18
2016,2,vandoorne,Stoffel Vandoorne,mclaren,McLaren,12.0,12,20.0,20.0,20.0,20.0,20.0,0.0,0,0,0.0,0,0,0,10
2016,2,vettel,Sebastian Vettel,ferrari,Ferrari,3.0,3,3.0,4.672413793103448,3.5565217391304347,6.2,6.0,15.0,0,1,33.0,0,2,116,21
2016,2,wehrlein,Pascal Wehrlein,manor,Manor Marussia,16.0,16,16.0,16.0,22.0,16.0,22.0,0.0,0,0,0.0,0,0,1,13
2016,3,alonso,Fernando Alonso,mclaren,McLaren,12.0,11,21.0,7.043478260869565,7.556521739130435,16.8,15.2,0.0,0,0,1.0,0,0,115,12
2016,3,bottas,Valtteri Bottas,williams,Williams,5.0,5,9.0,9.474576271186441,9.05084745762712,7.6,6.6,6.0,0,0,20.0,0,0,59,10
2016,3,button,Jenson Button,mclaren,McLaren,13.0,12,20.0,8.64102564102564,8.73913043478261,14.8,15.2,0.0,0,0,1.0,0,0,117,13
2016,3,ericsson,Marcus Ericsson,sauber,Sauber,15.0,15,12.0,15.216216216216216,17.35135135135135,14.2,15.8,0.0,0,0,0.0,0,0,37,16
2016,3,grosjean,Romain Grosjean,haas,Haas F1 Team,14.0,14,5.0,11.91025641025641,10.243589743589743,7.6,14.0,18.0,0,0,18.0,0,0,78,19
2016,3,gutierrez,Esteban Gutiérrez,haas,Haas F1 Team,18.0,18,19.0,15.3,15.75,16.4,15.0,0.0,0,0,18.0,0,0,40,14
2016,3,hamilton,Lewis Hamilton,mercedes,Mercedes,22.0,22,3.0,5.871794871794871,3.2905982905982905,2.2,1.6,33.0,0,2,83.0,2,4,117,7
2016,3,haryanto,Rio Haryanto,manor,Manor Marussia,20.0,20,17.0,18.0,21.0,18.0,21.0,0.0,0,0,0.0,0,0,2,21
2016,3,hulkenberg,Nico Hülkenberg,force_india,Force India,10.0,13,15.0,11.418367346938776,10.463917525773196,8.4,8.2,6.0,0,0,6.0,0,0,98,15
2016,3,jolyon_palmer,Jolyon Palmer,renault,Renault,19.0,19,22.0,16.5,17.0,16.5,17.0,0.0,0,0,0.0,0,0,2,22
2016,3,kevin_magnussen,Kevin Magnussen,renault,Renault,17.0,17,11.0,10.318181818181818,9.363636363636363,12.0,13.6,0.0,0,0,0.0,0,0,22,17
2016,3,kvyat,Daniil Kvyat,red_bull,Red Bull,6.0,6,7.0,11.4,9.95,10.0,10.6,6.0,0,0,30.0,0,0,40,3
2016,3,massa,Felipe Massa,williams,Williams,11.0,10,8.0,8.666666666666666,7.846153846153846,9.4,7.2,14.0,0,0,21.0,0,0,117,6
2016,3,max_verstappen,Max Verstappen,toro_rosso,Toro Rosso,9.0,9,6.0,10.857142857142858,10.666666666666666,10.0,8.8,9.0,0,0,11.0,0,0,21,8
2016,3,nasr,Felipe Nasr,sauber,Sauber,16.0,16,14.0,12.333333333333334,14.714285714285714,14.8,16.2,0.0,0,0,0.0,0,0,21,20
2016,3,perez,Sergio Pérez,force_india,Force India,7.0,7,16.0,11.54639175257732,11.8125,10.8,10.6,0.0,0,0,6.0,0,0,97,11
2016,3,raikkonen,Kimi Räikkönen,ferrari,Ferrari,3.0,3,2.0,7.532467532467533,7.818181818181818,9.2,6.2,18.0,0,1,33.0,0,2,77,5
2016,3,ricciardo,Daniel Ricciardo,red_bull,Red Bull,2.0,2,4.0,11.222222222222221,11.146067415730338,6.0,6.4,24.0,0,0,45.0,0,1,90,4
2016,3,rosberg,Nico Rosberg,mercedes,Mercedes,1.0,1,1.0,7.213675213675214,5.3931623931623935,1.0,1.4,50.0,2,2,89.0,2,4,117,1
2016,3,sainz,Carlos Sainz,toro_rosso,Toro Rosso,8.0,8,18.0,12.714285714285714,11.15,14.0,10.2,2.0,0,0,15.0,0,0,21,9
2016,3,vettel,Sebastian Vettel,ferrari,Ferrari,4.0,4,21.0,4.811965811965812,3.5517241379310347,9.8,5.6,15.0,0,1,43.0,0,2,117,2
2016,3,wehrlein,Pascal Wehrlein,manor,Manor Marussia,21.0,21,13.0,14.5,19.0,14.5,19.0,0.0,0,0,0.0,0,0,2,18
2016,4,alonso,Fernando Alonso,mclaren,McLaren,14.0,14,12.0,7.086206896551724,7.594827586206897,17.0,15.4,0.0,0,0,1.0,0,0,116,6
2016,4,bottas,Valtteri Bottas,williams,Williams,3.0,2,10.0,9.483333333333333,8.983333333333333,9.0,6.4,7.0,0,0,29.0,0,0,60,4
2016,4,button,Jenson Button,mclaren,McLaren,12.0,12,13.0,8.677966101694915,8.775862068965518,14.6,13.8,0.0,0,0,9.0,0,0,118,10
2016,4,ericsson,Marcus Ericsson,sauber,Sauber,22.0,22,16.0,15.236842105263158,17.289473684210527,15.0,16.0,0.0,0,0,0.0,0,0,38,14
2016,4,grosjean,Romain Grosjean,haas,Haas F1 Team,15.0,15,19.0,12.0,10.291139240506329,9.4,14.4,18.0,0,0,18.0,0,0,79,8
2016,4,gutierrez,Esteban Gutiérrez,haas,Haas F1 Team,16.0,16,14.0,15.268292682926829,15.804878048780488,16.4,15.4,0.0,0,0,22.0,0,0,41,17
2016,4,hamilton,Lewis Hamilton,mercedes,Mercedes,10.0,10,7.0,5.88135593220339,3.4491525423728815,3.2,5.6,39.0,0,2,114.0,3,5,118,2
2016,4,haryanto,Rio Haryanto,manor,Manor Marussia,21.0,21,21.0,19.0,20.666666666666668,19.0,20.666666666666668,0.0,0,0,0.0,0,0,3,22
2016,4,hulkenberg,Nico Hülkenberg,force_india,Force India,13.0,13,15.0,11.454545454545455,10.459183673469388,10.0,8.2,6.0,0,0,6.0,0,0,99,21
2016,4,jolyon_palmer,Jolyon Palmer,renault,Renault,18.0,18,22.0,18.333333333333332,17.666666666666668,18.333333333333332,17.666666666666668,0.0,0,0,0.0,0,0,3,13
2016,4,kevin_magnussen,Kevin Magnussen,renault,Renault,17.0,17,17.0,10.608695652173912,9.695652173913043,13.6,15.6,0.0,0,0,0.0,0,0,23,7
2016,4,kvyat,Daniil Kvyat,red_bull,Red Bull,8.0,8,3.0,11.195121951219512,9.853658536585366,9.8,11.0,21.0,0,1,57.0,0,1,41,15
2016,4,massa,Felipe Massa,williams,Williams,5.0,4,6.0,8.64406779661017,7.872881355932203,9.4,8.0,22.0,0,0,41.0,0,0,118,5
2016,4,max_verstappen,Max Verstappen,toro_rosso,Toro Rosso,9.0,9,8.0,10.727272727272727,10.590909090909092,9.8,9.0,13.0,0,0,17.0,0,0,22,19
2016,4,nasr,Felipe Nasr,sauber,Sauber,19.0,19,20.0,12.681818181818182,14.772727272727273,15.4,16.0,0.0,0,0,0.0,0,0,22,16
2016,4,perez,Sergio Pérez,force_india,Force India,7.0,6,11.0,11.540816326530612,11.762886597938145,11.4,10.2,0.0,0,0,6.0,0,0,98,9
2016,4,raikkonen,Kimi Räikkönen,ferrari,Ferrari,4.0,3,5.0,7.5,7.756410256410256,6.4,3.8,28.0,0,1,61.0,0,3,78,3
2016,4,ricciardo,Daniel Ricciardo,red_bull,Red Bull,6.0,5,4.0,11.142857142857142,11.044444444444444,5.8,5.8,36.0,0,0,57.0,0,1,91,11
2016,4,rosberg,Nico Rosberg,mercedes,Mercedes,1.0,1,1.0,7.161016949152542,5.3559322033898304,1.0,1.4,75.0,3,3,132.0,3,6,118,1
2016,4,sainz,Carlos Sainz,toro_rosso,Toro Rosso,11.0,11,9.0,12.545454545454545,11.0,13.2,9.6,4.0,0,0,17.0,0,0,22,12
2016,4,vettel,Sebastian Vettel,ferrari,Ferrari,2.0,7,2.0,4.788135593220339,3.5555555555555554,6.6,5.8,33.0,0,2,76.0,0,4,118,20
2016,4,wehrlein,Pascal Wehrlein,manor,Manor Marussia,20.0,20,18.0,15.666666666666666,19.666666666666668,15.666666666666666,19.666666666666668,0.0,0,0,0.0,0,0,3,18
2016,5,alonso,Fernando Alonso,mclaren,McLaren,10.0,10,6.0,7.076923076923077,7.64957264957265,14.2,15.0,8.0,0,0,10.0,0,0,117,19
2016,5,bottas,Valtteri Bottas,williams,Williams,7.0,7,4.0,9.39344262295082,8.885245901639344,8.8,6.2,19.0,0,0,51.0,0,0,61,5
2016,5,button,Jenson Button,mclaren,McLaren,12.0,12,10.0,8.6890756302521,8.803418803418804,13.8,12.8,1.0,0,0,10.0,0,0,119,9
2016,5,ericsson,Marcus Ericsson,sauber,Sauber,19.0,19,14.0,15.205128205128204,17.41025641025641,14.6,17.6,0.0,0,0,0.0,0,0,39,12
2016,5,grosjean,Romain Grosjean,haas,Haas F1 Team,14.0,14,8.0,11.95,10.35,9.4,14.4,22.0,0,0,22.0,0,0,80,18
2016,5,gutierrez,Esteban Gutiérrez,haas,Haas F1 Team,16.0,16,17.0,15.30952380952381,15.80952380952381,17.0,16.4,0.0,0,0,22.0,0,0,42,11
2016,5,hamilton,Lewis Hamilton,mercedes,Mercedes,1.0,1,2.0,5.848739495798319,3.504201680672269,3.2,7.2,57.0,0,3,157.0,4,7,119,21
2016,5,haryanto,Rio Haryanto,manor,Manor Marussia,22.0,22,22.0,19.75,20.75,19.75,20.75,0.0,0,0,0.0,0,0,4,17
2016,5,hulkenberg,Nico Hülkenberg,force_india,Force India,11.0,11,21.0,11.55,10.484848484848484,13.0,9.6,6.0,0,0,8.0,0,0,100,20
2016,5,jolyon_palmer,Jolyon Palmer,renault,Renault,17.0,17,13.0,17.0,17.75,17.0,17.75,0.0,0,0,6.0,0,0,4,13
2016,5,kevin_magnussen,Kevin Magnussen,renault,Renault,15.0,15,7.0,10.458333333333334,10.0,12.8,17.2,6.0,0,0,6.0,0,0,24,14
2016,5,kvyat,Daniil Kvyat,toro_rosso,Toro Rosso,13.0,13,15.0,11.285714285714286,9.80952380952381,11.4,11.2,21.0,0,1,17.0,0,0,42,10
2016,5,massa,Felipe Massa,williams,Williams,18.0,18,5.0,8.61344537815126,7.848739495798319,6.4,7.4,32.0,0,0,61.0,0,0,119,8
2016,5,max_verstappen,Max Verstappen,red_bull,Red Bull,4.0,4,19.0,11.08695652173913,10.521739130434783,11.8,8.8,13.0,0,0,57.0,0,1,23,1
2016,5,nasr,Felipe Nasr,sauber,Sauber,20.0,20,16.0,12.826086956521738,14.956521739130435,16.0,17.6,0.0,0,0,0.0,0,0,23,15
2016,5,perez,Sergio Pérez,force_india,Force India,9.0,9,9.0,11.515151515151516,11.714285714285714,10.8,9.0,2.0,0,0,8.0,0,0,99,7
2016,5,raikkonen,Kimi Räikkönen,ferrari,Ferrari,5.0,5,3.0,7.443037974683544,7.708860759493671,6.2,3.6,43.0,0,2,76.0,0,4,79,2
2016,5,ricciardo,Daniel Ricciardo,red_bull,Red Bull,3.0,3,11.0,11.141304347826088,10.989010989010989,5.8,5.2,36.0,0,0,82.0,1,2,92,4
2016,5,rosberg,Nico Rosberg,mercedes,Mercedes,2.0,2,1.0,7.109243697478991,5.319327731092437,1.0,1.4,100.0,4,4,157.0,4,7,119,22
2016,5,sainz,Carlos Sainz,toro_rosso,Toro Rosso,8.0,8,12.0,12.521739130434783,11.0,11.8,9.4,4.0,0,0,18.0,0,0,23,6
2016,5,vettel,Sebastian Vettel,ferrari,Ferrari,6.0,6,20.0,4.915966386554622,3.542372881355932,10.0,5.6,33.0,0,2,94.0,0,5,119,3
2016,5,wehrlein,Pascal Wehrlein,manor,Manor Marussia,21.0,21,18.0,16.25,19.75,16.25,19.75,0.0,0,0,0.0,0,0,4,16
2016,6,alonso,Fernando Alonso,mclaren,McLaren,10.0,9,19.0,7.177966101694915,7.669491525423729,15.0,13.0,8.0,0,0,12.0,0,0,118,5
2016,6,bottas,Valtteri Bottas,williams,Williams,11.0,10,5.0,9.32258064516129,8.85483870967742,7.2,6.4,29.0,0,0,65.0,0,0,62,12
2016,6,button,Jenson Button,mclaren,McLaren,13.0,13,9.0,8.691666666666666,8.830508474576272,13.2,12.8,3.0,0,0,22.0,0,0,120,9
2016,6,ericsson,Marcus Ericsson,sauber,Sauber,17.0,17,12.0,15.125,17.45,14.2,17.8,0.0,0,0,0.0,0,0,40,16
2016,6,grosjean,Romain Grosjean,haas,Haas F1 Team,15.0,15,18.0,12.024691358024691,10.395061728395062,11.2,14.2,22.0,0,0,22.0,0,0,81,13
2016,6,gutierrez,Esteban Gutiérrez,haas,Haas F1 Team,12.0,12,11.0,15.209302325581396,15.813953488372093,16.2,16.6,0.0,0,0,22.0,0,0,43,11
2016,6,hamilton,Lewis Hamilton,mercedes,Mercedes,3.0,3,21.0,5.975,3.4833333333333334,7.0,7.0,57.0,0,3,157.0,4,7,120,1
2016,6,haryanto,Rio Haryanto,manor,Manor Marussia,19.0,19,17.0,19.2,21.0,19.2,21.0,0.0,0,0,0.0,0,0,5,15
2016,6,hulkenberg,Nico Hülkenberg,force_india,Force India,5.0,5,20.0,11.633663366336634,10.49,15.6,10.4,6.0,0,0,14.0,0,0,101,6
2016,6,jolyon_palmer,Jolyon Palmer,renault,Renault,18.0,18,13.0,16.2,17.6,16.2,17.6,0.0,0,0,6.0,0,0,5,22
2016,6,kevin_magnussen,Kevin Magnussen,renault,Renault,16.0,16,14.0,10.6,10.2,12.2,16.6,6.0,0,0,6.0,0,0,25,19
2016,6,kvyat,Daniil Kvyat,toro_rosso,Toro Rosso,9.0,8,10.0,11.255813953488373,9.883720930232558,11.4,12.0,22.0,0,1,26.0,0,0,43,20
2016,6,massa,Felipe Massa,williams,Williams,14.0,14,8.0,8.608333333333333,7.933333333333334,6.4,9.4,36.0,0,0,65.0,0,0,120,10
2016,6,max_verstappen,Max Verstappen,red_bull,Red Bull,21.0,0,1.0,10.666666666666666,10.25,8.8,7.4,38.0,1,1,94.0,1,2,24,18
2016,6,nasr,Felipe Nasr,sauber,Sauber,22.0,0,15.0,12.916666666666666,15.166666666666666,16.0,18.8,0.0,0,0,0.0,0,0,24,17
2016,6,perez,Sergio Pérez,force_india,Force India,8.0,7,7.0,11.47,11.686868686868687,11.2,10.0,8.0,0,0,22.0,0,0,100,3
2016,6,raikkonen,Kimi Räikkönen,ferrari,Ferrari,6.0,11,2.0,7.375,7.675,6.0,4.0,61.0,0,3,109.0,0,6,80,21
2016,6,ricciardo,Daniel Ricciardo,red_bull,Red Bull,1.0,1,4.0,11.064516129032258,10.902173913043478,5.4,4.8,48.0,0,0,94.0,1,2,93,2
2016,6,rosberg,Nico Rosberg,mercedes,Mercedes,2.0,2,22.0,7.233333333333333,5.291666666666667,5.2,1.6,100.0,4,4,182.0,5,8,120,7
2016,6,sainz,Carlos Sainz,toro_rosso,Toro Rosso,7.0,6,6.0,12.25,10.869565217391305,10.8,9.0,12.0,0,0,26.0,0,0,24,8
2016,6,vettel,Sebastian Vettel,ferrari,Ferrari,4.0,4,3.0,4.9,3.563025210084034,9.8,3.6,48.0,0,3,109.0,0,6,120,4
2016,6,wehrlein,Pascal Wehrlein,manor,Manor Marussia,20.0,20,16.0,16.2,20.0,16.2,20.0,0.0,0,0,0.0,0,0,5,14
2016,7,alonso,Fernando Alonso,mclaren,McLaren,10.0,10,5.0,7.159663865546219,7.689075630252101,12.6,11.6,18.0,0,0,24.0,0,0,119,11
2016,7,bottas,Valtteri Bottas,williams,Williams,7.0,7,12.0,9.365079365079366,8.88888888888889,8.0,6.4,29.0,0,0,66.0,0,0,63,3
2016,7,button,Jenson Button,mclaren,McLaren,12.0,12,9.0,8.694214876033058,8.865546218487395,12.2,12.8,5.0,0,0,24.0,0,0,121,22
2016,7,ericsson,Marcus Ericsson,sauber,Sauber,19.0,21,16.0,15.146341463414634,17.4390243902439,14.0,18.0,0.0,0,0,0.0,0,0,41,15
2016,7,grosjean,Romain Grosjean,haas,Haas F1 Team,15.0,14,13.0,12.036585365853659,10.451219512195122,12.6,13.4,22.0,0,0,22.0,0,0,82,14
2016,7,gutierrez,Esteban Gutiérrez,haas,Haas F1 Team,14.0,13,11.0,15.113636363636363,15.727272727272727,14.4,15.0,0.0,0,0,22.0,0,0,44,13
2016,7,hamilton,Lewis Hamilton,mercedes,Mercedes,1.0,1,1.0,5.933884297520661,3.479338842975207,6.8,7.4,82.0,1,4,188.0,5,8,121,1
2016,7,haryanto,Rio Haryanto,manor,Manor Marussia,21.0,19,15.0,18.5,20.666666666666668,18.4,20.6,0.0,0,0,0.0,0,0,6,19
2016,7,hulkenberg,Nico Hülkenberg,force_india,Force India,9.0,9,6.0,11.57843137254902,10.435643564356436,15.4,9.4,14.0,0,0,37.0,0,1,102,8
2016,7,jolyon_palmer,Jolyon Palmer,renault,Renault,17.0,16,22.0,17.166666666666668,17.666666666666668,18.4,18.4,0.0,0,0,6.0,0,0,6,21
2016,7,kevin_magnussen,Kevin Magnussen,renault,Renault,,22,19.0,10.923076923076923,10.423076923076923,13.6,16.8,6.0,0,0,6.0,0,0,26,16
2016,7,kvyat,Daniil Kvyat,toro_rosso,Toro Rosso,13.0,15,20.0,11.454545454545455,9.863636363636363,11.0,10.2,22.0,0,1,30.0,0,0,44,12
2016,7,massa,Felipe Massa,williams,Williams,8.0,8,10.0,8.619834710743802,7.983471074380165,7.4,11.0,37.0,0,0,81.0,0,1,121,20
2016,7,max_verstappen,Max Verstappen,red_bull,Red Bull,5.0,5,18.0,10.96,10.68,10.4,10.6,38.0,1,1,112.0,1,3,25,4
2016,7,nasr,Felipe Nasr,sauber,Sauber,20.0,18,17.0,13.08,15.44,16.4,19.8,0.0,0,0,0.0,0,0,25,18
2016,7,perez,Sergio Pérez,force_india,Force India,11.0,11,3.0,11.386138613861386,11.65,9.2,9.8,23.0,0,1,41.0,0,1,101,10
2016,7,raikkonen,Kimi Räikkönen,ferrari,Ferrari,6.0,6,21.0,7.54320987654321,7.654320987654321,6.6,4.4,61.0,0,3,121.0,0,6,81,6
2016,7,ricciardo,Daniel Ricciardo,red_bull,Red Bull,4.0,4,2.0,10.96808510638298,10.795698924731182,5.0,3.4,66.0,0,1,124.0,1,3,94,7
2016,7,rosberg,Nico Rosberg,mercedes,Mercedes,2.0,2,7.0,7.231404958677686,5.264462809917355,6.4,1.6,106.0,4,4,213.0,6,9,121,5
2016,7,sainz,Carlos Sainz,toro_rosso,Toro Rosso,16.0,20,8.0,12.08,10.708333333333334,10.6,9.0,16.0,0,0,30.0,0,0,25,9
2016,7,vettel,Sebastian Vettel,ferrari,Ferrari,3.0,3,4.0,4.892561983471074,3.566666666666667,10.0,3.8,60.0,0,3,129.0,0,6,121,2
2016,7,wehrlein,Pascal Wehrlein,manor,Manor Marussia,18.0,17,14.0,15.833333333333334,20.0,15.8,19.6,0.0,0,0,0.0,0,0,6,17
2016,8,alonso,Fernando Alonso,mclaren,McLaren,14.0,13,11.0,7.191666666666666,7.708333333333333,10.6,11.2,18.0,0,0,24.0,0,0,120,19
2016,8,bottas,Valtteri Bottas,williams,Williams,8.0,8,3.0,9.265625,8.859375,6.8,6.6,44.0,0,1,81.0,0,1,64,6
2016,8,button,Jenson Button,mclaren,McLaren,19.0,19,22.0,8.80327868852459,8.891666666666667,12.6,12.4,5.0,0,0,24.0,0,0,122,11
2016,8,ericsson,Marcus Ericsson,sauber,Sauber,20.0,20,15.0,15.142857142857142,17.476190476190474,14.6,18.4,0.0,0,0,0.0,0,0,42,17
2016,8,grosjean,Romain Grosjean,haas,Haas F1 Team,11.0,11,14.0,12.060240963855422,10.506024096385541,14.4,14.6,22.0,0,0,22.0,0,0,83,13
2016,8,gutierrez,Esteban Gutiérrez,haas,Haas F1 Team,15.0,14,13.0,15.066666666666666,15.688888888888888,13.2,15.2,0.0,0,0,22.0,0,0,45,16
2016,8,hamilton,Lewis Hamilton,mercedes,Mercedes,10.0,10,1.0,5.89344262295082,3.459016393442623,6.4,7.4,107.0,2,5,223.0,6,9,122,5
2016,8,haryanto,Rio Haryanto,manor,Manor Marussia,17.0,16,19.0,18.571428571428573,20.714285714285715,18.8,20.6,0.0,0,0,0.0,0,0,7,18
2016,8,hulkenberg,Nico Hülkenberg,force_india,Force India,12.0,12,8.0,11.54368932038835,10.42156862745098,14.0,9.6,18.0,0,0,42.0,0,1,103,9
2016,8,jolyon_palmer,Jolyon Palmer,renault,Renault,22.0,21,21.0,17.714285714285715,17.571428571428573,18.2,17.8,0.0,0,0,6.0,0,0,7,15
2016,8,kevin_magnussen,Kevin Magnussen,renault,Renault,21.0,22,16.0,11.11111111111111,10.423076923076923,14.6,16.25,6.0,0,0,6.0,0,0,27,14
2016,8,kvyat,Daniil Kvyat,toro_rosso,Toro Rosso,7.0,6,12.0,11.466666666666667,9.933333333333334,12.0,9.8,22.0,0,1,32.0,0,0,45,22
2016,8,massa,Felipe Massa,williams,Williams,6.0,5,20.0,8.71311475409836,7.983606557377049,9.8,11.2,37.0,0,0,89.0,0,1,122,10
2016,8,max_verstappen,Max Verstappen,red_bull,Red Bull,9.0,9,4.0,10.692307692307692,10.461538461538462,10.0,9.6,50.0,1,1,130.0,1,3,26,8
2016,8,nasr,Felipe Nasr,sauber,Sauber,16.0,15,18.0,13.26923076923077,15.615384615384615,17.2,19.4,0.0,0,0,0.0,0,0,26,12
2016,8,perez,Sergio Pérez,force_india,Force India,2.0,7,10.0,11.372549019607844,11.643564356435643,8.0,8.4,24.0,0,1,44.0,0,1,102,3
2016,8,raikkonen,Kimi Räikkönen,ferrari,Ferrari,5.0,4,6.0,7.524390243902439,7.634146341463414,7.4,4.8,69.0,0,3,147.0,0,7,82,4
2016,8,ricciardo,Daniel Ricciardo,red_bull,Red Bull,3.0,2,7.0,10.926315789473684,10.72340425531915,5.6,3.2,72.0,0,1,134.0,1,3,95,7
2016,8,rosberg,Nico Rosberg,mercedes,Mercedes,1.0,1,5.0,7.213114754098361,5.237704918032787,7.2,1.6,116.0,4,4,233.0,6,9,122,1
2016,8,sainz,Carlos Sainz,toro_rosso,Toro Rosso,13.0,18,9.0,11.961538461538462,10.92,8.8,10.0,18.0,0,0,32.0,0,0,26,21
2016,8,vettel,Sebastian Vettel,ferrari,Ferrari,4.0,3,2.0,4.868852459016393,3.56198347107438,6.2,3.8,78.0,0,4,159.0,0,7,122,2
2016,8,wehrlein,Pascal Wehrlein,manor,Manor Marussia,18.0,17,17.0,16.0,19.714285714285715,16.6,20.0,0.0,0,0,0.0,0,0,7,20
2016,9,alonso,Fernando Alonso,mclaren,McLaren,14.0,14,19.0,7.289256198347108,7.760330578512397,12.0,11.6,18.0,0,0,24.0,0,0,121,18
2016,9,bottas,Valtteri Bottas,williams,Williams,8.0,7,6.0,9.215384615384615,8.846153846153847,6.0,7.2,52.0,0,1,90.0,0,1,65,9
2016,9,button,Jenson Button,mclaren,McLaren,5.0,3,11.0,8.821138211382113,8.975206611570249,12.2,13.6,5.0,0,0,24.0,0,0,123,6
2016,9,ericsson,Marcus Ericsson,sauber,Sauber,21.0,18,17.0,15.186046511627907,17.53488372093023,14.8,19.4,0.0,0,0,0.0,0,0,43,15
2016,9,grosjean,Romain Grosjean,haas,Haas F1 Team,13.0,13,13.0,12.071428571428571,10.511904761904763,13.2,14.0,22.0,0,0,22.0,0,0,84,7
2016,9,gutierrez,Esteban Gutiérrez,haas,Haas F1 Team,11.0,11,16.0,15.08695652173913,15.673913043478262,13.6,14.6,0.0,0,0,28.0,0,0,46,11
2016,9,hamilton,Lewis Hamilton,mercedes,Mercedes,1.0,1,5.0,5.8861788617886175,3.5121951219512195,6.0,5.0,117.0,2,5,258.0,7,10,123,1
2016,9,haryanto,Rio Haryanto,manor,Manor Marussia,19.0,20,18.0,18.5,20.25,18.2,20.0,0.0,0,0,0.0,0,0,8,16
2016,9,hulkenberg,Nico Hülkenberg,force_india,Force India,3.0,2,9.0,11.51923076923077,10.436893203883495,12.8,10.0,20.0,0,0,59.0,0,2,104,19
2016,9,jolyon_palmer,Jolyon Palmer,renault,Renault,18.0,19,15.0,17.375,18.125,16.8,18.4,0.0,0,0,6.0,0,0,8,12
2016,9,kevin_magnussen,Kevin Magnussen,renault,Renault,17.0,17,14.0,11.214285714285714,10.814814814814815,14.0,17.25,6.0,0,0,6.0,0,0,28,14
2016,9,kvyat,Daniil Kvyat,toro_rosso,Toro Rosso,20.0,0,22.0,11.695652173913043,9.869565217391305,15.8,10.0,22.0,0,1,32.0,0,0,46,22
2016,9,massa,Felipe Massa,williams,Williams,10.0,0,10.0,8.723577235772357,7.967479674796748,10.6,10.2,38.0,0,0,92.0,0,1,123,20
2016,9,max_verstappen,Max Verstappen,red_bull,Red Bull,9.0,8,8.0,10.592592592592593,10.407407407407407,10.0,9.6,54.0,1,1,140.0,1,3,27,2
2016,9,nasr,Felipe Nasr,sauber,Sauber,22.0,21,12.0,13.222222222222221,15.62962962962963,15.6,19.4,0.0,0,0,0.0,0,0,27,13
2016,9,perez,Sergio Pérez,force_india,Force India,16.0,16,3.0,11.29126213592233,11.549019607843137,6.4,7.4,39.0,0,2,59.0,0,2,103,17
2016,9,raikkonen,Kimi Räikkönen,ferrari,Ferrari,6.0,4,4.0,7.481927710843373,7.602409638554217,7.2,5.2,81.0,0,3,177.0,0,8,83,3
2016,9,ricciardo,Daniel Ricciardo,red_bull,Red Bull,7.0,5,7.0,10.885416666666666,10.642105263157895,6.2,3.4,78.0,0,1,158.0,1,4,96,5
2016,9,rosberg,Nico Rosberg,mercedes,Mercedes,2.0,6,1.0,7.162601626016261,5.203252032520325,7.2,1.6,141.0,5,5,283.0,8,11,123,4
2016,9,sainz,Carlos Sainz,toro_rosso,Toro Rosso,15.0,15,21.0,12.296296296296296,11.0,11.2,11.0,18.0,0,0,32.0,0,0,27,8
2016,9,vettel,Sebastian Vettel,ferrari,Ferrari,4.0,9,2.0,4.845528455284553,3.5655737704918034,6.2,3.8,96.0,0,5,192.0,0,9,123,21
2016,9,wehrlein,Pascal Wehrlein,manor,Manor Marussia,12.0,12,20.0,16.5,19.5,17.0,19.4,0.0,0,0,0.0,0,0,8,10
2016,10,alonso,Fernando Alonso,mclaren,McLaren,10.0,9,18.0,7.377049180327869,7.811475409836065,14.4,11.6,18.0,0,0,32.0,0,0,122,13
2016,10,bottas,Valtteri Bottas,williams,Williams,7.0,6,9.0,9.212121212121213,8.833333333333334,7.0,8.2,54.0,0,1,92.0,0,1,66,14
2016,10,button,Jenson Button,mclaren,McLaren,17.0,17,6.0,8.798387096774194,8.942622950819672,11.4,12.2,13.0,0,0,32.0,0,0,124,12
2016,10,ericsson,Marcus Ericsson,sauber,Sauber,,22,15.0,15.181818181818182,17.613636363636363,15.0,19.2,0.0,0,0,0.0,0,0,44,21
2016,10,grosjean,Romain Grosjean,haas,Haas F1 Team,13.0,13,7.0,12.011764705882353,10.541176470588235,13.0,13.6,28.0,0,0,28.0,0,0,85,20
2016,10,gutierrez,Esteban Gutiérrez,haas,Haas F1 Team,14.0,14,11.0,15.0,15.574468085106384,12.4,13.6,0.0,0,0,28.0,0,0,47,16
2016,10,hamilton,Lewis Hamilton,mercedes,Mercedes,1.0,1,1.0,5.846774193548387,3.4919354838709675,5.8,3.2,142.0,3,6,295.0,8,11,124,1
2016,10,haryanto,Rio Haryanto,manor,Manor Marussia,19.0,19,16.0,18.22222222222222,20.11111111111111,17.0,19.6,0.0,0,0,1.0,0,0,9,19
2016,10,hulkenberg,Nico Hülkenberg,force_india,Force India,9.0,8,19.0,11.59047619047619,10.365384615384615,12.4,8.0,20.0,0,0,59.0,0,2,105,7
2016,10,jolyon_palmer,Jolyon Palmer,renault,Renault,18.0,18,12.0,16.77777777777778,18.11111111111111,16.6,18.4,0.0,0,0,6.0,0,0,9,18
2016,10,kevin_magnussen,Kevin Magnussen,renault,Renault,16.0,16,14.0,11.310344827586206,11.035714285714286,15.4,17.25,6.0,0,0,6.0,0,0,29,17
2016,10,kvyat,Daniil Kvyat,toro_rosso,Toro Rosso,15.0,15,22.0,11.914893617021276,10.085106382978724,17.2,12.4,22.0,0,1,36.0,0,0,47,10
2016,10,massa,Felipe Massa,williams,Williams,12.0,12,20.0,8.814516129032258,7.983870967741935,13.6,11.2,38.0,0,0,92.0,0,1,124,11
2016,10,max_verstappen,Max Verstappen,red_bull,Red Bull,3.0,3,2.0,10.285714285714286,10.357142857142858,6.6,9.6,72.0,1,2,168.0,1,4,28,2
2016,10,nasr,Felipe Nasr,sauber,Sauber,21.0,21,13.0,13.214285714285714,15.857142857142858,15.0,20.0,0.0,0,0,0.0,0,0,28,15
2016,10,perez,Sergio Pérez,force_india,Force India,11.0,10,17.0,11.346153846153847,11.592233009708737,8.0,9.2,39.0,0,2,65.0,0,2,104,6
2016,10,raikkonen,Kimi Räikkönen,ferrari,Ferrari,5.0,5,3.0,7.428571428571429,7.583333333333333,7.2,5.6,96.0,0,4,192.0,0,9,84,5
2016,10,ricciardo,Daniel Ricciardo,red_bull,Red Bull,4.0,4,5.0,10.824742268041238,10.604166666666666,5.0,3.6,88.0,0,1,186.0,1,5,97,4
2016,10,rosberg,Nico Rosberg,mercedes,Mercedes,2.0,2,4.0,7.137096774193548,5.17741935483871,7.8,1.8,153.0,5,5,320.0,9,12,124,3
2016,10,sainz,Carlos Sainz,toro_rosso,Toro Rosso,8.0,7,8.0,12.142857142857142,11.148148148148149,10.4,11.8,22.0,0,0,37.0,0,0,28,8
2016,10,vettel,Sebastian Vettel,ferrari,Ferrari,6.0,11,21.0,4.975806451612903,3.569105691056911,6.4,4.2,96.0,0,5,202.0,0,9,124,9
2016,10,wehrlein,Pascal Wehrlein,manor,Manor Marussia,20.0,20,10.0,15.777777777777779,18.666666666666668,15.4,17.8,1.0,0,0,1.0,0,0,9,22
2016,11,alonso,Fernando Alonso,mclaren,McLaren,7.0,7,13.0,7.4227642276422765,7.829268292682927,13.2,11.6,18.0,0,0,32.0,0,0,123,7
2016,11,bottas,Valtteri Bottas,williams,Williams,10.0,10,14.0,9.283582089552239,8.805970149253731,8.8,8.2,54.0,0,1,92.0,0,1,67,9
2016,11,button,Jenson Button,mclaren,McLaren,8.0,8,12.0,8.824,9.008130081300813,12.0,13.2,13.0,0,0,38.0,0,0,125,22
2016,11,ericsson,Marcus Ericsson,sauber,Sauber,20.0,22,21.0,15.311111111111112,17.613636363636363,16.8,19.25,0.0,0,0,0.0,0,0,45,20
2016,11,grosjean,Romain Grosjean,haas,Haas F1 Team,11.0,11,20.0,12.104651162790697,10.569767441860465,13.4,13.4,28.0,0,0,28.0,0,0,86,14
2016,11,gutierrez,Esteban Gutiérrez,haas,Haas F1 Team,15.0,15,16.0,15.020833333333334,15.541666666666666,13.4,13.2,0.0,0,0,28.0,0,0,48,13
2016,11,hamilton,Lewis Hamilton,mercedes,Mercedes,2.0,2,1.0,5.808,3.472,1.8,3.2,167.0,4,7,335.0,9,13,125,1
2016,11,haryanto,Rio Haryanto,manor,Manor Marussia,22.0,21,19.0,18.3,20.0,17.4,19.0,0.0,0,0,1.0,0,0,10,21
2016,11,hulkenberg,Nico Hülkenberg,force_india,Force India,9.0,9,7.0,11.547169811320755,10.352380952380953,9.8,7.6,26.0,0,0,73.0,0,2,106,10
2016,11,jolyon_palmer,Jolyon Palmer,renault,Renault,17.0,17,18.0,16.9,18.1,17.6,18.6,0.0,0,0,6.0,0,0,10,12
2016,11,kevin_magnussen,Kevin Magnussen,renault,Renault,19.0,19,17.0,11.5,11.206896551724139,16.0,17.5,6.0,0,0,6.0,0,0,30,15
2016,11,kvyat,Daniil Kvyat,toro_rosso,Toro Rosso,12.0,12,10.0,11.875,10.1875,17.2,12.8,23.0,0,1,41.0,0,0,48,16
2016,11,massa,Felipe Massa,williams,Williams,18.0,18,11.0,8.832,8.016,14.2,10.0,38.0,0,0,94.0,0,1,125,18
2016,11,max_verstappen,Max Verstappen,red_bull,Red Bull,4.0,4,2.0,10.0,10.10344827586207,6.8,9.4,90.0,1,3,198.0,1,5,29,5
2016,11,nasr,Felipe Nasr,sauber,Sauber,16.0,16,15.0,13.275862068965518,16.03448275862069,15.0,20.2,0.0,0,0,0.0,0,0,29,17
2016,11,perez,Sergio Pérez,force_india,Force India,13.0,13,6.0,11.295238095238096,11.586538461538462,7.8,9.6,47.0,0,2,74.0,0,2,105,11
2016,11,raikkonen,Kimi Räikkönen,ferrari,Ferrari,14.0,14,5.0,7.4,7.552941176470588,7.8,5.6,106.0,0,4,204.0,0,9,85,6
2016,11,ricciardo,Daniel Ricciardo,red_bull,Red Bull,3.0,3,4.0,10.755102040816327,10.536082474226804,5.0,3.8,100.0,0,1,208.0,1,5,98,3
2016,11,rosberg,Nico Rosberg,mercedes,Mercedes,1.0,1,3.0,7.104,5.152,4.0,1.8,168.0,5,6,360.0,10,14,125,2
2016,11,sainz,Carlos Sainz,toro_rosso,Toro Rosso,6.0,6,8.0,12.0,11.035714285714286,10.8,11.8,26.0,0,0,41.0,0,0,29,8
2016,11,vettel,Sebastian Vettel,ferrari,Ferrari,5.0,5,9.0,5.008,3.588709677419355,7.6,4.2,98.0,0,5,212.0,0,9,125,4
2016,11,wehrlein,Pascal Wehrlein,manor,Manor Marussia,21.0,20,22.0,16.4,18.8,16.6,17.6,1.0,0,0,1.0,0,0,10,19
2016,12,alonso,Fernando Alonso,mclaren,McLaren,14.0,13,7.0,7.419354838709677,7.82258064516129,13.6,11.0,24.0,0,0,38.0,0,0,124,12
2016,12,bottas,Valtteri Bottas,williams,Williams,8.0,7,9.0,9.279411764705882,8.823529411764707,8.2,8.0,56.0,0,1,94.0,0,1,68,9
2016,12,button,Jenson Button,mclaren,McLaren,12.0,12,22.0,8.928571428571429,9.0,14.6,12.2,13.0,0,0,38.0,0,0,126,8
2016,12,ericsson,Marcus Ericsson,sauber,Sauber,22.0,22,20.0,15.41304347826087,17.666666666666668,17.6,20.0,0.0,0,0,0.0,0,0,46,18
2016,12,grosjean,Romain Grosjean,haas,Haas F1 Team,15.0,20,14.0,12.126436781609195,10.574712643678161,13.6,12.6,28.0,0,0,28.0,0,0,87,13
2016,12,gutierrez,Esteban Gutiérrez,haas,Haas F1 Team,11.0,11,13.0,14.979591836734693,15.53061224489796,13.8,13.8,0.0,0,0,28.0,0,0,49,11
2016,12,hamilton,Lewis Hamilton,mercedes,Mercedes,2.0,2,1.0,5.76984126984127,3.4603174603174605,1.8,3.0,192.0,5,8,378.0,10,15,126,1
2016,12,haryanto,Rio Haryanto,manor,Manor Marussia,20.0,19,21.0,18.545454545454547,20.181818181818183,18.6,19.6,0.0,0,0,1.0,0,0,11,20
2016,12,hulkenberg,Nico Hülkenberg,force_india,Force India,7.0,8,10.0,11.532710280373832,10.339622641509434,10.6,8.4,27.0,0,0,74.0,0,2,107,7
2016,12,jolyon_palmer,Jolyon Palmer,renault,Renault,16.0,14,12.0,16.454545454545453,18.0,15.6,18.4,0.0,0,0,6.0,0,0,11,19
2016,12,kevin_magnussen,Kevin Magnussen,renault,Renault,17.0,16,15.0,11.612903225806452,11.466666666666667,15.2,18.25,6.0,0,0,6.0,0,0,31,16
2016,12,kvyat,Daniil Kvyat,toro_rosso,Toro Rosso,19.0,18,16.0,11.959183673469388,10.224489795918368,16.4,13.4,23.0,0,1,45.0,0,0,49,15
2016,12,massa,Felipe Massa,williams,Williams,10.0,10,18.0,8.904761904761905,8.095238095238095,15.8,10.8,38.0,0,0,96.0,0,1,126,22
2016,12,max_verstappen,Max Verstappen,red_bull,Red Bull,4.0,4,5.0,9.833333333333334,9.9,4.2,6.0,100.0,1,3,223.0,1,6,30,3
2016,12,nasr,Felipe Nasr,sauber,Sauber,21.0,21,17.0,13.4,16.033333333333335,15.0,19.0,0.0,0,0,0.0,0,0,30,21
2016,12,perez,Sergio Pérez,force_india,Force India,9.0,9,11.0,11.29245283018868,11.6,9.4,10.6,47.0,0,2,80.0,0,2,106,10
2016,12,raikkonen,Kimi Räikkönen,ferrari,Ferrari,5.0,5,6.0,7.383720930232558,7.627906976744186,4.8,7.2,114.0,0,4,224.0,0,9,86,6
2016,12,ricciardo,Daniel Ricciardo,red_bull,Red Bull,3.0,3,3.0,10.676767676767676,10.459183673469388,5.2,4.2,115.0,0,2,238.0,1,7,99,2
2016,12,rosberg,Nico Rosberg,mercedes,Mercedes,1.0,1,2.0,7.063492063492063,5.119047619047619,3.0,1.6,186.0,5,7,403.0,11,16,126,4
2016,12,sainz,Carlos Sainz,toro_rosso,Toro Rosso,13.0,15,8.0,11.866666666666667,10.862068965517242,10.8,11.6,30.0,0,0,45.0,0,0,30,14
2016,12,vettel,Sebastian Vettel,ferrari,Ferrari,6.0,6,4.0,5.0,3.6,7.6,4.4,110.0,0,5,232.0,0,9,126,5
2016,12,wehrlein,Pascal Wehrlein,manor,Manor Marussia,18.0,17,19.0,16.636363636363637,19.0,17.6,17.8,1.0,0,0,1.0,0,0,11,17
2016,13,alonso,Fernando Alonso,mclaren,McLaren,,22,12.0,7.456,7.872,13.8,11.8,24.0,0,0,42.0,0,0,125,7
2016,13,bottas,Valtteri Bottas,williams,Williams,8.0,8,9.0,9.27536231884058,8.81159420289855,9.4,8.2,58.0,0,1,96.0,0,1,69,8
2016,13,button,Jenson Button,mclaren,McLaren,9.0,9,8.0,8.921259842519685,9.024,11.8,12.2,17.0,0,0,48.0,0,0,127,21
2016,13,ericsson,Marcus Ericsson,sauber,Sauber,20.0,20,18.0,15.46808510638298,17.76086956521739,18.2,20.75,0.0,0,0,0.0,0,0,47,19
2016,13,grosjean,Romain Grosjean,haas,Haas F1 Team,11.0,11,13.0,12.136363636363637,10.625,13.4,12.6,28.0,0,0,28.0,0,0,88,13
2016,13,gutierrez,Esteban Gutiérrez,haas,Haas F1 Team,13.0,18,11.0,14.9,15.44,13.4,13.2,0.0,0,0,28.0,0,0,50,12
2016,13,hamilton,Lewis Hamilton,mercedes,Mercedes,21.0,21,1.0,5.732283464566929,3.4488188976377954,1.8,3.2,217.0,6,9,415.0,11,16,127,3
2016,13,hulkenberg,Nico Hülkenberg,force_india,Force India,7.0,7,7.0,11.49074074074074,10.30841121495327,10.4,8.0,33.0,0,0,81.0,0,2,108,4
2016,13,jolyon_palmer,Jolyon Palmer,renault,Renault,14.0,13,19.0,16.666666666666668,17.833333333333332,15.2,18.2,0.0,0,0,6.0,0,0,12,15
2016,13,kevin_magnussen,Kevin Magnussen,renault,Renault,12.0,12,16.0,11.75,11.64516129032258,15.2,18.0,6.0,0,0,6.0,0,0,32,18
2016,13,kvyat,Daniil Kvyat,toro_rosso,Toro Rosso,19.0,19,15.0,12.02,10.4,17.0,14.6,23.0,0,1,45.0,0,0,50,14
2016,13,massa,Felipe Massa,williams,Williams,10.0,10,22.0,9.007874015748031,8.11023622047244,16.2,11.2,38.0,0,0,100.0,0,1,127,10
2016,13,max_verstappen,Max Verstappen,red_bull,Red Bull,2.0,2,3.0,9.612903225806452,9.709677419354838,4.0,5.8,115.0,1,4,256.0,1,8,31,11
2016,13,nasr,Felipe Nasr,sauber,Sauber,17.0,16,21.0,13.64516129032258,16.193548387096776,15.6,19.2,0.0,0,0,0.0,0,0,31,17
2016,13,ocon,Esteban Ocon,manor,Manor Marussia,18.0,17,20.0,20.0,20.0,20.0,20.0,0.0,0,0,1.0,0,0,0,16
2016,13,perez,Sergio Pérez,force_india,Force India,6.0,6,10.0,11.280373831775702,11.575471698113208,9.4,10.2,48.0,0,2,93.0,0,2,107,5
2016,13,raikkonen,Kimi Räikkönen,ferrari,Ferrari,3.0,3,6.0,7.367816091954023,7.597701149425287,4.8,7.0,122.0,0,4,242.0,0,9,87,9
2016,13,ricciardo,Daniel Ricciardo,red_bull,Red Bull,5.0,5,2.0,10.59,10.383838383838384,4.2,4.0,133.0,0,3,256.0,1,8,100,2
2016,13,rosberg,Nico Rosberg,mercedes,Mercedes,1.0,1,4.0,7.039370078740157,5.086614173228346,2.8,1.4,198.0,5,7,430.0,11,17,127,1
2016,13,sainz,Carlos Sainz,toro_rosso,Toro Rosso,15.0,14,14.0,11.935483870967742,10.933333333333334,11.8,11.0,30.0,0,0,45.0,0,0,31,20
2016,13,vettel,Sebastian Vettel,ferrari,Ferrari,4.0,4,5.0,5.0,3.619047619047619,8.2,5.0,120.0,0,5,244.0,0,9,127,6
2016,13,wehrlein,Pascal Wehrlein,manor,Manor Marussia,16.0,15,17.0,16.666666666666668,18.916666666666668,17.6,17.8,1.0,0,0,1.0,0,0,12,22
2016,14,alonso,Fernando Alonso,mclaren,McLaren,13.0,12,7.0,7.4523809523809526,7.872,11.4,11.25,30.0,0,0,48.0,0,0,126,14
2016,14,bottas,Valtteri Bottas,williams,Williams,5.0,5,8.0,9.257142857142858,8.8,9.8,8.2,62.0,0,1,101.0,0,1,70,6
2016,14,button,Jenson Button,mclaren,McLaren,15.0,14,21.0,9.015625,9.023809523809524,13.8,10.2,17.0,0,0,48.0,0,0,128,12
2016,14,ericsson,Marcus Ericsson,sauber,Sauber,19.0,19,19.0,15.541666666666666,17.80851063829787,18.6,20.75,0.0,0,0,0.0,0,0,48,16
2016,14,grosjean,Romain Grosjean,haas,Haas F1 Team,12.0,17,13.0,12.146067415730338,10.629213483146067,13.4,12.6,28.0,0,0,28.0,0,0,89,11
2016,14,gutierrez,Esteban Gutiérrez,haas,Haas F1 Team,10.0,10,12.0,14.843137254901961,15.392156862745098,12.6,12.8,0.0,0,0,28.0,0,0,51,13
2016,14,hamilton,Lewis Hamilton,mercedes,Mercedes,1.0,1,3.0,5.7109375,3.5859375,1.4,5.4,232.0,6,10,455.0,12,18,128,2
2016,14,hulkenberg,Nico Hülkenberg,force_india,Force India,9.0,9,4.0,11.422018348623853,10.277777777777779,9.4,7.0,45.0,0,0,103.0,0,2,109,10
2016,14,jolyon_palmer,Jolyon Palmer,renault,Renault,20.0,20,15.0,16.53846153846154,17.53846153846154,15.2,16.6,0.0,0,0,6.0,0,0,13,21
2016,14,kevin_magnussen,Kevin Magnussen,renault,Renault,21.0,21,18.0,11.93939393939394,11.65625,16.0,16.2,6.0,0,0,6.0,0,0,33,17
2016,14,kvyat,Daniil Kvyat,toro_rosso,Toro Rosso,17.0,16,14.0,12.058823529411764,10.568627450980392,15.4,17.0,23.0,0,1,45.0,0,0,51,19
2016,14,massa,Felipe Massa,williams,Williams,11.0,11,10.0,9.015625,8.125,16.2,12.0,39.0,0,0,109.0,0,1,128,9
2016,14,max_verstappen,Max Verstappen,red_bull,Red Bull,7.0,7,11.0,9.65625,9.46875,4.6,4.4,115.0,1,4,274.0,1,9,32,7
2016,14,nasr,Felipe Nasr,sauber,Sauber,18.0,18,17.0,13.75,16.21875,16.6,19.4,0.0,0,0,0.0,0,0,32,22
2016,14,ocon,Esteban Ocon,manor,Manor Marussia,,22,16.0,16.0,18.0,16.0,18.0,0.0,0,0,1.0,0,0,1,18
2016,14,perez,Sergio Pérez,force_india,Force India,8.0,8,5.0,11.222222222222221,11.523364485981308,9.8,11.0,58.0,0,2,104.0,0,2,108,8
2016,14,raikkonen,Kimi Räikkönen,ferrari,Ferrari,4.0,4,9.0,7.386363636363637,7.545454545454546,5.8,6.6,124.0,0,4,252.0,0,9,88,4
2016,14,ricciardo,Daniel Ricciardo,red_bull,Red Bull,6.0,6,2.0,10.504950495049505,10.33,3.2,4.4,151.0,0,4,280.0,1,9,101,5
2016,14,rosberg,Nico Rosberg,mercedes,Mercedes,2.0,2,1.0,6.9921875,5.0546875,2.8,1.4,223.0,6,8,473.0,12,19,128,1
2016,14,sainz,Carlos Sainz,toro_rosso,Toro Rosso,16.0,15,20.0,12.1875,11.064516129032258,11.6,11.4,30.0,0,0,45.0,0,0,32,15
2016,14,vettel,Sebastian Vettel,ferrari,Ferrari,3.0,3,6.0,5.0078125,3.622047244094488,9.0,5.0,128.0,0,5,264.0,0,9,128,3
2016,14,wehrlein,Pascal Wehrlein,manor,Manor Marussia,14.0,13,22.0,17.076923076923077,18.692307692307693,18.0,17.4,1.0,0,0,1.0,0,0,13,20
2016,15,alonso,Fernando Alonso,mclaren,McLaren,9.0,9,14.0,7.503937007874016,7.912698412698413,10.6,11.0,30.0,0,0,48.0,0,0,127,7
2016,15,bottas,Valtteri Bottas,williams,Williams,11.0,10,6.0,9.211267605633802,8.746478873239436,9.2,7.6,70.0,0,1,111.0,0,1,71,20
2016,15,button,Jenson Button,mclaren,McLaren,13.0,12,12.0,9.03875968992248,9.070866141732283,15.0,12.2,17.0,0,0,54.0,0,0,129,19
2016,15,ericsson,Marcus Ericsson,sauber,Sauber,16.0,14,16.0,15.551020408163266,17.833333333333332,18.8,20.25,0.0,0,0,0.0,0,0,49,17
2016,15,grosjean,Romain Grosjean,haas,Haas F1 Team,15.0,20,11.0,12.133333333333333,10.644444444444444,14.2,12.4,28.0,0,0,28.0,0,0,90,22
2016,15,gutierrez,Esteban Gutiérrez,haas,Haas F1 Team,14.0,13,13.0,14.807692307692308,15.288461538461538,13.0,12.6,0.0,0,0,28.0,0,0,52,11
2016,15,hamilton,Lewis Hamilton,mercedes,Mercedes,3.0,3,2.0,5.682170542635659,3.565891472868217,1.6,5.4,250.0,6,11,498.0,13,20,129,3
2016,15,hulkenberg,Nico Hülkenberg,force_india,Force India,8.0,8,10.0,11.409090909090908,10.26605504587156,7.6,8.2,46.0,0,0,108.0,0,2,110,21
2016,15,jolyon_palmer,Jolyon Palmer,renault,Renault,19.0,18,21.0,16.857142857142858,17.714285714285715,17.0,17.0,0.0,0,0,6.0,0,0,14,15
2016,15,kevin_magnussen,Kevin Magnussen,renault,Renault,17.0,15,17.0,12.088235294117647,11.93939393939394,16.6,17.0,6.0,0,0,6.0,0,0,34,10
2016,15,kvyat,Daniil Kvyat,toro_rosso,Toro Rosso,7.0,7,19.0,12.192307692307692,10.692307692307692,14.8,16.4,23.0,0,1,45.0,0,0,52,9
2016,15,massa,Felipe Massa,williams,Williams,12.0,11,9.0,9.015503875968992,8.147286821705427,14.0,12.2,41.0,0,0,111.0,0,1,129,12
2016,15,max_verstappen,Max Verstappen,red_bull,Red Bull,4.0,4,7.0,9.575757575757576,9.393939393939394,5.6,4.0,121.0,1,4,290.0,1,9,33,6
2016,15,nasr,Felipe Nasr,sauber,Sauber,18.0,16,22.0,14.0,16.272727272727273,18.4,18.6,0.0,0,0,0.0,0,0,33,13
2016,15,ocon,Esteban Ocon,manor,Manor Marussia,21.0,21,18.0,17.0,18.0,17.0,18.0,0.0,0,0,1.0,0,0,2,18
2016,15,perez,Sergio Pérez,force_india,Force India,10.0,17,8.0,11.192660550458715,11.49074074074074,8.0,9.4,62.0,0,2,108.0,0,2,109,8
2016,15,raikkonen,Kimi Räikkönen,ferrari,Ferrari,5.0,5,4.0,7.348314606741573,7.50561797752809,6.0,6.2,136.0,0,4,279.0,0,10,89,4
2016,15,ricciardo,Daniel Ricciardo,red_bull,Red Bull,2.0,2,5.0,10.450980392156863,10.287128712871286,3.2,4.2,161.0,0,4,298.0,1,9,102,2
2016,15,rosberg,Nico Rosberg,mercedes,Mercedes,1.0,1,1.0,6.945736434108527,5.0310077519379846,2.2,1.4,248.0,7,9,513.0,13,21,129,1
2016,15,sainz,Carlos Sainz,toro_rosso,Toro Rosso,6.0,6,15.0,12.272727272727273,11.21875,13.0,11.6,30.0,0,0,47.0,0,0,33,14
2016,15,vettel,Sebastian Vettel,ferrari,Ferrari,22.0,22,3.0,4.992248062015504,3.6171875,5.4,4.8,143.0,0,6,291.0,0,10,129,5
2016,15,wehrlein,Pascal Wehrlein,manor,Manor Marussia,20.0,19,20.0,17.285714285714285,18.357142857142858,20.0,17.8,1.0,0,0,1.0,0,0,14,16
2016,16,alonso,Fernando Alonso,mclaren,McLaren,22.0,22,7.0,7.5,7.921259842519685,9.4,10.75,36.0,0,0,54.0,0,0,128,7
2016,16,bottas,Valtteri Bottas,williams,Williams,11.0,11,20.0,9.36111111111111,8.777777777777779,10.4,8.4,70.0,0,1,111.0,0,1,72,5
2016,16,button,Jenson Button,mclaren,McLaren,9.0,9,19.0,9.115384615384615,9.1015625,16.4,11.4,17.0,0,0,60.0,0,0,130,9
2016,16,ericsson,Marcus Ericsson,sauber,Sauber,17.0,17,17.0,15.58,17.79591836734694,18.0,19.4,0.0,0,0,0.0,0,0,50,12
2016,16,grosjean,Romain Grosjean,haas,Haas F1 Team,12.0,12,22.0,12.241758241758241,10.692307692307692,14.6,12.8,28.0,0,0,28.0,0,0,91,21
2016,16,gutierrez,Esteban Gutiérrez,haas,Haas F1 Team,13.0,13,11.0,14.735849056603774,15.264150943396226,12.0,12.6,0.0,0,0,28.0,0,0,53,19
2016,16,hamilton,Lewis Hamilton,mercedes,Mercedes,1.0,1,3.0,5.661538461538462,3.5615384615384613,2.0,5.8,265.0,6,12,538.0,14,22,130,18
2016,16,hulkenberg,Nico Hülkenberg,force_india,Force India,8.0,8,21.0,11.495495495495495,10.245454545454546,10.4,8.0,46.0,0,0,112.0,0,2,111,8
2016,16,jolyon_palmer,Jolyon Palmer,renault,Renault,19.0,19,15.0,16.733333333333334,17.8,16.4,17.2,0.0,0,0,7.0,0,0,15,10
2016,16,kevin_magnussen,Kevin Magnussen,renault,Renault,14.0,14,10.0,12.028571428571428,12.088235294117647,15.2,17.2,7.0,0,0,8.0,0,0,35,20
2016,16,kvyat,Daniil Kvyat,toro_rosso,Toro Rosso,15.0,15,9.0,12.132075471698114,10.622641509433961,14.6,14.8,25.0,0,1,47.0,0,0,53,14
2016,16,massa,Felipe Massa,williams,Williams,10.0,10,12.0,9.038461538461538,8.176923076923076,14.2,12.2,41.0,0,0,121.0,0,1,130,13
2016,16,max_verstappen,Max Verstappen,red_bull,Red Bull,3.0,3,6.0,9.470588235294118,9.235294117647058,6.4,4.2,129.0,1,4,316.0,1,10,34,2
2016,16,nasr,Felipe Nasr,sauber,Sauber,18.0,18,13.0,13.970588235294118,16.323529411764707,18.0,18.0,0.0,0,0,0.0,0,0,34,17
2016,16,ocon,Esteban Ocon,manor,Manor Marussia,20.0,20,18.0,17.333333333333332,19.5,17.333333333333332,19.5,0.0,0,0,1.0,0,0,3,16
2016,16,perez,Sergio Pérez,force_india,Force India,7.0,7,8.0,11.163636363636364,11.477064220183486,8.4,9.2,66.0,0,2,116.0,0,2,110,6
2016,16,raikkonen,Kimi Räikkönen,ferrari,Ferrari,6.0,6,4.0,7.311111111111111,7.477777777777778,5.8,6.2,148.0,0,4,301.0,0,10,90,4
2016,16,ricciardo,Daniel Ricciardo,red_bull,Red Bull,4.0,4,2.0,10.368932038834952,10.205882352941176,2.8,3.8,179.0,0,5,334.0,1,11,103,1
2016,16,rosberg,Nico Rosberg,mercedes,Mercedes,2.0,2,1.0,6.9,5.0,1.8,1.2,273.0,8,10,538.0,14,22,130,3
2016,16,sainz,Carlos Sainz,toro_rosso,Toro Rosso,16.0,16,14.0,12.323529411764707,11.06060606060606,14.2,11.2,30.0,0,0,47.0,0,0,34,11
2016,16,vettel,Sebastian Vettel,ferrari,Ferrari,5.0,5,5.0,4.992307692307692,3.75968992248062,4.6,8.0,153.0,0,6,313.0,0,10,130,22
2016,16,wehrlein,Pascal Wehrlein,manor,Manor Marussia,21.0,21,16.0,17.2,18.466666666666665,18.8,17.8,1.0,0,0,1.0,0,0,15,15
2016,17,alonso,Fernando Alonso,mclaren,McLaren,15.0,15,7.0,7.496124031007752,8.03125,9.4,14.5,42.0,0,0,62.0,0,0,129,16
2016,17,bottas,Valtteri Bottas,williams,Williams,11.0,11,5.0,9.301369863013699,8.808219178082192,9.6,8.6,80.0,0,1,121.0,0,1,73,10
2016,17,button,Jenson Button,mclaren,McLaren,17.0,22,9.0,9.114503816793894,9.10077519379845,13.8,11.6,19.0,0,0,62.0,0,0,131,18
2016,17,ericsson,Marcus Ericsson,sauber,Sauber,19.0,18,12.0,15.509803921568627,17.78,16.4,18.8,0.0,0,0,0.0,0,0,51,15
2016,17,grosjean,Romain Grosjean,haas,Haas F1 Team,8.0,7,21.0,12.33695652173913,10.706521739130435,16.0,13.0,28.0,0,0,28.0,0,0,92,11
2016,17,gutierrez,Esteban Gutiérrez,haas,Haas F1 Team,10.0,10,19.0,14.814814814814815,15.222222222222221,13.2,12.2,0.0,0,0,28.0,0,0,54,20
2016,17,hamilton,Lewis Hamilton,mercedes,Mercedes,2.0,2,18.0,5.755725190839694,3.5419847328244276,5.4,5.6,265.0,6,12,553.0,14,23,131,3
2016,17,hulkenberg,Nico Hülkenberg,force_india,Force India,9.0,9,8.0,11.464285714285714,10.225225225225225,10.0,7.8,50.0,0,0,124.0,0,2,112,8
2016,17,jolyon_palmer,Jolyon Palmer,renault,Renault,16.0,16,10.0,16.3125,17.875,16.0,17.6,1.0,0,0,8.0,0,0,16,12
2016,17,kevin_magnussen,Kevin Magnussen,renault,Renault,18.0,17,20.0,12.25,12.142857142857142,16.2,16.2,7.0,0,0,8.0,0,0,36,14
2016,17,kvyat,Daniil Kvyat,toro_rosso,Toro Rosso,13.0,13,14.0,12.166666666666666,10.703703703703704,14.2,15.4,25.0,0,1,47.0,0,0,54,13
2016,17,massa,Felipe Massa,williams,Williams,12.0,12,13.0,9.068702290076336,8.19083969465649,13.2,10.6,41.0,0,0,122.0,0,1,131,9
2016,17,max_verstappen,Max Verstappen,red_bull,Red Bull,5.0,3,2.0,9.257142857142858,9.057142857142857,5.8,4.0,147.0,1,5,359.0,2,12,35,2
2016,17,nasr,Felipe Nasr,sauber,Sauber,20.0,19,17.0,14.057142857142857,16.37142857142857,18.0,18.4,0.0,0,0,0.0,0,0,35,19
2016,17,ocon,Esteban Ocon,manor,Manor Marussia,21.0,20,16.0,17.0,19.666666666666668,17.0,19.666666666666668,0.0,0,0,1.0,0,0,4,21
2016,17,perez,Sergio Pérez,force_india,Force India,7.0,5,6.0,11.117117117117116,11.436363636363636,7.4,8.0,74.0,0,2,128.0,0,2,111,7
2016,17,raikkonen,Kimi Räikkönen,ferrari,Ferrari,3.0,8,4.0,7.274725274725275,7.461538461538462,5.4,4.6,160.0,0,4,313.0,0,10,91,5
2016,17,ricciardo,Daniel Ricciardo,red_bull,Red Bull,6.0,4,1.0,10.278846153846153,10.145631067961165,2.4,4.0,204.0,1,6,377.0,2,13,104,6
2016,17,rosberg,Nico Rosberg,mercedes,Mercedes,1.0,1,3.0,6.870229007633588,4.977099236641221,2.0,1.4,288.0,8,11,568.0,14,24,131,1
2016,17,sainz,Carlos Sainz,toro_rosso,Toro Rosso,14.0,14,11.0,12.285714285714286,11.205882352941176,14.8,13.2,30.0,0,0,47.0,0,0,35,17
2016,17,vettel,Sebastian Vettel,ferrari,Ferrari,4.0,6,22.0,5.122137404580153,3.769230769230769,8.2,8.0,153.0,0,6,323.0,0,10,131,4
2016,17,wehrlein,Pascal Wehrlein,manor,Manor Marussia,22.0,21,15.0,17.0625,18.625,18.0,17.8,1.0,0,0,1.0,0,0,16,22
2016,18,alonso,Fernando Alonso,mclaren,McLaren,12.0,12,16.0,7.561538461538461,8.085271317829458,10.2,14.75,42.0,0,0,62.0,0,0,130,5
2016,18,bottas,Valtteri Bottas,williams,Williams,8.0,8,10.0,9.31081081081081,8.837837837837839,9.8,9.2,81.0,0,1,124.0,0,1,74,16
2016,18,button,Jenson Button,mclaren,McLaren,19.0,19,18.0,9.181818181818182,9.161538461538461,15.8,12.6,19.0,0,0,72.0,0,0,132,9
2016,18,ericsson,Marcus Ericsson,sauber,Sauber,16.0,16,15.0,15.5,17.80392156862745,15.8,18.2,0.0,0,0,0.0,0,0,52,14
2016,18,grosjean,Romain Grosjean,haas,Haas F1 Team,17.0,17,11.0,12.32258064516129,10.67741935483871,15.6,11.6,28.0,0,0,28.0,0,0,93,10
2016,18,gutierrez,Esteban Gutiérrez,haas,Haas F1 Team,14.0,14,20.0,14.909090909090908,15.127272727272727,15.0,12.0,0.0,0,0,29.0,0,0,55,21
2016,18,hamilton,Lewis Hamilton,mercedes,Mercedes,1.0,1,3.0,5.734848484848484,3.5303030303030303,5.8,5.6,280.0,6,13,593.0,15,25,132,1
2016,18,hulkenberg,Nico Hülkenberg,force_india,Force India,7.0,7,8.0,11.43362831858407,10.214285714285714,10.2,8.2,54.0,0,0,134.0,0,2,113,22
2016,18,jolyon_palmer,Jolyon Palmer,renault,Renault,15.0,15,12.0,16.058823529411764,17.764705882352942,14.6,17.6,1.0,0,0,8.0,0,0,17,13
2016,18,kevin_magnussen,Kevin Magnussen,renault,Renault,18.0,18,14.0,12.297297297297296,12.305555555555555,15.8,16.4,7.0,0,0,8.0,0,0,37,12
2016,18,kvyat,Daniil Kvyat,toro_rosso,Toro Rosso,13.0,13,13.0,12.181818181818182,10.745454545454546,13.8,14.2,25.0,0,1,47.0,0,0,55,11
2016,18,massa,Felipe Massa,williams,Williams,9.0,9,9.0,9.068181818181818,8.219696969696969,10.6,11.0,43.0,0,0,124.0,0,1,132,7
2016,18,max_verstappen,Max Verstappen,red_bull,Red Bull,4.0,4,2.0,9.055555555555555,8.944444444444445,5.6,4.2,165.0,1,6,385.0,2,13,36,20
2016,18,nasr,Felipe Nasr,sauber,Sauber,21.0,21,19.0,14.194444444444445,16.47222222222222,17.6,18.2,0.0,0,0,0.0,0,0,36,15
2016,18,ocon,Esteban Ocon,manor,Manor Marussia,22.0,22,21.0,17.8,20.0,17.8,20.0,0.0,0,0,1.0,0,0,5,18
2016,18,perez,Sergio Pérez,force_india,Force India,11.0,11,7.0,11.080357142857142,11.396396396396396,6.8,7.6,80.0,0,2,134.0,0,2,112,8
2016,18,raikkonen,Kimi Räikkönen,ferrari,Ferrari,5.0,5,5.0,7.25,7.413043478260869,5.2,4.2,170.0,0,4,335.0,0,10,92,19
2016,18,ricciardo,Daniel Ricciardo,red_bull,Red Bull,3.0,3,6.0,10.238095238095237,10.10576923076923,3.2,4.6,212.0,1,6,385.0,2,13,105,3
2016,18,rosberg,Nico Rosberg,mercedes,Mercedes,2.0,2,1.0,6.825757575757576,4.946969696969697,1.4,1.4,313.0,9,12,618.0,16,26,132,2
2016,18,sainz,Carlos Sainz,toro_rosso,Toro Rosso,10.0,10,17.0,12.416666666666666,11.285714285714286,15.4,13.4,30.0,0,0,47.0,0,0,36,6
2016,18,vettel,Sebastian Vettel,ferrari,Ferrari,6.0,6,4.0,5.113636363636363,3.7709923664122136,8.0,7.6,165.0,0,6,335.0,0,10,132,4
2016,18,wehrlein,Pascal Wehrlein,manor,Manor Marussia,20.0,20,22.0,17.352941176470587,18.823529411764707,19.0,18.6,1.0,0,0,1.0,0,0,17,17
2016,19,alonso,Fernando Alonso,mclaren,McLaren,11.0,11,5.0,7.541984732824427,8.115384615384615,9.8,14.2,52.0,0,0,74.0,0,0,131,13
2016,19,bottas,Valtteri Bottas,williams,Williams,8.0,8,16.0,9.4,8.826666666666666,11.4,9.2,81.0,0,1,130.0,0,1,75,8
2016,19,button,Jenson Button,mclaren,McLaren,13.0,13,9.0,9.180451127819548,9.236641221374045,13.4,14.6,21.0,0,0,74.0,0,0,133,12
2016,19,ericsson,Marcus Ericsson,sauber,Sauber,15.0,15,14.0,15.471698113207546,17.76923076923077,14.8,17.4,0.0,0,0,0.0,0,0,53,11
2016,19,grosjean,Romain Grosjean,haas,Haas F1 Team,21.0,22,10.0,12.297872340425531,10.74468085106383,15.0,12.8,29.0,0,0,29.0,0,0,94,20
2016,19,gutierrez,Esteban Gutiérrez,haas,Haas F1 Team,17.0,17,21.0,15.017857142857142,15.107142857142858,16.8,12.2,0.0,0,0,29.0,0,0,56,19
2016,19,hamilton,Lewis Hamilton,mercedes,Mercedes,1.0,1,1.0,5.6992481203007515,3.511278195488722,5.4,1.6,305.0,7,14,636.0,16,27,133,1
2016,19,hulkenberg,Nico Hülkenberg,force_india,Force India,5.0,5,22.0,11.526315789473685,10.185840707964601,13.8,8.2,54.0,0,0,138.0,0,2,114,7
2016,19,jolyon_palmer,Jolyon Palmer,renault,Renault,,21,13.0,15.88888888888889,17.61111111111111,14.2,17.8,1.0,0,0,8.0,0,0,18,14
2016,19,kevin_magnussen,Kevin Magnussen,renault,Renault,14.0,14,12.0,12.289473684210526,12.45945945945946,14.6,17.6,7.0,0,0,8.0,0,0,38,17
2016,19,kvyat,Daniil Kvyat,toro_rosso,Toro Rosso,18.0,18,11.0,12.160714285714286,10.785714285714286,13.2,13.0,25.0,0,1,55.0,0,0,56,18
2016,19,massa,Felipe Massa,williams,Williams,9.0,9,7.0,9.052631578947368,8.225563909774436,10.0,10.8,49.0,0,0,134.0,0,1,133,9
2016,19,max_verstappen,Max Verstappen,red_bull,Red Bull,3.0,3,20.0,9.35135135135135,8.81081081081081,7.4,4.6,165.0,1,6,400.0,2,14,37,4
2016,19,nasr,Felipe Nasr,sauber,Sauber,19.0,19,15.0,14.216216216216216,16.594594594594593,17.2,19.0,0.0,0,0,0.0,0,0,37,15
2016,19,ocon,Esteban Ocon,manor,Manor Marussia,20.0,20,18.0,17.833333333333332,20.4,18.2,21.0,0.0,0,0,1.0,0,0,6,21
2016,19,perez,Sergio Pérez,force_india,Force India,12.0,12,8.0,11.053097345132743,11.392857142857142,7.4,8.6,84.0,0,2,144.0,0,2,113,10
2016,19,raikkonen,Kimi Räikkönen,ferrari,Ferrari,6.0,6,19.0,7.376344086021505,7.387096774193548,7.2,4.6,170.0,0,4,347.0,0,10,93,6
2016,19,ricciardo,Daniel Ricciardo,red_bull,Red Bull,4.0,4,3.0,10.169811320754716,10.038095238095238,3.4,4.2,227.0,1,7,412.0,2,14,106,3
2016,19,rosberg,Nico Rosberg,mercedes,Mercedes,2.0,2,2.0,6.7894736842105265,4.924812030075188,1.6,1.6,331.0,9,13,661.0,17,28,133,2
2016,19,sainz,Carlos Sainz,toro_rosso,Toro Rosso,10.0,10,6.0,12.243243243243244,11.25,12.6,12.4,38.0,0,0,55.0,0,0,37,16
2016,19,vettel,Sebastian Vettel,ferrari,Ferrari,7.0,7,4.0,5.105263157894737,3.787878787878788,7.6,8.0,177.0,0,6,355.0,0,10,133,5
2016,19,wehrlein,Pascal Wehrlein,manor,Manor Marussia,16.0,16,17.0,17.333333333333332,18.88888888888889,18.0,19.4,1.0,0,0,1.0,0,0,18,22
2016,20,alonso,Fernando Alonso,mclaren,McLaren,10.0,10,13.0,7.583333333333333,8.13740458015267,9.6,13.8,52.0,0,0,74.0,0,0,132,10
2016,20,bottas,Valtteri Bottas,williams,Williams,11.0,11,8.0,9.381578947368421,8.81578947368421,11.8,9.8,85.0,0,1,136.0,0,1,76,11
2016,20,button,Jenson Button,mclaren,McLaren,17.0,17,12.0,9.201492537313433,9.265151515151516,13.4,14.2,21.0,0,0,75.0,0,0,134,16
2016,20,ericsson,Marcus Ericsson,sauber,Sauber,21.0,20,11.0,15.38888888888889,17.71698113207547,13.8,16.6,0.0,0,0,0.0,0,0,54,21
2016,20,grosjean,Romain Grosjean,haas,Haas F1 Team,7.0,7,20.0,12.378947368421052,10.852631578947369,16.8,14.6,29.0,0,0,29.0,0,0,95,22
2016,20,gutierrez,Esteban Gutiérrez,haas,Haas F1 Team,12.0,12,19.0,15.087719298245615,15.140350877192983,18.0,13.6,0.0,0,0,29.0,0,0,57,17
2016,20,hamilton,Lewis Hamilton,mercedes,Mercedes,1.0,1,1.0,5.664179104477612,3.4925373134328357,5.2,1.6,330.0,8,15,679.0,17,29,134,1
2016,20,hulkenberg,Nico Hülkenberg,force_india,Force India,8.0,8,7.0,11.486956521739131,10.140350877192983,13.2,7.4,60.0,0,0,145.0,0,2,115,7
2016,20,jolyon_palmer,Jolyon Palmer,renault,Renault,16.0,16,14.0,15.789473684210526,17.61111111111111,12.8,17.25,1.0,0,0,8.0,0,0,19,19
2016,20,kevin_magnussen,Kevin Magnussen,renault,Renault,18.0,18,17.0,12.41025641025641,12.5,14.6,16.2,7.0,0,0,8.0,0,0,39,14
2016,20,kvyat,Daniil Kvyat,toro_rosso,Toro Rosso,14.0,14,18.0,12.263157894736842,10.912280701754385,13.0,13.2,25.0,0,1,55.0,0,0,57,13
2016,20,massa,Felipe Massa,williams,Williams,13.0,13,9.0,9.052238805970148,8.23134328358209,10.0,10.4,51.0,0,0,136.0,0,1,134,18
2016,20,max_verstappen,Max Verstappen,red_bull,Red Bull,4.0,4,4.0,9.210526315789474,8.657894736842104,6.8,3.8,177.0,1,6,427.0,2,15,38,3
2016,20,nasr,Felipe Nasr,sauber,Sauber,22.0,21,15.0,14.236842105263158,16.657894736842106,15.8,19.2,0.0,0,0,0.0,0,0,38,9
2016,20,ocon,Esteban Ocon,manor,Manor Marussia,20.0,22,21.0,18.285714285714285,20.333333333333332,18.8,20.8,0.0,0,0,1.0,0,0,7,12
2016,20,perez,Sergio Pérez,force_india,Force India,9.0,9,10.0,11.043859649122806,11.398230088495575,7.8,9.4,85.0,0,2,151.0,0,2,114,4
2016,20,raikkonen,Kimi Räikkönen,ferrari,Ferrari,3.0,3,6.0,7.361702127659575,7.372340425531915,7.6,5.0,178.0,0,4,365.0,0,10,94,20
2016,20,ricciardo,Daniel Ricciardo,red_bull,Red Bull,6.0,6,3.0,10.102803738317757,9.981132075471699,3.0,3.8,242.0,1,8,442.0,2,16,107,8
2016,20,rosberg,Nico Rosberg,mercedes,Mercedes,2.0,2,2.0,6.753731343283582,4.902985074626866,1.8,1.6,349.0,9,14,704.0,18,30,134,2
2016,20,sainz,Carlos Sainz,toro_rosso,Toro Rosso,15.0,15,16.0,12.342105263157896,11.216216216216216,12.8,11.2,38.0,0,0,55.0,0,0,38,6
2016,20,vettel,Sebastian Vettel,ferrari,Ferrari,5.0,5,5.0,5.104477611940299,3.81203007518797,8.0,8.8,187.0,0,6,365.0,0,10,134,5
2016,20,wehrlein,Pascal Wehrlein,manor,Manor Marussia,19.0,19,22.0,17.57894736842105,18.736842105263158,18.4,19.8,1.0,0,0,1.0,0,0,19,15
2016,21,alonso,Fernando Alonso,mclaren,McLaren,9.0,9,10.0,7.601503759398496,8.151515151515152,10.2,14.0,53.0,0,0,75.0,0,0,133,10
2016,21,bottas,Valtteri Bottas,williams,Williams,11.0,11,11.0,9.402597402597403,8.844155844155845,10.0,9.8,85.0,0,1,136.0,0,1,77,21
2016,21,button,Jenson Button,mclaren,McLaren,12.0,12,16.0,9.251851851851852,9.323308270676693,12.8,15.0,21.0,0,0,76.0,0,0,135,20
2016,21,ericsson,Marcus Ericsson,sauber,Sauber,22.0,22,21.0,15.49090909090909,17.77777777777778,14.6,17.6,0.0,0,0,2.0,0,0,55,15
2016,21,grosjean,Romain Grosjean,haas,Haas F1 Team,14.0,14,22.0,12.479166666666666,10.8125,16.8,13.0,29.0,0,0,29.0,0,0,96,11
2016,21,gutierrez,Esteban Gutiérrez,haas,Haas F1 Team,13.0,13,17.0,15.120689655172415,15.086206896551724,19.2,13.2,0.0,0,0,29.0,0,0,58,12
2016,21,hamilton,Lewis Hamilton,mercedes,Mercedes,1.0,1,1.0,5.62962962962963,3.474074074074074,4.8,1.2,355.0,9,16,722.0,18,31,135,1
2016,21,hulkenberg,Nico Hülkenberg,force_india,Force India,7.0,7,7.0,11.448275862068966,10.121739130434783,10.4,7.4,66.0,0,0,163.0,0,2,116,7
2016,21,jolyon_palmer,Jolyon Palmer,renault,Renault,15.0,15,19.0,15.95,17.526315789473685,13.6,16.5,1.0,0,0,8.0,0,0,20,17
2016,21,kevin_magnussen,Kevin Magnussen,renault,Renault,18.0,18,14.0,12.45,12.64102564102564,15.4,16.4,7.0,0,0,8.0,0,0,40,22
2016,21,kvyat,Daniil Kvyat,toro_rosso,Toro Rosso,17.0,17,13.0,12.275862068965518,10.96551724137931,13.8,14.6,25.0,0,1,63.0,0,0,58,19
2016,21,massa,Felipe Massa,williams,Williams,10.0,10,18.0,9.118518518518519,8.266666666666667,11.2,10.6,51.0,0,0,136.0,0,1,135,9
2016,21,max_verstappen,Max Verstappen,red_bull,Red Bull,6.0,6,3.0,9.051282051282051,8.538461538461538,6.2,3.8,192.0,1,7,446.0,2,16,39,4
2016,21,nasr,Felipe Nasr,sauber,Sauber,19.0,19,9.0,14.102564102564102,16.794871794871796,15.0,20.0,2.0,0,0,2.0,0,0,39,16
2016,21,ocon,Esteban Ocon,manor,Manor Marussia,20.0,20,12.0,17.5,20.285714285714285,17.6,20.6,0.0,0,0,1.0,0,0,8,13
2016,21,perez,Sergio Pérez,force_india,Force India,8.0,8,4.0,10.982608695652173,11.37719298245614,7.0,9.2,97.0,0,2,169.0,0,2,115,8
2016,21,raikkonen,Kimi Räikkönen,ferrari,Ferrari,4.0,4,20.0,7.494736842105263,7.326315789473684,10.8,4.6,178.0,0,4,375.0,0,10,95,6
2016,21,ricciardo,Daniel Ricciardo,red_bull,Red Bull,3.0,3,8.0,10.083333333333334,9.94392523364486,4.2,4.6,246.0,1,8,458.0,2,16,108,5
2016,21,rosberg,Nico Rosberg,mercedes,Mercedes,2.0,2,2.0,6.718518518518518,4.881481481481481,2.0,1.8,367.0,9,15,747.0,19,32,135,2
2016,21,sainz,Carlos Sainz,toro_rosso,Toro Rosso,21.0,21,6.0,12.179487179487179,11.31578947368421,11.2,13.0,46.0,0,0,63.0,0,0,39,18
2016,21,vettel,Sebastian Vettel,ferrari,Ferrari,5.0,5,5.0,5.103703703703704,3.8208955223880596,8.0,5.4,197.0,0,6,383.0,0,10,135,3
2016,21,wehrlein,Pascal Wehrlein,manor,Manor Marussia,16.0,16,15.0,17.45,18.75,18.2,19.6,1.0,0,0,1.0,0,0,20,14
2017,1,alonso,Fernando Alonso,mclaren,McLaren,13.0,12,10.0,7.619402985074627,8.157894736842104,10.8,11.4,0.0,0,0,0.0,0,0,134,14
2017,1,bottas,Valtteri Bottas,mercedes,Mercedes,3.0,3,21.0,9.551282051282051,8.871794871794872,13.2,9.8,0.0,0,0,0.0,0,0,78,3
2017,1,ericsson,Marcus Ericsson,sauber,Sauber,15.0,14,15.0,15.482142857142858,17.854545454545455,15.2,18.6,0.0,0,0,0.0,0,0,56,18
2017,1,giovinazzi,Antonio Giovinazzi,sauber,Sauber,16.0,16,20.0,20.0,20.0,20.0,20.0,0.0,0,0,0.0,0,0,0,12
2017,1,grosjean,Romain Grosjean,haas,Haas F1 Team,6.0,6,11.0,12.463917525773196,10.845360824742269,14.8,13.4,0.0,0,0,0.0,0,0,97,20
2017,1,hamilton,Lewis Hamilton,mercedes,Mercedes,1.0,1,1.0,5.595588235294118,3.4558823529411766,1.4,1.2,0.0,0,0,15.0,0,1,136,2
2017,1,hulkenberg,Nico Hülkenberg,renault,Renault,12.0,11,7.0,11.41025641025641,10.094827586206897,10.2,7.2,0.0,0,0,0.0,0,0,117,11
2017,1,jolyon_palmer,Jolyon Palmer,renault,Renault,20.0,19,17.0,16.0,17.4,15.0,15.5,0.0,0,0,0.0,0,0,21,19
2017,1,kevin_magnussen,Kevin Magnussen,haas,Haas F1 Team,17.0,17,22.0,12.682926829268293,12.775,15.8,17.2,0.0,0,0,0.0,0,0,41,15
2017,1,kvyat,Daniil Kvyat,toro_rosso,Toro Rosso,9.0,9,19.0,12.389830508474576,11.067796610169491,14.8,15.0,0.0,0,0,0.0,0,0,59,9
2017,1,massa,Felipe Massa,williams,Williams,7.0,7,9.0,9.117647058823529,8.279411764705882,10.4,10.6,0.0,0,0,0.0,0,0,136,6
2017,1,max_verstappen,Max Verstappen,red_bull,Red Bull,5.0,5,4.0,8.925,8.475,6.6,4.4,0.0,0,0,0.0,0,0,40,5
2017,1,ocon,Esteban Ocon,force_india,Force India,14.0,13,13.0,17.0,20.25,17.0,20.6,0.0,0,0,0.0,0,0,9,10
2017,1,perez,Sergio Pérez,force_india,Force India,11.0,10,8.0,10.956896551724139,11.347826086956522,7.4,9.4,0.0,0,0,1.0,0,0,116,7
2017,1,raikkonen,Kimi Räikkönen,ferrari,Ferrari,4.0,4,6.0,7.479166666666667,7.291666666666667,11.2,4.2,0.0,0,0,0.0,0,0,96,4
2017,1,ricciardo,Daniel Ricciardo,red_bull,Red Bull,10.0,0,5.0,10.036697247706423,9.87962962962963,5.0,4.4,0.0,0,0,10.0,0,0,109,17
2017,1,sainz,Carlos Sainz,toro_rosso,Toro Rosso,8.0,8,18.0,12.325,11.564102564102564,12.6,14.0,0.0,0,0,2.0,0,0,40,8
2017,1,stroll,Lance Stroll,williams,Williams,19.0,20,20.0,20.0,20.0,20.0,20.0,0.0,0,0,8.0,0,0,0,16
2017,1,vandoorne,Stoffel Vandoorne,mclaren,McLaren,18.0,18,10.0,10.0,12.0,10.0,12.0,0.0,0,0,0.0,0,0,1,13
2017,1,vettel,Sebastian Vettel,ferrari,Ferrari,2.0,2,3.0,5.088235294117647,3.8296296296296295,4.2,5.4,0.0,0,0,12.0,0,0,136,1
2017,2,alonso,Fernando Alonso,mclaren,McLaren,13.0,13,14.0,7.666666666666667,8.194029850746269,10.4,11.0,0.0,0,0,0.0,0,0,135,16
2017,2,bottas,Valtteri Bottas,mercedes,Mercedes,3.0,3,3.0,9.468354430379748,8.79746835443038,11.8,8.2,15.0,0,1,33.0,0,2,79,6
2017,2,ericsson,Marcus Ericsson,sauber,Sauber,14.0,14,18.0,15.526315789473685,17.803571428571427,15.8,17.8,0.0,0,0,0.0,0,0,57,15
2017,2,giovinazzi,Antonio Giovinazzi,sauber,Sauber,15.0,18,12.0,12.0,16.0,12.0,16.0,0.0,0,0,0.0,0,0,1,19
2017,2,grosjean,Romain Grosjean,haas,Haas F1 Team,17.0,19,20.0,12.540816326530612,10.795918367346939,16.6,13.0,0.0,0,0,0.0,0,0,98,11
2017,2,hamilton,Lewis Hamilton,mercedes,Mercedes,1.0,1,2.0,5.569343065693431,3.437956204379562,1.2,1.0,18.0,0,1,41.0,0,2,137,1
2017,2,hulkenberg,Nico Hülkenberg,renault,Renault,7.0,7,11.0,11.40677966101695,10.11111111111111,10.8,7.8,0.0,0,0,0.0,0,0,118,12
2017,2,jolyon_palmer,Jolyon Palmer,renault,Renault,18.0,20,19.0,16.136363636363637,17.523809523809526,16.4,16.5,0.0,0,0,0.0,0,0,22,13
2017,2,kevin_magnussen,Kevin Magnussen,haas,Haas F1 Team,12.0,12,15.0,12.738095238095237,12.878048780487806,16.0,17.0,0.0,0,0,0.0,0,0,42,8
2017,2,kvyat,Daniil Kvyat,toro_rosso,Toro Rosso,9.0,9,9.0,12.333333333333334,11.033333333333333,14.0,14.2,2.0,0,0,6.0,0,0,60,17
2017,2,massa,Felipe Massa,williams,Williams,6.0,6,6.0,9.094890510948906,8.27007299270073,9.8,9.6,8.0,0,0,8.0,0,0,137,14
2017,2,max_verstappen,Max Verstappen,red_bull,Red Bull,19.0,16,5.0,8.829268292682928,8.390243902439025,7.2,4.4,10.0,0,0,10.0,0,0,41,3
2017,2,ocon,Esteban Ocon,force_india,Force India,20.0,17,10.0,16.3,19.555555555555557,14.8,19.2,1.0,0,0,7.0,0,0,10,10
2017,2,perez,Sergio Pérez,force_india,Force India,8.0,8,7.0,10.923076923076923,11.344827586206897,7.4,10.2,6.0,0,0,8.0,0,0,117,9
2017,2,raikkonen,Kimi Räikkönen,ferrari,Ferrari,4.0,4,4.0,7.443298969072165,7.257731958762887,11.0,4.4,12.0,0,0,37.0,1,1,97,5
2017,2,ricciardo,Daniel Ricciardo,red_bull,Red Bull,5.0,5,17.0,10.1,9.880733944954128,7.2,5.2,0.0,0,0,25.0,0,1,110,4
2017,2,sainz,Carlos Sainz,toro_rosso,Toro Rosso,11.0,11,8.0,12.21951219512195,11.475,10.8,12.8,4.0,0,0,6.0,0,0,41,7
2017,2,stroll,Lance Stroll,williams,Williams,10.0,10,16.0,16.0,19.0,16.0,19.0,0.0,0,0,8.0,0,0,1,20
2017,2,vandoorne,Stoffel Vandoorne,mclaren,McLaren,16.0,15,13.0,11.5,15.0,11.5,15.0,0.0,0,0,0.0,0,0,2,18
2017,2,vettel,Sebastian Vettel,ferrari,Ferrari,2.0,2,1.0,5.0583941605839415,3.8161764705882355,3.6,5.0,25.0,1,1,47.0,1,1,137,2
2017,3,alonso,Fernando Alonso,mclaren,McLaren,15.0,15,16.0,7.727941176470588,8.22962962962963,12.6,11.2,0.0,0,0,0.0,0,0,136,14
2017,3,bottas,Valtteri Bottas,mercedes,Mercedes,1.0,1,6.0,9.425,8.725,9.8,7.2,23.0,0,1,66.0,1,3,80,3
2017,3,ericsson,Marcus Ericsson,sauber,Sauber,19.0,19,15.0,15.517241379310345,17.736842105263158,16.0,17.4,0.0,0,0,0.0,0,0,58,15
2017,3,grosjean,Romain Grosjean,haas,Haas F1 Team,9.0,9,11.0,12.525252525252526,10.858585858585858,16.8,13.0,0.0,0,0,4.0,0,0,99,8
2017,3,hamilton,Lewis Hamilton,mercedes,Mercedes,2.0,2,1.0,5.536231884057971,3.420289855072464,1.2,1.0,43.0,1,2,81.0,1,4,138,2
2017,3,hulkenberg,Nico Hülkenberg,renault,Renault,7.0,7,12.0,11.411764705882353,10.084745762711865,8.8,7.8,0.0,0,0,0.0,0,0,119,9
2017,3,jolyon_palmer,Jolyon Palmer,renault,Renault,10.0,10,13.0,16.0,17.545454545454547,16.4,17.25,0.0,0,0,2.0,0,0,23,13
2017,3,kevin_magnussen,Kevin Magnussen,haas,Haas F1 Team,20.0,20,8.0,12.627906976744185,12.857142857142858,15.2,15.8,4.0,0,0,8.0,0,0,43,19
2017,3,kvyat,Daniil Kvyat,toro_rosso,Toro Rosso,11.0,11,17.0,12.40983606557377,11.0,15.2,13.4,2.0,0,0,12.0,0,0,61,12
2017,3,massa,Felipe Massa,williams,Williams,8.0,8,14.0,9.130434782608695,8.253623188405797,11.2,9.0,8.0,0,0,8.0,0,0,138,6
2017,3,max_verstappen,Max Verstappen,red_bull,Red Bull,6.0,6,3.0,8.69047619047619,8.642857142857142,3.8,7.4,25.0,0,1,37.0,0,1,42,18
2017,3,ocon,Esteban Ocon,force_india,Force India,14.0,14,10.0,15.727272727272727,19.6,13.2,18.8,2.0,0,0,10.0,0,0,11,10
2017,3,perez,Sergio Pérez,force_india,Force India,18.0,18,9.0,10.90677966101695,11.316239316239317,7.6,9.6,8.0,0,0,11.0,0,0,118,7
2017,3,raikkonen,Kimi Räikkönen,ferrari,Ferrari,5.0,5,5.0,7.418367346938775,7.224489795918367,8.2,4.2,22.0,0,0,65.0,1,2,98,4
2017,3,ricciardo,Daniel Ricciardo,red_bull,Red Bull,4.0,4,4.0,10.045045045045045,9.836363636363636,7.4,5.6,12.0,0,0,37.0,0,1,111,5
2017,3,sainz,Carlos Sainz,toro_rosso,Toro Rosso,16.0,16,7.0,12.095238095238095,11.463414634146341,11.0,13.0,10.0,0,0,12.0,0,0,42,16
2017,3,stroll,Lance Stroll,williams,Williams,12.0,12,20.0,18.0,14.5,18.0,14.5,0.0,0,0,16.0,0,0,2,17
2017,3,vandoorne,Stoffel Vandoorne,mclaren,McLaren,17.0,17,18.0,13.666666666666666,15.333333333333334,13.666666666666666,15.333333333333334,0.0,0,0,0.0,0,0,3,20
2017,3,vettel,Sebastian Vettel,ferrari,Ferrari,3.0,3,2.0,5.036231884057971,3.802919708029197,3.2,4.2,43.0,1,2,77.0,1,2,138,1
2017,3,wehrlein,Pascal Wehrlein,sauber,Sauber,13.0,13,14.0,17.285714285714285,18.61904761904762,18.0,18.6,0.0,0,0,0.0,0,0,21,11
2017,4,alonso,Fernando Alonso,mclaren,McLaren,15.0,15,14.0,7.773722627737226,8.279411764705882,12.8,12.0,0.0,0,0,0.0,0,0,137,20
2017,4,bottas,Valtteri Bottas,mercedes,Mercedes,3.0,3,3.0,9.345679012345679,8.62962962962963,8.8,5.8,38.0,0,2,99.0,1,5,81,1
2017,4,ericsson,Marcus Ericsson,sauber,Sauber,19.0,18,15.0,15.508474576271187,17.75862068965517,16.8,18.2,0.0,0,0,0.0,0,0,59,15
2017,4,grosjean,Romain Grosjean,haas,Haas F1 Team,20.0,19,8.0,12.48,10.84,14.4,10.6,4.0,0,0,8.0,0,0,100,19
2017,4,hamilton,Lewis Hamilton,mercedes,Mercedes,4.0,4,2.0,5.510791366906475,3.4100719424460433,1.4,1.2,61.0,1,3,124.0,2,6,139,4
2017,4,hulkenberg,Nico Hülkenberg,renault,Renault,8.0,8,9.0,11.391666666666667,10.058823529411764,9.2,8.2,2.0,0,0,2.0,0,0,120,8
2017,4,jolyon_palmer,Jolyon Palmer,renault,Renault,16.0,16,13.0,15.875,17.217391304347824,16.2,15.8,0.0,0,0,6.0,0,0,24,18
2017,4,kevin_magnussen,Kevin Magnussen,haas,Haas F1 Team,14.0,13,19.0,12.772727272727273,13.023255813953488,15.6,17.0,4.0,0,0,8.0,0,0,44,13
2017,4,kvyat,Daniil Kvyat,toro_rosso,Toro Rosso,13.0,12,12.0,12.403225806451612,11.0,14.0,12.0,2.0,0,0,12.0,0,0,62,12
2017,4,massa,Felipe Massa,williams,Williams,6.0,6,6.0,9.107913669064748,8.251798561151078,10.6,8.8,16.0,0,0,16.0,0,0,139,9
2017,4,max_verstappen,Max Verstappen,red_bull,Red Bull,7.0,7,18.0,8.906976744186046,8.581395348837209,6.6,8.0,25.0,0,1,47.0,0,1,43,5
2017,4,ocon,Esteban Ocon,force_india,Force India,10.0,10,10.0,15.25,19.09090909090909,11.0,17.6,3.0,0,0,17.0,0,0,12,7
2017,4,perez,Sergio Pérez,force_india,Force India,9.0,9,7.0,10.873949579831933,11.372881355932204,7.0,10.8,14.0,0,0,23.0,0,0,119,6
2017,4,raikkonen,Kimi Räikkönen,ferrari,Ferrari,2.0,2,4.0,7.383838383838384,7.202020202020202,7.8,4.0,34.0,0,0,102.0,2,3,99,3
2017,4,ricciardo,Daniel Ricciardo,red_bull,Red Bull,5.0,5,5.0,10.0,9.783783783783784,7.8,5.6,22.0,0,0,57.0,0,1,112,17
2017,4,sainz,Carlos Sainz,toro_rosso,Toro Rosso,11.0,14,16.0,12.186046511627907,11.571428571428571,11.0,14.2,10.0,0,0,12.0,0,0,43,10
2017,4,stroll,Lance Stroll,williams,Williams,12.0,11,17.0,17.666666666666668,13.666666666666666,17.666666666666668,13.666666666666666,0.0,0,0,18.0,0,0,3,11
2017,4,vandoorne,Stoffel Vandoorne,mclaren,McLaren,17.0,20,20.0,15.25,15.75,15.25,15.75,0.0,0,0,0.0,0,0,4,14
2017,4,vettel,Sebastian Vettel,ferrari,Ferrari,1.0,1,1.0,5.0071942446043165,3.7971014492753623,2.4,3.4,68.0,2,3,117.0,2,4,139,2
2017,4,wehrlein,Pascal Wehrlein,sauber,Sauber,18.0,17,11.0,17.0,18.363636363636363,15.8,16.8,0.0,0,0,0.0,0,0,22,16
2017,5,alonso,Fernando Alonso,mclaren,McLaren,7.0,7,20.0,7.86231884057971,8.328467153284672,14.8,13.0,0.0,0,0,0.0,0,0,138,12
2017,5,bottas,Valtteri Bottas,mercedes,Mercedes,3.0,3,1.0,9.24390243902439,8.560975609756097,6.8,4.2,63.0,1,3,136.0,2,6,82,17
2017,5,ericsson,Marcus Ericsson,sauber,Sauber,16.0,16,15.0,15.5,17.779661016949152,15.6,17.8,0.0,0,0,0.0,0,0,60,11
2017,5,grosjean,Romain Grosjean,haas,Haas F1 Team,14.0,14,19.0,12.544554455445544,10.930693069306932,13.8,13.2,4.0,0,0,8.0,0,0,101,10
2017,5,hamilton,Lewis Hamilton,mercedes,Mercedes,1.0,1,4.0,5.5,3.414285714285714,2.0,1.8,73.0,1,3,136.0,2,6,140,1
2017,5,hulkenberg,Nico Hülkenberg,renault,Renault,13.0,13,8.0,11.363636363636363,10.041666666666666,9.4,8.2,6.0,0,0,6.0,0,0,121,6
2017,5,jolyon_palmer,Jolyon Palmer,renault,Renault,17.0,17,18.0,15.96,17.166666666666668,16.0,15.8,0.0,0,0,14.0,0,0,25,15
2017,5,kevin_magnussen,Kevin Magnussen,haas,Haas F1 Team,11.0,11,13.0,12.777777777777779,13.045454545454545,15.4,16.2,4.0,0,0,9.0,0,0,45,14
2017,5,kvyat,Daniil Kvyat,toro_rosso,Toro Rosso,20.0,19,12.0,12.396825396825397,11.031746031746032,13.8,11.8,2.0,0,0,13.0,0,0,63,9
2017,5,massa,Felipe Massa,williams,Williams,9.0,9,9.0,9.107142857142858,8.235714285714286,8.8,7.4,18.0,0,0,18.0,0,0,140,13
2017,5,max_verstappen,Max Verstappen,red_bull,Red Bull,5.0,5,5.0,8.818181818181818,8.545454545454545,7.0,8.6,35.0,0,1,57.0,0,1,44,19
2017,5,ocon,Esteban Ocon,force_india,Force India,10.0,10,7.0,14.615384615384615,18.333333333333332,10.0,15.6,9.0,0,0,31.0,0,0,13,5
2017,5,perez,Sergio Pérez,force_india,Force India,8.0,8,6.0,10.833333333333334,11.352941176470589,7.4,10.8,22.0,0,0,41.0,0,0,120,4
2017,5,raikkonen,Kimi Räikkönen,ferrari,Ferrari,4.0,4,3.0,7.34,7.15,4.4,3.8,49.0,0,1,135.0,2,5,100,20
2017,5,ricciardo,Daniel Ricciardo,red_bull,Red Bull,6.0,6,17.0,10.061946902654867,9.741071428571429,9.6,5.4,22.0,0,0,57.0,0,1,113,3
2017,5,sainz,Carlos Sainz,toro_rosso,Toro Rosso,12.0,12,10.0,12.136363636363637,11.55813953488372,11.8,13.4,11.0,0,0,15.0,0,0,44,7
2017,5,stroll,Lance Stroll,williams,Williams,18.0,18,11.0,16.0,13.25,16.0,13.25,0.0,0,0,18.0,0,0,4,16
2017,5,vandoorne,Stoffel Vandoorne,mclaren,McLaren,19.0,20,14.0,15.0,16.0,15.0,16.0,0.0,0,0,0.0,0,0,5,18
2017,5,vettel,Sebastian Vettel,ferrari,Ferrari,2.0,2,2.0,4.985714285714286,3.776978417266187,1.8,2.6,86.0,2,4,135.0,2,5,140,2
2017,5,wehrlein,Pascal Wehrlein,sauber,Sauber,15.0,15,16.0,16.956521739130434,18.347826086956523,15.6,16.4,0.0,0,0,0.0,0,0,23,8
2017,6,bottas,Valtteri Bottas,mercedes,Mercedes,3.0,3,17.0,9.337349397590362,8.493975903614459,6.0,2.6,63.0,1,3,161.0,3,7,83,4
2017,6,button,Jenson Button,mclaren,McLaren,9.0,20,20.0,9.330882352941176,9.343283582089553,15.0,15.6,0.0,0,0,0.0,0,0,136,18
2017,6,ericsson,Marcus Ericsson,sauber,Sauber,20.0,19,11.0,15.426229508196721,17.75,14.8,16.6,0.0,0,0,4.0,0,0,61,17
2017,6,grosjean,Romain Grosjean,haas,Haas F1 Team,8.0,8,10.0,12.519607843137255,10.96078431372549,13.6,13.2,5.0,0,0,9.0,0,0,102,8
2017,6,hamilton,Lewis Hamilton,mercedes,Mercedes,14.0,13,1.0,5.468085106382978,3.397163120567376,2.0,1.8,98.0,2,4,173.0,3,7,141,7
2017,6,hulkenberg,Nico Hülkenberg,renault,Renault,12.0,10,6.0,11.319672131147541,10.066115702479339,9.2,9.4,14.0,0,0,14.0,0,0,122,20
2017,6,jolyon_palmer,Jolyon Palmer,renault,Renault,17.0,16,15.0,15.923076923076923,17.16,15.6,16.2,0.0,0,0,14.0,0,0,26,11
2017,6,kevin_magnussen,Kevin Magnussen,haas,Haas F1 Team,13.0,11,14.0,12.804347826086957,13.0,13.8,14.8,4.0,0,0,13.0,0,0,46,10
2017,6,kvyat,Daniil Kvyat,toro_rosso,Toro Rosso,11.0,9,9.0,12.34375,11.171875,11.8,12.4,4.0,0,0,21.0,0,0,64,14
2017,6,massa,Felipe Massa,williams,Williams,15.0,14,13.0,9.134751773049645,8.24113475177305,9.6,7.2,18.0,0,0,18.0,0,0,141,9
2017,6,max_verstappen,Max Verstappen,red_bull,Red Bull,4.0,4,19.0,9.044444444444444,8.466666666666667,10.0,8.4,35.0,0,1,72.0,0,2,45,5
2017,6,ocon,Esteban Ocon,force_india,Force India,16.0,15,5.0,13.928571428571429,17.692307692307693,8.4,13.6,19.0,0,0,53.0,0,0,14,12
2017,6,perez,Sergio Pérez,force_india,Force India,7.0,7,4.0,10.776859504132231,11.325,6.6,10.8,34.0,0,0,53.0,0,0,121,13
2017,6,raikkonen,Kimi Räikkönen,ferrari,Ferrari,1.0,1,20.0,7.465346534653466,7.118811881188119,7.2,3.8,49.0,0,1,153.0,2,6,101,2
2017,6,ricciardo,Daniel Ricciardo,red_bull,Red Bull,5.0,5,3.0,10.0,9.70796460176991,9.2,6.0,37.0,0,1,82.0,0,2,114,3
2017,6,sainz,Carlos Sainz,toro_rosso,Toro Rosso,6.0,6,7.0,12.022222222222222,11.568181818181818,9.6,11.6,17.0,0,0,21.0,0,0,45,6
2017,6,stroll,Lance Stroll,williams,Williams,18.0,17,16.0,16.0,14.2,16.0,14.2,0.0,0,0,20.0,0,0,5,15
2017,6,vandoorne,Stoffel Vandoorne,mclaren,McLaren,10.0,12,18.0,15.5,16.5,16.6,17.4,0.0,0,0,0.0,0,0,6,16
2017,6,vettel,Sebastian Vettel,ferrari,Ferrari,2.0,2,2.0,4.964539007092198,3.7642857142857142,1.6,2.0,104.0,2,5,171.0,2,7,141,1
2017,6,wehrlein,Pascal Wehrlein,sauber,Sauber,19.0,18,8.0,16.583333333333332,18.208333333333332,12.8,16.2,4.0,0,0,4.0,0,0,24,19
2017,7,alonso,Fernando Alonso,mclaren,McLaren,12.0,12,12.0,7.892086330935252,8.318840579710145,15.2,12.6,0.0,0,0,0.0,0,0,139,16
2017,7,bottas,Valtteri Bottas,mercedes,Mercedes,3.0,3,4.0,9.273809523809524,8.428571428571429,6.2,2.6,75.0,1,3,179.0,3,7,84,2
2017,7,ericsson,Marcus Ericsson,sauber,Sauber,19.0,19,17.0,15.451612903225806,17.78688524590164,14.6,17.6,0.0,0,0,4.0,0,0,62,13
2017,7,grosjean,Romain Grosjean,haas,Haas F1 Team,14.0,14,8.0,12.475728155339805,10.932038834951456,11.2,13.6,9.0,0,0,14.0,0,0,103,10
2017,7,hamilton,Lewis Hamilton,mercedes,Mercedes,1.0,1,7.0,5.47887323943662,3.471830985915493,3.0,4.4,104.0,2,4,197.0,3,8,142,1
2017,7,hulkenberg,Nico Hülkenberg,renault,Renault,10.0,10,20.0,11.390243902439025,10.081967213114755,11.0,9.4,14.0,0,0,14.0,0,0,123,8
2017,7,jolyon_palmer,Jolyon Palmer,renault,Renault,15.0,15,11.0,15.74074074074074,17.153846153846153,14.0,15.6,0.0,0,0,18.0,0,0,27,11
2017,7,kevin_magnussen,Kevin Magnussen,haas,Haas F1 Team,18.0,18,10.0,12.74468085106383,13.0,12.8,14.0,5.0,0,0,15.0,0,0,47,12
2017,7,kvyat,Daniil Kvyat,toro_rosso,Toro Rosso,11.0,11,14.0,12.36923076923077,11.169230769230769,12.8,12.8,4.0,0,0,29.0,0,0,65,17
2017,7,massa,Felipe Massa,williams,Williams,7.0,7,9.0,9.133802816901408,8.288732394366198,10.2,8.8,20.0,0,0,20.0,0,0,142,19
2017,7,max_verstappen,Max Verstappen,red_bull,Red Bull,5.0,5,5.0,8.956521739130435,8.369565217391305,10.0,8.2,45.0,0,1,97.0,0,3,46,18
2017,7,ocon,Esteban Ocon,force_india,Force India,9.0,9,12.0,13.8,17.571428571428573,8.8,14.0,19.0,0,0,53.0,0,0,15,6
2017,7,perez,Sergio Pérez,force_india,Force India,8.0,8,13.0,10.795081967213115,11.289256198347108,7.8,10.0,34.0,0,0,61.0,0,0,122,5
2017,7,raikkonen,Kimi Räikkönen,ferrari,Ferrari,4.0,4,2.0,7.411764705882353,7.0588235294117645,6.8,3.2,67.0,0,2,196.0,3,8,102,7
2017,7,ricciardo,Daniel Ricciardo,red_bull,Red Bull,6.0,6,3.0,9.939130434782609,9.666666666666666,6.4,5.0,52.0,0,2,97.0,0,3,115,3
2017,7,sainz,Carlos Sainz,toro_rosso,Toro Rosso,13.0,13,6.0,11.891304347826088,11.444444444444445,9.2,11.2,25.0,0,0,29.0,0,0,46,20
2017,7,stroll,Lance Stroll,williams,Williams,17.0,17,15.0,15.833333333333334,14.833333333333334,15.8,14.0,0.0,0,0,20.0,0,0,6,9
2017,7,vandoorne,Stoffel Vandoorne,mclaren,McLaren,16.0,16,16.0,15.571428571428571,15.571428571428571,17.2,15.8,0.0,0,0,0.0,0,0,7,14
2017,7,vettel,Sebastian Vettel,ferrari,Ferrari,2.0,2,1.0,4.936619718309859,3.75177304964539,1.6,2.0,129.0,3,6,202.0,3,8,142,4
2017,7,wehrlein,Pascal Wehrlein,sauber,Sauber,20.0,20,19.0,16.68,18.24,13.6,16.2,4.0,0,0,4.0,0,0,25,15
2017,8,alonso,Fernando Alonso,mclaren,McLaren,16.0,19,16.0,7.95,8.345323741007194,15.6,12.4,0.0,0,0,0.0,0,0,140,9
2017,8,bottas,Valtteri Bottas,mercedes,Mercedes,2.0,2,2.0,9.188235294117646,8.364705882352942,5.4,2.6,93.0,1,4,222.0,4,9,85,2
2017,8,ericsson,Marcus Ericsson,sauber,Sauber,18.0,17,13.0,15.412698412698413,17.806451612903224,14.2,18.6,0.0,0,0,4.0,0,0,63,11
2017,8,grosjean,Romain Grosjean,haas,Haas F1 Team,17.0,16,10.0,12.451923076923077,10.961538461538462,11.0,13.0,10.0,0,0,15.0,0,0,104,13
2017,8,hamilton,Lewis Hamilton,mercedes,Mercedes,1.0,1,1.0,5.4475524475524475,3.4545454545454546,3.0,4.4,129.0,3,5,240.0,4,10,143,5
2017,8,hulkenberg,Nico Hülkenberg,renault,Renault,14.0,13,8.0,11.362903225806452,10.08130081300813,10.2,10.0,18.0,0,0,18.0,0,0,124,17
2017,8,jolyon_palmer,Jolyon Palmer,renault,Renault,,20,11.0,15.571428571428571,17.074074074074073,13.6,15.0,0.0,0,0,18.0,0,0,28,20
2017,8,kevin_magnussen,Kevin Magnussen,haas,Haas F1 Team,13.0,12,12.0,12.729166666666666,13.106382978723405,13.6,15.2,5.0,0,0,15.0,0,0,48,7
2017,8,kvyat,Daniil Kvyat,toro_rosso,Toro Rosso,11.0,11,17.0,12.43939393939394,11.166666666666666,12.8,13.2,4.0,0,0,29.0,0,0,66,19
2017,8,massa,Felipe Massa,williams,Williams,9.0,9,19.0,9.202797202797203,8.27972027972028,11.2,9.0,20.0,0,0,22.0,0,0,143,16
2017,8,max_verstappen,Max Verstappen,red_bull,Red Bull,5.0,5,18.0,9.148936170212766,8.297872340425531,13.0,5.4,45.0,0,1,112.0,0,4,47,18
2017,8,ocon,Esteban Ocon,force_india,Force India,7.0,7,6.0,13.3125,17.0,8.0,11.8,27.0,0,0,71.0,0,0,16,6
2017,8,perez,Sergio Pérez,force_india,Force India,6.0,6,5.0,10.747967479674797,11.262295081967213,7.0,10.0,44.0,0,0,79.0,0,0,123,15
2017,8,raikkonen,Kimi Räikkönen,ferrari,Ferrari,3.0,3,7.0,7.407766990291262,7.029126213592233,7.2,3.2,73.0,0,2,214.0,3,8,103,14
2017,8,ricciardo,Daniel Ricciardo,red_bull,Red Bull,10.0,10,3.0,9.879310344827585,9.634782608695652,6.2,5.2,67.0,0,3,112.0,0,4,116,1
2017,8,sainz,Carlos Sainz,toro_rosso,Toro Rosso,12.0,15,20.0,12.063829787234043,11.478260869565217,11.8,11.6,25.0,0,0,29.0,0,0,47,8
2017,8,stroll,Lance Stroll,williams,Williams,8.0,8,9.0,14.857142857142858,15.142857142857142,13.6,15.4,2.0,0,0,22.0,0,0,7,3
2017,8,vandoorne,Stoffel Vandoorne,mclaren,McLaren,19.0,18,14.0,15.375,15.625,16.4,15.8,0.0,0,0,2.0,0,0,8,12
2017,8,vettel,Sebastian Vettel,ferrari,Ferrari,4.0,4,4.0,4.93006993006993,3.73943661971831,2.0,2.0,141.0,3,6,214.0,3,8,143,4
2017,8,wehrlein,Pascal Wehrlein,sauber,Sauber,15.0,14,15.0,16.615384615384617,18.307692307692307,13.8,17.0,4.0,0,0,4.0,0,0,26,10
2017,9,alonso,Fernando Alonso,mclaren,McLaren,12.0,12,9.0,7.957446808510638,8.4,14.2,13.0,2.0,0,0,2.0,0,0,141,19
2017,9,bottas,Valtteri Bottas,mercedes,Mercedes,1.0,1,2.0,9.104651162790697,8.290697674418604,5.2,2.8,111.0,1,5,250.0,4,10,86,1
2017,9,ericsson,Marcus Ericsson,sauber,Sauber,19.0,19,11.0,15.34375,17.80952380952381,13.4,18.4,0.0,0,0,5.0,0,0,64,15
2017,9,grosjean,Romain Grosjean,haas,Haas F1 Team,7.0,6,13.0,12.457142857142857,11.019047619047619,12.0,14.6,10.0,0,0,21.0,0,0,105,6
2017,9,hamilton,Lewis Hamilton,mercedes,Mercedes,3.0,8,5.0,5.444444444444445,3.4375,3.6,4.2,139.0,3,5,275.0,5,11,144,4
2017,9,hulkenberg,Nico Hülkenberg,renault,Renault,11.0,11,17.0,11.408,10.112903225806452,11.8,11.4,18.0,0,0,18.0,0,0,125,13
2017,9,jolyon_palmer,Jolyon Palmer,renault,Renault,16.0,16,20.0,15.724137931034482,17.074074074074073,15.0,16.25,0.0,0,0,18.0,0,0,29,11
2017,9,kevin_magnussen,Kevin Magnussen,haas,Haas F1 Team,15.0,15,7.0,12.612244897959183,13.104166666666666,11.2,13.8,11.0,0,0,29.0,0,0,49,18
2017,9,kvyat,Daniil Kvyat,toro_rosso,Toro Rosso,14.0,14,19.0,12.537313432835822,11.164179104477611,14.2,13.2,4.0,0,0,33.0,0,0,67,16
2017,9,massa,Felipe Massa,williams,Williams,17.0,17,16.0,9.25,8.284722222222221,13.2,9.2,20.0,0,0,37.0,0,1,144,9
2017,9,max_verstappen,Max Verstappen,red_bull,Red Bull,6.0,5,18.0,9.333333333333334,8.229166666666666,13.0,5.2,45.0,0,1,137.0,1,5,48,20
2017,9,ocon,Esteban Ocon,force_india,Force India,9.0,9,6.0,12.882352941176471,16.375,7.2,10.4,35.0,0,0,79.0,0,0,17,8
2017,9,perez,Sergio Pérez,force_india,Force India,8.0,7,15.0,10.78225806451613,11.21951219512195,8.6,7.6,44.0,0,0,83.0,0,0,124,7
2017,9,raikkonen,Kimi Räikkönen,ferrari,Ferrari,4.0,3,14.0,7.471153846153846,6.990384615384615,9.2,2.8,73.0,0,2,226.0,3,8,104,5
2017,9,ricciardo,Daniel Ricciardo,red_bull,Red Bull,5.0,4,1.0,9.803418803418804,9.637931034482758,5.4,6.4,92.0,1,4,137.0,1,5,117,3
2017,9,sainz,Carlos Sainz,toro_rosso,Toro Rosso,10.0,10,8.0,11.979166666666666,11.48936170212766,10.2,10.8,29.0,0,0,33.0,0,0,48,17
2017,9,stroll,Lance Stroll,williams,Williams,18.0,18,3.0,13.375,14.25,10.8,14.6,17.0,0,1,39.0,0,1,8,10
2017,9,vandoorne,Stoffel Vandoorne,mclaren,McLaren,13.0,13,12.0,15.0,16.0,14.8,16.2,0.0,0,0,2.0,0,0,9,12
2017,9,vettel,Sebastian Vettel,ferrari,Ferrari,2.0,2,4.0,4.923611111111111,3.7412587412587412,2.6,2.2,153.0,3,6,236.0,3,8,144,2
2017,9,wehrlein,Pascal Wehrlein,sauber,Sauber,20.0,20,10.0,16.37037037037037,18.185185185185187,13.6,17.4,5.0,0,0,5.0,0,0,27,14
2017,10,alonso,Fernando Alonso,mclaren,McLaren,13.0,20,19.0,8.035211267605634,8.425531914893616,15.2,12.4,2.0,0,0,2.0,0,0,142,18
2017,10,bottas,Valtteri Bottas,mercedes,Mercedes,4.0,9,1.0,9.011494252873563,8.206896551724139,5.2,2.4,136.0,2,6,287.0,5,11,87,2
2017,10,ericsson,Marcus Ericsson,sauber,Sauber,19.0,18,15.0,15.338461538461539,17.828125,13.4,18.4,0.0,0,0,5.0,0,0,65,14
2017,10,grosjean,Romain Grosjean,haas,Haas F1 Team,10.0,10,6.0,12.39622641509434,10.981132075471699,9.4,12.0,18.0,0,0,29.0,0,0,106,13
2017,10,hamilton,Lewis Hamilton,mercedes,Mercedes,1.0,1,4.0,5.43448275862069,3.43448275862069,3.6,4.0,151.0,3,5,305.0,5,12,145,1
2017,10,hulkenberg,Nico Hülkenberg,renault,Renault,6.0,5,13.0,11.420634920634921,10.12,12.8,12.0,18.0,0,0,18.0,0,0,126,6
2017,10,jolyon_palmer,Jolyon Palmer,renault,Renault,11.0,11,11.0,15.566666666666666,17.035714285714285,13.6,16.25,0.0,0,0,26.0,0,0,30,20
2017,10,kevin_magnussen,Kevin Magnussen,haas,Haas F1 Team,17.0,16,18.0,12.72,13.142857142857142,12.2,14.0,11.0,0,0,29.0,0,0,50,12
2017,10,kvyat,Daniil Kvyat,toro_rosso,Toro Rosso,12.0,12,16.0,12.588235294117647,11.205882352941176,15.0,13.4,4.0,0,0,33.0,0,0,68,15
2017,10,massa,Felipe Massa,williams,Williams,15.0,14,9.0,9.248275862068965,8.344827586206897,13.2,11.4,22.0,0,0,40.0,0,1,145,10
2017,10,max_verstappen,Max Verstappen,red_bull,Red Bull,5.0,4,20.0,9.551020408163266,8.183673469387756,16.0,5.0,45.0,0,1,152.0,1,6,49,4
2017,10,ocon,Esteban Ocon,force_india,Force India,8.0,7,8.0,12.61111111111111,15.941176470588236,7.4,10.2,39.0,0,0,89.0,0,0,18,8
2017,10,perez,Sergio Pérez,force_india,Force India,7.0,6,7.0,10.752,11.193548387096774,8.8,7.4,50.0,0,0,93.0,0,0,125,9
2017,10,raikkonen,Kimi Räikkönen,ferrari,Ferrari,2.0,2,5.0,7.447619047619048,6.961904761904762,9.6,3.2,83.0,0,2,254.0,3,9,105,3
2017,10,ricciardo,Daniel Ricciardo,red_bull,Red Bull,20.0,19,3.0,9.745762711864407,9.598290598290598,2.6,6.4,107.0,1,5,164.0,1,6,118,5
2017,10,sainz,Carlos Sainz,toro_rosso,Toro Rosso,14.0,13,17.0,12.081632653061224,11.458333333333334,11.6,10.6,29.0,0,0,33.0,0,0,49,19
2017,10,stroll,Lance Stroll,williams,Williams,16.0,15,10.0,13.0,14.666666666666666,10.6,15.8,18.0,0,1,41.0,0,1,9,16
2017,10,vandoorne,Stoffel Vandoorne,mclaren,McLaren,9.0,8,12.0,14.7,15.7,14.4,15.4,0.0,0,0,2.0,0,0,10,11
2017,10,vettel,Sebastian Vettel,ferrari,Ferrari,3.0,3,2.0,4.903448275862069,3.7291666666666665,2.6,2.4,171.0,3,7,269.0,3,10,145,7
2017,10,wehrlein,Pascal Wehrlein,sauber,Sauber,18.0,17,14.0,16.285714285714285,18.25,13.2,17.8,5.0,0,0,5.0,0,0,28,17
2017,11,alonso,Fernando Alonso,mclaren,McLaren,8.0,7,18.0,8.104895104895105,8.45774647887324,14.8,12.0,2.0,0,0,2.0,0,0,143,6
2017,11,bottas,Valtteri Bottas,mercedes,Mercedes,3.0,3,2.0,8.931818181818182,8.159090909090908,2.2,2.6,154.0,2,7,330.0,6,13,88,3
2017,11,ericsson,Marcus Ericsson,sauber,Sauber,20.0,20,14.0,15.318181818181818,17.846153846153847,14.0,19.0,0.0,0,0,5.0,0,0,66,16
2017,11,grosjean,Romain Grosjean,haas,Haas F1 Team,15.0,14,13.0,12.401869158878505,10.97196261682243,10.0,11.2,18.0,0,0,29.0,0,0,107,19
2017,11,hamilton,Lewis Hamilton,mercedes,Mercedes,4.0,4,1.0,5.404109589041096,3.4178082191780823,3.6,4.0,176.0,4,6,345.0,6,14,146,4
2017,11,hulkenberg,Nico Hülkenberg,renault,Renault,7.0,12,6.0,11.377952755905511,10.087301587301587,12.8,10.6,26.0,0,0,26.0,0,0,127,17
2017,11,jolyon_palmer,Jolyon Palmer,renault,Renault,11.0,10,20.0,15.709677419354838,16.82758620689655,14.6,14.75,0.0,0,0,26.0,0,0,31,12
2017,11,kevin_magnussen,Kevin Magnussen,haas,Haas F1 Team,16.0,15,12.0,12.705882352941176,13.22,11.8,15.2,11.0,0,0,29.0,0,0,51,13
2017,11,kvyat,Daniil Kvyat,toro_rosso,Toro Rosso,13.0,16,15.0,12.623188405797102,11.217391304347826,16.2,11.8,4.0,0,0,33.0,0,0,69,11
2017,11,max_verstappen,Max Verstappen,red_bull,Red Bull,5.0,5,4.0,9.44,8.12,13.0,5.0,57.0,0,1,174.0,1,6,50,5
2017,11,ocon,Esteban Ocon,force_india,Force India,12.0,11,8.0,12.368421052631579,15.5,8.0,9.8,43.0,0,0,95.0,0,0,19,9
2017,11,perez,Sergio Pérez,force_india,Force India,14.0,13,9.0,10.738095238095237,11.16,9.8,7.2,52.0,0,0,97.0,0,0,126,8
2017,11,raikkonen,Kimi Räikkönen,ferrari,Ferrari,2.0,2,3.0,7.40566037735849,6.915094339622642,6.2,2.8,98.0,0,3,275.0,3,10,106,2
2017,11,resta,Paul di Resta,williams,Williams,19.0,19,11.0,11.741379310344827,11.89655172413793,10.4,12.0,0.0,0,0,41.0,0,1,58,18
2017,11,ricciardo,Daniel Ricciardo,red_bull,Red Bull,6.0,6,5.0,9.705882352941176,9.686440677966102,3.0,9.2,117.0,1,5,184.0,1,6,119,20
2017,11,sainz,Carlos Sainz,toro_rosso,Toro Rosso,10.0,9,19.0,12.22,11.510204081632653,14.0,11.0,29.0,0,0,33.0,0,0,50,7
2017,11,stroll,Lance Stroll,williams,Williams,17.0,17,16.0,13.3,14.8,10.6,15.4,18.0,0,1,41.0,0,1,10,14
2017,11,vandoorne,Stoffel Vandoorne,mclaren,McLaren,9.0,8,11.0,14.363636363636363,15.090909090909092,13.0,13.4,0.0,0,0,10.0,0,0,11,10
2017,11,vettel,Sebastian Vettel,ferrari,Ferrari,1.0,1,7.0,4.917808219178082,3.7241379310344827,3.6,2.6,177.0,3,7,293.0,3,11,146,1
2017,11,wehrlein,Pascal Wehrlein,sauber,Sauber,18.0,18,17.0,16.310344827586206,18.24137931034483,15.0,18.4,5.0,0,0,5.0,0,0,29,15
2017,12,alonso,Fernando Alonso,mclaren,McLaren,11.0,10,6.0,8.090277777777779,8.454545454545455,13.6,12.2,10.0,0,0,11.0,0,0,144,18
2017,12,bottas,Valtteri Bottas,mercedes,Mercedes,3.0,3,3.0,8.865168539325843,8.101123595505618,2.0,2.6,169.0,2,8,357.0,6,14,89,5
2017,12,ericsson,Marcus Ericsson,sauber,Sauber,19.0,17,16.0,15.328358208955224,17.87878787878788,13.8,19.0,0.0,0,0,5.0,0,0,67,16
2017,12,grosjean,Romain Grosjean,haas,Haas F1 Team,12.0,11,19.0,12.462962962962964,11.00925925925926,12.2,12.6,18.0,0,0,29.0,0,0,108,7
2017,12,hamilton,Lewis Hamilton,mercedes,Mercedes,1.0,1,4.0,5.394557823129252,3.421768707482993,3.0,2.0,188.0,4,6,367.0,6,14,147,1
2017,12,hulkenberg,Nico Hülkenberg,renault,Renault,7.0,7,17.0,11.421875,10.062992125984252,12.2,9.6,26.0,0,0,26.0,0,0,128,6
2017,12,jolyon_palmer,Jolyon Palmer,renault,Renault,10.0,14,12.0,15.59375,16.633333333333333,14.8,13.25,0.0,0,0,34.0,0,0,32,13
2017,12,kevin_magnussen,Kevin Magnussen,haas,Haas F1 Team,13.0,12,13.0,12.711538461538462,13.27450980392157,12.4,15.8,11.0,0,0,35.0,0,0,52,15
2017,12,kvyat,Daniil Kvyat,toro_rosso,Toro Rosso,17.0,19,11.0,12.6,11.242857142857142,15.6,12.2,4.0,0,0,39.0,0,0,70,12
2017,12,massa,Felipe Massa,williams,Williams,16.0,16,10.0,9.253424657534246,8.39041095890411,12.6,12.6,23.0,0,0,41.0,0,1,146,8
2017,12,max_verstappen,Max Verstappen,red_bull,Red Bull,5.0,5,5.0,9.352941176470589,8.058823529411764,13.0,5.2,67.0,0,1,184.0,1,6,51,19
2017,12,ocon,Esteban Ocon,force_india,Force India,9.0,9,9.0,12.2,15.31578947368421,7.4,9.0,45.0,0,0,101.0,0,0,20,9
2017,12,perez,Sergio Pérez,force_india,Force India,8.0,8,8.0,10.716535433070867,11.182539682539682,8.8,8.6,56.0,0,0,103.0,0,0,127,17
2017,12,raikkonen,Kimi Räikkönen,ferrari,Ferrari,4.0,4,2.0,7.355140186915888,6.869158878504673,6.2,3.0,116.0,0,4,318.0,4,12,107,4
2017,12,ricciardo,Daniel Ricciardo,red_bull,Red Bull,6.0,6,20.0,9.791666666666666,9.655462184873949,6.4,9.4,117.0,1,5,184.0,1,6,120,3
2017,12,sainz,Carlos Sainz,toro_rosso,Toro Rosso,14.0,13,7.0,12.117647058823529,11.48,14.2,11.8,35.0,0,0,39.0,0,0,51,10
2017,12,stroll,Lance Stroll,williams,Williams,18.0,15,14.0,13.363636363636363,15.0,10.4,15.2,18.0,0,1,45.0,0,1,11,11
2017,12,vandoorne,Stoffel Vandoorne,mclaren,McLaren,15.0,20,10.0,14.0,14.583333333333334,11.8,13.2,1.0,0,0,11.0,0,0,12,14
2017,12,vettel,Sebastian Vettel,ferrari,Ferrari,2.0,2,1.0,4.891156462585034,3.7054794520547945,3.6,2.4,202.0,4,8,330.0,4,12,147,2
2017,12,wehrlein,Pascal Wehrlein,sauber,Sauber,20.0,18,15.0,16.266666666666666,18.233333333333334,14.2,18.2,5.0,0,0,5.0,0,0,30,20
2017,13,alonso,Fernando Alonso,mclaren,McLaren,13.0,19,18.0,8.158620689655173,8.472222222222221,14.0,12.0,10.0,0,0,11.0,0,0,145,17
2017,13,bottas,Valtteri Bottas,mercedes,Mercedes,6.0,4,5.0,8.822222222222223,8.044444444444444,2.6,2.6,179.0,2,8,392.0,7,15,90,2
2017,13,ericsson,Marcus Ericsson,sauber,Sauber,18.0,11,16.0,15.338235294117647,17.895522388059703,14.4,19.0,0.0,0,0,5.0,0,0,68,18
2017,13,grosjean,Romain Grosjean,haas,Haas F1 Team,20.0,20,7.0,12.412844036697248,11.01834862385321,11.6,12.2,24.0,0,0,35.0,0,0,109,15
2017,13,hamilton,Lewis Hamilton,mercedes,Mercedes,1.0,1,1.0,5.364864864864865,3.4054054054054053,3.0,2.0,213.0,5,7,410.0,7,16,148,1
2017,13,hulkenberg,Nico Hülkenberg,renault,Renault,12.0,14,6.0,11.37984496124031,10.0390625,11.8,9.0,34.0,0,0,34.0,0,0,129,13
2017,13,jolyon_palmer,Jolyon Palmer,renault,Renault,17.0,17,13.0,15.515151515151516,16.419354838709676,15.2,12.0,0.0,0,0,34.0,0,0,33,20
2017,13,kevin_magnussen,Kevin Magnussen,haas,Haas F1 Team,16.0,9,15.0,12.754716981132075,13.26923076923077,13.0,14.8,11.0,0,0,35.0,0,0,53,11
2017,13,kvyat,Daniil Kvyat,toro_rosso,Toro Rosso,14.0,8,12.0,12.591549295774648,11.32394366197183,14.6,13.4,4.0,0,0,40.0,0,0,71,12
2017,13,massa,Felipe Massa,williams,Williams,9.0,7,8.0,9.244897959183673,8.4421768707483,12.4,12.8,27.0,0,0,45.0,0,1,147,8
2017,13,max_verstappen,Max Verstappen,red_bull,Red Bull,2.0,13,19.0,9.538461538461538,8.0,13.2,5.2,67.0,0,1,199.0,1,7,52,10
2017,13,ocon,Esteban Ocon,force_india,Force India,5.0,3,9.0,12.047619047619047,15.0,8.0,9.0,47.0,0,0,103.0,0,0,21,6
2017,13,perez,Sergio Pérez,force_india,Force India,11.0,10,17.0,10.765625,11.15748031496063,11.2,8.6,56.0,0,0,111.0,0,0,128,9
2017,13,raikkonen,Kimi Räikkönen,ferrari,Ferrari,7.0,5,4.0,7.324074074074074,6.842592592592593,5.6,3.0,128.0,0,4,348.0,4,13,108,5
2017,13,ricciardo,Daniel Ricciardo,red_bull,Red Bull,3.0,16,3.0,9.735537190082646,9.625,6.4,9.4,132.0,1,6,200.0,1,7,121,4
2017,13,sainz,Carlos Sainz,toro_rosso,Toro Rosso,15.0,15,10.0,12.076923076923077,11.529411764705882,12.2,12.0,36.0,0,0,40.0,0,0,52,14
2017,13,stroll,Lance Stroll,williams,Williams,4.0,2,11.0,13.166666666666666,15.25,10.8,15.4,18.0,0,1,49.0,0,1,12,7
2017,13,vandoorne,Stoffel Vandoorne,mclaren,McLaren,10.0,18,14.0,14.0,14.615384615384615,11.8,13.0,1.0,0,0,11.0,0,0,13,19
2017,13,vettel,Sebastian Vettel,ferrari,Ferrari,8.0,6,2.0,4.871621621621622,3.693877551020408,3.2,2.4,220.0,4,9,358.0,4,13,148,3
2017,13,wehrlein,Pascal Wehrlein,sauber,Sauber,19.0,12,20.0,16.387096774193548,18.29032258064516,15.2,18.2,5.0,0,0,5.0,0,0,31,16
2017,14,alonso,Fernando Alonso,mclaren,McLaren,8.0,8,17.0,8.219178082191782,8.50344827586207,15.6,11.4,10.0,0,0,11.0,0,0,146,17
2017,14,bottas,Valtteri Bottas,mercedes,Mercedes,6.0,6,2.0,8.747252747252746,8.021978021978022,2.6,3.4,197.0,2,9,435.0,8,17,91,3
2017,14,ericsson,Marcus Ericsson,sauber,Sauber,20.0,20,18.0,15.376811594202898,17.897058823529413,15.8,19.0,0.0,0,0,5.0,0,0,69,15
2017,14,grosjean,Romain Grosjean,haas,Haas F1 Team,15.0,15,15.0,12.436363636363636,11.1,12.0,12.8,24.0,0,0,35.0,0,0,110,9
2017,14,hamilton,Lewis Hamilton,mercedes,Mercedes,5.0,5,1.0,5.3355704697986575,3.389261744966443,2.2,2.0,238.0,6,8,450.0,8,18,149,1
2017,14,hulkenberg,Nico Hülkenberg,renault,Renault,7.0,7,13.0,11.392307692307693,10.054263565891473,11.0,8.6,34.0,0,0,34.0,0,0,130,14
2017,14,jolyon_palmer,Jolyon Palmer,renault,Renault,11.0,11,20.0,15.647058823529411,16.4375,15.2,13.0,0.0,0,0,34.0,0,0,34,6
2017,14,kevin_magnussen,Kevin Magnussen,haas,Haas F1 Team,16.0,16,11.0,12.722222222222221,13.320754716981131,13.8,15.4,11.0,0,0,37.0,0,0,54,13
2017,14,kvyat,Daniil Kvyat,toro_rosso,Toro Rosso,13.0,13,12.0,12.583333333333334,11.36111111111111,13.2,14.0,4.0,0,0,40.0,0,0,72,16
2017,14,massa,Felipe Massa,williams,Williams,17.0,17,8.0,9.236486486486486,8.445945945945946,10.2,13.2,31.0,0,0,55.0,0,1,148,11
2017,14,max_verstappen,Max Verstappen,red_bull,Red Bull,2.0,2,10.0,9.547169811320755,7.886792452830188,11.6,4.6,68.0,0,1,212.0,1,7,53,19
2017,14,ocon,Esteban Ocon,force_india,Force India,14.0,14,6.0,11.772727272727273,14.523809523809524,8.0,8.6,55.0,0,0,113.0,0,0,22,10
2017,14,perez,Sergio Pérez,force_india,Force India,12.0,12,9.0,10.751937984496124,11.15625,10.0,9.6,58.0,0,0,114.0,0,0,129,5
2017,14,raikkonen,Kimi Räikkönen,ferrari,Ferrari,4.0,4,5.0,7.302752293577981,6.844036697247707,3.8,3.8,138.0,0,4,373.0,4,14,109,20
2017,14,ricciardo,Daniel Ricciardo,red_bull,Red Bull,3.0,3,4.0,9.688524590163935,9.570247933884298,7.0,8.0,144.0,1,6,212.0,1,7,122,2
2017,14,sainz,Carlos Sainz,toro_rosso,Toro Rosso,10.0,10,14.0,12.11320754716981,11.596153846153847,13.4,12.6,36.0,0,0,40.0,0,0,53,4
2017,14,stroll,Lance Stroll,williams,Williams,18.0,18,7.0,12.692307692307692,14.384615384615385,11.6,14.6,24.0,0,1,55.0,0,1,13,8
2017,14,vandoorne,Stoffel Vandoorne,mclaren,McLaren,9.0,9,19.0,14.357142857142858,14.285714285714286,13.2,11.2,1.0,0,0,11.0,0,0,14,7
2017,14,vettel,Sebastian Vettel,ferrari,Ferrari,1.0,1,3.0,4.859060402684563,3.722972972972973,3.0,3.2,235.0,4,10,373.0,4,14,149,18
2017,14,wehrlein,Pascal Wehrlein,sauber,Sauber,19.0,19,16.0,16.375,18.3125,16.4,19.0,5.0,0,0,5.0,0,0,32,12
2017,15,alonso,Fernando Alonso,mclaren,McLaren,10.0,10,17.0,8.27891156462585,8.5,15.2,10.6,10.0,0,0,17.0,0,0,147,11
2017,15,bottas,Valtteri Bottas,mercedes,Mercedes,5.0,5,3.0,8.684782608695652,8.0,3.0,4.4,212.0,2,10,475.0,9,19,92,5
2017,15,ericsson,Marcus Ericsson,sauber,Sauber,19.0,19,15.0,15.371428571428572,17.92753623188406,15.8,19.2,0.0,0,0,5.0,0,0,70,18
2017,15,gasly,Pierre Gasly,toro_rosso,Toro Rosso,15.0,15,20.0,20.0,20.0,20.0,20.0,0.0,0,0,52.0,0,0,0,14
2017,15,grosjean,Romain Grosjean,haas,Haas F1 Team,16.0,16,9.0,12.405405405405405,11.135135135135135,12.6,14.4,26.0,0,0,37.0,0,0,111,13
2017,15,hamilton,Lewis Hamilton,mercedes,Mercedes,1.0,1,1.0,5.306666666666667,3.4,1.6,2.4,263.0,7,9,485.0,9,19,150,2
2017,15,hulkenberg,Nico Hülkenberg,renault,Renault,8.0,8,14.0,11.412213740458014,10.03076923076923,11.2,7.8,34.0,0,0,42.0,0,0,131,16
2017,15,jolyon_palmer,Jolyon Palmer,renault,Renault,12.0,12,6.0,15.371428571428572,16.272727272727273,14.2,12.0,8.0,0,0,42.0,0,0,35,15
2017,15,kevin_magnussen,Kevin Magnussen,haas,Haas F1 Team,17.0,17,13.0,12.727272727272727,13.37037037037037,12.8,15.6,11.0,0,0,37.0,0,0,55,12
2017,15,massa,Felipe Massa,williams,Williams,11.0,11,11.0,9.248322147651006,8.503355704697986,9.2,14.8,31.0,0,0,59.0,0,1,149,9
2017,15,max_verstappen,Max Verstappen,red_bull,Red Bull,3.0,3,19.0,9.722222222222221,7.777777777777778,11.4,3.8,68.0,0,1,230.0,1,8,54,1
2017,15,ocon,Esteban Ocon,force_india,Force India,6.0,6,10.0,11.695652173913043,14.5,8.4,9.6,56.0,0,0,124.0,0,0,23,10
2017,15,perez,Sergio Pérez,force_india,Force India,9.0,9,5.0,10.707692307692307,11.162790697674419,9.6,10.4,68.0,0,0,125.0,0,0,130,6
2017,15,raikkonen,Kimi Räikkönen,ferrari,Ferrari,2.0,0,20.0,7.418181818181818,6.818181818181818,6.8,3.8,138.0,0,4,373.0,4,14,110,20
2017,15,ricciardo,Daniel Ricciardo,red_bull,Red Bull,4.0,4,2.0,9.626016260162602,9.51639344262295,6.8,7.6,162.0,1,7,255.0,2,9,123,3
2017,15,sainz,Carlos Sainz,toro_rosso,Toro Rosso,14.0,14,4.0,11.962962962962964,11.566037735849056,10.8,12.6,48.0,0,0,52.0,0,0,54,19
2017,15,stroll,Lance Stroll,williams,Williams,13.0,13,8.0,12.357142857142858,14.642857142857142,11.2,14.6,28.0,0,1,61.0,0,1,14,8
2017,15,vandoorne,Stoffel Vandoorne,mclaren,McLaren,7.0,7,7.0,13.866666666666667,13.933333333333334,12.2,10.4,7.0,0,0,17.0,0,0,15,7
2017,15,vettel,Sebastian Vettel,ferrari,Ferrari,20.0,20,18.0,4.946666666666666,3.704697986577181,6.2,3.0,235.0,4,10,373.0,4,14,150,4
2017,15,wehrlein,Pascal Wehrlein,sauber,Sauber,18.0,18,12.0,16.242424242424242,18.333333333333332,16.0,18.8,5.0,0,0,5.0,0,0,33,17
2017,16,alonso,Fernando Alonso,mclaren,McLaren,10.0,20,11.0,8.297297297297296,8.510204081632653,13.8,10.0,10.0,0,0,23.0,0,0,148,11
2017,16,bottas,Valtteri Bottas,mercedes,Mercedes,2.0,6,5.0,8.64516129032258,7.967741935483871,3.6,4.6,222.0,2,10,503.0,9,20,93,4
2017,16,ericsson,Marcus Ericsson,sauber,Sauber,19.0,16,18.0,15.408450704225352,17.942857142857143,16.6,19.2,0.0,0,0,5.0,0,0,71,18
2017,16,gasly,Pierre Gasly,toro_rosso,Toro Rosso,17.0,14,14.0,14.0,15.0,14.0,15.0,0.0,0,0,52.0,0,0,1,13
2017,16,grosjean,Romain Grosjean,haas,Haas F1 Team,16.0,13,13.0,12.410714285714286,11.178571428571429,12.6,15.6,26.0,0,0,37.0,0,0,112,9
2017,16,hamilton,Lewis Hamilton,mercedes,Mercedes,1.0,1,2.0,5.28476821192053,3.384105960264901,1.8,2.4,281.0,7,10,515.0,9,20,151,1
2017,16,hulkenberg,Nico Hülkenberg,renault,Renault,12.0,11,16.0,11.446969696969697,10.01526717557252,13.2,8.2,34.0,0,0,42.0,0,0,132,17
2017,16,jolyon_palmer,Jolyon Palmer,renault,Renault,14.0,18,15.0,15.36111111111111,16.147058823529413,13.2,12.2,8.0,0,0,42.0,0,0,36,12
2017,16,kevin_magnussen,Kevin Magnussen,haas,Haas F1 Team,13.0,12,12.0,12.714285714285714,13.436363636363636,12.8,15.6,11.0,0,0,39.0,0,0,56,8
2017,16,massa,Felipe Massa,williams,Williams,9.0,8,9.0,9.246666666666666,8.52,9.2,13.6,33.0,0,0,65.0,0,1,150,10
2017,16,max_verstappen,Max Verstappen,red_bull,Red Bull,5.0,4,1.0,9.563636363636364,7.6909090909090905,10.8,3.4,93.0,1,2,270.0,2,10,55,2
2017,16,ocon,Esteban Ocon,force_india,Force India,7.0,5,10.0,11.625,14.130434782608695,8.8,9.2,57.0,0,0,133.0,0,0,24,6
2017,16,perez,Sergio Pérez,force_india,Force India,8.0,7,6.0,10.67175572519084,11.146153846153846,9.0,10.8,76.0,0,0,141.0,0,0,131,7
2017,16,raikkonen,Kimi Räikkönen,ferrari,Ferrari,6.0,10,20.0,7.531531531531532,6.774774774774775,10.2,3.8,138.0,0,4,385.0,4,14,111,5
2017,16,ricciardo,Daniel Ricciardo,red_bull,Red Bull,4.0,3,3.0,9.57258064516129,9.471544715447154,6.4,4.4,177.0,1,8,288.0,2,11,124,3
2017,16,sainz,Carlos Sainz,toro_rosso,Toro Rosso,15.0,19,19.0,12.090909090909092,11.61111111111111,10.8,12.6,48.0,0,0,52.0,0,0,55,20
2017,16,stroll,Lance Stroll,williams,Williams,18.0,15,8.0,12.066666666666666,14.533333333333333,9.6,14.0,32.0,0,1,66.0,0,1,15,16
2017,16,vandoorne,Stoffel Vandoorne,mclaren,McLaren,11.0,9,7.0,13.4375,13.5,11.4,10.0,13.0,0,0,23.0,0,0,16,14
2017,16,vettel,Sebastian Vettel,ferrari,Ferrari,3.0,2,4.0,4.940397350993377,3.8133333333333335,5.6,6.4,247.0,4,10,395.0,4,14,151,19
2017,16,wehrlein,Pascal Wehrlein,sauber,Sauber,20.0,17,17.0,16.264705882352942,18.323529411764707,16.0,18.8,5.0,0,0,5.0,0,0,34,15
2017,17,alonso,Fernando Alonso,mclaren,McLaren,9.0,8,11.0,8.315436241610739,8.52027027027027,14.8,10.4,10.0,0,0,23.0,0,0,149,17
2017,17,bottas,Valtteri Bottas,mercedes,Mercedes,3.0,3,4.0,8.595744680851064,7.904255319148936,3.8,4.4,234.0,2,10,540.0,10,21,94,5
2017,17,brendon_hartley,Brendon Hartley,toro_rosso,Toro Rosso,18.0,19,20.0,20.0,20.0,20.0,20.0,0.0,0,0,52.0,0,0,0,13
2017,17,ericsson,Marcus Ericsson,sauber,Sauber,16.0,13,18.0,15.444444444444445,17.95774647887324,17.0,19.0,0.0,0,0,5.0,0,0,72,15
2017,17,grosjean,Romain Grosjean,haas,Haas F1 Team,14.0,12,9.0,12.380530973451327,11.221238938053098,10.6,15.8,28.0,0,0,43.0,0,0,113,14
2017,17,hamilton,Lewis Hamilton,mercedes,Mercedes,1.0,1,1.0,5.256578947368421,3.3684210526315788,1.2,1.8,306.0,8,11,550.0,10,21,152,1
2017,17,hulkenberg,Nico Hülkenberg,renault,Renault,15.0,18,17.0,11.488721804511279,10.030303030303031,13.2,9.2,34.0,0,0,42.0,0,0,133,20
2017,17,kevin_magnussen,Kevin Magnussen,haas,Haas F1 Team,20.0,17,8.0,12.631578947368421,13.428571428571429,11.8,15.0,15.0,0,0,43.0,0,0,57,16
2017,17,kvyat,Daniil Kvyat,toro_rosso,Toro Rosso,12.0,11,16.0,12.63013698630137,11.383561643835616,13.2,13.8,4.0,0,0,52.0,0,0,73,10
2017,17,massa,Felipe Massa,williams,Williams,11.0,10,10.0,9.251655629139073,8.52317880794702,9.2,12.4,34.0,0,0,66.0,0,1,151,9
2017,17,max_verstappen,Max Verstappen,red_bull,Red Bull,6.0,16,2.0,9.428571428571429,7.642857142857143,10.2,3.4,111.0,1,3,303.0,2,12,56,4
2017,17,ocon,Esteban Ocon,force_india,Force India,7.0,6,6.0,11.4,13.833333333333334,8.2,8.2,65.0,0,0,147.0,0,0,25,6
2017,17,perez,Sergio Pérez,force_india,Force India,10.0,9,7.0,10.643939393939394,11.122137404580153,8.8,9.6,82.0,0,0,155.0,0,0,132,8
2017,17,raikkonen,Kimi Räikkönen,ferrari,Ferrari,5.0,5,5.0,7.508928571428571,6.767857142857143,10.8,4.6,148.0,0,4,395.0,4,14,112,3
2017,17,ricciardo,Daniel Ricciardo,red_bull,Red Bull,4.0,4,3.0,9.52,9.42741935483871,3.0,4.0,192.0,1,9,315.0,2,12,125,18
2017,17,sainz,Carlos Sainz,renault,Renault,8.0,7,20.0,12.232142857142858,11.672727272727272,13.4,13.6,48.0,0,0,42.0,0,0,56,7
2017,17,stroll,Lance Stroll,williams,Williams,17.0,15,16.0,12.3125,14.75,10.0,14.2,32.0,0,1,68.0,0,1,16,11
2017,17,vandoorne,Stoffel Vandoorne,mclaren,McLaren,13.0,20,14.0,13.470588235294118,13.352941176470589,12.2,10.4,13.0,0,0,23.0,0,0,17,12
2017,17,vettel,Sebastian Vettel,ferrari,Ferrari,2.0,2,19.0,5.032894736842105,3.80794701986755,9.2,6.8,247.0,4,10,410.0,4,15,152,2
2017,17,wehrlein,Pascal Wehrlein,sauber,Sauber,19.0,14,15.0,16.228571428571428,18.37142857142857,16.0,19.2,5.0,0,0,5.0,0,0,35,19
2017,18,alonso,Fernando Alonso,mclaren,McLaren,14.0,18,17.0,8.373333333333333,8.523489932885907,14.6,10.0,10.0,0,0,23.0,0,0,150,10
2017,18,bottas,Valtteri Bottas,mercedes,Mercedes,4.0,4,5.0,8.557894736842105,7.852631578947369,3.8,4.4,244.0,2,10,575.0,11,22,95,2
2017,18,brendon_hartley,Brendon Hartley,toro_rosso,Toro Rosso,13.0,17,13.0,13.0,18.0,13.0,18.0,0.0,0,0,53.0,0,0,1,18
2017,18,ericsson,Marcus Ericsson,sauber,Sauber,16.0,12,15.0,15.438356164383562,17.930555555555557,16.8,18.4,0.0,0,0,5.0,0,0,73,17
2017,18,gasly,Pierre Gasly,toro_rosso,Toro Rosso,,20,13.0,13.5,16.0,13.5,16.0,0.0,0,0,53.0,0,0,2,13
2017,18,grosjean,Romain Grosjean,haas,Haas F1 Team,19.0,15,14.0,12.394736842105264,11.24561403508772,12.0,16.2,28.0,0,0,43.0,0,0,114,15
2017,18,hamilton,Lewis Hamilton,mercedes,Mercedes,3.0,3,1.0,5.228758169934641,3.3529411764705883,1.2,1.8,331.0,9,12,593.0,11,23,153,9
2017,18,hulkenberg,Nico Hülkenberg,renault,Renault,8.0,7,20.0,11.552238805970148,10.06766917293233,16.0,10.8,34.0,0,0,48.0,0,0,134,19
2017,18,kevin_magnussen,Kevin Magnussen,haas,Haas F1 Team,18.0,14,16.0,12.689655172413794,13.543859649122806,12.0,16.4,15.0,0,0,43.0,0,0,58,8
2017,18,massa,Felipe Massa,williams,Williams,11.0,10,9.0,9.25,8.539473684210526,9.4,11.4,36.0,0,0,68.0,0,1,152,11
2017,18,max_verstappen,Max Verstappen,red_bull,Red Bull,2.0,2,4.0,9.333333333333334,7.614035087719298,7.2,3.6,123.0,1,3,315.0,2,12,57,1
2017,18,ocon,Esteban Ocon,force_india,Force India,6.0,6,6.0,11.192307692307692,13.56,7.6,7.8,73.0,0,0,159.0,0,0,26,5
2017,18,perez,Sergio Pérez,force_india,Force India,10.0,9,8.0,10.62406015037594,11.113636363636363,7.0,10.0,86.0,0,0,169.0,0,0,133,7
2017,18,raikkonen,Kimi Räikkönen,ferrari,Ferrari,5.0,5,3.0,7.469026548672566,6.752212389380531,10.6,4.8,163.0,0,5,428.0,4,16,113,3
2017,18,ricciardo,Daniel Ricciardo,red_bull,Red Bull,7.0,16,18.0,9.587301587301587,9.384,6.0,3.6,192.0,1,9,340.0,3,13,126,20
2017,18,sainz,Carlos Sainz,renault,Renault,9.0,8,7.0,12.140350877192983,11.607142857142858,12.8,12.4,54.0,0,0,48.0,0,0,57,16
2017,18,stroll,Lance Stroll,williams,Williams,12.0,11,11.0,12.235294117647058,14.882352941176471,10.0,14.0,32.0,0,1,68.0,0,1,17,6
2017,18,vandoorne,Stoffel Vandoorne,mclaren,McLaren,15.0,19,12.0,13.38888888888889,13.333333333333334,11.8,10.0,13.0,0,0,24.0,0,0,18,12
2017,18,vettel,Sebastian Vettel,ferrari,Ferrari,1.0,1,2.0,5.0130718954248366,3.7960526315789473,9.2,6.8,265.0,4,11,443.0,4,17,153,4
2017,18,wehrlein,Pascal Wehrlein,sauber,Sauber,17.0,13,19.0,16.305555555555557,18.38888888888889,15.8,19.0,5.0,0,0,5.0,0,0,36,14
2017,19,alonso,Fernando Alonso,mclaren,McLaren,7.0,6,10.0,8.3841059602649,8.56,13.2,10.2,11.0,0,0,24.0,0,0,151,8
2017,19,bottas,Valtteri Bottas,mercedes,Mercedes,1.0,1,2.0,8.489583333333334,7.8125,3.8,4.0,262.0,2,11,595.0,11,23,96,2
2017,19,brendon_hartley,Brendon Hartley,toro_rosso,Toro Rosso,15.0,18,18.0,15.5,15.5,15.5,15.5,0.0,0,0,53.0,0,0,2,17
2017,19,ericsson,Marcus Ericsson,sauber,Sauber,19.0,17,17.0,15.45945945945946,17.904109589041095,16.6,18.0,0.0,0,0,5.0,0,0,74,13
2017,19,gasly,Pierre Gasly,toro_rosso,Toro Rosso,17.0,19,13.0,13.333333333333334,16.0,13.333333333333334,16.0,0.0,0,0,53.0,0,0,3,12
2017,19,grosjean,Romain Grosjean,haas,Haas F1 Team,12.0,11,15.0,12.417391304347825,11.31304347826087,12.0,16.0,28.0,0,0,47.0,0,0,115,15
2017,19,hamilton,Lewis Hamilton,mercedes,Mercedes,20.0,20,9.0,5.253246753246753,3.3506493506493507,2.8,2.2,333.0,9,12,613.0,11,24,154,4
2017,19,hulkenberg,Nico Hülkenberg,renault,Renault,8.0,7,19.0,11.607407407407408,10.052238805970148,17.2,10.0,34.0,0,0,48.0,0,0,135,10
2017,19,kevin_magnussen,Kevin Magnussen,haas,Haas F1 Team,14.0,13,8.0,12.610169491525424,13.620689655172415,11.4,16.8,19.0,0,0,47.0,0,0,59,20
2017,19,massa,Felipe Massa,williams,Williams,10.0,9,11.0,9.261437908496733,8.555555555555555,10.0,11.8,36.0,0,0,76.0,0,1,153,7
2017,19,max_verstappen,Max Verstappen,red_bull,Red Bull,4.0,4,1.0,9.189655172413794,7.517241379310345,5.4,3.6,148.0,2,4,340.0,3,13,58,5
2017,19,ocon,Esteban Ocon,force_india,Force India,11.0,10,5.0,10.962962962962964,13.26923076923077,7.4,8.0,83.0,0,0,175.0,0,0,27,18
2017,19,perez,Sergio Pérez,force_india,Force India,6.0,5,7.0,10.597014925373134,11.105263157894736,6.6,9.8,92.0,0,0,175.0,0,0,134,9
2017,19,raikkonen,Kimi Räikkönen,ferrari,Ferrari,3.0,3,3.0,7.4298245614035086,6.7368421052631575,10.2,4.4,178.0,0,6,455.0,4,17,114,3
2017,19,ricciardo,Daniel Ricciardo,red_bull,Red Bull,5.0,14,20.0,9.669291338582678,9.365079365079366,9.2,4.4,192.0,1,9,350.0,3,13,127,6
2017,19,sainz,Carlos Sainz,renault,Renault,9.0,8,16.0,12.206896551724139,11.56140350877193,13.2,11.2,54.0,0,0,49.0,0,0,58,11
2017,19,stroll,Lance Stroll,williams,Williams,18.0,16,6.0,11.88888888888889,14.722222222222221,9.8,15.6,40.0,0,1,82.0,0,1,18,16
2017,19,vandoorne,Stoffel Vandoorne,mclaren,McLaren,13.0,12,12.0,13.31578947368421,13.421052631578947,10.4,11.0,13.0,0,0,28.0,0,0,19,19
2017,19,vettel,Sebastian Vettel,ferrari,Ferrari,2.0,2,4.0,5.0064935064935066,3.7777777777777777,9.4,5.4,277.0,4,11,470.0,4,18,154,1
2017,19,wehrlein,Pascal Wehrlein,sauber,Sauber,16.0,15,14.0,16.243243243243242,18.35135135135135,15.4,18.6,5.0,0,0,5.0,0,0,37,14
2017,20,alonso,Fernando Alonso,mclaren,McLaren,11.0,11,8.0,8.381578947368421,8.549668874172186,11.4,10.0,15.0,0,0,28.0,0,0,152,9
2017,20,bottas,Valtteri Bottas,mercedes,Mercedes,1.0,1,2.0,8.422680412371134,7.742268041237113,3.6,3.0,280.0,2,12,625.0,11,24,97,1
2017,20,brendon_hartley,Brendon Hartley,toro_rosso,Toro Rosso,20.0,20,17.0,16.0,15.333333333333334,16.0,15.333333333333334,0.0,0,0,53.0,0,0,3,15
2017,20,ericsson,Marcus Ericsson,sauber,Sauber,19.0,19,13.0,15.426666666666666,17.91891891891892,16.2,17.8,0.0,0,0,5.0,0,0,75,17
2017,20,gasly,Pierre Gasly,toro_rosso,Toro Rosso,17.0,17,12.0,13.0,16.333333333333332,13.0,16.333333333333332,0.0,0,0,53.0,0,0,4,16
2017,20,grosjean,Romain Grosjean,haas,Haas F1 Team,16.0,16,15.0,12.439655172413794,11.318965517241379,13.2,15.4,28.0,0,0,47.0,0,0,116,11
2017,20,hamilton,Lewis Hamilton,mercedes,Mercedes,2.0,2,4.0,5.245161290322581,3.458064516129032,3.4,5.2,345.0,9,12,650.0,12,25,155,2
2017,20,hulkenberg,Nico Hülkenberg,renault,Renault,7.0,7,10.0,11.595588235294118,10.037037037037036,16.4,10.2,35.0,0,0,49.0,0,0,136,6
2017,20,kevin_magnussen,Kevin Magnussen,haas,Haas F1 Team,14.0,14,20.0,12.733333333333333,13.627118644067796,12.8,16.4,19.0,0,0,47.0,0,0,60,13
2017,20,massa,Felipe Massa,williams,Williams,10.0,10,7.0,9.246753246753247,8.564935064935066,9.2,10.4,42.0,0,0,82.0,0,1,154,10
2017,20,max_verstappen,Max Verstappen,red_bull,Red Bull,6.0,6,5.0,9.11864406779661,7.4576271186440675,2.6,4.0,158.0,2,4,358.0,3,13,59,5
2017,20,ocon,Esteban Ocon,force_india,Force India,9.0,9,18.0,11.214285714285714,13.185185185185185,9.0,7.4,83.0,0,0,177.0,0,0,28,8
2017,20,perez,Sergio Pérez,force_india,Force India,8.0,8,9.0,10.585185185185185,11.067164179104477,7.4,8.6,94.0,0,0,181.0,0,0,135,7
2017,20,raikkonen,Kimi Räikkönen,ferrari,Ferrari,5.0,5,3.0,7.391304347826087,6.7043478260869565,6.8,4.2,193.0,0,7,495.0,5,19,115,4
2017,20,ricciardo,Daniel Ricciardo,red_bull,Red Bull,4.0,4,6.0,9.640625,9.330708661417322,10.0,4.8,200.0,1,9,368.0,3,13,128,20
2017,20,sainz,Carlos Sainz,renault,Renault,12.0,12,11.0,12.186440677966102,11.517241379310345,14.6,11.0,54.0,0,0,57.0,0,0,59,19
2017,20,stroll,Lance Stroll,williams,Williams,15.0,15,16.0,12.105263157894736,14.894736842105264,11.4,15.6,40.0,0,1,83.0,0,1,19,18
2017,20,vandoorne,Stoffel Vandoorne,mclaren,McLaren,13.0,13,19.0,13.6,13.4,12.8,11.8,13.0,0,0,30.0,0,0,20,12
2017,20,vettel,Sebastian Vettel,ferrari,Ferrari,3.0,3,1.0,4.980645161290322,3.7662337662337664,6.0,5.6,302.0,5,12,507.0,5,19,155,3
2017,20,wehrlein,Pascal Wehrlein,sauber,Sauber,18.0,18,14.0,16.18421052631579,18.289473684210527,15.8,18.0,5.0,0,0,5.0,0,0,38,14
2018,1,alonso,Fernando Alonso,mclaren,McLaren,11.0,10,9.0,8.38562091503268,8.56578947368421,11.0,10.2,0.0,0,0,0.0,0,0,153,5
2018,1,bottas,Valtteri Bottas,mercedes,Mercedes,10.0,15,1.0,8.346938775510203,7.673469387755102,2.8,2.2,0.0,0,0,0.0,0,0,98,8
2018,1,brendon_hartley,Brendon Hartley,toro_rosso,Toro Rosso,16.0,16,15.0,15.75,16.5,15.75,16.5,0.0,0,0,0.0,0,0,4,15
2018,1,ericsson,Marcus Ericsson,sauber,Sauber,17.0,17,17.0,15.447368421052632,17.933333333333334,16.0,17.8,0.0,0,0,0.0,0,0,76,19
2018,1,gasly,Pierre Gasly,toro_rosso,Toro Rosso,20.0,20,16.0,13.6,16.5,13.6,16.5,0.0,0,0,0.0,0,0,5,18
2018,1,grosjean,Romain Grosjean,haas,Haas F1 Team,7.0,6,11.0,12.427350427350428,11.35897435897436,12.8,15.4,0.0,0,0,0.0,0,0,117,16
2018,1,hamilton,Lewis Hamilton,mercedes,Mercedes,1.0,1,2.0,5.2243589743589745,3.448717948717949,3.4,5.4,0.0,0,0,4.0,0,0,156,2
2018,1,hulkenberg,Nico Hülkenberg,renault,Renault,8.0,7,6.0,11.554744525547445,10.014705882352942,14.4,10.0,0.0,0,0,0.0,0,0,137,7
2018,1,kevin_magnussen,Kevin Magnussen,haas,Haas F1 Team,6.0,5,13.0,12.737704918032787,13.633333333333333,13.0,15.8,0.0,0,0,0.0,0,0,61,17
2018,1,leclerc,Charles Leclerc,sauber,Sauber,18.0,18,20.0,20.0,20.0,20.0,20.0,0.0,0,0,0.0,0,0,0,13
2018,1,max_verstappen,Max Verstappen,red_bull,Red Bull,4.0,4,5.0,9.05,7.433333333333334,3.4,4.6,0.0,0,0,0.0,0,0,60,6
2018,1,ocon,Esteban Ocon,force_india,Force India,15.0,14,8.0,11.10344827586207,13.035714285714286,8.6,8.0,0.0,0,0,0.0,0,0,29,12
2018,1,perez,Sergio Pérez,force_india,Force India,13.0,12,7.0,10.558823529411764,11.044444444444444,7.6,8.4,0.0,0,0,0.0,0,0,136,11
2018,1,raikkonen,Kimi Räikkönen,ferrari,Ferrari,2.0,2,4.0,7.362068965517241,6.689655172413793,3.6,4.8,0.0,0,0,0.0,0,0,116,3
2018,1,ricciardo,Daniel Ricciardo,red_bull,Red Bull,5.0,8,20.0,9.720930232558139,9.2890625,13.4,4.8,0.0,0,0,8.0,0,0,129,4
2018,1,sainz,Carlos Sainz,renault,Renault,9.0,9,19.0,12.3,11.525423728813559,14.6,10.6,0.0,0,0,6.0,0,0,60,10
2018,1,sirotkin,Sergey Sirotkin,williams,Williams,19.0,19,20.0,20.0,20.0,20.0,20.0,0.0,0,0,0.0,0,0,0,20
2018,1,stroll,Lance Stroll,williams,Williams,14.0,13,18.0,12.4,14.9,13.4,16.0,0.0,0,0,0.0,0,0,20,14
2018,1,vandoorne,Stoffel Vandoorne,mclaren,McLaren,12.0,11,12.0,13.523809523809524,13.380952380952381,13.8,13.0,0.0,0,0,10.0,0,0,21,9
2018,1,vettel,Sebastian Vettel,ferrari,Ferrari,3.0,3,3.0,4.967948717948718,3.761290322580645,5.8,2.2,0.0,0,0,15.0,0,1,156,1
2018,2,alonso,Fernando Alonso,mclaren,McLaren,13.0,13,5.0,8.363636363636363,8.581699346405228,9.8,10.4,10.0,0,0,12.0,0,0,154,7
2018,2,bottas,Valtteri Bottas,mercedes,Mercedes,3.0,3,8.0,8.343434343434344,7.696969696969697,3.6,3.8,4.0,0,0,22.0,0,1,99,2
2018,2,brendon_hartley,Brendon Hartley,toro_rosso,Toro Rosso,11.0,11,15.0,15.6,16.4,15.6,16.4,0.0,0,0,0.0,0,0,5,17
2018,2,ericsson,Marcus Ericsson,sauber,Sauber,17.0,17,19.0,15.493506493506494,17.92105263157895,16.2,17.4,0.0,0,0,0.0,0,0,77,9
2018,2,gasly,Pierre Gasly,toro_rosso,Toro Rosso,6.0,5,18.0,14.333333333333334,17.2,14.4,17.75,0.0,0,0,0.0,0,0,6,4
2018,2,grosjean,Romain Grosjean,haas,Haas F1 Team,16.0,16,16.0,12.457627118644067,11.322033898305085,14.2,13.6,0.0,0,0,0.0,0,0,118,13
2018,2,hamilton,Lewis Hamilton,mercedes,Mercedes,4.0,9,2.0,5.203821656050955,3.43312101910828,3.6,5.4,18.0,0,1,40.0,0,2,157,3
2018,2,hulkenberg,Nico Hülkenberg,renault,Renault,8.0,7,7.0,11.521739130434783,10.0,12.4,9.2,6.0,0,0,7.0,0,0,138,6
2018,2,kevin_magnussen,Kevin Magnussen,haas,Haas F1 Team,7.0,6,17.0,12.806451612903226,13.508196721311476,14.8,14.4,0.0,0,0,0.0,0,0,62,5
2018,2,leclerc,Charles Leclerc,sauber,Sauber,19.0,19,13.0,13.0,18.0,13.0,18.0,0.0,0,0,2.0,0,0,1,12
2018,2,max_verstappen,Max Verstappen,red_bull,Red Bull,15.0,15,6.0,9.0,7.377049180327869,4.2,4.4,8.0,0,0,20.0,0,0,61,19
2018,2,ocon,Esteban Ocon,force_india,Force India,9.0,8,12.0,11.133333333333333,13.10344827586207,9.8,9.6,0.0,0,0,0.0,0,0,30,10
2018,2,perez,Sergio Pérez,force_india,Force India,12.0,12,11.0,10.562043795620438,11.058823529411764,8.4,9.4,0.0,0,0,1.0,0,0,137,16
2018,2,raikkonen,Kimi Räikkönen,ferrari,Ferrari,2.0,2,3.0,7.3247863247863245,6.64957264957265,3.2,4.0,15.0,0,1,40.0,1,2,117,18
2018,2,ricciardo,Daniel Ricciardo,red_bull,Red Bull,5.0,4,4.0,9.676923076923076,9.255813953488373,13.6,5.0,12.0,0,0,20.0,0,0,130,20
2018,2,sainz,Carlos Sainz,renault,Renault,10.0,10,10.0,12.262295081967213,11.483333333333333,12.6,9.4,1.0,0,0,15.0,0,0,61,11
2018,2,sirotkin,Sergey Sirotkin,williams,Williams,18.0,18,20.0,20.0,19.0,20.0,19.0,0.0,0,0,0.0,0,0,1,15
2018,2,stroll,Lance Stroll,williams,Williams,20.0,20,14.0,12.476190476190476,14.857142857142858,13.0,15.2,0.0,0,0,0.0,0,0,21,14
2018,2,vandoorne,Stoffel Vandoorne,mclaren,McLaren,14.0,14,9.0,13.318181818181818,13.318181818181818,12.8,13.2,2.0,0,0,18.0,0,0,22,8
2018,2,vettel,Sebastian Vettel,ferrari,Ferrari,1.0,1,1.0,4.942675159235669,3.7564102564102564,2.2,2.2,25.0,1,1,40.0,1,2,157,1
2018,3,alonso,Fernando Alonso,mclaren,McLaren,13.0,13,7.0,8.35483870967742,8.61038961038961,7.8,11.2,16.0,0,0,22.0,0,0,155,7
2018,3,bottas,Valtteri Bottas,mercedes,Mercedes,3.0,3,2.0,8.28,7.65,3.0,3.8,22.0,0,1,55.0,0,3,100,2
2018,3,brendon_hartley,Brendon Hartley,toro_rosso,Toro Rosso,15.0,15,17.0,15.833333333333334,15.5,16.4,15.0,0.0,0,0,12.0,0,0,6,20
2018,3,ericsson,Marcus Ericsson,sauber,Sauber,20.0,20,9.0,15.41025641025641,17.90909090909091,15.0,17.6,2.0,0,0,2.0,0,0,78,16
2018,3,gasly,Pierre Gasly,toro_rosso,Toro Rosso,17.0,17,4.0,12.857142857142858,15.333333333333334,12.6,15.0,12.0,0,0,12.0,0,0,7,18
2018,3,grosjean,Romain Grosjean,haas,Haas F1 Team,10.0,10,13.0,12.46218487394958,11.361344537815127,14.0,14.0,0.0,0,0,10.0,0,0,119,17
2018,3,hamilton,Lewis Hamilton,mercedes,Mercedes,4.0,4,3.0,5.189873417721519,3.4367088607594938,4.0,6.0,33.0,0,2,73.0,0,4,158,4
2018,3,hulkenberg,Nico Hülkenberg,renault,Renault,7.0,7,6.0,11.482014388489208,9.985507246376812,9.6,7.8,14.0,0,0,15.0,0,0,139,6
2018,3,kevin_magnussen,Kevin Magnussen,haas,Haas F1 Team,11.0,11,5.0,12.682539682539682,13.403225806451612,12.6,11.8,10.0,0,0,10.0,0,0,63,10
2018,3,leclerc,Charles Leclerc,sauber,Sauber,19.0,19,12.0,12.5,18.5,12.5,18.5,0.0,0,0,2.0,0,0,2,19
2018,3,max_verstappen,Max Verstappen,red_bull,Red Bull,5.0,5,19.0,9.161290322580646,7.5,7.2,6.2,8.0,0,0,20.0,0,0,62,5
2018,3,ocon,Esteban Ocon,force_india,Force India,12.0,12,10.0,11.096774193548388,12.966666666666667,10.6,10.0,1.0,0,0,1.0,0,0,31,11
2018,3,perez,Sergio Pérez,force_india,Force India,8.0,8,16.0,10.601449275362318,11.065693430656934,10.0,9.8,0.0,0,0,1.0,0,0,138,12
2018,3,raikkonen,Kimi Räikkönen,ferrari,Ferrari,2.0,2,18.0,7.415254237288136,6.610169491525424,6.2,3.4,15.0,0,1,65.0,2,3,118,3
2018,3,ricciardo,Daniel Ricciardo,red_bull,Red Bull,6.0,6,20.0,9.755725190839694,9.223076923076922,14.0,5.2,12.0,0,0,30.0,0,0,131,1
2018,3,sainz,Carlos Sainz,renault,Renault,9.0,9,11.0,12.241935483870968,11.459016393442623,13.4,9.8,1.0,0,0,23.0,0,0,62,9
2018,3,sirotkin,Sergey Sirotkin,williams,Williams,16.0,16,15.0,17.5,18.5,17.5,18.5,0.0,0,0,0.0,0,0,2,15
2018,3,stroll,Lance Stroll,williams,Williams,18.0,18,14.0,12.545454545454545,15.090909090909092,13.6,15.8,0.0,0,0,0.0,0,0,22,14
2018,3,vandoorne,Stoffel Vandoorne,mclaren,McLaren,14.0,14,8.0,13.08695652173913,13.347826086956522,12.0,13.4,6.0,0,0,28.0,0,0,23,13
2018,3,vettel,Sebastian Vettel,ferrari,Ferrari,1.0,1,1.0,4.917721518987341,3.738853503184713,2.0,2.0,50.0,2,2,80.0,2,4,158,8
2018,4,alonso,Fernando Alonso,mclaren,McLaren,13.0,12,7.0,8.346153846153847,8.638709677419355,7.2,11.0,22.0,0,0,28.0,0,0,156,7
2018,4,bottas,Valtteri Bottas,mercedes,Mercedes,3.0,3,2.0,8.217821782178218,7.603960396039604,3.0,3.6,40.0,0,2,85.0,0,4,101,14
2018,4,brendon_hartley,Brendon Hartley,toro_rosso,Toro Rosso,19.0,19,20.0,16.428571428571427,15.428571428571429,16.8,15.4,0.0,0,0,12.0,0,0,7,10
2018,4,ericsson,Marcus Ericsson,sauber,Sauber,18.0,18,16.0,15.417721518987342,17.935897435897434,14.8,18.4,2.0,0,0,2.0,0,0,79,11
2018,4,gasly,Pierre Gasly,toro_rosso,Toro Rosso,17.0,17,18.0,13.5,15.571428571428571,13.6,15.4,12.0,0,0,13.0,0,0,8,12
2018,4,grosjean,Romain Grosjean,haas,Haas F1 Team,20.0,20,17.0,12.5,11.35,14.4,12.2,0.0,0,0,11.0,0,0,120,15
2018,4,hamilton,Lewis Hamilton,mercedes,Mercedes,2.0,2,4.0,5.182389937106918,3.440251572327044,3.0,6.2,45.0,0,2,85.0,0,4,159,1
2018,4,hulkenberg,Nico Hülkenberg,renault,Renault,9.0,14,6.0,11.442857142857143,9.964028776978417,7.0,7.6,22.0,0,0,25.0,0,0,140,18
2018,4,kevin_magnussen,Kevin Magnussen,haas,Haas F1 Team,15.0,15,10.0,12.640625,13.365079365079366,13.0,10.4,11.0,0,0,11.0,0,0,64,13
2018,4,leclerc,Charles Leclerc,sauber,Sauber,14.0,13,19.0,14.666666666666666,18.666666666666668,14.666666666666666,18.666666666666668,0.0,0,0,2.0,0,0,3,6
2018,4,max_verstappen,Max Verstappen,red_bull,Red Bull,5.0,5,5.0,9.095238095238095,7.4603174603174605,8.0,6.8,18.0,0,0,55.0,1,1,63,16
2018,4,ocon,Esteban Ocon,force_india,Force India,7.0,7,11.0,11.09375,12.935483870967742,11.8,11.2,1.0,0,0,1.0,0,0,32,19
2018,4,perez,Sergio Pérez,force_india,Force India,8.0,8,12.0,10.611510791366907,11.043478260869565,11.0,9.4,0.0,0,0,1.0,0,0,139,3
2018,4,raikkonen,Kimi Räikkönen,ferrari,Ferrari,6.0,6,3.0,7.378151260504202,6.571428571428571,6.2,2.8,30.0,0,2,84.0,2,4,119,2
2018,4,ricciardo,Daniel Ricciardo,red_bull,Red Bull,4.0,4,1.0,9.68939393939394,9.198473282442748,10.2,5.0,37.0,1,1,55.0,1,1,132,17
2018,4,sainz,Carlos Sainz,renault,Renault,10.0,9,9.0,12.19047619047619,11.419354838709678,12.0,9.8,3.0,0,0,25.0,0,0,63,5
2018,4,sirotkin,Sergey Sirotkin,williams,Williams,12.0,11,15.0,16.666666666666668,17.666666666666668,16.666666666666668,17.666666666666668,0.0,0,0,0.0,0,0,3,20
2018,4,stroll,Lance Stroll,williams,Williams,11.0,10,14.0,12.608695652173912,15.217391304347826,15.2,17.0,0.0,0,0,0.0,0,0,23,8
2018,4,vandoorne,Stoffel Vandoorne,mclaren,McLaren,16.0,16,13.0,13.083333333333334,13.375,12.2,13.2,6.0,0,0,34.0,0,0,24,9
2018,4,vettel,Sebastian Vettel,ferrari,Ferrari,1.0,1,8.0,4.937106918238993,3.721518987341772,2.8,2.0,54.0,2,2,102.0,2,5,159,4
2018,5,alonso,Fernando Alonso,mclaren,McLaren,8.0,8,7.0,8.337579617834395,8.666666666666666,7.0,12.2,28.0,0,0,36.0,0,0,157,8
2018,5,bottas,Valtteri Bottas,mercedes,Mercedes,2.0,2,14.0,8.27450980392157,7.5588235294117645,5.4,4.0,40.0,0,2,110.0,1,5,102,2
2018,5,brendon_hartley,Brendon Hartley,toro_rosso,Toro Rosso,20.0,20,10.0,15.625,15.875,15.4,16.2,1.0,0,0,13.0,0,0,8,12
2018,5,ericsson,Marcus Ericsson,sauber,Sauber,17.0,17,11.0,15.3625,17.936708860759495,14.4,18.2,2.0,0,0,10.0,0,0,80,13
2018,5,gasly,Pierre Gasly,toro_rosso,Toro Rosso,12.0,12,12.0,13.333333333333334,15.75,13.6,15.4,12.0,0,0,13.0,0,0,9,19
2018,5,grosjean,Romain Grosjean,haas,Haas F1 Team,10.0,10,15.0,12.520661157024794,11.421487603305785,14.4,13.8,0.0,0,0,11.0,0,0,121,18
2018,5,hamilton,Lewis Hamilton,mercedes,Mercedes,1.0,1,1.0,5.15625,3.43125,2.4,2.6,70.0,1,3,128.0,1,6,160,1
2018,5,hulkenberg,Nico Hülkenberg,renault,Renault,16.0,16,18.0,11.48936170212766,9.957142857142857,8.6,7.8,22.0,0,0,35.0,0,0,141,20
2018,5,kevin_magnussen,Kevin Magnussen,haas,Haas F1 Team,7.0,7,13.0,12.646153846153846,13.390625,11.6,10.6,11.0,0,0,11.0,0,0,65,6
2018,5,leclerc,Charles Leclerc,sauber,Sauber,14.0,14,6.0,12.5,17.5,12.5,17.5,8.0,0,0,10.0,0,0,4,10
2018,5,max_verstappen,Max Verstappen,red_bull,Red Bull,5.0,5,16.0,9.203125,7.421875,10.2,7.0,18.0,0,0,55.0,1,1,64,3
2018,5,ocon,Esteban Ocon,force_india,Force India,13.0,13,19.0,11.333333333333334,12.75,12.0,10.4,1.0,0,0,16.0,0,1,33,16
2018,5,perez,Sergio Pérez,force_india,Force India,15.0,15,3.0,10.557142857142857,11.02158273381295,9.8,9.8,15.0,0,1,16.0,0,1,140,9
2018,5,raikkonen,Kimi Räikkönen,ferrari,Ferrari,4.0,4,2.0,7.333333333333333,6.566666666666666,6.0,3.4,48.0,0,3,114.0,2,5,120,17
2018,5,ricciardo,Daniel Ricciardo,red_bull,Red Bull,6.0,6,17.0,9.74436090225564,9.159090909090908,12.4,4.8,37.0,1,1,70.0,1,2,133,5
2018,5,sainz,Carlos Sainz,renault,Renault,9.0,9,5.0,12.078125,11.396825396825397,10.8,10.0,13.0,0,0,35.0,0,0,64,7
2018,5,sirotkin,Sergey Sirotkin,williams,Williams,18.0,19,20.0,17.5,16.25,17.5,16.25,0.0,0,0,4.0,0,0,4,14
2018,5,stroll,Lance Stroll,williams,Williams,19.0,18,8.0,12.416666666666666,15.041666666666666,13.6,15.6,4.0,0,0,4.0,0,0,24,11
2018,5,vandoorne,Stoffel Vandoorne,mclaren,McLaren,11.0,11,9.0,12.92,13.48,10.2,13.8,8.0,0,0,40.0,0,0,25,15
2018,5,vettel,Sebastian Vettel,ferrari,Ferrari,3.0,3,4.0,4.93125,3.7044025157232703,3.4,1.8,66.0,2,2,114.0,2,5,160,4
2018,6,alonso,Fernando Alonso,mclaren,McLaren,7.0,7,8.0,8.335443037974683,8.662420382165605,6.8,11.6,32.0,0,0,40.0,0,0,158,20
2018,6,bottas,Valtteri Bottas,mercedes,Mercedes,5.0,5,2.0,8.21359223300971,7.504854368932039,5.6,4.2,58.0,0,3,153.0,2,7,103,5
2018,6,brendon_hartley,Brendon Hartley,toro_rosso,Toro Rosso,16.0,15,12.0,15.222222222222221,16.333333333333332,14.8,16.2,1.0,0,0,13.0,0,0,9,19
2018,6,ericsson,Marcus Ericsson,sauber,Sauber,17.0,16,13.0,15.333333333333334,17.925,13.6,17.8,2.0,0,0,11.0,0,0,81,11
2018,6,gasly,Pierre Gasly,toro_rosso,Toro Rosso,10.0,10,19.0,13.9,15.333333333333334,14.2,14.4,12.0,0,0,13.0,0,0,10,7
2018,6,grosjean,Romain Grosjean,haas,Haas F1 Team,15.0,18,18.0,12.565573770491802,11.40983606557377,15.8,12.6,0.0,0,0,19.0,0,0,122,15
2018,6,hamilton,Lewis Hamilton,mercedes,Mercedes,3.0,3,1.0,5.130434782608695,3.4161490683229814,2.2,2.4,95.0,2,4,163.0,2,7,161,3
2018,6,hulkenberg,Nico Hülkenberg,renault,Renault,11.0,11,20.0,11.549295774647888,10.0,11.4,9.6,22.0,0,0,41.0,0,0,142,8
2018,6,kevin_magnussen,Kevin Magnussen,haas,Haas F1 Team,19.0,19,6.0,12.545454545454545,13.292307692307693,10.2,9.2,19.0,0,0,19.0,0,0,66,13
2018,6,leclerc,Charles Leclerc,sauber,Sauber,14.0,14,10.0,12.0,16.8,12.0,16.8,9.0,0,0,11.0,0,0,5,18
2018,6,max_verstappen,Max Verstappen,red_bull,Red Bull,20.0,20,3.0,9.107692307692307,7.384615384615385,9.8,6.8,33.0,0,1,80.0,1,2,65,9
2018,6,ocon,Esteban Ocon,force_india,Force India,6.0,6,16.0,11.470588235294118,12.757575757575758,13.6,11.2,1.0,0,0,18.0,0,1,34,6
2018,6,perez,Sergio Pérez,force_india,Force India,9.0,9,9.0,10.546099290780141,11.05,10.2,11.2,17.0,0,1,26.0,0,1,141,12
2018,6,raikkonen,Kimi Räikkönen,ferrari,Ferrari,4.0,4,17.0,7.413223140495868,6.545454545454546,8.6,3.2,48.0,0,3,126.0,2,5,121,4
2018,6,ricciardo,Daniel Ricciardo,red_bull,Red Bull,1.0,1,5.0,9.708955223880597,9.135338345864662,9.4,5.2,47.0,1,1,82.0,1,2,134,1
2018,6,sainz,Carlos Sainz,renault,Renault,8.0,8,7.0,12.0,11.359375,8.4,9.4,19.0,0,0,45.0,0,0,65,10
2018,6,sirotkin,Sergey Sirotkin,williams,Williams,13.0,13,14.0,16.8,16.6,16.8,16.6,0.0,0,0,4.0,0,0,5,16
2018,6,stroll,Lance Stroll,williams,Williams,18.0,17,11.0,12.36,15.2,12.2,16.4,4.0,0,0,4.0,0,0,25,17
2018,6,vandoorne,Stoffel Vandoorne,mclaren,McLaren,12.0,12,15.0,13.0,13.384615384615385,10.8,13.4,8.0,0,0,40.0,0,0,26,14
2018,6,vettel,Sebastian Vettel,ferrari,Ferrari,2.0,2,4.0,4.925465838509317,3.7,3.6,1.8,78.0,2,2,138.0,2,5,161,2
2018,7,alonso,Fernando Alonso,mclaren,McLaren,14.0,14,20.0,8.40880503144654,8.651898734177216,9.8,10.8,32.0,0,0,40.0,0,0,159,18
2018,7,bottas,Valtteri Bottas,mercedes,Mercedes,2.0,2,5.0,8.182692307692308,7.480769230769231,5.0,3.2,68.0,0,3,178.0,2,8,104,2
2018,7,brendon_hartley,Brendon Hartley,toro_rosso,Toro Rosso,12.0,12,19.0,15.6,16.3,15.6,16.2,1.0,0,0,19.0,0,0,10,19
2018,7,ericsson,Marcus Ericsson,sauber,Sauber,19.0,19,11.0,15.28048780487805,17.91358024691358,12.0,17.8,2.0,0,0,11.0,0,0,82,15
2018,7,gasly,Pierre Gasly,toro_rosso,Toro Rosso,16.0,16,7.0,13.272727272727273,14.8,12.0,12.4,18.0,0,0,19.0,0,0,11,11
2018,7,grosjean,Romain Grosjean,haas,Haas F1 Team,20.0,20,15.0,12.585365853658537,11.439024390243903,15.6,14.2,0.0,0,0,19.0,0,0,123,12
2018,7,hamilton,Lewis Hamilton,mercedes,Mercedes,4.0,4,3.0,5.117283950617284,3.4135802469135803,2.4,2.8,110.0,2,5,196.0,2,9,162,5
2018,7,hulkenberg,Nico Hülkenberg,renault,Renault,7.0,7,8.0,11.524475524475525,10.007042253521126,11.6,10.2,26.0,0,0,46.0,0,0,143,7
2018,7,kevin_magnussen,Kevin Magnussen,haas,Haas F1 Team,11.0,11,13.0,12.552238805970148,13.378787878787879,9.4,11.8,19.0,0,0,19.0,0,0,67,13
2018,7,leclerc,Charles Leclerc,sauber,Sauber,13.0,13,18.0,13.0,16.333333333333332,13.0,16.0,9.0,0,0,11.0,0,0,6,10
2018,7,max_verstappen,Max Verstappen,red_bull,Red Bull,3.0,3,9.0,9.106060606060606,7.575757575757576,10.4,10.0,35.0,0,1,107.0,2,3,66,3
2018,7,ocon,Esteban Ocon,force_india,Force India,8.0,8,6.0,11.314285714285715,12.558823529411764,12.4,9.4,9.0,0,0,26.0,0,1,35,9
2018,7,perez,Sergio Pérez,force_india,Force India,10.0,10,12.0,10.556338028169014,11.035460992907801,10.4,10.4,17.0,0,1,28.0,0,1,142,14
2018,7,raikkonen,Kimi Räikkönen,ferrari,Ferrari,5.0,5,4.0,7.385245901639344,6.524590163934426,8.8,3.6,60.0,0,3,156.0,2,6,122,6
2018,7,ricciardo,Daniel Ricciardo,red_bull,Red Bull,6.0,6,1.0,9.644444444444444,9.074626865671641,8.8,4.4,72.0,2,2,122.0,2,4,135,4
2018,7,sainz,Carlos Sainz,renault,Renault,9.0,9,10.0,11.969696969696969,11.307692307692308,8.4,9.2,20.0,0,0,52.0,0,0,66,8
2018,7,sirotkin,Sergey Sirotkin,williams,Williams,18.0,18,16.0,16.666666666666668,16.0,16.0,15.4,0.0,0,0,4.0,0,0,6,17
2018,7,stroll,Lance Stroll,williams,Williams,17.0,17,17.0,12.538461538461538,15.307692307692308,12.8,17.2,4.0,0,0,4.0,0,0,26,20
2018,7,vandoorne,Stoffel Vandoorne,mclaren,McLaren,15.0,15,14.0,13.037037037037036,13.333333333333334,11.8,13.4,8.0,0,0,40.0,0,0,27,16
2018,7,vettel,Sebastian Vettel,ferrari,Ferrari,1.0,1,2.0,4.907407407407407,3.68944099378882,3.8,1.6,96.0,2,3,164.0,2,6,162,1
2018,8,alonso,Fernando Alonso,mclaren,McLaren,16.0,16,18.0,8.46875,8.685534591194969,12.0,11.0,32.0,0,0,40.0,0,0,160,16
2018,8,bottas,Valtteri Bottas,mercedes,Mercedes,2.0,2,2.0,8.123809523809523,7.428571428571429,5.0,3.0,86.0,0,4,206.0,2,9,105,7
2018,8,brendon_hartley,Brendon Hartley,toro_rosso,Toro Rosso,17.0,20,19.0,15.909090909090908,15.909090909090908,16.0,16.4,1.0,0,0,19.0,0,0,11,14
2018,8,ericsson,Marcus Ericsson,sauber,Sauber,15.0,15,15.0,15.27710843373494,17.926829268292682,13.2,18.2,2.0,0,0,12.0,0,0,83,13
2018,8,gasly,Pierre Gasly,toro_rosso,Toro Rosso,14.0,14,11.0,13.083333333333334,14.909090909090908,13.4,14.4,18.0,0,0,19.0,0,0,12,20
2018,8,grosjean,Romain Grosjean,haas,Haas F1 Team,10.0,10,12.0,12.580645161290322,11.508064516129032,15.4,15.0,0.0,0,0,19.0,0,0,124,11
2018,8,hamilton,Lewis Hamilton,mercedes,Mercedes,1.0,1,5.0,5.116564417177914,3.4171779141104293,2.8,2.8,120.0,2,5,212.0,2,9,163,1
2018,8,hulkenberg,Nico Hülkenberg,renault,Renault,12.0,12,7.0,11.493055555555555,9.986013986013987,11.8,10.0,32.0,0,0,56.0,0,0,144,9
2018,8,kevin_magnussen,Kevin Magnussen,haas,Haas F1 Team,9.0,9,13.0,12.558823529411764,13.343283582089553,11.0,12.6,19.0,0,0,19.0,0,0,68,6
2018,8,leclerc,Charles Leclerc,sauber,Sauber,8.0,8,10.0,12.571428571428571,15.857142857142858,12.6,14.8,10.0,0,0,12.0,0,0,7,10
2018,8,max_verstappen,Max Verstappen,red_bull,Red Bull,4.0,4,3.0,9.014925373134329,7.507462686567164,7.2,7.6,50.0,0,2,134.0,2,4,67,2
2018,8,ocon,Esteban Ocon,force_india,Force India,11.0,11,9.0,11.25,12.428571428571429,12.2,9.2,11.0,0,0,28.0,0,1,36,19
2018,8,perez,Sergio Pérez,force_india,Force India,13.0,13,14.0,10.58041958041958,11.028169014084508,10.0,10.0,17.0,0,1,28.0,0,1,143,18
2018,8,raikkonen,Kimi Räikkönen,ferrari,Ferrari,6.0,6,6.0,7.373983739837398,6.512195121951219,6.4,4.2,68.0,0,3,189.0,3,7,123,3
2018,8,ricciardo,Daniel Ricciardo,red_bull,Red Bull,5.0,5,4.0,9.602941176470589,9.051851851851852,5.6,4.6,84.0,2,2,152.0,2,5,136,4
2018,8,sainz,Carlos Sainz,renault,Renault,7.0,7,8.0,11.91044776119403,11.272727272727273,7.8,9.0,24.0,0,0,58.0,0,0,67,8
2018,8,sirotkin,Sergey Sirotkin,williams,Williams,19.0,18,17.0,16.714285714285715,16.285714285714285,16.4,15.4,0.0,0,0,4.0,0,0,7,15
2018,8,stroll,Lance Stroll,williams,Williams,20.0,19,20.0,12.814814814814815,15.37037037037037,14.0,16.6,4.0,0,0,4.0,0,0,27,17
2018,8,vandoorne,Stoffel Vandoorne,mclaren,McLaren,18.0,17,16.0,13.142857142857142,13.392857142857142,13.4,13.6,8.0,0,0,40.0,0,0,28,12
2018,8,vettel,Sebastian Vettel,ferrari,Ferrari,3.0,3,1.0,4.883435582822086,3.6728395061728394,3.8,1.6,121.0,3,4,204.0,3,8,163,5
2018,9,alonso,Fernando Alonso,mclaren,McLaren,14.0,13,16.0,8.51552795031056,8.73125,13.8,11.6,32.0,0,0,40.0,0,0,161,8
2018,9,bottas,Valtteri Bottas,mercedes,Mercedes,1.0,1,7.0,8.11320754716981,7.377358490566038,6.0,2.8,92.0,0,4,237.0,3,10,106,19
2018,9,brendon_hartley,Brendon Hartley,toro_rosso,Toro Rosso,19.0,19,14.0,15.75,16.0,14.8,16.8,1.0,0,0,19.0,0,0,12,17
2018,9,ericsson,Marcus Ericsson,sauber,Sauber,20.0,20,13.0,15.25,17.89156626506024,12.6,17.2,2.0,0,0,13.0,0,0,84,10
2018,9,gasly,Pierre Gasly,toro_rosso,Toro Rosso,12.0,12,20.0,13.615384615384615,14.833333333333334,13.8,13.8,18.0,0,0,19.0,0,0,13,11
2018,9,grosjean,Romain Grosjean,haas,Haas F1 Team,6.0,5,11.0,12.568,11.496,14.2,15.0,0.0,0,0,27.0,0,0,125,4
2018,9,hamilton,Lewis Hamilton,mercedes,Mercedes,2.0,2,1.0,5.091463414634147,3.402439024390244,2.2,2.2,145.0,3,6,237.0,3,10,164,16
2018,9,hulkenberg,Nico Hülkenberg,renault,Renault,10.0,10,9.0,11.475862068965517,10.0,12.4,11.0,34.0,0,0,62.0,0,0,145,20
2018,9,kevin_magnussen,Kevin Magnussen,haas,Haas F1 Team,8.0,8,6.0,12.46376811594203,13.279411764705882,10.2,12.2,27.0,0,0,39.0,0,0,69,5
2018,9,leclerc,Charles Leclerc,sauber,Sauber,13.0,18,10.0,12.25,14.875,10.8,12.6,11.0,0,0,14.0,0,0,8,9
2018,9,max_verstappen,Max Verstappen,red_bull,Red Bull,5.0,4,2.0,8.911764705882353,7.455882352941177,6.6,7.4,68.0,0,3,164.0,2,5,68,1
2018,9,ocon,Esteban Ocon,force_india,Force India,11.0,11,19.0,11.45945945945946,12.38888888888889,13.8,9.0,11.0,0,0,28.0,0,1,37,6
2018,9,perez,Sergio Pérez,force_india,Force India,17.0,16,18.0,10.631944444444445,11.041958041958042,11.2,11.0,17.0,0,1,36.0,0,1,144,7
2018,9,raikkonen,Kimi Räikkönen,ferrari,Ferrari,4.0,3,3.0,7.338709677419355,6.508064516129032,6.4,5.0,83.0,0,4,214.0,3,8,124,2
2018,9,ricciardo,Daniel Ricciardo,red_bull,Red Bull,7.0,7,4.0,9.562043795620438,9.022058823529411,6.2,4.4,96.0,2,2,189.0,3,6,137,18
2018,9,sainz,Carlos Sainz,renault,Renault,9.0,9,8.0,11.852941176470589,11.208955223880597,7.6,8.6,28.0,0,0,62.0,0,0,68,12
2018,9,sirotkin,Sergey Sirotkin,williams,Williams,18.0,17,15.0,16.5,16.625,16.4,16.0,0.0,0,0,4.0,0,0,8,13
2018,9,stroll,Lance Stroll,williams,Williams,15.0,14,17.0,12.964285714285714,15.535714285714286,14.6,17.0,4.0,0,0,4.0,0,0,28,14
2018,9,vandoorne,Stoffel Vandoorne,mclaren,McLaren,16.0,15,12.0,13.10344827586207,13.551724137931034,13.2,14.4,8.0,0,0,44.0,0,0,29,15
2018,9,vettel,Sebastian Vettel,ferrari,Ferrari,3.0,6,5.0,4.884146341463414,3.668711656441718,3.2,2.0,131.0,3,4,232.0,3,9,164,3
2018,10,alonso,Fernando Alonso,mclaren,McLaren,13.0,13,8.0,8.512345679012345,8.763975155279503,14.0,11.8,36.0,0,0,44.0,0,0,162,8
2018,10,bottas,Valtteri Bottas,mercedes,Mercedes,4.0,4,19.0,8.214953271028037,7.317757009345795,7.0,2.4,92.0,0,4,237.0,3,10,107,4
2018,10,brendon_hartley,Brendon Hartley,toro_rosso,Toro Rosso,20.0,0,17.0,15.846153846153847,16.23076923076923,16.2,16.8,1.0,0,0,19.0,0,0,13,20
2018,10,ericsson,Marcus Ericsson,sauber,Sauber,15.0,15,10.0,15.188235294117646,17.916666666666668,12.4,17.6,3.0,0,0,16.0,0,0,85,18
2018,10,gasly,Pierre Gasly,toro_rosso,Toro Rosso,14.0,14,11.0,13.428571428571429,14.615384615384615,13.6,12.8,18.0,0,0,19.0,0,0,14,13
2018,10,grosjean,Romain Grosjean,haas,Haas F1 Team,8.0,8,4.0,12.5,11.452380952380953,12.0,12.2,12.0,0,0,49.0,0,0,126,16
2018,10,hamilton,Lewis Hamilton,mercedes,Mercedes,1.0,1,16.0,5.157575757575757,3.393939393939394,5.2,2.2,145.0,3,6,249.0,3,10,165,2
2018,10,hulkenberg,Nico Hülkenberg,renault,Renault,11.0,11,20.0,11.534246575342467,10.0,12.8,11.2,34.0,0,0,62.0,0,0,146,6
2018,10,kevin_magnussen,Kevin Magnussen,haas,Haas F1 Team,7.0,7,5.0,12.357142857142858,13.202898550724637,8.6,10.8,37.0,0,0,49.0,0,0,70,9
2018,10,leclerc,Charles Leclerc,sauber,Sauber,9.0,9,9.0,11.88888888888889,14.666666666666666,11.4,12.4,13.0,0,0,16.0,0,0,9,19
2018,10,max_verstappen,Max Verstappen,red_bull,Red Bull,5.0,5,1.0,8.797101449275363,7.420289855072464,3.6,7.4,93.0,1,4,189.0,3,6,69,15
2018,10,ocon,Esteban Ocon,force_india,Force India,10.0,10,6.0,11.31578947368421,12.35135135135135,11.2,9.8,19.0,0,0,42.0,0,1,38,7
2018,10,perez,Sergio Pérez,force_india,Force India,12.0,12,7.0,10.606896551724137,11.083333333333334,12.0,12.8,23.0,0,1,48.0,0,1,145,10
2018,10,raikkonen,Kimi Räikkönen,ferrari,Ferrari,3.0,3,2.0,7.296,6.488,6.4,4.6,101.0,0,5,247.0,3,10,125,3
2018,10,ricciardo,Daniel Ricciardo,red_bull,Red Bull,6.0,6,18.0,9.623188405797102,9.007299270072993,6.4,5.0,96.0,2,2,189.0,3,6,138,5
2018,10,sainz,Carlos Sainz,renault,Renault,16.0,16,12.0,11.855072463768115,11.176470588235293,9.0,8.4,28.0,0,0,70.0,0,0,69,17
2018,10,sirotkin,Sergey Sirotkin,williams,Williams,18.0,18,13.0,16.11111111111111,16.77777777777778,15.0,17.2,0.0,0,0,4.0,0,0,9,14
2018,10,stroll,Lance Stroll,williams,Williams,19.0,19,14.0,13.0,15.517241379310345,15.8,17.8,4.0,0,0,4.0,0,0,29,12
2018,10,vandoorne,Stoffel Vandoorne,mclaren,McLaren,17.0,17,15.0,13.166666666666666,13.633333333333333,14.4,14.4,8.0,0,0,48.0,0,0,30,11
2018,10,vettel,Sebastian Vettel,ferrari,Ferrari,2.0,2,3.0,4.872727272727273,3.6646341463414633,3.0,2.4,146.0,3,5,262.0,3,11,165,1
2018,11,alonso,Fernando Alonso,mclaren,McLaren,11.0,11,8.0,8.50920245398773,8.790123456790123,14.0,12.8,40.0,0,0,48.0,0,0,163,16
2018,11,bottas,Valtteri Bottas,mercedes,Mercedes,2.0,2,4.0,8.175925925925926,7.287037037037037,7.4,2.8,104.0,0,4,267.0,3,11,108,2
2018,11,brendon_hartley,Brendon Hartley,toro_rosso,Toro Rosso,18.0,17,20.0,16.142857142857142,16.5,17.8,16.8,1.0,0,0,19.0,0,0,14,10
2018,11,ericsson,Marcus Ericsson,sauber,Sauber,13.0,13,18.0,15.220930232558139,17.88235294117647,13.4,17.2,3.0,0,0,16.0,0,0,86,9
2018,11,gasly,Pierre Gasly,toro_rosso,Toro Rosso,17.0,16,13.0,13.4,14.571428571428571,12.4,13.2,18.0,0,0,20.0,0,0,15,14
2018,11,grosjean,Romain Grosjean,haas,Haas F1 Team,6.0,6,16.0,12.527559055118111,11.4251968503937,11.6,11.8,12.0,0,0,51.0,0,0,127,6
2018,11,hamilton,Lewis Hamilton,mercedes,Mercedes,14.0,14,2.0,5.13855421686747,3.3795180722891565,5.4,2.2,163.0,3,7,285.0,3,12,166,1
2018,11,hulkenberg,Nico Hülkenberg,renault,Renault,7.0,7,6.0,11.496598639455783,10.006849315068493,10.0,10.2,42.0,0,0,70.0,0,0,147,5
2018,11,kevin_magnussen,Kevin Magnussen,haas,Haas F1 Team,5.0,5,9.0,12.309859154929578,13.114285714285714,9.2,10.8,39.0,0,0,59.0,0,0,71,11
2018,11,leclerc,Charles Leclerc,sauber,Sauber,9.0,9,19.0,12.6,14.1,13.2,11.4,13.0,0,0,18.0,0,0,10,15
2018,11,max_verstappen,Max Verstappen,red_bull,Red Bull,4.0,4,15.0,8.885714285714286,7.385714285714286,6.0,7.4,93.0,1,4,199.0,3,6,70,4
2018,11,ocon,Esteban Ocon,force_india,Force India,16.0,15,7.0,11.205128205128204,12.289473684210526,9.4,9.2,25.0,0,0,49.0,0,1,39,8
2018,11,perez,Sergio Pérez,force_india,Force India,10.0,10,10.0,10.602739726027398,11.089655172413794,12.2,12.2,24.0,0,1,53.0,0,1,146,7
2018,11,raikkonen,Kimi Räikkönen,ferrari,Ferrari,3.0,3,3.0,7.261904761904762,6.4603174603174605,3.6,4.4,116.0,0,6,287.0,4,12,126,3
2018,11,ricciardo,Daniel Ricciardo,red_bull,Red Bull,15.0,20,5.0,9.589928057553957,8.985507246376812,6.4,5.0,106.0,2,2,211.0,3,6,139,20
2018,11,sainz,Carlos Sainz,renault,Renault,8.0,8,17.0,11.928571428571429,11.246376811594203,11.0,9.8,28.0,0,0,80.0,0,0,70,12
2018,11,sirotkin,Sergey Sirotkin,williams,Williams,12.0,12,14.0,15.9,16.9,15.0,17.2,0.0,0,0,4.0,0,0,10,19
2018,11,stroll,Lance Stroll,williams,Williams,19.0,18,12.0,12.966666666666667,15.633333333333333,16.0,17.8,4.0,0,0,4.0,0,0,30,17
2018,11,vandoorne,Stoffel Vandoorne,mclaren,McLaren,20.0,19,11.0,13.096774193548388,13.741935483870968,13.6,15.6,8.0,0,0,48.0,0,0,31,13
2018,11,vettel,Sebastian Vettel,ferrari,Ferrari,1.0,1,1.0,4.849397590361446,3.6545454545454548,2.4,2.2,171.0,4,6,302.0,4,13,166,18
2018,12,alonso,Fernando Alonso,mclaren,McLaren,11.0,11,16.0,8.554878048780488,8.803680981595091,13.2,13.6,40.0,0,0,48.0,0,0,164,8
2018,12,bottas,Valtteri Bottas,mercedes,Mercedes,2.0,2,2.0,8.119266055045872,7.238532110091743,6.8,2.2,122.0,0,5,310.0,4,13,109,5
2018,12,brendon_hartley,Brendon Hartley,toro_rosso,Toro Rosso,8.0,8,10.0,15.733333333333333,16.6,16.0,17.2,2.0,0,0,20.0,0,0,15,11
2018,12,ericsson,Marcus Ericsson,sauber,Sauber,14.0,14,9.0,15.149425287356323,17.825581395348838,13.0,16.4,5.0,0,0,18.0,0,0,87,15
2018,12,gasly,Pierre Gasly,toro_rosso,Toro Rosso,6.0,6,14.0,13.4375,14.733333333333333,13.8,14.6,18.0,0,0,20.0,0,0,16,6
2018,12,grosjean,Romain Grosjean,haas,Haas F1 Team,10.0,10,6.0,12.4765625,11.3828125,9.8,10.0,20.0,0,0,59.0,0,0,128,10
2018,12,hamilton,Lewis Hamilton,mercedes,Mercedes,1.0,1,1.0,5.11377245508982,3.44311377245509,5.0,4.4,188.0,4,8,320.0,4,13,167,1
2018,12,hulkenberg,Nico Hülkenberg,renault,Renault,13.0,13,5.0,11.452702702702704,9.986394557823129,9.4,9.4,52.0,0,0,80.0,0,0,148,12
2018,12,kevin_magnussen,Kevin Magnussen,haas,Haas F1 Team,9.0,9,11.0,12.291666666666666,13.0,8.8,8.0,39.0,0,0,60.0,0,0,72,7
2018,12,leclerc,Charles Leclerc,sauber,Sauber,17.0,17,15.0,12.818181818181818,13.636363636363637,12.6,10.4,13.0,0,0,18.0,0,0,11,20
2018,12,max_verstappen,Max Verstappen,red_bull,Red Bull,7.0,7,4.0,8.816901408450704,7.338028169014085,5.0,4.2,105.0,1,4,211.0,3,6,71,19
2018,12,ocon,Esteban Ocon,force_india,Force India,18.0,18,8.0,11.125,12.384615384615385,9.8,11.2,29.0,0,0,59.0,0,1,40,13
2018,12,perez,Sergio Pérez,force_india,Force India,19.0,19,7.0,10.578231292517007,11.082191780821917,11.2,12.4,30.0,0,1,59.0,0,1,147,14
2018,12,raikkonen,Kimi Räikkönen,ferrari,Ferrari,3.0,3,3.0,7.228346456692913,6.433070866141732,3.4,4.2,131.0,0,7,302.0,4,13,127,3
2018,12,ricciardo,Daniel Ricciardo,red_bull,Red Bull,12.0,12,20.0,9.664285714285715,9.028776978417266,10.2,7.8,106.0,2,2,211.0,3,6,140,4
2018,12,sainz,Carlos Sainz,renault,Renault,5.0,5,12.0,11.929577464788732,11.2,11.4,9.8,28.0,0,0,80.0,0,0,71,9
2018,12,sirotkin,Sergey Sirotkin,williams,Williams,20.0,20,19.0,16.181818181818183,16.454545454545453,15.6,17.0,0.0,0,0,4.0,0,0,11,16
2018,12,stroll,Lance Stroll,williams,Williams,15.0,15,17.0,13.096774193548388,15.741935483870968,16.0,18.0,4.0,0,0,4.0,0,0,31,17
2018,12,vandoorne,Stoffel Vandoorne,mclaren,McLaren,16.0,16,13.0,13.09375,13.9375,13.4,17.2,8.0,0,0,52.0,0,0,32,18
2018,12,vettel,Sebastian Vettel,ferrari,Ferrari,4.0,4,18.0,4.92814371257485,3.63855421686747,5.6,2.0,171.0,4,6,317.0,4,14,167,2
2018,13,alonso,Fernando Alonso,mclaren,McLaren,17.0,15,8.0,8.55151515151515,8.817073170731707,11.2,13.0,44.0,0,0,52.0,0,0,165,19
2018,13,bottas,Valtteri Bottas,mercedes,Mercedes,10.0,19,5.0,8.090909090909092,7.1909090909090905,7.4,2.2,132.0,0,5,345.0,5,14,110,4
2018,13,brendon_hartley,Brendon Hartley,toro_rosso,Toro Rosso,12.0,11,11.0,15.4375,16.0625,14.4,16.4,2.0,0,0,28.0,0,0,16,14
2018,13,ericsson,Marcus Ericsson,sauber,Sauber,14.0,13,15.0,15.147727272727273,17.7816091954023,13.0,15.4,5.0,0,0,18.0,0,0,88,10
2018,13,gasly,Pierre Gasly,toro_rosso,Toro Rosso,11.0,10,6.0,13.0,14.1875,12.8,12.6,26.0,0,0,28.0,0,0,17,9
2018,13,grosjean,Romain Grosjean,haas,Haas F1 Team,5.0,5,10.0,12.457364341085272,11.372093023255815,9.4,8.0,21.0,0,0,66.0,0,0,129,7
2018,13,hamilton,Lewis Hamilton,mercedes,Mercedes,1.0,1,1.0,5.089285714285714,3.4285714285714284,4.2,3.8,213.0,5,9,357.0,5,14,168,2
2018,13,hulkenberg,Nico Hülkenberg,renault,Renault,15.0,20,12.0,11.456375838926174,10.006756756756756,10.4,10.6,52.0,0,0,82.0,0,0,149,20
2018,13,kevin_magnussen,Kevin Magnussen,haas,Haas F1 Team,9.0,9,7.0,12.219178082191782,12.944444444444445,7.6,7.6,45.0,0,0,72.0,0,0,73,8
2018,13,leclerc,Charles Leclerc,sauber,Sauber,13.0,12,20.0,13.416666666666666,13.916666666666666,14.6,11.2,13.0,0,0,19.0,0,0,12,18
2018,13,max_verstappen,Max Verstappen,red_bull,Red Bull,7.0,7,19.0,8.958333333333334,7.333333333333333,8.2,5.0,105.0,1,4,223.0,3,6,72,3
2018,13,ocon,Esteban Ocon,force_india,Force India,3.0,3,13.0,11.170731707317072,12.525,10.6,13.2,29.0,0,0,59.0,0,1,41,6
2018,13,perez,Sergio Pérez,force_india,Force India,4.0,4,14.0,10.60135135135135,11.136054421768707,11.2,14.2,30.0,0,1,67.0,0,1,148,5
2018,13,raikkonen,Kimi Räikkönen,ferrari,Ferrari,6.0,6,3.0,7.1953125,6.40625,2.8,3.8,146.0,0,8,335.0,4,15,128,17
2018,13,ricciardo,Daniel Ricciardo,red_bull,Red Bull,8.0,8,4.0,9.624113475177305,9.05,10.2,9.0,118.0,2,2,238.0,3,7,141,16
2018,13,sainz,Carlos Sainz,renault,Renault,16.0,14,9.0,11.88888888888889,11.112676056338028,11.6,9.0,30.0,0,0,82.0,0,0,72,11
2018,13,sirotkin,Sergey Sirotkin,williams,Williams,18.0,16,16.0,16.166666666666668,16.75,15.4,17.4,0.0,0,0,4.0,0,0,12,12
2018,13,stroll,Lance Stroll,williams,Williams,19.0,17,17.0,13.21875,15.71875,15.4,17.6,4.0,0,0,4.0,0,0,32,13
2018,13,vandoorne,Stoffel Vandoorne,mclaren,McLaren,20.0,18,18.0,13.242424242424242,14.0,13.8,17.4,8.0,0,0,52.0,0,0,33,15
2018,13,vettel,Sebastian Vettel,ferrari,Ferrari,2.0,2,2.0,4.910714285714286,3.6407185628742513,5.8,2.6,189.0,4,7,335.0,4,15,168,1
2018,14,alonso,Fernando Alonso,mclaren,McLaren,13.0,13,19.0,8.614457831325302,8.866666666666667,11.8,13.2,44.0,0,0,52.0,0,0,166,18
2018,14,bottas,Valtteri Bottas,mercedes,Mercedes,4.0,4,4.0,8.054054054054054,7.216216216216216,6.8,3.8,144.0,0,5,375.0,5,15,111,3
2018,14,brendon_hartley,Brendon Hartley,toro_rosso,Toro Rosso,18.0,16,14.0,15.352941176470589,15.823529411764707,14.4,15.4,2.0,0,0,30.0,0,0,17,19
2018,14,ericsson,Marcus Ericsson,sauber,Sauber,19.0,18,10.0,15.089887640449438,17.738636363636363,12.4,15.2,6.0,0,0,19.0,0,0,89,15
2018,14,gasly,Pierre Gasly,toro_rosso,Toro Rosso,9.0,9,9.0,12.777777777777779,14.0,10.6,12.0,28.0,0,0,30.0,0,0,18,14
2018,14,grosjean,Romain Grosjean,haas,Haas F1 Team,6.0,6,7.0,12.415384615384616,11.323076923076924,8.6,7.0,27.0,0,0,76.0,0,0,130,20
2018,14,hamilton,Lewis Hamilton,mercedes,Mercedes,3.0,3,2.0,5.071005917159764,3.4142011834319526,4.4,3.8,231.0,5,10,390.0,5,16,169,1
2018,14,hulkenberg,Nico Hülkenberg,renault,Renault,14.0,20,20.0,11.513333333333334,10.04026845637584,12.6,11.2,52.0,0,0,82.0,0,0,150,13
2018,14,kevin_magnussen,Kevin Magnussen,haas,Haas F1 Team,11.0,11,8.0,12.162162162162161,12.89041095890411,8.0,7.6,49.0,0,0,76.0,0,0,74,16
2018,14,leclerc,Charles Leclerc,sauber,Sauber,17.0,15,18.0,13.76923076923077,13.846153846153847,16.2,12.2,13.0,0,0,19.0,0,0,13,11
2018,14,max_verstappen,Max Verstappen,red_bull,Red Bull,5.0,5,3.0,8.876712328767123,7.328767123287672,8.4,5.6,120.0,1,5,238.0,3,7,73,5
2018,14,ocon,Esteban Ocon,force_india,Force India,8.0,8,6.0,11.047619047619047,12.292682926829269,8.0,11.6,37.0,0,0,77.0,0,1,42,6
2018,14,perez,Sergio Pérez,force_india,Force India,16.0,14,5.0,10.563758389261745,11.087837837837839,8.6,12.4,40.0,0,1,85.0,0,1,149,7
2018,14,raikkonen,Kimi Räikkönen,ferrari,Ferrari,1.0,1,17.0,7.271317829457364,6.403100775193798,5.6,3.8,146.0,0,8,360.0,5,16,129,2
2018,14,ricciardo,Daniel Ricciardo,red_bull,Red Bull,15.0,19,16.0,9.669014084507042,9.042553191489361,12.6,9.6,118.0,2,2,248.0,3,7,142,17
2018,14,sainz,Carlos Sainz,renault,Renault,7.0,7,11.0,11.876712328767123,11.180555555555555,12.2,10.8,30.0,0,0,82.0,0,0,73,8
2018,14,sirotkin,Sergey Sirotkin,williams,Williams,12.0,12,12.0,15.846153846153847,16.846153846153847,14.8,17.2,0.0,0,0,4.0,0,0,13,10
2018,14,stroll,Lance Stroll,williams,Williams,10.0,10,13.0,13.212121212121213,15.818181818181818,14.6,17.4,4.0,0,0,5.0,0,0,33,9
2018,14,vandoorne,Stoffel Vandoorne,mclaren,McLaren,20.0,17,15.0,13.294117647058824,14.176470588235293,14.4,17.8,8.0,0,0,52.0,0,0,34,12
2018,14,vettel,Sebastian Vettel,ferrari,Ferrari,2.0,2,1.0,4.887573964497041,3.630952380952381,5.0,2.4,214.0,5,8,378.0,5,17,169,4
2018,15,alonso,Fernando Alonso,mclaren,McLaren,11.0,11,18.0,8.67065868263473,8.891566265060241,13.8,13.0,44.0,0,0,52.0,0,0,167,7
2018,15,bottas,Valtteri Bottas,mercedes,Mercedes,4.0,4,3.0,8.008928571428571,7.1875,3.6,4.4,159.0,0,6,415.0,6,17,112,4
2018,15,brendon_hartley,Brendon Hartley,toro_rosso,Toro Rosso,17.0,17,19.0,15.555555555555555,15.944444444444445,14.8,15.2,2.0,0,0,30.0,0,0,18,17
2018,15,ericsson,Marcus Ericsson,sauber,Sauber,14.0,14,15.0,15.088888888888889,17.752808988764045,13.4,15.0,6.0,0,0,19.0,0,0,90,11
2018,15,gasly,Pierre Gasly,toro_rosso,Toro Rosso,15.0,15,14.0,12.842105263157896,13.722222222222221,11.2,11.4,28.0,0,0,30.0,0,0,19,13
2018,15,grosjean,Romain Grosjean,haas,Haas F1 Team,8.0,8,20.0,12.473282442748092,11.282442748091603,11.8,7.0,27.0,0,0,76.0,0,0,131,15
2018,15,hamilton,Lewis Hamilton,mercedes,Mercedes,1.0,1,1.0,5.047058823529412,3.411764705882353,1.4,4.0,256.0,6,11,427.0,6,17,170,1
2018,15,hulkenberg,Nico Hülkenberg,renault,Renault,10.0,10,13.0,11.52317880794702,10.066666666666666,11.2,12.0,52.0,0,0,86.0,0,0,151,10
2018,15,kevin_magnussen,Kevin Magnussen,haas,Haas F1 Team,16.0,16,16.0,12.213333333333333,12.864864864864865,10.2,8.2,49.0,0,0,76.0,0,0,75,18
2018,15,leclerc,Charles Leclerc,sauber,Sauber,13.0,13,11.0,13.571428571428571,14.071428571428571,16.6,13.0,13.0,0,0,19.0,0,0,14,9
2018,15,max_verstappen,Max Verstappen,red_bull,Red Bull,2.0,2,5.0,8.824324324324325,7.297297297297297,9.2,5.6,130.0,1,5,248.0,3,7,74,2
2018,15,ocon,Esteban Ocon,force_india,Force India,9.0,9,6.0,10.930232558139535,12.19047619047619,8.0,11.0,45.0,0,0,91.0,0,1,43,20
2018,15,perez,Sergio Pérez,force_india,Force India,7.0,7,7.0,10.54,11.120805369127517,8.6,12.2,46.0,0,1,91.0,0,1,150,16
2018,15,raikkonen,Kimi Räikkönen,ferrari,Ferrari,5.0,5,2.0,7.230769230769231,6.361538461538461,5.6,3.2,164.0,0,9,390.0,5,17,130,5
2018,15,ricciardo,Daniel Ricciardo,red_bull,Red Bull,6.0,6,17.0,9.72027972027972,9.084507042253522,12.4,11.2,118.0,2,2,266.0,3,8,143,6
2018,15,sainz,Carlos Sainz,renault,Renault,12.0,12,8.0,11.824324324324325,11.123287671232877,11.4,10.4,34.0,0,0,87.0,0,0,74,8
2018,15,sirotkin,Sergey Sirotkin,williams,Williams,19.0,19,10.0,15.428571428571429,16.5,14.2,16.0,1.0,0,0,7.0,0,0,14,19
2018,15,stroll,Lance Stroll,williams,Williams,20.0,20,9.0,13.088235294117647,15.647058823529411,13.6,16.4,6.0,0,0,7.0,0,0,34,14
2018,15,vandoorne,Stoffel Vandoorne,mclaren,McLaren,18.0,18,12.0,13.257142857142858,14.342857142857143,13.8,18.6,8.0,0,0,58.0,0,0,35,12
2018,15,vettel,Sebastian Vettel,ferrari,Ferrari,3.0,3,4.0,4.882352941176471,3.621301775147929,5.2,2.2,226.0,5,8,400.0,5,17,170,3
2018,16,alonso,Fernando Alonso,mclaren,McLaren,17.0,16,7.0,8.660714285714286,8.904191616766466,13.6,12.6,50.0,0,0,58.0,0,0,168,14
2018,16,bottas,Valtteri Bottas,mercedes,Mercedes,1.0,1,4.0,7.9734513274336285,7.15929203539823,3.6,4.4,171.0,0,6,452.0,7,18,113,2
2018,16,brendon_hartley,Brendon Hartley,toro_rosso,Toro Rosso,16.0,20,17.0,15.631578947368421,16.0,14.2,14.6,2.0,0,0,30.0,0,0,19,20
2018,16,ericsson,Marcus Ericsson,sauber,Sauber,10.0,10,11.0,15.043956043956044,17.711111111111112,12.0,14.8,6.0,0,0,21.0,0,0,91,13
2018,16,gasly,Pierre Gasly,toro_rosso,Toro Rosso,13.0,17,13.0,12.85,13.789473684210526,11.2,11.6,28.0,0,0,30.0,0,0,20,19
2018,16,grosjean,Romain Grosjean,haas,Haas F1 Team,9.0,9,15.0,12.492424242424242,11.257575757575758,11.6,7.0,27.0,0,0,76.0,0,0,132,11
2018,16,hamilton,Lewis Hamilton,mercedes,Mercedes,2.0,2,1.0,5.023391812865497,3.3976608187134505,1.2,4.0,281.0,7,12,470.0,7,19,171,1
2018,16,hulkenberg,Nico Hülkenberg,renault,Renault,15.0,12,10.0,11.513157894736842,10.066225165562914,12.0,11.8,53.0,0,0,91.0,0,0,152,12
2018,16,kevin_magnussen,Kevin Magnussen,haas,Haas F1 Team,5.0,5,18.0,12.289473684210526,12.906666666666666,12.0,10.0,49.0,0,0,76.0,0,0,76,8
2018,16,leclerc,Charles Leclerc,sauber,Sauber,7.0,7,9.0,13.266666666666667,14.0,14.6,13.8,15.0,0,0,21.0,0,0,15,7
2018,16,max_verstappen,Max Verstappen,red_bull,Red Bull,11.0,19,2.0,8.733333333333333,7.226666666666667,6.6,5.0,148.0,1,6,274.0,3,8,75,5
2018,16,ocon,Esteban Ocon,force_india,Force India,6.0,6,20.0,11.136363636363637,12.116279069767442,10.6,10.8,45.0,0,0,91.0,0,1,44,9
2018,16,perez,Sergio Pérez,force_india,Force India,8.0,8,16.0,10.57615894039735,11.093333333333334,9.8,11.2,46.0,0,1,93.0,0,1,151,10
2018,16,raikkonen,Kimi Räikkönen,ferrari,Ferrari,4.0,4,5.0,7.213740458015267,6.351145038167939,6.0,3.6,174.0,0,9,415.0,5,18,131,4
2018,16,ricciardo,Daniel Ricciardo,red_bull,Red Bull,12.0,18,6.0,9.694444444444445,9.062937062937063,12.6,11.2,126.0,2,2,284.0,3,8,144,6
2018,16,sainz,Carlos Sainz,renault,Renault,14.0,11,8.0,11.773333333333333,11.135135135135135,9.6,9.6,38.0,0,0,91.0,0,0,75,17
2018,16,sirotkin,Sergey Sirotkin,williams,Williams,18.0,13,19.0,15.666666666666666,16.666666666666668,15.2,16.2,1.0,0,0,7.0,0,0,15,18
2018,16,stroll,Lance Stroll,williams,Williams,20.0,14,14.0,13.114285714285714,15.771428571428572,14.0,16.6,6.0,0,0,7.0,0,0,35,15
2018,16,vandoorne,Stoffel Vandoorne,mclaren,McLaren,19.0,15,12.0,13.222222222222221,14.444444444444445,14.0,18.8,8.0,0,0,58.0,0,0,36,16
2018,16,vettel,Sebastian Vettel,ferrari,Ferrari,3.0,3,3.0,4.871345029239766,3.6176470588235294,5.6,2.4,241.0,5,9,427.0,5,18,171,3
2018,17,alonso,Fernando Alonso,mclaren,McLaren,18.0,18,14.0,8.692307692307692,8.952380952380953,13.2,13.8,50.0,0,0,58.0,0,0,169,14
2018,17,bottas,Valtteri Bottas,mercedes,Mercedes,2.0,2,2.0,7.921052631578948,7.105263157894737,3.6,4.2,189.0,0,7,495.0,8,20,114,2
2018,17,brendon_hartley,Brendon Hartley,toro_rosso,Toro Rosso,6.0,6,20.0,15.85,16.0,16.2,14.2,2.0,0,0,30.0,0,0,20,13
2018,17,ericsson,Marcus Ericsson,sauber,Sauber,20.0,20,13.0,15.021739130434783,17.626373626373628,12.8,14.2,6.0,0,0,27.0,0,0,92,12
2018,17,gasly,Pierre Gasly,toro_rosso,Toro Rosso,7.0,7,19.0,13.142857142857142,13.75,12.2,10.8,28.0,0,0,30.0,0,0,21,11
2018,17,grosjean,Romain Grosjean,haas,Haas F1 Team,5.0,5,11.0,12.481203007518797,11.240601503759398,12.6,7.6,27.0,0,0,80.0,0,0,133,8
2018,17,hamilton,Lewis Hamilton,mercedes,Mercedes,1.0,1,1.0,5.0,3.38953488372093,1.2,1.6,306.0,8,13,513.0,8,21,172,1
2018,17,hulkenberg,Nico Hülkenberg,renault,Renault,16.0,16,12.0,11.516339869281046,10.098684210526315,13.4,13.4,53.0,0,0,91.0,0,0,153,19
2018,17,kevin_magnussen,Kevin Magnussen,haas,Haas F1 Team,12.0,12,8.0,12.233766233766234,12.802631578947368,11.4,10.0,53.0,0,0,84.0,0,0,77,20
2018,17,leclerc,Charles Leclerc,sauber,Sauber,11.0,10,7.0,12.875,13.5625,13.0,13.4,21.0,0,0,27.0,0,0,16,18
2018,17,max_verstappen,Max Verstappen,red_bull,Red Bull,3.0,3,5.0,8.68421052631579,7.276315789473684,6.8,6.4,158.0,1,6,292.0,3,8,76,3
2018,17,ocon,Esteban Ocon,force_india,Force India,8.0,11,9.0,11.088888888888889,11.977272727272727,10.8,8.8,47.0,0,0,94.0,0,1,45,9
2018,17,perez,Sergio Pérez,force_india,Force India,10.0,9,10.0,10.572368421052632,11.072847682119205,10.4,10.8,47.0,0,1,96.0,0,1,152,7
2018,17,raikkonen,Kimi Räikkönen,ferrari,Ferrari,4.0,4,4.0,7.1893939393939394,6.333333333333333,6.2,3.8,186.0,0,9,442.0,5,19,132,5
2018,17,ricciardo,Daniel Ricciardo,red_bull,Red Bull,15.0,15,6.0,9.668965517241379,9.083333333333334,9.8,10.6,134.0,2,2,307.0,3,9,145,4
2018,17,sainz,Carlos Sainz,renault,Renault,13.0,13,17.0,11.842105263157896,11.173333333333334,10.6,10.8,38.0,0,0,91.0,0,0,76,10
2018,17,sirotkin,Sergey Sirotkin,williams,Williams,17.0,17,18.0,15.8125,16.75,15.0,17.4,1.0,0,0,7.0,0,0,16,16
2018,17,stroll,Lance Stroll,williams,Williams,14.0,14,15.0,13.166666666666666,15.88888888888889,13.6,16.8,6.0,0,0,7.0,0,0,36,17
2018,17,vandoorne,Stoffel Vandoorne,mclaren,McLaren,19.0,19,16.0,13.297297297297296,14.567567567567568,14.6,18.6,8.0,0,0,58.0,0,0,37,15
2018,17,vettel,Sebastian Vettel,ferrari,Ferrari,9.0,8,3.0,4.8604651162790695,3.6140350877192984,2.6,2.8,256.0,5,10,452.0,5,19,172,6
2018,18,alonso,Fernando Alonso,mclaren,McLaren,16.0,13,14.0,8.723529411764705,9.005917159763314,14.4,15.2,50.0,0,0,58.0,0,0,170,18
2018,18,bottas,Valtteri Bottas,mercedes,Mercedes,4.0,3,2.0,7.869565217391305,7.060869565217391,3.0,4.2,207.0,0,8,538.0,9,22,115,5
2018,18,brendon_hartley,Brendon Hartley,toro_rosso,Toro Rosso,14.0,20,13.0,15.714285714285714,15.523809523809524,16.6,13.8,2.0,0,0,30.0,0,0,21,9
2018,18,ericsson,Marcus Ericsson,sauber,Sauber,19.0,16,12.0,14.989247311827956,17.652173913043477,12.2,15.4,6.0,0,0,27.0,0,0,93,10
2018,18,gasly,Pierre Gasly,toro_rosso,Toro Rosso,13.0,19,11.0,13.045454545454545,13.428571428571429,13.2,11.0,28.0,0,0,32.0,0,0,22,12
2018,18,grosjean,Romain Grosjean,haas,Haas F1 Team,8.0,8,8.0,12.447761194029852,11.194029850746269,12.2,6.6,31.0,0,0,84.0,0,0,134,17
2018,18,hamilton,Lewis Hamilton,mercedes,Mercedes,1.0,1,1.0,4.976878612716763,3.3757225433526012,1.2,1.6,331.0,9,14,548.0,9,22,173,3
2018,18,hulkenberg,Nico Hülkenberg,renault,Renault,7.0,7,19.0,11.564935064935066,10.137254901960784,14.8,14.0,53.0,0,0,92.0,0,0,154,6
2018,18,kevin_magnussen,Kevin Magnussen,haas,Haas F1 Team,12.0,12,20.0,12.333333333333334,12.792207792207792,14.0,10.6,53.0,0,0,84.0,0,0,78,20
2018,18,leclerc,Charles Leclerc,sauber,Sauber,9.0,9,18.0,13.176470588235293,13.411764705882353,12.6,12.2,21.0,0,0,28.0,0,0,17,15
2018,18,max_verstappen,Max Verstappen,red_bull,Red Bull,15.0,18,3.0,8.61038961038961,7.220779220779221,3.6,5.6,173.0,1,7,319.0,3,9,77,2
2018,18,ocon,Esteban Ocon,force_india,Force India,6.0,6,9.0,11.043478260869565,11.88888888888889,10.0,6.8,49.0,0,0,102.0,0,1,46,19
2018,18,perez,Sergio Pérez,force_india,Force India,10.0,10,7.0,10.549019607843137,11.06578947368421,9.0,9.0,53.0,0,1,102.0,0,1,153,8
2018,18,raikkonen,Kimi Räikkönen,ferrari,Ferrari,3.0,2,5.0,7.172932330827067,6.315789473684211,6.6,4.0,196.0,0,9,460.0,5,19,133,1
2018,18,ricciardo,Daniel Ricciardo,red_bull,Red Bull,5.0,4,4.0,9.63013698630137,9.124137931034483,9.8,11.2,146.0,2,2,337.0,3,10,146,16
2018,18,sainz,Carlos Sainz,renault,Renault,11.0,11,10.0,11.818181818181818,11.197368421052632,10.8,12.4,39.0,0,0,100.0,0,0,77,7
2018,18,sirotkin,Sergey Sirotkin,williams,Williams,17.0,14,16.0,15.823529411764707,16.764705882352942,15.0,16.8,1.0,0,0,7.0,0,0,17,13
2018,18,stroll,Lance Stroll,williams,Williams,18.0,15,17.0,13.27027027027027,15.837837837837839,13.6,16.6,6.0,0,0,7.0,0,0,37,14
2018,18,vandoorne,Stoffel Vandoorne,mclaren,McLaren,20.0,17,15.0,13.342105263157896,14.68421052631579,14.0,19.2,8.0,0,0,58.0,0,0,38,11
2018,18,vettel,Sebastian Vettel,ferrari,Ferrari,2.0,5,6.0,4.867052023121388,3.645348837209302,3.4,3.8,264.0,5,10,485.0,6,20,173,4
2018,19,alonso,Fernando Alonso,mclaren,McLaren,12.0,12,18.0,8.777777777777779,9.047058823529412,14.2,15.0,50.0,0,0,58.0,0,0,171,20
2018,19,bottas,Valtteri Bottas,mercedes,Mercedes,5.0,5,5.0,7.844827586206897,7.0344827586206895,3.2,3.0,217.0,0,8,563.0,9,23,116,5
2018,19,brendon_hartley,Brendon Hartley,toro_rosso,Toro Rosso,14.0,14,9.0,15.409090909090908,15.454545454545455,15.6,14.2,4.0,0,0,32.0,0,0,22,14
2018,19,ericsson,Marcus Ericsson,sauber,Sauber,10.0,10,10.0,14.936170212765957,17.666666666666668,12.2,16.4,7.0,0,0,28.0,0,0,94,9
2018,19,gasly,Pierre Gasly,toro_rosso,Toro Rosso,15.0,20,12.0,13.0,13.409090909090908,13.8,11.4,28.0,0,0,32.0,0,0,23,10
2018,19,grosjean,Romain Grosjean,haas,Haas F1 Team,16.0,18,17.0,12.481481481481481,11.170370370370371,14.2,7.2,31.0,0,0,84.0,0,0,135,16
2018,19,hamilton,Lewis Hamilton,mercedes,Mercedes,3.0,3,3.0,4.9655172413793105,3.3620689655172415,1.4,1.6,346.0,9,15,573.0,9,23,174,4
2018,19,hulkenberg,Nico Hülkenberg,renault,Renault,7.0,7,6.0,11.529032258064516,10.116883116883116,12.0,12.4,61.0,0,0,106.0,0,0,155,6
2018,19,kevin_magnussen,Kevin Magnussen,haas,Haas F1 Team,18.0,16,20.0,12.430379746835444,12.782051282051283,16.4,11.2,53.0,0,0,84.0,0,0,79,15
2018,19,leclerc,Charles Leclerc,sauber,Sauber,9.0,9,15.0,13.277777777777779,13.166666666666666,12.0,11.4,21.0,0,0,30.0,0,0,18,7
2018,19,max_verstappen,Max Verstappen,red_bull,Red Bull,2.0,2,2.0,8.525641025641026,7.32051282051282,3.4,7.2,191.0,1,8,337.0,3,10,78,1
2018,19,ocon,Esteban Ocon,force_india,Force India,11.0,11,19.0,11.212765957446809,11.76086956521739,12.6,7.4,49.0,0,0,106.0,0,1,47,11
2018,19,perez,Sergio Pérez,force_india,Force India,13.0,13,8.0,10.532467532467532,11.058823529411764,9.6,10.2,57.0,0,1,106.0,0,1,154,18
2018,19,raikkonen,Kimi Räikkönen,ferrari,Ferrari,6.0,6,1.0,7.126865671641791,6.291044776119403,3.4,3.4,221.0,1,10,497.0,6,20,134,3
2018,19,ricciardo,Daniel Ricciardo,red_bull,Red Bull,1.0,1,16.0,9.673469387755102,9.095890410958905,9.8,10.6,146.0,2,2,362.0,4,11,147,17
2018,19,sainz,Carlos Sainz,renault,Renault,8.0,8,7.0,11.756410256410257,11.194805194805195,10.0,11.4,45.0,0,0,114.0,0,0,78,19
2018,19,sirotkin,Sergey Sirotkin,williams,Williams,20.0,19,13.0,15.666666666666666,16.77777777777778,15.2,16.6,1.0,0,0,7.0,0,0,18,13
2018,19,stroll,Lance Stroll,williams,Williams,19.0,17,14.0,13.289473684210526,15.894736842105264,13.8,16.4,6.0,0,0,7.0,0,0,38,12
2018,19,vandoorne,Stoffel Vandoorne,mclaren,McLaren,17.0,15,11.0,13.282051282051283,14.820512820512821,13.2,19.2,8.0,0,0,58.0,0,0,39,8
2018,19,vettel,Sebastian Vettel,ferrari,Ferrari,4.0,4,4.0,4.862068965517241,3.6358381502890174,4.0,3.8,276.0,5,10,512.0,6,21,174,2
2018,20,alonso,Fernando Alonso,mclaren,McLaren,18.0,17,20.0,8.843023255813954,9.064327485380117,14.6,14.8,50.0,0,0,62.0,0,0,172,17
2018,20,bottas,Valtteri Bottas,mercedes,Mercedes,3.0,3,5.0,7.82051282051282,7.017094017094017,3.6,3.2,227.0,0,8,585.0,9,23,117,5
2018,20,brendon_hartley,Brendon Hartley,toro_rosso,Toro Rosso,17.0,16,14.0,15.347826086956522,15.391304347826088,14.6,13.4,4.0,0,0,33.0,0,0,23,11
2018,20,ericsson,Marcus Ericsson,sauber,Sauber,7.0,6,9.0,14.873684210526315,17.585106382978722,11.0,14.6,9.0,0,0,36.0,0,0,95,20
2018,20,gasly,Pierre Gasly,toro_rosso,Toro Rosso,10.0,9,10.0,12.875,13.478260869565217,13.0,12.6,29.0,0,0,33.0,0,0,24,13
2018,20,grosjean,Romain Grosjean,haas,Haas F1 Team,9.0,8,16.0,12.507352941176471,11.205882352941176,13.4,9.2,31.0,0,0,84.0,0,0,136,8
2018,20,hamilton,Lewis Hamilton,mercedes,Mercedes,1.0,1,4.0,4.96,3.36,2.0,1.6,358.0,9,15,595.0,9,23,175,1
2018,20,hulkenberg,Nico Hülkenberg,renault,Renault,14.0,13,6.0,11.493589743589743,10.096774193548388,10.6,11.0,69.0,0,0,114.0,0,0,156,19
2018,20,kevin_magnussen,Kevin Magnussen,haas,Haas F1 Team,11.0,10,15.0,12.4625,12.848101265822784,16.2,12.6,53.0,0,0,88.0,0,0,80,9
2018,20,leclerc,Charles Leclerc,sauber,Sauber,8.0,7,7.0,12.947368421052632,12.947368421052632,11.2,9.8,27.0,0,0,36.0,0,0,19,7
2018,20,max_verstappen,Max Verstappen,red_bull,Red Bull,5.0,5,1.0,8.430379746835444,7.253164556962025,2.6,6.6,216.0,2,9,362.0,4,11,79,2
2018,20,ocon,Esteban Ocon,force_india,Force India,13.0,18,11.0,11.208333333333334,11.74468085106383,13.6,8.0,49.0,0,0,106.0,0,1,48,15
2018,20,perez,Sergio Pérez,force_india,Force India,12.0,12,18.0,10.580645161290322,11.071428571428571,11.8,9.6,57.0,0,1,106.0,0,1,155,10
2018,20,raikkonen,Kimi Räikkönen,ferrari,Ferrari,4.0,4,3.0,7.0962962962962965,6.288888888888889,3.6,4.4,236.0,1,11,530.0,6,22,135,3
2018,20,ricciardo,Daniel Ricciardo,red_bull,Red Bull,6.0,11,17.0,9.722972972972974,9.040816326530612,9.8,7.8,146.0,2,2,380.0,4,12,148,4
2018,20,sainz,Carlos Sainz,renault,Renault,16.0,15,19.0,11.848101265822784,11.153846153846153,12.2,11.6,45.0,0,0,114.0,0,0,79,12
2018,20,sirotkin,Sergey Sirotkin,williams,Williams,15.0,14,13.0,15.526315789473685,16.94736842105263,15.8,18.2,1.0,0,0,7.0,0,0,19,16
2018,20,stroll,Lance Stroll,williams,Williams,19.0,19,12.0,13.256410256410257,15.974358974358974,14.4,18.2,6.0,0,0,7.0,0,0,39,18
2018,20,vandoorne,Stoffel Vandoorne,mclaren,McLaren,20.0,20,8.0,13.15,14.875,12.4,18.6,12.0,0,0,62.0,0,0,40,14
2018,20,vettel,Sebastian Vettel,ferrari,Ferrari,2.0,2,2.0,4.845714285714286,3.6379310344827585,3.6,4.2,294.0,5,11,545.0,6,23,175,6
2018,21,alonso,Fernando Alonso,mclaren,McLaren,15.0,15,17.0,8.890173410404625,9.116279069767442,16.6,16.2,50.0,0,0,62.0,0,0,173,11
2018,21,bottas,Valtteri Bottas,mercedes,Mercedes,2.0,2,5.0,7.796610169491525,6.983050847457627,3.8,3.0,237.0,0,8,620.0,10,24,118,5
2018,21,brendon_hartley,Brendon Hartley,toro_rosso,Toro Rosso,16.0,16,11.0,15.166666666666666,15.458333333333334,13.4,13.4,4.0,0,0,33.0,0,0,24,12
2018,21,ericsson,Marcus Ericsson,sauber,Sauber,12.0,12,20.0,14.927083333333334,17.473684210526315,12.8,13.2,9.0,0,0,42.0,0,0,96,18
2018,21,gasly,Pierre Gasly,toro_rosso,Toro Rosso,17.0,17,13.0,12.88,13.333333333333334,13.0,11.6,29.0,0,0,33.0,0,0,25,16
2018,21,grosjean,Romain Grosjean,haas,Haas F1 Team,7.0,7,8.0,12.474452554744525,11.18978102189781,12.0,9.4,35.0,0,0,90.0,0,0,137,9
2018,21,hamilton,Lewis Hamilton,mercedes,Mercedes,1.0,1,1.0,4.9375,3.346590909090909,2.0,1.6,383.0,10,16,630.0,10,24,176,1
2018,21,hulkenberg,Nico Hülkenberg,renault,Renault,10.0,10,19.0,11.54140127388535,10.121794871794872,12.4,11.8,69.0,0,0,114.0,0,0,157,20
2018,21,kevin_magnussen,Kevin Magnussen,haas,Haas F1 Team,13.0,13,9.0,12.419753086419753,12.825,14.4,11.6,55.0,0,0,92.0,0,0,81,10
2018,21,leclerc,Charles Leclerc,sauber,Sauber,8.0,8,7.0,12.65,12.7,10.8,8.8,33.0,0,0,42.0,0,0,20,7
2018,21,max_verstappen,Max Verstappen,red_bull,Red Bull,6.0,6,2.0,8.35,7.225,2.6,7.2,234.0,2,10,392.0,4,12,80,3
2018,21,ocon,Esteban Ocon,force_india,Force India,9.0,9,15.0,11.285714285714286,11.770833333333334,12.6,8.8,49.0,0,0,107.0,0,1,49,17
2018,21,perez,Sergio Pérez,force_india,Force India,14.0,14,10.0,10.576923076923077,11.07741935483871,10.6,10.6,58.0,0,1,107.0,0,1,156,8
2018,21,raikkonen,Kimi Räikkönen,ferrari,Ferrari,4.0,4,3.0,7.0661764705882355,6.272058823529412,3.2,4.2,251.0,1,12,553.0,6,23,136,19
2018,21,ricciardo,Daniel Ricciardo,red_bull,Red Bull,5.0,5,4.0,9.684563758389261,9.02027027027027,9.4,7.8,158.0,2,2,407.0,4,13,149,4
2018,21,sainz,Carlos Sainz,renault,Renault,11.0,11,12.0,11.85,11.215189873417721,13.0,12.4,45.0,0,0,114.0,0,0,80,6
2018,21,sirotkin,Sergey Sirotkin,williams,Williams,19.0,19,16.0,15.55,16.85,15.2,17.4,1.0,0,0,7.0,0,0,20,15
2018,21,stroll,Lance Stroll,williams,Williams,20.0,20,18.0,13.375,16.05,15.2,18.0,6.0,0,0,7.0,0,0,40,13
2018,21,vandoorne,Stoffel Vandoorne,mclaren,McLaren,18.0,18,14.0,13.170731707317072,15.0,12.8,19.0,12.0,0,0,62.0,0,0,41,14
2018,21,vettel,Sebastian Vettel,ferrari,Ferrari,3.0,3,6.0,4.8522727272727275,3.6285714285714286,4.2,4.0,302.0,5,11,553.0,6,23,176,2
2019,1,albon,Alexander Albon,toro_rosso,Toro Rosso,13.0,13,20.0,20.0,20.0,20.0,20.0,0.0,0,0,0.0,0,0,0,14
2019,1,bottas,Valtteri Bottas,mercedes,Mercedes,2.0,2,5.0,7.773109243697479,6.9411764705882355,4.4,3.2,0.0,0,0,0.0,0,0,119,1
2019,1,gasly,Pierre Gasly,red_bull,Red Bull,17.0,17,16.0,13.0,13.48,12.4,12.4,0.0,0,0,0.0,0,0,26,11
2019,1,giovinazzi,Antonio Giovinazzi,alfa,Alfa Romeo,14.0,14,19.0,15.5,15.5,15.5,15.5,0.0,0,0,0.0,0,0,2,15
2019,1,grosjean,Romain Grosjean,haas,Haas F1 Team,6.0,6,9.0,12.44927536231884,11.159420289855072,11.6,9.0,0.0,0,0,0.0,0,0,138,18
2019,1,hamilton,Lewis Hamilton,mercedes,Mercedes,1.0,1,1.0,4.915254237288136,3.3333333333333335,2.0,1.4,0.0,0,0,26.0,1,1,177,2
2019,1,hulkenberg,Nico Hülkenberg,renault,Renault,11.0,11,20.0,11.594936708860759,10.121019108280255,14.0,10.8,0.0,0,0,0.0,0,0,158,7
2019,1,kevin_magnussen,Kevin Magnussen,haas,Haas F1 Team,7.0,7,10.0,12.390243902439025,12.82716049382716,14.8,13.2,0.0,0,0,0.0,0,0,82,6
2019,1,kubica,Robert Kubica,williams,Williams,20.0,20,5.0,8.31578947368421,7.0,9.0,7.6,0.0,0,0,0.0,0,0,19,17
2019,1,kvyat,Daniil Kvyat,toro_rosso,Toro Rosso,15.0,15,10.0,12.594594594594595,11.391891891891891,12.2,13.8,0.0,0,0,0.0,0,0,74,10
2019,1,leclerc,Charles Leclerc,ferrari,Ferrari,5.0,5,7.0,12.380952380952381,12.476190476190476,10.8,9.0,0.0,0,0,0.0,0,0,21,5
2019,1,max_verstappen,Max Verstappen,red_bull,Red Bull,4.0,4,3.0,8.283950617283951,7.209876543209877,2.2,6.2,0.0,0,0,0.0,0,0,81,3
2019,1,norris,Lando Norris,mclaren,McLaren,8.0,8,20.0,20.0,20.0,20.0,20.0,0.0,0,0,0.0,0,0,0,12
2019,1,perez,Sergio Pérez,racing_point,Racing Point,10.0,10,8.0,10.560509554140127,11.096153846153847,10.2,11.8,0.0,0,0,0.0,0,0,157,13
2019,1,raikkonen,Kimi Räikkönen,alfa,Alfa Romeo,9.0,9,19.0,7.153284671532846,6.255474452554744,6.2,4.2,0.0,0,0,0.0,0,0,137,8
2019,1,ricciardo,Daniel Ricciardo,renault,Renault,12.0,12,4.0,9.646666666666667,8.993288590604028,9.0,6.4,0.0,0,0,6.0,0,0,150,19
2019,1,russell,George Russell,williams,Williams,19.0,19,20.0,20.0,20.0,20.0,20.0,0.0,0,0,0.0,0,0,0,16
2019,1,sainz,Carlos Sainz,mclaren,McLaren,18.0,18,6.0,11.777777777777779,11.2125,10.8,11.8,0.0,0,0,0.0,0,0,81,20
2019,1,stroll,Lance Stroll,racing_point,Racing Point,16.0,16,13.0,13.365853658536585,16.146341463414632,14.8,18.0,0.0,0,0,0.0,0,0,41,9
2019,1,vettel,Sebastian Vettel,ferrari,Ferrari,3.0,3,2.0,4.836158192090395,3.625,4.0,4.0,0.0,0,0,10.0,0,0,177,4
2019,2,albon,Alexander Albon,toro_rosso,Toro Rosso,12.0,12,14.0,14.0,13.0,14.0,13.0,0.0,0,0,1.0,0,0,1,9
2019,2,bottas,Valtteri Bottas,mercedes,Mercedes,4.0,4,1.0,7.716666666666667,6.9,4.2,3.2,26.0,1,1,44.0,1,2,120,2
2019,2,gasly,Pierre Gasly,red_bull,Red Bull,13.0,13,11.0,12.925925925925926,13.615384615384615,12.4,14.4,0.0,0,0,15.0,0,1,27,8
2019,2,giovinazzi,Antonio Giovinazzi,alfa,Alfa Romeo,16.0,16,15.0,15.333333333333334,15.0,15.333333333333334,15.0,0.0,0,0,4.0,0,0,3,11
2019,2,grosjean,Romain Grosjean,haas,Haas F1 Team,8.0,11,18.0,12.489208633093526,11.122302158273381,13.6,9.2,0.0,0,0,8.0,0,0,139,20
2019,2,hamilton,Lewis Hamilton,mercedes,Mercedes,3.0,3,2.0,4.898876404494382,3.3202247191011236,2.2,1.4,18.0,0,1,62.0,1,3,178,1
2019,2,hulkenberg,Nico Hülkenberg,renault,Renault,17.0,17,7.0,11.566037735849056,10.126582278481013,11.6,9.8,6.0,0,0,6.0,0,0,159,17
2019,2,kevin_magnussen,Kevin Magnussen,haas,Haas F1 Team,6.0,6,6.0,12.313253012048193,12.75609756097561,12.0,12.2,8.0,0,0,8.0,0,0,83,13
2019,2,kubica,Robert Kubica,williams,Williams,20.0,20,17.0,8.75,7.65,11.0,10.0,0.0,0,0,0.0,0,0,20,16
2019,2,kvyat,Daniil Kvyat,toro_rosso,Toro Rosso,15.0,15,10.0,12.56,11.44,12.0,14.2,1.0,0,0,3.0,0,0,75,12
2019,2,leclerc,Charles Leclerc,ferrari,Ferrari,1.0,1,5.0,12.045454545454545,12.136363636363637,8.2,7.8,10.0,0,0,22.0,0,0,22,3
2019,2,max_verstappen,Max Verstappen,red_bull,Red Bull,5.0,5,3.0,8.21951219512195,7.170731707317073,2.2,6.4,15.0,0,1,19.0,0,1,82,4
2019,2,norris,Lando Norris,mclaren,McLaren,10.0,9,12.0,12.0,8.0,12.0,8.0,0.0,0,0,0.0,0,0,1,6
2019,2,perez,Sergio Pérez,racing_point,Racing Point,14.0,14,13.0,10.575949367088608,11.089171974522293,11.4,11.8,0.0,0,0,2.0,0,0,158,10
2019,2,raikkonen,Kimi Räikkönen,alfa,Alfa Romeo,9.0,8,8.0,7.159420289855072,6.27536231884058,6.8,5.2,4.0,0,0,4.0,0,0,138,7
2019,2,ricciardo,Daniel Ricciardo,renault,Renault,11.0,10,19.0,9.708609271523178,9.013333333333334,12.0,5.8,0.0,0,0,6.0,0,0,151,18
2019,2,russell,George Russell,williams,Williams,19.0,19,16.0,16.0,19.0,16.0,19.0,0.0,0,0,0.0,0,0,1,15
2019,2,sainz,Carlos Sainz,mclaren,McLaren,7.0,7,20.0,11.878048780487806,11.296296296296296,12.8,12.8,0.0,0,0,8.0,0,0,82,19
2019,2,stroll,Lance Stroll,racing_point,Racing Point,18.0,18,9.0,13.261904761904763,16.142857142857142,13.2,18.4,2.0,0,0,3.0,0,0,42,14
2019,2,vettel,Sebastian Vettel,ferrari,Ferrari,2.0,2,4.0,4.831460674157303,3.621468926553672,3.6,2.8,12.0,0,0,38.0,0,1,178,5
2019,3,albon,Alexander Albon,toro_rosso,Toro Rosso,,0,9.0,11.5,12.5,11.5,12.5,2.0,0,0,3.0,0,0,2,10
2019,3,bottas,Valtteri Bottas,mercedes,Mercedes,1.0,1,2.0,7.669421487603306,6.87603305785124,3.6,3.2,44.0,1,2,87.0,2,4,121,2
2019,3,gasly,Pierre Gasly,red_bull,Red Bull,6.0,6,8.0,12.75,13.592592592592593,11.6,14.4,4.0,0,0,31.0,0,1,28,6
2019,3,giovinazzi,Antonio Giovinazzi,alfa,Alfa Romeo,,19,11.0,14.25,15.25,14.25,15.25,0.0,0,0,10.0,0,0,4,15
2019,3,grosjean,Romain Grosjean,haas,Haas F1 Team,10.0,10,20.0,12.542857142857143,11.1,14.2,9.2,0.0,0,0,8.0,0,0,140,11
2019,3,hamilton,Lewis Hamilton,mercedes,Mercedes,2.0,2,1.0,4.877094972067039,3.3184357541899443,1.8,1.8,43.0,1,2,105.0,2,5,179,1
2019,3,hulkenberg,Nico Hülkenberg,renault,Renault,8.0,8,17.0,11.6,10.169811320754716,13.8,11.8,6.0,0,0,6.0,0,0,160,20
2019,3,kevin_magnussen,Kevin Magnussen,haas,Haas F1 Team,9.0,9,13.0,12.321428571428571,12.674698795180722,10.6,11.0,8.0,0,0,8.0,0,0,84,13
2019,3,kubica,Robert Kubica,williams,Williams,18.0,18,16.0,9.095238095238095,8.238095238095237,10.4,13.2,0.0,0,0,0.0,0,0,21,17
2019,3,kvyat,Daniil Kvyat,toro_rosso,Toro Rosso,11.0,11,12.0,12.552631578947368,11.486842105263158,12.0,13.8,1.0,0,0,4.0,0,0,76,19
2019,3,leclerc,Charles Leclerc,ferrari,Ferrari,4.0,4,3.0,11.652173913043478,11.652173913043478,5.8,6.2,26.0,0,1,48.0,0,1,23,5
2019,3,max_verstappen,Max Verstappen,red_bull,Red Bull,5.0,5,4.0,8.168674698795181,7.144578313253012,2.6,4.4,27.0,0,1,40.0,0,1,83,4
2019,3,norris,Lando Norris,mclaren,McLaren,15.0,15,6.0,9.0,9.0,9.0,9.0,8.0,0,0,8.0,0,0,2,18
2019,3,perez,Sergio Pérez,racing_point,Racing Point,12.0,12,10.0,10.572327044025156,11.10759493670886,11.8,12.6,1.0,0,0,3.0,0,0,159,8
2019,3,raikkonen,Kimi Räikkönen,alfa,Alfa Romeo,13.0,13,7.0,7.158273381294964,6.294964028776978,8.0,6.4,10.0,0,0,10.0,0,0,139,9
2019,3,ricciardo,Daniel Ricciardo,renault,Renault,7.0,7,18.0,9.763157894736842,9.026490066225165,12.4,7.0,0.0,0,0,6.0,0,0,152,7
2019,3,russell,George Russell,williams,Williams,17.0,17,15.0,15.5,19.0,15.5,19.0,0.0,0,0,0.0,0,0,2,16
2019,3,sainz,Carlos Sainz,mclaren,McLaren,14.0,14,19.0,11.963855421686747,11.24390243902439,15.2,12.0,0.0,0,0,8.0,0,0,83,14
2019,3,stroll,Lance Stroll,racing_point,Racing Point,16.0,16,14.0,13.279069767441861,16.186046511627907,13.2,18.4,2.0,0,0,7.0,0,0,43,12
2019,3,vettel,Sebastian Vettel,ferrari,Ferrari,3.0,3,5.0,4.832402234636872,3.6123595505617976,3.8,2.8,22.0,0,0,58.0,0,1,179,3
2019,4,albon,Alexander Albon,toro_rosso,Toro Rosso,12.0,11,10.0,11.0,12.5,11.0,12.5,3.0,0,0,4.0,0,0,3,11
2019,4,bottas,Valtteri Bottas,mercedes,Mercedes,1.0,1,2.0,7.622950819672131,6.827868852459017,3.0,2.4,62.0,1,3,130.0,3,6,122,1
2019,4,gasly,Pierre Gasly,red_bull,Red Bull,20.0,0,6.0,12.517241379310345,13.321428571428571,10.8,12.6,13.0,0,0,52.0,0,1,29,17
2019,4,giovinazzi,Antonio Giovinazzi,alfa,Alfa Romeo,8.0,17,15.0,14.4,15.25,14.4,15.25,0.0,0,0,12.0,0,0,5,12
2019,4,grosjean,Romain Grosjean,haas,Haas F1 Team,15.0,14,11.0,12.53191489361702,11.092198581560284,13.2,8.0,0.0,0,0,8.0,0,0,141,18
2019,4,hamilton,Lewis Hamilton,mercedes,Mercedes,2.0,2,1.0,4.855555555555555,3.311111111111111,1.2,1.6,68.0,2,3,155.0,4,7,180,2
2019,4,hulkenberg,Nico Hülkenberg,renault,Renault,16.0,15,20.0,11.652173913043478,10.15625,16.6,12.0,6.0,0,0,12.0,0,0,161,14
2019,4,kevin_magnussen,Kevin Magnussen,haas,Haas F1 Team,13.0,12,13.0,12.329411764705883,12.630952380952381,10.2,9.2,8.0,0,0,8.0,0,0,85,13
2019,4,kubica,Robert Kubica,williams,Williams,18.0,0,17.0,9.454545454545455,8.681818181818182,12.8,15.2,0.0,0,0,0.0,0,0,22,16
2019,4,kvyat,Daniil Kvyat,toro_rosso,Toro Rosso,6.0,6,19.0,12.636363636363637,11.480519480519481,13.4,13.2,1.0,0,0,4.0,0,0,77,19
2019,4,leclerc,Charles Leclerc,ferrari,Ferrari,9.0,8,5.0,11.375,11.333333333333334,5.4,5.2,36.0,0,1,73.0,0,2,24,5
2019,4,max_verstappen,Max Verstappen,red_bull,Red Bull,4.0,4,4.0,8.119047619047619,7.119047619047619,3.2,5.0,39.0,0,1,52.0,0,1,84,4
2019,4,norris,Lando Norris,mclaren,McLaren,7.0,7,18.0,12.0,11.0,12.0,11.0,8.0,0,0,8.0,0,0,3,8
2019,4,perez,Sergio Pérez,racing_point,Racing Point,5.0,5,8.0,10.55625,11.11320754716981,9.8,12.4,5.0,0,0,7.0,0,0,160,6
2019,4,raikkonen,Kimi Räikkönen,alfa,Alfa Romeo,19.0,0,9.0,7.171428571428572,6.3428571428571425,9.2,7.8,12.0,0,0,12.0,0,0,140,10
2019,4,ricciardo,Daniel Ricciardo,renault,Renault,11.0,10,7.0,9.745098039215685,9.013157894736842,10.4,8.2,6.0,0,0,12.0,0,0,153,20
2019,4,russell,George Russell,williams,Williams,17.0,16,16.0,15.666666666666666,18.333333333333332,15.666666666666666,18.333333333333332,0.0,0,0,0.0,0,0,3,15
2019,4,sainz,Carlos Sainz,mclaren,McLaren,10.0,9,14.0,11.988095238095237,11.27710843373494,14.2,13.2,0.0,0,0,12.0,0,0,84,7
2019,4,stroll,Lance Stroll,racing_point,Racing Point,14.0,13,12.0,13.25,16.181818181818183,13.2,17.8,2.0,0,0,15.0,0,0,44,9
2019,4,vettel,Sebastian Vettel,ferrari,Ferrari,3.0,3,3.0,4.822222222222222,3.6089385474860336,4.0,2.6,37.0,0,1,84.0,0,2,180,3
2019,5,albon,Alexander Albon,toro_rosso,Toro Rosso,12.0,11,11.0,11.0,12.333333333333334,11.0,12.333333333333334,3.0,0,0,4.0,0,0,4,11
2019,5,bottas,Valtteri Bottas,mercedes,Mercedes,1.0,1,1.0,7.569105691056911,6.780487804878049,2.2,2.0,87.0,2,4,173.0,4,8,123,2
2019,5,gasly,Pierre Gasly,red_bull,Red Bull,6.0,6,17.0,12.666666666666666,13.551724137931034,11.6,14.6,13.0,0,0,64.0,0,1,30,6
2019,5,giovinazzi,Antonio Giovinazzi,alfa,Alfa Romeo,18.0,18,12.0,14.0,13.8,14.4,13.25,0.0,0,0,13.0,0,0,6,16
2019,5,grosjean,Romain Grosjean,haas,Haas F1 Team,7.0,7,18.0,12.570422535211268,11.119718309859154,15.2,9.2,0.0,0,0,8.0,0,0,142,10
2019,5,hamilton,Lewis Hamilton,mercedes,Mercedes,2.0,2,2.0,4.8397790055248615,3.303867403314917,1.4,1.8,86.0,2,4,191.0,4,9,181,1
2019,5,hulkenberg,Nico Hülkenberg,renault,Renault,16.0,0,14.0,11.666666666666666,10.192546583850932,15.6,12.4,6.0,0,0,12.0,0,0,162,13
2019,5,kevin_magnussen,Kevin Magnussen,haas,Haas F1 Team,8.0,8,13.0,12.337209302325581,12.635294117647058,11.0,9.6,8.0,0,0,9.0,0,0,86,7
2019,5,kubica,Robert Kubica,williams,Williams,20.0,17,16.0,9.73913043478261,9.08695652173913,14.2,17.4,0.0,0,0,0.0,0,0,23,18
2019,5,kvyat,Daniil Kvyat,toro_rosso,Toro Rosso,9.0,9,19.0,12.717948717948717,11.41025641025641,14.0,11.8,1.0,0,0,4.0,0,0,78,9
2019,5,leclerc,Charles Leclerc,ferrari,Ferrari,5.0,5,5.0,11.12,11.24,5.0,5.4,47.0,0,1,99.0,0,3,25,5
2019,5,max_verstappen,Max Verstappen,red_bull,Red Bull,4.0,4,4.0,8.070588235294117,7.08235294117647,3.6,4.8,51.0,0,1,72.0,0,1,85,3
2019,5,norris,Lando Norris,mclaren,McLaren,11.0,10,8.0,11.0,10.0,11.0,10.0,12.0,0,0,18.0,0,0,4,20
2019,5,perez,Sergio Pérez,racing_point,Racing Point,15.0,15,6.0,10.527950310559007,11.075,9.0,11.0,13.0,0,0,17.0,0,0,161,15
2019,5,raikkonen,Kimi Räikkönen,alfa,Alfa Romeo,14.0,14,10.0,7.191489361702128,6.432624113475177,10.6,10.8,13.0,0,0,13.0,0,0,141,14
2019,5,ricciardo,Daniel Ricciardo,renault,Renault,10.0,13,20.0,9.811688311688311,9.026143790849673,13.6,9.2,6.0,0,0,12.0,0,0,154,12
2019,5,russell,George Russell,williams,Williams,19.0,19,15.0,15.5,18.0,15.5,18.0,0.0,0,0,0.0,0,0,4,17
2019,5,sainz,Carlos Sainz,mclaren,McLaren,13.0,12,7.0,11.929411764705883,11.261904761904763,13.2,12.0,6.0,0,0,18.0,0,0,85,8
2019,5,stroll,Lance Stroll,racing_point,Racing Point,17.0,16,9.0,13.155555555555555,16.133333333333333,11.4,16.8,4.0,0,0,17.0,0,0,45,19
2019,5,vettel,Sebastian Vettel,ferrari,Ferrari,3.0,3,3.0,4.8121546961325965,3.6055555555555556,3.4,2.8,52.0,0,2,109.0,0,3,181,4
2019,6,albon,Alexander Albon,toro_rosso,Toro Rosso,10.0,10,11.0,11.0,12.25,11.0,12.25,3.0,0,0,6.0,0,0,5,8
2019,6,bottas,Valtteri Bottas,mercedes,Mercedes,2.0,2,2.0,7.524193548387097,6.733870967741935,1.6,1.8,105.0,2,5,217.0,5,10,124,3
2019,6,gasly,Pierre Gasly,red_bull,Red Bull,5.0,8,6.0,12.451612903225806,13.3,9.6,12.4,21.0,0,0,87.0,0,2,31,5
2019,6,giovinazzi,Antonio Giovinazzi,alfa,Alfa Romeo,15.0,18,16.0,14.285714285714286,14.5,13.8,14.0,0.0,0,0,13.0,0,0,7,19
2019,6,grosjean,Romain Grosjean,haas,Haas F1 Team,13.0,13,10.0,12.552447552447552,11.090909090909092,15.4,9.2,1.0,0,0,15.0,0,0,143,10
2019,6,hamilton,Lewis Hamilton,mercedes,Mercedes,1.0,1,1.0,4.818681318681318,3.2967032967032965,1.4,2.0,112.0,3,5,232.0,5,11,182,1
2019,6,hulkenberg,Nico Hülkenberg,renault,Renault,11.0,11,13.0,11.674846625766872,10.228395061728396,14.2,13.6,6.0,0,0,12.0,0,0,163,13
2019,6,kevin_magnussen,Kevin Magnussen,haas,Haas F1 Team,6.0,5,7.0,12.275862068965518,12.581395348837209,10.4,8.6,14.0,0,0,16.0,0,0,87,14
2019,6,kubica,Robert Kubica,williams,Williams,20.0,20,18.0,10.083333333333334,9.541666666666666,16.8,19.2,0.0,0,0,0.0,0,0,24,18
2019,6,kvyat,Daniil Kvyat,toro_rosso,Toro Rosso,8.0,7,9.0,12.670886075949367,11.379746835443038,13.8,11.2,3.0,0,0,10.0,0,0,79,7
2019,6,leclerc,Charles Leclerc,ferrari,Ferrari,16.0,15,5.0,10.884615384615385,11.0,4.6,4.8,57.0,0,1,121.0,0,3,26,20
2019,6,max_verstappen,Max Verstappen,red_bull,Red Bull,3.0,3,3.0,8.011627906976743,7.046511627906977,3.6,4.4,66.0,0,2,98.0,0,2,86,4
2019,6,norris,Lando Norris,mclaren,McLaren,12.0,12,20.0,12.8,10.2,12.8,10.2,12.0,0,0,22.0,0,0,5,11
2019,6,perez,Sergio Pérez,racing_point,Racing Point,17.0,16,15.0,10.555555555555555,11.099378881987578,10.4,11.2,13.0,0,0,17.0,0,0,162,12
2019,6,raikkonen,Kimi Räikkönen,alfa,Alfa Romeo,14.0,14,14.0,7.23943661971831,6.485915492957746,9.6,12.8,13.0,0,0,13.0,0,0,142,17
2019,6,ricciardo,Daniel Ricciardo,renault,Renault,7.0,6,12.0,9.825806451612904,9.032467532467532,15.2,10.2,6.0,0,0,12.0,0,0,155,9
2019,6,russell,George Russell,williams,Williams,19.0,19,17.0,15.8,18.2,15.8,18.2,0.0,0,0,0.0,0,0,5,15
2019,6,sainz,Carlos Sainz,mclaren,McLaren,9.0,9,8.0,11.883720930232558,11.282352941176471,13.6,12.4,10.0,0,0,22.0,0,0,86,6
2019,6,stroll,Lance Stroll,racing_point,Racing Point,18.0,17,19.0,13.282608695652174,16.152173913043477,12.6,16.2,4.0,0,0,17.0,0,0,46,16
2019,6,vettel,Sebastian Vettel,ferrari,Ferrari,4.0,4,4.0,4.8076923076923075,3.6022099447513813,3.8,2.8,64.0,0,2,121.0,0,3,182,2
2019,7,albon,Alexander Albon,toro_rosso,Toro Rosso,14.0,13,8.0,10.5,11.8,9.8,11.5,7.0,0,0,16.0,0,0,6,19
2019,7,bottas,Valtteri Bottas,mercedes,Mercedes,6.0,6,3.0,7.488,6.696,2.0,1.8,120.0,2,6,257.0,6,12,125,4
2019,7,gasly,Pierre Gasly,red_bull,Red Bull,5.0,5,5.0,12.21875,13.03225806451613,8.4,10.0,32.0,0,0,110.0,0,2,32,8
2019,7,giovinazzi,Antonio Giovinazzi,alfa,Alfa Romeo,13.0,12,19.0,14.875,14.571428571428571,14.6,14.25,0.0,0,0,13.0,0,0,8,13
2019,7,grosjean,Romain Grosjean,haas,Haas F1 Team,15.0,14,10.0,12.534722222222221,11.104166666666666,13.8,10.6,2.0,0,0,16.0,0,0,144,14
2019,7,hamilton,Lewis Hamilton,mercedes,Mercedes,2.0,2,1.0,4.797814207650274,3.2841530054644807,1.2,2.0,137.0,4,6,270.0,6,12,183,1
2019,7,hulkenberg,Nico Hülkenberg,renault,Renault,7.0,7,13.0,11.682926829268293,10.233128834355828,15.4,13.6,6.0,0,0,14.0,0,0,164,7
2019,7,kevin_magnussen,Kevin Magnussen,haas,Haas F1 Team,10.0,0,14.0,12.295454545454545,12.505747126436782,12.0,8.4,14.0,0,0,16.0,0,0,88,17
2019,7,kubica,Robert Kubica,williams,Williams,20.0,19,18.0,10.4,9.96,17.0,19.2,0.0,0,0,0.0,0,0,25,18
2019,7,kvyat,Daniil Kvyat,toro_rosso,Toro Rosso,12.0,10,7.0,12.6,11.3375,13.2,9.8,9.0,0,0,16.0,0,0,80,10
2019,7,leclerc,Charles Leclerc,ferrari,Ferrari,3.0,3,20.0,11.222222222222221,11.185185185185185,7.6,7.0,57.0,0,1,139.0,0,4,27,3
2019,7,max_verstappen,Max Verstappen,red_bull,Red Bull,11.0,9,4.0,7.9655172413793105,7.0,3.8,4.2,78.0,0,2,114.0,0,2,87,5
2019,7,norris,Lando Norris,mclaren,McLaren,8.0,8,11.0,12.5,10.5,12.6,11.0,12.0,0,0,30.0,0,0,6,20
2019,7,perez,Sergio Pérez,racing_point,Racing Point,16.0,15,12.0,10.56441717791411,11.135802469135802,10.2,12.6,13.0,0,0,17.0,0,0,163,12
2019,7,raikkonen,Kimi Räikkönen,alfa,Alfa Romeo,17.0,16,17.0,7.3076923076923075,6.538461538461538,11.4,13.8,13.0,0,0,13.0,0,0,143,15
2019,7,ricciardo,Daniel Ricciardo,renault,Renault,4.0,4,9.0,9.820512820512821,9.019354838709678,13.2,9.2,8.0,0,0,20.0,0,0,156,6
2019,7,russell,George Russell,williams,Williams,19.0,18,15.0,15.666666666666666,18.333333333333332,15.6,18.2,0.0,0,0,0.0,0,0,6,16
2019,7,sainz,Carlos Sainz,mclaren,McLaren,9.0,11,6.0,11.816091954022989,11.255813953488373,10.8,10.6,18.0,0,0,30.0,0,0,87,11
2019,7,stroll,Lance Stroll,racing_point,Racing Point,18.0,17,16.0,13.340425531914894,16.19148936170213,14.0,16.6,4.0,0,0,17.0,0,0,47,9
2019,7,vettel,Sebastian Vettel,ferrari,Ferrari,1.0,1,2.0,4.7923497267759565,3.6043956043956045,3.4,3.0,82.0,0,3,154.0,0,5,183,2
2019,8,albon,Alexander Albon,toro_rosso,Toro Rosso,11.0,11,19.0,11.714285714285714,12.166666666666666,11.8,12.0,7.0,0,0,17.0,0,0,7,15
2019,8,bottas,Valtteri Bottas,mercedes,Mercedes,2.0,2,4.0,7.4603174603174605,6.690476190476191,2.4,2.2,133.0,2,6,295.0,7,13,126,2
2019,8,gasly,Pierre Gasly,red_bull,Red Bull,9.0,9,8.0,12.090909090909092,12.78125,8.4,8.4,36.0,0,0,124.0,0,2,33,10
2019,8,giovinazzi,Antonio Giovinazzi,alfa,Alfa Romeo,10.0,10,13.0,14.666666666666666,14.375,15.0,13.5,0.0,0,0,13.0,0,0,9,16
2019,8,grosjean,Romain Grosjean,haas,Haas F1 Team,17.0,16,14.0,12.544827586206896,11.13103448275862,12.6,12.0,2.0,0,0,16.0,0,0,145,20
2019,8,hamilton,Lewis Hamilton,mercedes,Mercedes,1.0,1,1.0,4.7771739130434785,3.277173913043478,1.2,1.8,162.0,5,7,313.0,7,14,184,1
2019,8,hulkenberg,Nico Hülkenberg,renault,Renault,13.0,13,7.0,11.654545454545454,10.213414634146341,13.4,11.6,12.0,0,0,28.0,0,0,165,8
2019,8,kevin_magnussen,Kevin Magnussen,haas,Haas F1 Team,15.0,15,17.0,12.348314606741573,12.477272727272727,12.8,9.2,14.0,0,0,16.0,0,0,89,17
2019,8,kubica,Robert Kubica,williams,Williams,20.0,18,18.0,10.692307692307692,10.346153846153847,17.4,19.2,0.0,0,0,0.0,0,0,26,18
2019,8,kvyat,Daniil Kvyat,toro_rosso,Toro Rosso,16.0,19,10.0,12.567901234567902,11.345679012345679,12.8,9.2,10.0,0,0,17.0,0,0,81,14
2019,8,leclerc,Charles Leclerc,ferrari,Ferrari,3.0,3,3.0,10.928571428571429,10.892857142857142,7.6,7.4,72.0,0,2,172.0,0,6,28,3
2019,8,max_verstappen,Max Verstappen,red_bull,Red Bull,4.0,4,5.0,7.931818181818182,7.045454545454546,4.0,5.4,88.0,0,2,125.0,0,2,88,4
2019,8,norris,Lando Norris,mclaren,McLaren,5.0,5,20.0,13.571428571428571,10.142857142857142,15.4,10.6,12.0,0,0,30.0,0,0,7,9
2019,8,perez,Sergio Pérez,racing_point,Racing Point,14.0,14,12.0,10.573170731707316,11.16564417177914,10.6,13.0,13.0,0,0,19.0,0,0,164,12
2019,8,raikkonen,Kimi Räikkönen,alfa,Alfa Romeo,12.0,12,15.0,7.361111111111111,6.611111111111111,13.0,15.4,13.0,0,0,13.0,0,0,144,7
2019,8,ricciardo,Daniel Ricciardo,renault,Renault,8.0,8,6.0,9.796178343949045,8.987179487179487,10.8,7.8,16.0,0,0,32.0,0,0,157,11
2019,8,russell,George Russell,williams,Williams,19.0,20,16.0,15.714285714285714,18.428571428571427,15.8,18.2,0.0,0,0,0.0,0,0,7,19
2019,8,sainz,Carlos Sainz,mclaren,McLaren,6.0,6,11.0,11.806818181818182,11.229885057471265,9.2,11.0,18.0,0,0,32.0,0,0,88,6
2019,8,stroll,Lance Stroll,racing_point,Racing Point,18.0,17,9.0,13.25,16.229166666666668,13.0,16.6,6.0,0,0,19.0,0,0,48,13
2019,8,vettel,Sebastian Vettel,ferrari,Ferrari,7.0,7,2.0,4.7771739130434785,3.5901639344262297,2.8,2.8,100.0,0,4,187.0,0,7,184,5
2019,9,albon,Alexander Albon,toro_rosso,Toro Rosso,13.0,18,15.0,12.125,12.0,12.8,11.8,7.0,0,0,17.0,0,0,8,15
2019,9,bottas,Valtteri Bottas,mercedes,Mercedes,4.0,3,2.0,7.417322834645669,6.653543307086614,2.4,2.4,151.0,2,7,338.0,8,15,127,3
2019,9,gasly,Pierre Gasly,red_bull,Red Bull,9.0,8,10.0,12.029411764705882,12.666666666666666,9.2,9.0,37.0,0,0,137.0,0,2,34,7
2019,9,giovinazzi,Antonio Giovinazzi,alfa,Alfa Romeo,8.0,7,16.0,14.8,13.88888888888889,15.2,12.8,0.0,0,0,19.0,0,0,10,10
2019,9,grosjean,Romain Grosjean,haas,Haas F1 Team,11.0,11,20.0,12.595890410958905,11.17123287671233,14.4,13.4,2.0,0,0,16.0,0,0,146,16
2019,9,hamilton,Lewis Hamilton,mercedes,Mercedes,2.0,4,1.0,4.756756756756757,3.264864864864865,1.2,1.6,187.0,6,8,353.0,8,16,185,5
2019,9,hulkenberg,Nico Hülkenberg,renault,Renault,12.0,15,8.0,11.632530120481928,10.23030303030303,11.0,12.6,16.0,0,0,32.0,0,0,166,13
2019,9,kevin_magnussen,Kevin Magnussen,haas,Haas F1 Team,5.0,10,17.0,12.4,12.50561797752809,13.6,10.4,14.0,0,0,16.0,0,0,90,19
2019,9,kubica,Robert Kubica,williams,Williams,20.0,17,18.0,10.962962962962964,10.703703703703704,17.6,19.6,0.0,0,0,0.0,0,0,27,20
2019,9,kvyat,Daniil Kvyat,toro_rosso,Toro Rosso,18.0,16,14.0,12.585365853658537,11.402439024390244,11.8,10.2,10.0,0,0,17.0,0,0,82,17
2019,9,leclerc,Charles Leclerc,ferrari,Ferrari,1.0,1,3.0,10.655172413793103,10.620689655172415,7.2,7.2,87.0,0,3,198.0,0,7,29,2
2019,9,max_verstappen,Max Verstappen,red_bull,Red Bull,3.0,2,4.0,7.887640449438202,7.01123595505618,4.0,5.2,100.0,0,2,143.0,0,2,89,1
2019,9,norris,Lando Norris,mclaren,McLaren,6.0,5,9.0,13.0,9.5,13.6,8.6,14.0,0,0,40.0,0,0,8,6
2019,9,perez,Sergio Pérez,racing_point,Racing Point,16.0,13,12.0,10.581818181818182,11.182926829268293,11.4,13.4,13.0,0,0,19.0,0,0,165,11
2019,9,raikkonen,Kimi Räikkönen,alfa,Alfa Romeo,7.0,6,7.0,7.358620689655172,6.6482758620689655,12.6,15.2,19.0,0,0,20.0,0,0,145,9
2019,9,ricciardo,Daniel Ricciardo,renault,Renault,14.0,12,11.0,9.80379746835443,8.980891719745223,11.6,8.0,16.0,0,0,32.0,0,0,158,12
2019,9,russell,George Russell,williams,Williams,19.0,0,19.0,16.125,18.5,16.4,18.6,0.0,0,0,0.0,0,0,8,18
2019,9,sainz,Carlos Sainz,mclaren,McLaren,15.0,19,6.0,11.741573033707866,11.170454545454545,7.6,9.4,26.0,0,0,48.0,0,0,89,8
2019,9,stroll,Lance Stroll,racing_point,Racing Point,17.0,14,13.0,13.244897959183673,16.26530612244898,13.2,17.0,6.0,0,0,19.0,0,0,49,14
2019,9,vettel,Sebastian Vettel,ferrari,Ferrari,10.0,9,5.0,4.778378378378378,3.608695652173913,3.2,3.6,111.0,0,4,216.0,0,8,185,4
2019,10,albon,Alexander Albon,toro_rosso,Toro Rosso,9.0,9,15.0,12.444444444444445,12.125,13.6,12.0,7.0,0,0,17.0,0,0,9,12
2019,10,bottas,Valtteri Bottas,mercedes,Mercedes,1.0,1,3.0,7.3828125,6.6328125,2.8,3.0,166.0,2,8,363.0,8,16,128,2
2019,10,gasly,Pierre Gasly,red_bull,Red Bull,5.0,5,7.0,11.885714285714286,12.558823529411764,7.2,6.8,43.0,0,0,169.0,1,3,35,4
2019,10,giovinazzi,Antonio Giovinazzi,alfa,Alfa Romeo,11.0,11,10.0,14.363636363636363,13.3,14.8,12.8,1.0,0,0,22.0,0,0,11,18
2019,10,grosjean,Romain Grosjean,haas,Haas F1 Team,14.0,14,16.0,12.619047619047619,11.170068027210885,14.0,12.6,2.0,0,0,16.0,0,0,147,19
2019,10,hamilton,Lewis Hamilton,mercedes,Mercedes,2.0,2,5.0,4.758064516129032,3.2580645161290325,1.8,1.6,197.0,6,8,381.0,8,17,186,1
2019,10,hulkenberg,Nico Hülkenberg,renault,Renault,10.0,10,13.0,11.640718562874252,10.240963855421686,10.8,11.8,16.0,0,0,32.0,0,0,167,10
2019,10,kevin_magnussen,Kevin Magnussen,haas,Haas F1 Team,16.0,16,19.0,12.472527472527473,12.422222222222222,14.8,8.8,14.0,0,0,16.0,0,0,91,20
2019,10,kubica,Robert Kubica,williams,Williams,20.0,20,20.0,11.285714285714286,11.035714285714286,18.4,20.0,0.0,0,0,0.0,0,0,28,15
2019,10,kvyat,Daniil Kvyat,toro_rosso,Toro Rosso,17.0,17,17.0,12.63855421686747,11.481927710843374,11.4,12.6,10.0,0,0,17.0,0,0,83,9
2019,10,leclerc,Charles Leclerc,ferrari,Ferrari,3.0,3,2.0,10.366666666666667,10.3,6.6,5.6,105.0,0,4,228.0,0,8,30,3
2019,10,max_verstappen,Max Verstappen,red_bull,Red Bull,4.0,4,1.0,7.811111111111111,6.966666666666667,3.4,5.0,126.0,1,3,181.0,1,3,90,5
2019,10,norris,Lando Norris,mclaren,McLaren,8.0,8,6.0,12.222222222222221,9.11111111111111,13.2,8.4,22.0,0,0,52.0,0,0,9,11
2019,10,perez,Sergio Pérez,racing_point,Racing Point,15.0,15,11.0,10.58433734939759,11.212121212121213,12.4,15.6,13.0,0,0,19.0,0,0,166,17
2019,10,raikkonen,Kimi Räikkönen,alfa,Alfa Romeo,12.0,12,9.0,7.36986301369863,6.6506849315068495,12.4,12.8,21.0,0,0,22.0,0,0,146,8
2019,10,ricciardo,Daniel Ricciardo,renault,Renault,7.0,7,12.0,9.817610062893081,9.012658227848101,10.0,8.6,16.0,0,0,33.0,0,0,159,7
2019,10,russell,George Russell,williams,Williams,19.0,19,18.0,16.333333333333332,18.555555555555557,17.0,19.0,0.0,0,0,0.0,0,0,9,14
2019,10,sainz,Carlos Sainz,mclaren,McLaren,13.0,13,8.0,11.7,11.213483146067416,7.8,10.4,30.0,0,0,52.0,0,0,90,6
2019,10,stroll,Lance Stroll,racing_point,Racing Point,18.0,18,14.0,13.26,16.28,14.2,17.6,6.0,0,0,19.0,0,0,50,13
2019,10,vettel,Sebastian Vettel,ferrari,Ferrari,6.0,6,4.0,4.774193548387097,3.6432432432432433,3.4,5.0,123.0,0,4,243.0,0,9,186,16
2019,11,albon,Alexander Albon,toro_rosso,Toro Rosso,17.0,16,12.0,12.4,11.777777777777779,13.8,11.4,7.0,0,0,19.0,0,0,10,6
2019,11,bottas,Valtteri Bottas,mercedes,Mercedes,3.0,3,2.0,7.341085271317829,6.589147286821706,2.8,3.0,184.0,2,9,407.0,9,18,129,15
2019,11,gasly,Pierre Gasly,red_bull,Red Bull,4.0,4,4.0,11.666666666666666,12.342857142857143,6.8,6.6,55.0,0,0,191.0,1,3,36,14
2019,11,giovinazzi,Antonio Giovinazzi,alfa,Alfa Romeo,11.0,11,18.0,14.666666666666666,13.090909090909092,15.2,11.4,1.0,0,0,26.0,0,0,12,13
2019,11,grosjean,Romain Grosjean,haas,Haas F1 Team,6.0,6,19.0,12.662162162162161,11.18918918918919,15.8,14.0,2.0,0,0,16.0,0,0,148,7
2019,11,hamilton,Lewis Hamilton,mercedes,Mercedes,1.0,1,1.0,4.737967914438503,3.251336898395722,1.8,1.6,223.0,7,9,407.0,9,18,187,9
2019,11,hulkenberg,Nico Hülkenberg,renault,Renault,9.0,9,10.0,11.630952380952381,10.239520958083832,10.2,10.6,17.0,0,0,39.0,0,0,168,16
2019,11,kevin_magnussen,Kevin Magnussen,haas,Haas F1 Team,12.0,12,20.0,12.554347826086957,12.461538461538462,17.4,10.4,14.0,0,0,22.0,0,0,92,8
2019,11,kubica,Robert Kubica,williams,Williams,19.0,18,15.0,11.413793103448276,11.344827586206897,17.8,20.0,0.0,0,0,0.0,0,0,29,10
2019,11,kvyat,Daniil Kvyat,toro_rosso,Toro Rosso,14.0,14,9.0,12.595238095238095,11.547619047619047,11.4,14.2,12.0,0,0,27.0,0,0,84,3
2019,11,leclerc,Charles Leclerc,ferrari,Ferrari,10.0,10,3.0,10.129032258064516,10.064516129032258,6.2,5.2,120.0,0,5,243.0,0,9,31,17
2019,11,max_verstappen,Max Verstappen,red_bull,Red Bull,2.0,2,5.0,7.78021978021978,6.934065934065934,3.8,5.0,136.0,1,3,191.0,1,3,91,1
2019,11,norris,Lando Norris,mclaren,McLaren,16.0,19,11.0,12.1,9.0,11.4,7.8,22.0,0,0,60.0,0,0,10,18
2019,11,perez,Sergio Pérez,racing_point,Racing Point,8.0,8,17.0,10.622754491017965,11.234939759036145,12.8,15.6,13.0,0,0,19.0,0,0,167,20
2019,11,raikkonen,Kimi Räikkönen,alfa,Alfa Romeo,5.0,5,8.0,7.374149659863946,6.687074829931973,11.2,12.4,25.0,0,0,26.0,0,0,147,12
2019,11,ricciardo,Daniel Ricciardo,renault,Renault,13.0,13,7.0,9.8,9.0,9.0,8.0,22.0,0,0,39.0,0,0,160,19
2019,11,russell,George Russell,williams,Williams,18.0,17,14.0,16.1,18.6,16.4,19.0,0.0,0,0,1.0,0,0,10,11
2019,11,sainz,Carlos Sainz,mclaren,McLaren,7.0,7,6.0,11.637362637362637,11.233333333333333,7.4,10.4,38.0,0,0,60.0,0,0,91,5
2019,11,stroll,Lance Stroll,racing_point,Racing Point,15.0,15,13.0,13.254901960784315,16.313725490196077,13.0,17.8,6.0,0,0,19.0,0,0,51,4
2019,11,vettel,Sebastian Vettel,ferrari,Ferrari,20.0,20,16.0,4.834224598930481,3.6559139784946235,5.8,5.6,123.0,0,4,243.0,0,9,187,2
2019,12,albon,Alexander Albon,toro_rosso,Toro Rosso,12.0,12,6.0,11.818181818181818,12.3,13.4,12.8,15.0,0,0,42.0,0,1,11,10
2019,12,bottas,Valtteri Bottas,mercedes,Mercedes,2.0,2,15.0,7.4,6.561538461538461,5.2,3.2,184.0,2,9,409.0,9,18,130,8
2019,12,gasly,Pierre Gasly,red_bull,Red Bull,6.0,6,14.0,11.72972972972973,12.11111111111111,8.6,6.4,55.0,0,0,217.0,2,4,37,6
2019,12,giovinazzi,Antonio Giovinazzi,alfa,Alfa Romeo,14.0,17,13.0,14.538461538461538,12.916666666666666,14.0,10.6,1.0,0,0,26.0,0,0,13,18
2019,12,grosjean,Romain Grosjean,haas,Haas F1 Team,9.0,9,7.0,12.624161073825503,11.154362416107382,15.2,12.6,8.0,0,0,26.0,0,0,149,20
2019,12,hamilton,Lewis Hamilton,mercedes,Mercedes,3.0,3,9.0,4.76063829787234,3.2393617021276597,3.4,1.6,225.0,7,9,413.0,9,18,188,1
2019,12,hulkenberg,Nico Hülkenberg,renault,Renault,11.0,11,16.0,11.65680473372781,10.232142857142858,10.8,10.2,17.0,0,0,39.0,0,0,169,12
2019,12,kevin_magnussen,Kevin Magnussen,haas,Haas F1 Team,15.0,14,8.0,12.505376344086022,12.456521739130435,16.2,11.6,18.0,0,0,26.0,0,0,93,13
2019,12,kubica,Robert Kubica,williams,Williams,20.0,19,10.0,11.366666666666667,11.6,16.2,19.8,1.0,0,0,1.0,0,0,30,19
2019,12,kvyat,Daniil Kvyat,toro_rosso,Toro Rosso,13.0,13,3.0,12.48235294117647,11.576470588235294,10.6,15.4,27.0,0,1,43.0,0,1,85,15
2019,12,leclerc,Charles Leclerc,ferrari,Ferrari,4.0,4,17.0,10.34375,10.0625,5.6,4.0,120.0,0,5,261.0,0,10,32,4
2019,12,max_verstappen,Max Verstappen,red_bull,Red Bull,1.0,1,1.0,7.706521739130435,6.880434782608695,3.2,4.8,162.0,2,4,225.0,2,4,92,2
2019,12,norris,Lando Norris,mclaren,McLaren,7.0,7,18.0,12.636363636363637,9.636363636363637,12.8,8.6,22.0,0,0,70.0,0,0,11,9
2019,12,perez,Sergio Pérez,racing_point,Racing Point,17.0,16,20.0,10.678571428571429,11.215568862275449,14.4,13.8,13.0,0,0,31.0,0,0,168,11
2019,12,raikkonen,Kimi Räikkönen,alfa,Alfa Romeo,10.0,10,12.0,7.405405405405405,6.675675675675675,10.2,10.6,25.0,0,0,26.0,0,0,148,7
2019,12,ricciardo,Daniel Ricciardo,renault,Renault,18.0,20,19.0,9.857142857142858,9.025,11.0,9.2,22.0,0,0,39.0,0,0,161,14
2019,12,russell,George Russell,williams,Williams,16.0,15,11.0,15.636363636363637,18.545454545454547,15.6,18.8,0.0,0,0,1.0,0,0,11,16
2019,12,sainz,Carlos Sainz,mclaren,McLaren,8.0,8,5.0,11.565217391304348,11.186813186813186,7.2,10.0,48.0,0,0,72.0,0,0,92,5
2019,12,stroll,Lance Stroll,racing_point,Racing Point,19.0,18,4.0,13.076923076923077,16.28846153846154,10.6,17.2,18.0,0,0,31.0,0,0,52,17
2019,12,vettel,Sebastian Vettel,ferrari,Ferrari,5.0,5,2.0,4.819148936170213,3.7433155080213902,5.8,8.8,141.0,0,5,273.0,0,10,188,3
2019,13,albon,Alexander Albon,red_bull,Red Bull,14.0,17,10.0,11.666666666666666,12.272727272727273,11.6,12.4,16.0,0,0,244.0,2,5,12,5
2019,13,bottas,Valtteri Bottas,mercedes,Mercedes,4.0,4,8.0,7.404580152671755,6.526717557251908,6.0,2.4,188.0,2,9,438.0,10,19,131,3
2019,13,gasly,Pierre Gasly,toro_rosso,Toro Rosso,16.0,13,6.0,11.578947368421053,11.945945945945946,8.2,6.6,63.0,0,0,43.0,0,1,38,9
2019,13,giovinazzi,Antonio Giovinazzi,alfa,Alfa Romeo,15.0,18,18.0,14.785714285714286,13.0,15.0,10.8,1.0,0,0,32.0,0,0,14,18
2019,13,grosjean,Romain Grosjean,haas,Haas F1 Team,11.0,9,20.0,12.673333333333334,11.14,16.4,11.4,8.0,0,0,26.0,0,0,150,13
2019,13,hamilton,Lewis Hamilton,mercedes,Mercedes,3.0,3,1.0,4.7407407407407405,3.238095238095238,3.4,1.8,250.0,8,10,453.0,10,20,189,2
2019,13,hulkenberg,Nico Hülkenberg,renault,Renault,7.0,12,12.0,11.658823529411764,10.236686390532544,11.8,11.0,17.0,0,0,39.0,0,0,170,8
2019,13,kevin_magnussen,Kevin Magnussen,haas,Haas F1 Team,10.0,8,13.0,12.51063829787234,12.483870967741936,15.4,12.6,18.0,0,0,26.0,0,0,94,12
2019,13,kubica,Robert Kubica,williams,Williams,20.0,0,19.0,11.612903225806452,11.870967741935484,16.4,19.8,1.0,0,0,1.0,0,0,31,17
2019,13,kvyat,Daniil Kvyat,toro_rosso,Toro Rosso,18.0,19,15.0,12.511627906976743,11.593023255813954,11.6,15.6,27.0,0,1,45.0,0,1,86,7
2019,13,leclerc,Charles Leclerc,ferrari,Ferrari,1.0,1,4.0,10.151515151515152,9.878787878787879,5.8,4.2,132.0,0,5,288.0,0,11,33,1
2019,13,max_verstappen,Max Verstappen,red_bull,Red Bull,5.0,5,2.0,7.645161290322581,6.817204301075269,2.6,2.8,181.0,2,5,254.0,2,5,93,20
2019,13,norris,Lando Norris,mclaren,McLaren,12.0,11,9.0,12.333333333333334,9.416666666666666,10.6,8.4,24.0,0,0,82.0,0,0,12,11
2019,13,perez,Sergio Pérez,racing_point,Racing Point,9.0,7,11.0,10.680473372781066,11.25,14.2,14.0,13.0,0,0,31.0,0,0,169,6
2019,13,raikkonen,Kimi Räikkönen,alfa,Alfa Romeo,8.0,6,7.0,7.402684563758389,6.697986577181208,8.6,9.2,31.0,0,0,32.0,0,0,149,16
2019,13,ricciardo,Daniel Ricciardo,renault,Renault,6.0,10,14.0,9.882716049382717,9.080745341614907,12.6,12.0,22.0,0,0,43.0,0,0,162,14
2019,13,russell,George Russell,williams,Williams,19.0,14,16.0,15.666666666666666,18.333333333333332,15.6,18.2,0.0,0,0,1.0,0,0,12,15
2019,13,sainz,Carlos Sainz,mclaren,McLaren,17.0,15,5.0,11.494623655913978,11.152173913043478,6.0,9.8,58.0,0,0,82.0,0,0,93,19
2019,13,stroll,Lance Stroll,racing_point,Racing Point,13.0,16,17.0,13.150943396226415,16.339622641509433,12.2,17.4,18.0,0,0,39.0,0,0,53,10
2019,13,vettel,Sebastian Vettel,ferrari,Ferrari,2.0,2,3.0,4.809523809523809,3.75,6.0,9.6,156.0,0,6,313.0,1,12,189,4
2019,14,albon,Alexander Albon,red_bull,Red Bull,8.0,8,5.0,11.153846153846153,12.416666666666666,9.6,13.0,26.0,0,0,254.0,2,5,13,6
2019,14,bottas,Valtteri Bottas,mercedes,Mercedes,3.0,3,3.0,7.371212121212121,6.507575757575758,6.2,2.8,203.0,2,10,471.0,10,21,132,2
2019,14,gasly,Pierre Gasly,toro_rosso,Toro Rosso,15.0,17,9.0,11.512820512820513,12.052631578947368,8.0,8.0,65.0,0,0,51.0,0,1,39,11
2019,14,giovinazzi,Antonio Giovinazzi,alfa,Alfa Romeo,11.0,10,18.0,15.0,13.142857142857142,15.4,11.8,1.0,0,0,32.0,0,0,15,9
2019,14,grosjean,Romain Grosjean,haas,Haas F1 Team,16.0,13,13.0,12.675496688741722,11.139072847682119,15.0,10.2,8.0,0,0,26.0,0,0,151,16
2019,14,hamilton,Lewis Hamilton,mercedes,Mercedes,2.0,2,2.0,4.726315789473684,3.236842105263158,3.6,2.2,268.0,8,11,489.0,10,22,190,3
2019,14,hulkenberg,Nico Hülkenberg,renault,Renault,6.0,6,8.0,11.637426900584796,10.217647058823529,11.8,9.8,21.0,0,0,43.0,0,0,171,5
2019,14,kevin_magnussen,Kevin Magnussen,haas,Haas F1 Team,12.0,11,12.0,12.505263157894737,12.457446808510639,14.4,11.6,18.0,0,0,26.0,0,0,95,18
2019,14,kubica,Robert Kubica,williams,Williams,19.0,15,17.0,11.78125,12.125,16.2,19.8,1.0,0,0,1.0,0,0,32,17
2019,14,kvyat,Daniil Kvyat,toro_rosso,Toro Rosso,13.0,12,7.0,12.448275862068966,11.666666666666666,10.2,16.0,33.0,0,1,51.0,0,1,87,19
2019,14,leclerc,Charles Leclerc,ferrari,Ferrari,1.0,1,1.0,9.882352941176471,9.617647058823529,5.4,3.8,157.0,1,6,326.0,1,12,34,1
2019,14,max_verstappen,Max Verstappen,red_bull,Red Bull,20.0,19,20.0,7.776595744680851,6.797872340425532,5.8,3.0,181.0,2,5,262.0,2,5,94,8
2019,14,norris,Lando Norris,mclaren,McLaren,14.0,16,11.0,12.23076923076923,9.615384615384615,11.0,9.8,24.0,0,0,82.0,0,0,13,10
2019,14,perez,Sergio Pérez,racing_point,Racing Point,17.0,18,6.0,10.652941176470588,11.236686390532544,13.0,13.0,21.0,0,0,40.0,0,0,170,7
2019,14,raikkonen,Kimi Räikkönen,alfa,Alfa Romeo,10.0,0,16.0,7.46,6.706666666666667,10.4,8.4,31.0,0,0,34.0,0,0,150,15
2019,14,ricciardo,Daniel Ricciardo,renault,Renault,5.0,5,14.0,9.9079754601227,9.061728395061728,13.2,11.6,22.0,0,0,53.0,0,0,163,4
2019,14,russell,George Russell,williams,Williams,18.0,14,15.0,15.615384615384615,18.384615384615383,14.8,18.2,0.0,0,0,1.0,0,0,13,14
2019,14,sainz,Carlos Sainz,mclaren,McLaren,7.0,7,19.0,11.574468085106384,11.21505376344086,8.6,12.0,58.0,0,0,83.0,0,0,94,20
2019,14,stroll,Lance Stroll,racing_point,Racing Point,9.0,9,10.0,13.092592592592593,16.27777777777778,11.6,16.4,19.0,0,0,46.0,0,0,54,12
2019,14,vettel,Sebastian Vettel,ferrari,Ferrari,4.0,4,4.0,4.8052631578947365,3.740740740740741,5.8,8.6,169.0,0,6,351.0,2,13,190,13
2019,15,albon,Alexander Albon,red_bull,Red Bull,6.0,6,6.0,10.785714285714286,12.076923076923077,7.8,12.0,34.0,0,0,266.0,2,5,14,6
2019,15,bottas,Valtteri Bottas,mercedes,Mercedes,5.0,5,2.0,7.330827067669173,6.481203007518797,6.0,2.6,221.0,2,11,505.0,10,23,133,5
2019,15,gasly,Pierre Gasly,toro_rosso,Toro Rosso,12.0,11,11.0,11.5,12.128205128205128,8.8,9.2,65.0,0,0,51.0,0,1,40,8
2019,15,giovinazzi,Antonio Giovinazzi,alfa,Alfa Romeo,11.0,10,9.0,14.625,13.0,15.2,12.4,3.0,0,0,34.0,0,0,16,10
2019,15,grosjean,Romain Grosjean,haas,Haas F1 Team,17.0,17,16.0,12.697368421052632,11.171052631578947,15.0,11.2,8.0,0,0,26.0,0,0,152,11
2019,15,hamilton,Lewis Hamilton,mercedes,Mercedes,2.0,2,3.0,4.717277486910994,3.230366492146597,3.2,2.2,284.0,8,12,515.0,10,23,191,4
2019,15,hulkenberg,Nico Hülkenberg,renault,Renault,8.0,8,5.0,11.598837209302326,10.192982456140351,10.2,8.6,31.0,0,0,65.0,0,0,172,9
2019,15,kevin_magnussen,Kevin Magnussen,haas,Haas F1 Team,14.0,13,18.0,12.5625,12.452631578947368,14.2,13.0,18.0,0,0,26.0,0,0,96,17
2019,15,kubica,Robert Kubica,williams,Williams,19.0,19,17.0,11.93939393939394,12.333333333333334,15.6,19.6,1.0,0,0,1.0,0,0,33,16
2019,15,kvyat,Daniil Kvyat,toro_rosso,Toro Rosso,15.0,14,19.0,12.522727272727273,11.681818181818182,10.6,15.0,33.0,0,1,55.0,0,1,88,15
2019,15,leclerc,Charles Leclerc,ferrari,Ferrari,1.0,1,1.0,9.628571428571428,9.371428571428572,5.2,3.8,182.0,2,7,351.0,2,13,35,2
2019,15,max_verstappen,Max Verstappen,red_bull,Red Bull,4.0,4,8.0,7.778947368421052,6.936842105263158,7.2,6.4,185.0,2,5,274.0,2,5,95,3
2019,15,norris,Lando Norris,mclaren,McLaren,9.0,9,10.0,12.071428571428571,9.928571428571429,11.8,11.4,25.0,0,0,83.0,0,0,14,7
2019,15,perez,Sergio Pérez,racing_point,Racing Point,10.0,15,7.0,10.631578947368421,11.270588235294118,12.2,13.2,27.0,0,0,46.0,0,0,171,19
2019,15,raikkonen,Kimi Räikkönen,alfa,Alfa Romeo,13.0,12,15.0,7.509933774834437,6.728476821192053,11.6,9.0,31.0,0,0,35.0,0,0,151,18
2019,15,ricciardo,Daniel Ricciardo,renault,Renault,20.0,20,4.0,9.871951219512194,9.036809815950921,11.6,9.8,34.0,0,0,67.0,0,0,164,14
2019,15,russell,George Russell,williams,Williams,18.0,18,14.0,15.5,18.357142857142858,14.0,18.0,0.0,0,0,1.0,0,0,14,20
2019,15,sainz,Carlos Sainz,mclaren,McLaren,7.0,7,20.0,11.663157894736843,11.170212765957446,11.0,10.4,58.0,0,0,89.0,0,0,95,12
2019,15,stroll,Lance Stroll,racing_point,Racing Point,16.0,16,12.0,13.072727272727272,16.145454545454545,11.2,14.8,19.0,0,0,46.0,0,0,55,13
2019,15,vettel,Sebastian Vettel,ferrari,Ferrari,3.0,3,13.0,4.848167539267016,3.7421052631578946,7.6,7.4,169.0,0,6,369.0,2,14,191,1
2019,16,albon,Alexander Albon,red_bull,Red Bull,19.0,0,6.0,10.466666666666667,11.642857142857142,6.6,11.4,42.0,0,0,289.0,2,6,15,5
2019,16,bottas,Valtteri Bottas,mercedes,Mercedes,5.0,4,5.0,7.313432835820896,6.470149253731344,6.6,3.4,231.0,2,11,527.0,10,23,134,2
2019,16,gasly,Pierre Gasly,toro_rosso,Toro Rosso,11.0,16,8.0,11.414634146341463,12.125,9.6,10.6,69.0,0,0,55.0,0,1,41,14
2019,16,giovinazzi,Antonio Giovinazzi,alfa,Alfa Romeo,13.0,12,10.0,14.352941176470589,12.875,13.6,12.4,4.0,0,0,35.0,0,0,17,15
2019,16,grosjean,Romain Grosjean,haas,Haas F1 Team,9.0,8,11.0,12.686274509803921,11.209150326797385,13.4,11.8,8.0,0,0,26.0,0,0,153,20
2019,16,hamilton,Lewis Hamilton,mercedes,Mercedes,2.0,2,4.0,4.713541666666667,3.2239583333333335,3.8,2.2,296.0,8,12,545.0,10,24,192,1
2019,16,hulkenberg,Nico Hülkenberg,renault,Renault,7.0,6,9.0,11.583815028901734,10.180232558139535,10.0,8.2,33.0,0,0,67.0,0,0,173,10
2019,16,kevin_magnussen,Kevin Magnussen,haas,Haas F1 Team,14.0,13,17.0,12.608247422680412,12.46875,13.6,12.6,18.0,0,0,26.0,0,0,97,9
2019,16,kubica,Robert Kubica,williams,Williams,18.0,18,16.0,12.058823529411764,12.529411764705882,15.8,19.4,1.0,0,0,1.0,0,0,34,16
2019,16,kvyat,Daniil Kvyat,toro_rosso,Toro Rosso,20.0,19,15.0,12.55056179775281,11.719101123595506,11.8,14.6,33.0,0,1,55.0,0,1,89,12
2019,16,leclerc,Charles Leclerc,ferrari,Ferrari,1.0,1,2.0,9.416666666666666,9.13888888888889,5.0,3.4,200.0,2,8,394.0,3,15,36,3
2019,16,max_verstappen,Max Verstappen,red_bull,Red Bull,4.0,9,3.0,7.729166666666667,6.90625,6.8,6.4,200.0,2,6,299.0,2,6,96,4
2019,16,norris,Lando Norris,mclaren,McLaren,8.0,7,7.0,11.733333333333333,9.866666666666667,11.0,11.6,31.0,0,0,89.0,0,0,15,8
2019,16,perez,Sergio Pérez,racing_point,Racing Point,12.0,11,19.0,10.680232558139535,11.263157894736842,12.6,12.2,27.0,0,0,46.0,0,0,172,7
2019,16,raikkonen,Kimi Räikkönen,alfa,Alfa Romeo,16.0,15,18.0,7.578947368421052,6.769736842105263,13.6,9.2,31.0,0,0,35.0,0,0,152,13
2019,16,ricciardo,Daniel Ricciardo,renault,Renault,10.0,10,14.0,9.896969696969697,9.103658536585366,13.0,12.4,34.0,0,0,68.0,0,0,165,19
2019,16,russell,George Russell,williams,Williams,17.0,17,20.0,15.8,18.333333333333332,15.2,17.8,0.0,0,0,1.0,0,0,15,17
2019,16,sainz,Carlos Sainz,mclaren,McLaren,6.0,5,12.0,11.666666666666666,11.126315789473685,12.2,9.2,58.0,0,0,93.0,0,0,96,6
2019,16,stroll,Lance Stroll,racing_point,Racing Point,15.0,14,13.0,13.071428571428571,16.142857142857142,11.2,14.4,19.0,0,0,52.0,0,0,56,11
2019,16,vettel,Sebastian Vettel,ferrari,Ferrari,3.0,3,1.0,4.828125,3.738219895287958,4.6,6.8,194.0,1,7,409.0,3,16,192,18
2019,17,albon,Alexander Albon,red_bull,Red Bull,6.0,6,5.0,10.125,12.133333333333333,6.4,11.8,52.0,0,0,311.0,2,6,16,4
2019,17,bottas,Valtteri Bottas,mercedes,Mercedes,3.0,3,2.0,7.274074074074074,6.45925925925926,4.0,3.8,249.0,2,12,571.0,11,25,135,1
2019,17,gasly,Pierre Gasly,toro_rosso,Toro Rosso,9.0,9,14.0,11.476190476190476,12.097560975609756,9.6,12.0,69.0,0,0,55.0,0,1,42,7
2019,17,giovinazzi,Antonio Giovinazzi,alfa,Alfa Romeo,11.0,11,15.0,14.38888888888889,12.882352941176471,14.0,12.8,4.0,0,0,35.0,0,0,18,14
2019,17,grosjean,Romain Grosjean,haas,Haas F1 Team,10.0,10,20.0,12.733766233766234,11.194805194805195,16.0,12.4,8.0,0,0,28.0,0,0,154,13
2019,17,hamilton,Lewis Hamilton,mercedes,Mercedes,4.0,4,1.0,4.694300518134715,3.2176165803108807,2.2,2.4,322.0,9,13,596.0,12,26,193,3
2019,17,hulkenberg,Nico Hülkenberg,renault,Renault,15.0,15,10.0,11.574712643678161,10.16184971098266,8.8,7.8,34.0,0,0,68.0,0,0,174,20
2019,17,kevin_magnussen,Kevin Magnussen,haas,Haas F1 Team,19.0,19,9.0,12.571428571428571,12.484536082474227,13.8,13.0,20.0,0,0,28.0,0,0,98,15
2019,17,kubica,Robert Kubica,williams,Williams,20.0,0,16.0,12.17142857142857,12.685714285714285,17.0,19.2,1.0,0,0,1.0,0,0,35,17
2019,17,kvyat,Daniil Kvyat,toro_rosso,Toro Rosso,14.0,14,12.0,12.544444444444444,11.811111111111112,13.6,15.8,33.0,0,1,61.0,0,1,90,10
2019,17,leclerc,Charles Leclerc,ferrari,Ferrari,2.0,2,3.0,9.243243243243244,8.91891891891892,2.2,1.6,215.0,2,9,409.0,3,16,37,6
2019,17,max_verstappen,Max Verstappen,red_bull,Red Bull,5.0,5,4.0,7.690721649484536,6.876288659793815,7.4,6.8,212.0,2,6,323.0,2,6,97,18
2019,17,norris,Lando Norris,mclaren,McLaren,8.0,8,8.0,11.5,9.75,9.0,10.0,35.0,0,0,101.0,0,0,16,11
2019,17,perez,Sergio Pérez,racing_point,Racing Point,17.0,17,7.0,10.658959537572255,11.267441860465116,10.0,13.0,33.0,0,0,52.0,0,0,173,8
2019,17,raikkonen,Kimi Räikkönen,alfa,Alfa Romeo,13.0,13,13.0,7.61437908496732,6.830065359477124,13.8,11.4,31.0,0,0,35.0,0,0,153,12
2019,17,ricciardo,Daniel Ricciardo,renault,Renault,16.0,16,19.0,9.951807228915662,9.10909090909091,13.0,11.8,34.0,0,0,68.0,0,0,166,19
2019,17,russell,George Russell,williams,Williams,18.0,18,17.0,15.875,18.25,16.4,17.6,0.0,0,0,1.0,0,0,16,16
2019,17,sainz,Carlos Sainz,mclaren,McLaren,7.0,7,6.0,11.608247422680412,11.072916666666666,12.4,9.0,66.0,0,0,101.0,0,0,97,5
2019,17,stroll,Lance Stroll,racing_point,Racing Point,12.0,12,11.0,13.035087719298245,16.12280701754386,12.6,14.4,19.0,0,0,56.0,0,0,57,9
2019,17,vettel,Sebastian Vettel,ferrari,Ferrari,1.0,1,18.0,4.896373056994818,3.734375,7.8,3.4,194.0,1,7,417.0,3,16,193,2
2019,18,albon,Alexander Albon,red_bull,Red Bull,5.0,5,4.0,9.764705882352942,11.75,5.2,10.6,64.0,0,0,323.0,2,6,17,5
2019,18,bottas,Valtteri Bottas,mercedes,Mercedes,6.0,6,1.0,7.227941176470588,6.4338235294117645,2.6,4.0,274.0,3,13,612.0,12,27,136,3
2019,18,gasly,Pierre Gasly,toro_rosso,Toro Rosso,10.0,10,7.0,11.372093023255815,12.023809523809524,9.8,12.6,75.0,0,0,62.0,0,1,43,9
2019,18,giovinazzi,Antonio Giovinazzi,alfa,Alfa Romeo,15.0,15,14.0,14.368421052631579,12.777777777777779,13.2,12.2,4.0,0,0,35.0,0,0,19,14
2019,18,grosjean,Romain Grosjean,haas,Haas F1 Team,18.0,18,13.0,12.735483870967743,11.187096774193549,14.6,12.6,8.0,0,0,28.0,0,0,155,17
2019,18,hamilton,Lewis Hamilton,mercedes,Mercedes,4.0,3,3.0,4.685567010309279,3.2216494845360826,2.6,2.6,338.0,9,14,627.0,12,28,194,1
2019,18,hulkenberg,Nico Hülkenberg,renault,Renault,12.0,12,20.0,11.622857142857143,10.189655172413794,10.4,8.6,34.0,0,0,68.0,0,0,175,10
2019,18,kevin_magnussen,Kevin Magnussen,haas,Haas F1 Team,17.0,17,15.0,12.595959595959595,12.551020408163266,14.2,13.8,20.0,0,0,28.0,0,0,99,15
2019,18,kubica,Robert Kubica,williams,Williams,20.0,20,17.0,12.305555555555555,12.88888888888889,16.6,19.2,1.0,0,0,1.0,0,0,36,18
2019,18,kvyat,Daniil Kvyat,toro_rosso,Toro Rosso,9.0,9,10.0,12.516483516483516,11.835164835164836,12.6,16.0,34.0,0,1,64.0,0,1,91,11
2019,18,leclerc,Charles Leclerc,ferrari,Ferrari,2.0,1,6.0,9.157894736842104,8.736842105263158,2.6,1.2,223.0,2,9,435.0,3,17,38,4
2019,18,max_verstappen,Max Verstappen,red_bull,Red Bull,1.0,4,18.0,7.795918367346939,6.857142857142857,10.6,7.6,212.0,2,6,333.0,2,6,98,6
2019,18,norris,Lando Norris,mclaren,McLaren,8.0,8,11.0,11.470588235294118,9.647058823529411,9.4,10.2,35.0,0,0,111.0,0,0,17,20
2019,18,perez,Sergio Pérez,racing_point,Racing Point,11.0,11,8.0,10.64367816091954,11.300578034682081,9.4,13.0,37.0,0,0,58.0,0,0,174,7
2019,18,raikkonen,Kimi Räikkönen,alfa,Alfa Romeo,14.0,14,12.0,7.642857142857143,6.87012987012987,14.8,12.0,31.0,0,0,35.0,0,0,154,19
2019,18,ricciardo,Daniel Ricciardo,renault,Renault,13.0,13,19.0,10.005988023952096,9.150602409638553,14.0,11.4,34.0,0,0,69.0,0,0,167,8
2019,18,russell,George Russell,williams,Williams,19.0,19,16.0,15.882352941176471,18.235294117647058,16.4,18.0,0.0,0,0,1.0,0,0,17,16
2019,18,sainz,Carlos Sainz,mclaren,McLaren,7.0,7,5.0,11.540816326530612,11.030927835051546,12.4,8.8,76.0,0,0,111.0,0,0,98,13
2019,18,stroll,Lance Stroll,racing_point,Racing Point,16.0,16,9.0,12.96551724137931,16.051724137931036,11.0,13.0,21.0,0,0,64.0,0,0,58,12
2019,18,vettel,Sebastian Vettel,ferrari,Ferrari,3.0,2,2.0,4.881443298969073,3.7202072538860103,7.6,2.6,212.0,1,8,448.0,3,17,194,2
2019,19,albon,Alexander Albon,red_bull,Red Bull,6.0,6,5.0,9.5,11.352941176470589,5.2,8.8,74.0,0,0,341.0,2,6,18,5
2019,19,bottas,Valtteri Bottas,mercedes,Mercedes,1.0,1,3.0,7.197080291970803,6.430656934306569,2.6,4.4,289.0,3,14,652.0,13,29,137,1
2019,19,gasly,Pierre Gasly,toro_rosso,Toro Rosso,10.0,10,9.0,11.318181818181818,11.976744186046512,9.8,11.4,77.0,0,0,64.0,0,1,44,16
2019,19,giovinazzi,Antonio Giovinazzi,alfa,Alfa Romeo,16.0,16,14.0,14.35,12.894736842105264,12.4,12.2,4.0,0,0,35.0,0,0,20,14
2019,19,grosjean,Romain Grosjean,haas,Haas F1 Team,15.0,15,17.0,12.762820512820513,11.23076923076923,15.4,14.0,8.0,0,0,28.0,0,0,156,15
2019,19,hamilton,Lewis Hamilton,mercedes,Mercedes,5.0,5,1.0,4.666666666666667,3.2256410256410257,2.4,2.8,363.0,10,15,677.0,14,30,195,2
2019,19,hulkenberg,Nico Hülkenberg,renault,Renault,11.0,11,10.0,11.613636363636363,10.2,10.8,9.6,35.0,0,0,73.0,0,0,176,9
2019,19,kevin_magnussen,Kevin Magnussen,haas,Haas F1 Team,12.0,12,15.0,12.62,12.595959595959595,14.8,15.2,20.0,0,0,28.0,0,0,100,18
2019,19,kubica,Robert Kubica,williams,Williams,20.0,19,18.0,12.45945945945946,13.08108108108108,16.8,19.2,1.0,0,0,1.0,0,0,37,19
2019,19,kvyat,Daniil Kvyat,toro_rosso,Toro Rosso,13.0,13,11.0,12.5,11.804347826086957,13.4,14.2,34.0,0,1,64.0,0,1,92,12
2019,19,leclerc,Charles Leclerc,ferrari,Ferrari,4.0,4,4.0,9.025641025641026,8.564102564102564,3.2,1.4,236.0,2,9,466.0,3,18,39,4
2019,19,max_verstappen,Max Verstappen,red_bull,Red Bull,3.0,3,6.0,7.777777777777778,6.797979797979798,7.8,6.8,220.0,2,6,351.0,2,6,99,3
2019,19,norris,Lando Norris,mclaren,McLaren,8.0,8,20.0,11.944444444444445,9.555555555555555,11.2,9.4,35.0,0,0,111.0,0,0,18,7
2019,19,perez,Sergio Pérez,racing_point,Racing Point,19.0,0,7.0,10.622857142857143,11.298850574712644,9.6,13.4,43.0,0,0,64.0,0,0,175,10
2019,19,raikkonen,Kimi Räikkönen,alfa,Alfa Romeo,17.0,17,19.0,7.716129032258064,6.916129032258064,15.4,13.2,31.0,0,0,35.0,0,0,155,11
2019,19,ricciardo,Daniel Ricciardo,renault,Renault,9.0,9,8.0,9.994047619047619,9.173652694610778,12.8,12.8,38.0,0,0,75.0,0,0,168,6
2019,19,russell,George Russell,williams,Williams,18.0,18,16.0,15.88888888888889,18.27777777777778,16.6,18.0,0.0,0,0,1.0,0,0,18,17
2019,19,sainz,Carlos Sainz,mclaren,McLaren,7.0,7,13.0,11.555555555555555,10.989795918367347,11.2,6.8,76.0,0,0,117.0,0,0,99,8
2019,19,stroll,Lance Stroll,racing_point,Racing Point,14.0,14,12.0,12.94915254237288,16.050847457627118,11.4,13.6,21.0,0,0,65.0,0,0,59,13
2019,19,vettel,Sebastian Vettel,ferrari,Ferrari,2.0,2,2.0,4.866666666666666,3.716494845360825,7.2,2.8,230.0,1,9,479.0,3,18,195,20
2019,20,albon,Alexander Albon,red_bull,Red Bull,6.0,5,5.0,9.263157894736842,11.055555555555555,5.0,8.4,84.0,0,0,366.0,2,7,19,14
2019,20,bottas,Valtteri Bottas,mercedes,Mercedes,5.0,4,1.0,7.1521739130434785,6.391304347826087,2.4,4.0,314.0,4,15,695.0,14,31,138,20
2019,20,gasly,Pierre Gasly,toro_rosso,Toro Rosso,7.0,6,16.0,11.422222222222222,11.931818181818182,10.8,10.4,77.0,0,0,64.0,0,1,45,2
2019,20,giovinazzi,Antonio Giovinazzi,alfa,Alfa Romeo,13.0,12,14.0,14.333333333333334,13.05,13.4,13.2,4.0,0,0,35.0,0,0,21,5
2019,20,grosjean,Romain Grosjean,haas,Haas F1 Team,8.0,7,15.0,12.777070063694268,11.254777070063694,15.2,13.8,8.0,0,0,28.0,0,0,157,13
2019,20,hamilton,Lewis Hamilton,mercedes,Mercedes,3.0,3,2.0,4.653061224489796,3.2346938775510203,2.2,3.4,381.0,10,16,695.0,14,31,196,7
2019,20,hulkenberg,Nico Hülkenberg,renault,Renault,14.0,13,9.0,11.598870056497175,10.204545454545455,11.6,10.6,37.0,0,0,83.0,0,0,177,15
2019,20,kevin_magnussen,Kevin Magnussen,haas,Haas F1 Team,10.0,9,18.0,12.673267326732674,12.59,14.8,15.2,20.0,0,0,28.0,0,0,101,11
2019,20,kubica,Robert Kubica,williams,Williams,19.0,19,19.0,12.631578947368421,13.263157894736842,17.2,19.4,1.0,0,0,1.0,0,0,38,16
2019,20,kvyat,Daniil Kvyat,toro_rosso,Toro Rosso,16.0,16,12.0,12.494623655913978,11.817204301075268,12.0,14.2,34.0,0,1,82.0,0,2,93,10
2019,20,leclerc,Charles Leclerc,ferrari,Ferrari,4.0,14,4.0,8.9,8.45,3.8,2.0,249.0,2,9,479.0,3,18,40,18
2019,20,max_verstappen,Max Verstappen,red_bull,Red Bull,1.0,1,3.0,7.73,6.76,6.8,3.4,235.0,2,7,366.0,2,7,100,1
2019,20,norris,Lando Norris,mclaren,McLaren,11.0,10,7.0,11.68421052631579,9.473684210526315,10.6,8.2,41.0,0,0,121.0,0,0,19,8
2019,20,perez,Sergio Pérez,racing_point,Racing Point,15.0,15,10.0,10.619318181818182,11.342857142857143,10.2,13.8,44.0,0,0,65.0,0,0,176,9
2019,20,raikkonen,Kimi Räikkönen,alfa,Alfa Romeo,9.0,8,11.0,7.737179487179487,6.980769230769231,14.6,14.6,31.0,0,0,45.0,0,0,156,4
2019,20,ricciardo,Daniel Ricciardo,renault,Renault,12.0,11,6.0,9.970414201183432,9.172619047619047,13.2,13.6,46.0,0,0,83.0,0,0,169,6
2019,20,russell,George Russell,williams,Williams,18.0,18,17.0,15.947368421052632,18.263157894736842,17.2,18.0,0.0,0,0,1.0,0,0,19,12
2019,20,sainz,Carlos Sainz,mclaren,McLaren,20.0,20,8.0,11.52,10.94949494949495,8.8,6.8,80.0,0,0,125.0,0,0,100,3
2019,20,stroll,Lance Stroll,racing_point,Racing Point,17.0,17,13.0,12.95,16.016666666666666,11.6,14.6,21.0,0,0,67.0,0,0,60,19
2019,20,vettel,Sebastian Vettel,ferrari,Ferrari,2.0,2,20.0,4.9438775510204085,3.707692307692308,8.6,2.4,230.0,1,9,479.0,3,18,196,17
2019,21,albon,Alexander Albon,red_bull,Red Bull,6.0,5,14.0,9.5,10.789473684210526,6.6,8.4,84.0,0,0,391.0,3,8,20,6
2019,21,bottas,Valtteri Bottas,mercedes,Mercedes,2.0,20,20.0,7.244604316546763,6.381294964028777,5.4,4.0,314.0,4,15,701.0,14,31,139,4
2019,21,gasly,Pierre Gasly,toro_rosso,Toro Rosso,12.0,11,2.0,11.217391304347826,11.822222222222223,9.6,9.4,95.0,0,1,83.0,0,2,46,18
2019,21,giovinazzi,Antonio Giovinazzi,alfa,Alfa Romeo,17.0,16,5.0,13.909090909090908,13.047619047619047,12.4,13.6,14.0,0,0,57.0,0,0,22,16
2019,21,grosjean,Romain Grosjean,haas,Haas F1 Team,16.0,15,13.0,12.778481012658228,11.234177215189874,15.6,12.0,8.0,0,0,28.0,0,0,158,15
2019,21,hamilton,Lewis Hamilton,mercedes,Mercedes,1.0,1,7.0,4.66497461928934,3.233502538071066,2.8,3.6,387.0,10,16,713.0,14,31,197,1
2019,21,hulkenberg,Nico Hülkenberg,renault,Renault,10.0,9,15.0,11.617977528089888,10.225988700564972,12.8,11.8,37.0,0,0,91.0,0,0,178,12
2019,21,kevin_magnussen,Kevin Magnussen,haas,Haas F1 Team,15.0,14,11.0,12.656862745098039,12.564356435643564,13.6,14.4,20.0,0,0,28.0,0,0,102,14
2019,21,kubica,Robert Kubica,williams,Williams,20.0,19,16.0,12.717948717948717,13.41025641025641,17.2,19.4,1.0,0,0,1.0,0,0,39,19
2019,21,kvyat,Daniil Kvyat,toro_rosso,Toro Rosso,14.0,13,10.0,12.46808510638298,11.861702127659575,11.0,14.4,35.0,0,1,83.0,0,2,94,9
2019,21,leclerc,Charles Leclerc,ferrari,Ferrari,4.0,3,18.0,9.121951219512194,8.341463414634147,7.0,2.6,249.0,2,9,479.0,3,18,41,3
2019,21,max_verstappen,Max Verstappen,red_bull,Red Bull,3.0,2,1.0,7.663366336633663,6.702970297029703,6.4,2.8,260.0,3,8,399.0,3,8,101,2
2019,21,norris,Lando Norris,mclaren,McLaren,7.0,6,8.0,11.5,9.55,10.8,8.6,45.0,0,0,140.0,0,1,20,8
2019,21,perez,Sergio Pérez,racing_point,Racing Point,11.0,10,9.0,10.610169491525424,11.363636363636363,8.2,14.8,46.0,0,0,67.0,0,0,177,7
2019,21,raikkonen,Kimi Räikkönen,alfa,Alfa Romeo,18.0,17,4.0,7.713375796178344,6.993630573248407,11.8,13.8,43.0,0,0,57.0,0,0,157,13
2019,21,ricciardo,Daniel Ricciardo,renault,Renault,8.0,7,6.0,9.947058823529412,9.189349112426035,11.6,12.0,54.0,0,0,91.0,0,0,170,11
2019,21,russell,George Russell,williams,Williams,19.0,18,12.0,15.75,18.25,15.6,18.0,0.0,0,0,1.0,0,0,20,17
2019,21,sainz,Carlos Sainz,mclaren,McLaren,9.0,8,3.0,11.435643564356436,11.04,7.0,9.4,95.0,0,1,144.0,0,1,101,10
2019,21,stroll,Lance Stroll,racing_point,Racing Point,13.0,12,19.0,13.049180327868852,16.0327868852459,12.8,14.8,21.0,0,0,73.0,0,0,61,20
2019,21,vettel,Sebastian Vettel,ferrari,Ferrari,5.0,4,17.0,5.00507614213198,3.6989795918367347,11.8,2.2,230.0,1,9,494.0,3,19,197,5
2020,1,albon,Alexander Albon,red_bull,Red Bull,5.0,4,6.0,9.333333333333334,10.55,6.8,5.8,0.0,0,0,0.0,0,0,21,13
2020,1,bottas,Valtteri Bottas,mercedes,Mercedes,1.0,1,4.0,7.2214285714285715,6.35,5.8,3.4,0.0,0,0,0.0,0,0,140,1
2020,1,gasly,Pierre Gasly,alphatauri,AlphaTauri,12.0,12,18.0,11.361702127659575,11.826086956521738,10.4,9.6,0.0,0,0,0.0,0,0,47,7
2020,1,giovinazzi,Antonio Giovinazzi,alfa,Alfa Romeo,18.0,18,16.0,14.0,13.227272727272727,12.6,14.4,0.0,0,0,0.0,0,0,23,9
2020,1,grosjean,Romain Grosjean,haas,Haas F1 Team,15.0,15,15.0,12.79245283018868,11.264150943396226,14.6,13.4,0.0,0,0,0.0,0,0,159,16
2020,1,hamilton,Lewis Hamilton,mercedes,Mercedes,2.0,5,1.0,4.646464646464646,3.2222222222222223,2.8,3.4,0.0,0,0,25.0,1,1,198,4
2020,1,kevin_magnussen,Kevin Magnussen,haas,Haas F1 Team,16.0,16,14.0,12.669902912621358,12.588235294117647,14.6,14.6,0.0,0,0,0.0,0,0,103,17
2020,1,kvyat,Daniil Kvyat,alphatauri,AlphaTauri,13.0,13,9.0,12.43157894736842,11.884210526315789,10.4,13.2,0.0,0,0,6.0,0,0,95,12
2020,1,latifi,Nicholas Latifi,williams,Williams,20.0,20,20.0,20.0,20.0,20.0,20.0,0.0,0,0,0.0,0,0,0,11
2020,1,leclerc,Charles Leclerc,ferrari,Ferrari,7.0,7,3.0,8.976190476190476,8.238095238095237,7.0,3.2,0.0,0,0,0.0,0,0,42,2
2020,1,max_verstappen,Max Verstappen,red_bull,Red Bull,3.0,2,2.0,7.607843137254902,6.666666666666667,6.0,2.6,0.0,0,0,0.0,0,0,102,20
2020,1,norris,Lando Norris,mclaren,McLaren,4.0,3,8.0,11.333333333333334,9.428571428571429,10.8,8.4,0.0,0,0,0.0,0,0,21,3
2020,1,ocon,Esteban Ocon,renault,Renault,14.0,14,17.0,11.4,11.714285714285714,14.2,9.4,0.0,0,0,0.0,0,0,50,8
2020,1,perez,Sergio Pérez,racing_point,Racing Point,6.0,6,7.0,10.589887640449438,11.361581920903955,8.2,14.6,0.0,0,0,0.0,0,0,178,6
2020,1,raikkonen,Kimi Räikkönen,alfa,Alfa Romeo,19.0,19,13.0,7.746835443037975,7.063291139240507,11.8,14.2,0.0,0,0,2.0,0,0,158,14
2020,1,ricciardo,Daniel Ricciardo,renault,Renault,10.0,10,11.0,9.953216374269006,9.18235294117647,10.0,11.6,0.0,0,0,4.0,0,0,171,19
2020,1,russell,George Russell,williams,Williams,17.0,17,17.0,15.80952380952381,18.285714285714285,15.6,18.4,0.0,0,0,0.0,0,0,21,15
2020,1,sainz,Carlos Sainz,mclaren,McLaren,8.0,8,10.0,11.42156862745098,11.01980198019802,7.8,10.0,0.0,0,0,16.0,0,1,102,5
2020,1,stroll,Lance Stroll,racing_point,Racing Point,9.0,9,20.0,13.161290322580646,15.983870967741936,14.6,14.4,0.0,0,0,8.0,0,0,62,18
2020,1,vettel,Sebastian Vettel,ferrari,Ferrari,11.0,11,5.0,5.005050505050505,3.7055837563451774,9.2,2.6,0.0,0,0,18.0,0,1,198,10
2020,2,albon,Alexander Albon,red_bull,Red Bull,7.0,6,13.0,9.5,10.285714285714286,8.6,5.6,0.0,0,0,0.0,0,0,22,4
2020,2,bottas,Valtteri Bottas,mercedes,Mercedes,4.0,4,1.0,7.177304964539007,6.3120567375886525,5.8,3.0,25.0,1,1,37.0,1,1,141,2
2020,2,gasly,Pierre Gasly,alphatauri,AlphaTauri,8.0,7,7.0,11.270833333333334,11.829787234042554,10.4,10.2,6.0,0,0,6.0,0,0,48,15
2020,2,giovinazzi,Antonio Giovinazzi,alfa,Alfa Romeo,19.0,19,9.0,13.791666666666666,13.434782608695652,11.6,15.8,2.0,0,0,2.0,0,0,24,14
2020,2,grosjean,Romain Grosjean,haas,Haas F1 Team,20.0,0,16.0,12.8125,11.2875,15.2,14.4,0.0,0,0,0.0,0,0,160,13
2020,2,hamilton,Lewis Hamilton,mercedes,Mercedes,1.0,1,4.0,4.64321608040201,3.2160804020100504,3.0,3.0,12.0,0,0,55.0,1,2,199,1
2020,2,kevin_magnussen,Kevin Magnussen,haas,Haas F1 Team,15.0,15,17.0,12.711538461538462,12.62135922330097,15.0,14.0,0.0,0,0,0.0,0,0,104,12
2020,2,kvyat,Daniil Kvyat,alphatauri,AlphaTauri,14.0,13,12.0,12.427083333333334,11.895833333333334,10.8,13.0,0.0,0,0,6.0,0,0,96,10
2020,2,latifi,Nicholas Latifi,williams,Williams,18.0,18,11.0,11.0,20.0,11.0,20.0,0.0,0,0,0.0,0,0,1,17
2020,2,leclerc,Charles Leclerc,ferrari,Ferrari,11.0,14,2.0,8.813953488372093,8.209302325581396,6.2,4.2,18.0,0,1,19.0,0,1,43,19
2020,2,max_verstappen,Max Verstappen,red_bull,Red Bull,2.0,2,20.0,7.728155339805825,6.631067961165049,6.4,2.2,0.0,0,0,12.0,0,0,103,3
2020,2,norris,Lando Norris,mclaren,McLaren,6.0,9,3.0,10.954545454545455,9.181818181818182,9.2,7.6,16.0,0,1,26.0,0,1,22,5
2020,2,ocon,Esteban Ocon,renault,Renault,5.0,5,8.0,11.333333333333334,11.76,14.0,10.6,4.0,0,0,4.0,0,0,51,18
2020,2,perez,Sergio Pérez,racing_point,Racing Point,17.0,17,6.0,10.564245810055866,11.331460674157304,7.8,12.4,8.0,0,0,8.0,0,0,179,6
2020,2,raikkonen,Kimi Räikkönen,alfa,Alfa Romeo,16.0,16,14.0,7.786163522012578,7.138364779874214,12.2,15.4,0.0,0,0,2.0,0,0,159,11
2020,2,ricciardo,Daniel Ricciardo,renault,Renault,9.0,8,19.0,10.005813953488373,9.187134502923977,10.0,10.4,0.0,0,0,4.0,0,0,172,8
2020,2,russell,George Russell,williams,Williams,12.0,11,15.0,15.772727272727273,18.227272727272727,15.4,18.2,0.0,0,0,0.0,0,0,22,16
2020,2,sainz,Carlos Sainz,mclaren,McLaren,3.0,3,5.0,11.359223300970873,10.990196078431373,7.8,10.2,10.0,0,0,36.0,0,1,103,9
2020,2,stroll,Lance Stroll,racing_point,Racing Point,13.0,12,18.0,13.238095238095237,15.873015873015873,16.4,13.8,0.0,0,0,16.0,0,0,63,7
2020,2,vettel,Sebastian Vettel,ferrari,Ferrari,10.0,10,10.0,5.030150753768845,3.742424242424242,10.8,4.6,1.0,0,0,19.0,0,1,199,20
2020,3,albon,Alexander Albon,red_bull,Red Bull,13.0,13,4.0,9.26086956521739,10.136363636363637,8.4,6.0,12.0,0,0,27.0,0,1,23,5
2020,3,bottas,Valtteri Bottas,mercedes,Mercedes,2.0,2,2.0,7.140845070422535,6.295774647887324,5.6,2.6,43.0,1,2,80.0,2,3,142,3
2020,3,gasly,Pierre Gasly,alphatauri,AlphaTauri,10.0,10,15.0,11.346938775510203,11.75,11.6,9.8,6.0,0,0,7.0,0,0,49,20
2020,3,giovinazzi,Antonio Giovinazzi,alfa,Alfa Romeo,19.0,19,14.0,13.8,13.666666666666666,11.6,16.6,2.0,0,0,2.0,0,0,25,17
2020,3,grosjean,Romain Grosjean,haas,Haas F1 Team,18.0,0,13.0,12.813664596273291,11.341614906832298,14.4,14.8,0.0,0,0,0.0,0,0,161,16
2020,3,hamilton,Lewis Hamilton,mercedes,Mercedes,1.0,1,1.0,4.625,3.205,3.0,2.4,37.0,1,1,95.0,2,4,200,1
2020,3,kevin_magnussen,Kevin Magnussen,haas,Haas F1 Team,16.0,0,12.0,12.704761904761904,12.64423076923077,14.4,13.6,0.0,0,0,0.0,0,0,105,10
2020,3,kvyat,Daniil Kvyat,alphatauri,AlphaTauri,17.0,17,10.0,12.402061855670103,11.917525773195877,10.6,14.0,1.0,0,0,7.0,0,0,97,12
2020,3,latifi,Nicholas Latifi,williams,Williams,15.0,15,17.0,14.0,19.0,14.0,19.0,0.0,0,0,0.0,0,0,2,19
2020,3,leclerc,Charles Leclerc,ferrari,Ferrari,6.0,6,19.0,9.045454545454545,8.272727272727273,9.2,6.0,18.0,0,1,19.0,0,1,44,11
2020,3,max_verstappen,Max Verstappen,red_bull,Red Bull,7.0,7,3.0,7.6826923076923075,6.586538461538462,5.8,2.4,15.0,0,1,37.0,0,1,104,2
2020,3,norris,Lando Norris,mclaren,McLaren,8.0,8,5.0,10.695652173913043,9.043478260869565,6.2,7.2,26.0,0,1,39.0,0,1,23,13
2020,3,ocon,Esteban Ocon,renault,Renault,14.0,14,18.0,11.461538461538462,11.627450980392156,13.8,10.4,4.0,0,0,8.0,0,0,52,14
2020,3,perez,Sergio Pérez,racing_point,Racing Point,4.0,4,6.0,10.53888888888889,11.363128491620111,7.6,13.6,16.0,0,0,22.0,0,0,180,7
2020,3,raikkonen,Kimi Räikkönen,alfa,Alfa Romeo,20.0,20,11.0,7.80625,7.19375,10.6,15.8,0.0,0,0,2.0,0,0,160,15
2020,3,ricciardo,Daniel Ricciardo,renault,Renault,11.0,11,8.0,9.99421965317919,9.186046511627907,10.0,9.6,4.0,0,0,8.0,0,0,173,8
2020,3,russell,George Russell,williams,Williams,12.0,12,16.0,15.782608695652174,17.956521739130434,15.4,16.8,0.0,0,0,0.0,0,0,23,18
2020,3,sainz,Carlos Sainz,mclaren,McLaren,9.0,9,9.0,11.336538461538462,10.912621359223301,7.0,9.4,13.0,0,0,39.0,0,1,104,9
2020,3,stroll,Lance Stroll,racing_point,Racing Point,3.0,3,7.0,13.140625,15.828125,15.4,13.2,6.0,0,0,28.0,0,0,64,4
2020,3,vettel,Sebastian Vettel,ferrari,Ferrari,5.0,5,20.0,5.105,3.7738693467336684,14.4,6.0,1.0,0,0,19.0,0,1,200,6
2020,4,albon,Alexander Albon,red_bull,Red Bull,12.0,12,5.0,9.083333333333334,10.26086956521739,8.4,7.4,22.0,0,0,55.0,0,2,24,8
2020,4,bottas,Valtteri Bottas,mercedes,Mercedes,2.0,2,3.0,7.111888111888112,6.265734265734266,6.0,2.8,58.0,1,3,121.0,3,5,143,11
2020,4,gasly,Pierre Gasly,alphatauri,AlphaTauri,11.0,11,20.0,11.52,11.714285714285714,12.4,9.8,6.0,0,0,7.0,0,0,50,7
2020,4,giovinazzi,Antonio Giovinazzi,alfa,Alfa Romeo,17.0,15,17.0,13.923076923076923,13.88,12.2,17.2,2.0,0,0,2.0,0,0,26,14
2020,4,grosjean,Romain Grosjean,haas,Haas F1 Team,19.0,17,16.0,12.833333333333334,11.382716049382717,14.6,15.4,0.0,0,0,1.0,0,0,162,16
2020,4,hamilton,Lewis Hamilton,mercedes,Mercedes,1.0,1,1.0,4.606965174129353,3.1940298507462686,2.8,1.6,63.0,2,2,121.0,3,5,201,1
2020,4,hulkenberg,Nico Hülkenberg,racing_point,Racing Point,13.0,13,12.0,11.620111731843576,10.224719101123595,13.2,12.4,0.0,0,0,40.0,0,0,179,20
2020,4,kevin_magnussen,Kevin Magnussen,haas,Haas F1 Team,16.0,14,10.0,12.679245283018869,12.676190476190476,12.8,14.4,1.0,0,0,1.0,0,0,106,19
2020,4,kvyat,Daniil Kvyat,alphatauri,AlphaTauri,14.0,19,12.0,12.39795918367347,11.96938775510204,10.6,14.8,1.0,0,0,13.0,0,0,98,18
2020,4,latifi,Nicholas Latifi,williams,Williams,20.0,18,19.0,15.666666666666666,17.666666666666668,15.666666666666666,17.666666666666668,0.0,0,0,0.0,0,0,3,15
2020,4,leclerc,Charles Leclerc,ferrari,Ferrari,4.0,4,11.0,9.088888888888889,8.222222222222221,10.6,6.4,18.0,0,1,27.0,0,1,45,3
2020,4,max_verstappen,Max Verstappen,red_bull,Red Bull,3.0,3,2.0,7.628571428571429,6.59047619047619,5.6,3.2,33.0,0,2,59.0,0,2,105,2
2020,4,norris,Lando Norris,mclaren,McLaren,5.0,5,13.0,10.791666666666666,9.0,7.4,7.2,26.0,0,1,41.0,0,1,24,5
2020,4,ocon,Esteban Ocon,renault,Renault,9.0,9,14.0,11.50943396226415,11.673076923076923,14.4,11.0,4.0,0,0,12.0,0,0,53,6
2020,4,raikkonen,Kimi Räikkönen,alfa,Alfa Romeo,18.0,16,15.0,7.850931677018633,7.273291925465839,11.4,16.4,0.0,0,0,2.0,0,0,161,17
2020,4,ricciardo,Daniel Ricciardo,renault,Renault,8.0,8,8.0,9.982758620689655,9.196531791907514,10.4,10.0,8.0,0,0,20.0,0,0,174,4
2020,4,russell,George Russell,williams,Williams,15.0,20,18.0,15.875,17.708333333333332,15.6,15.6,0.0,0,0,0.0,0,0,24,12
2020,4,sainz,Carlos Sainz,mclaren,McLaren,7.0,7,9.0,11.314285714285715,10.89423076923077,7.2,9.8,15.0,0,0,51.0,0,1,105,13
2020,4,stroll,Lance Stroll,racing_point,Racing Point,6.0,6,4.0,13.0,15.63076923076923,13.6,11.0,18.0,0,0,40.0,0,0,65,9
2020,4,vettel,Sebastian Vettel,ferrari,Ferrari,10.0,10,6.0,5.109452736318408,3.78,11.6,6.6,9.0,0,0,42.0,0,2,201,10
2020,5,albon,Alexander Albon,red_bull,Red Bull,9.0,9,8.0,9.04,10.333333333333334,7.2,8.6,26.0,0,0,78.0,0,3,25,5
2020,5,bottas,Valtteri Bottas,mercedes,Mercedes,1.0,1,11.0,7.138888888888889,6.236111111111111,4.2,2.2,58.0,1,3,146.0,4,6,144,3
2020,5,gasly,Pierre Gasly,alphatauri,AlphaTauri,7.0,7,7.0,11.431372549019608,11.7,13.4,10.6,12.0,0,0,13.0,0,0,51,11
2020,5,giovinazzi,Antonio Giovinazzi,alfa,Alfa Romeo,19.0,19,14.0,13.925925925925926,14.0,14.0,18.0,2.0,0,0,2.0,0,0,27,17
2020,5,grosjean,Romain Grosjean,haas,Haas F1 Team,14.0,13,16.0,12.85276073619632,11.429447852760736,15.2,17.6,0.0,0,0,1.0,0,0,163,16
2020,5,hamilton,Lewis Hamilton,mercedes,Mercedes,2.0,2,1.0,4.589108910891089,3.1831683168316833,1.6,1.2,88.0,3,3,161.0,4,7,202,2
2020,5,hulkenberg,Nico Hülkenberg,racing_point,Racing Point,3.0,3,20.0,11.666666666666666,10.240223463687151,13.2,12.0,0.0,0,0,42.0,0,0,180,7
2020,5,kevin_magnussen,Kevin Magnussen,haas,Haas F1 Team,17.0,17,19.0,12.738317757009346,12.70754716981132,14.4,15.6,1.0,0,0,1.0,0,0,107,20
2020,5,kvyat,Daniil Kvyat,alphatauri,AlphaTauri,16.0,16,18.0,12.454545454545455,11.98989898989899,12.2,14.4,1.0,0,0,13.0,0,0,99,10
2020,5,latifi,Nicholas Latifi,williams,Williams,18.0,18,15.0,15.5,18.25,15.5,18.25,0.0,0,0,0.0,0,0,4,19
2020,5,leclerc,Charles Leclerc,ferrari,Ferrari,8.0,8,3.0,8.956521739130435,8.130434782608695,7.6,6.4,33.0,0,2,43.0,0,2,46,4
2020,5,max_verstappen,Max Verstappen,red_bull,Red Bull,4.0,4,2.0,7.5754716981132075,6.556603773584905,5.8,3.6,52.0,0,3,88.0,0,3,106,1
2020,5,norris,Lando Norris,mclaren,McLaren,10.0,10,5.0,10.56,8.84,6.8,6.0,36.0,0,1,51.0,0,1,25,9
2020,5,ocon,Esteban Ocon,renault,Renault,11.0,14,6.0,11.407407407407407,11.622641509433961,12.6,10.2,12.0,0,0,32.0,0,0,54,8
2020,5,raikkonen,Kimi Räikkönen,alfa,Alfa Romeo,20.0,20,17.0,7.907407407407407,7.339506172839506,14.0,18.2,0.0,0,0,2.0,0,0,162,15
2020,5,ricciardo,Daniel Ricciardo,renault,Renault,5.0,5,4.0,9.948571428571428,9.189655172413794,10.0,9.2,20.0,0,0,36.0,0,0,175,14
2020,5,russell,George Russell,williams,Williams,15.0,15,12.0,15.72,17.6,15.6,15.0,0.0,0,0,0.0,0,0,25,18
2020,5,sainz,Carlos Sainz,mclaren,McLaren,13.0,12,13.0,11.330188679245284,10.857142857142858,9.2,7.2,15.0,0,0,53.0,0,1,106,13
2020,5,stroll,Lance Stroll,racing_point,Racing Point,6.0,6,9.0,12.93939393939394,15.484848484848484,11.6,8.8,20.0,0,0,48.0,0,0,66,6
2020,5,vettel,Sebastian Vettel,ferrari,Ferrari,12.0,11,10.0,5.133663366336633,3.810945273631841,10.2,8.2,10.0,0,0,55.0,0,2,202,12
2020,6,albon,Alexander Albon,red_bull,Red Bull,6.0,6,5.0,8.884615384615385,10.28,7.0,9.2,36.0,0,0,113.0,1,4,26,8
2020,6,bottas,Valtteri Bottas,mercedes,Mercedes,2.0,2,3.0,7.110344827586207,6.2,4.0,2.0,73.0,1,4,180.0,4,8,145,3
2020,6,gasly,Pierre Gasly,alphatauri,AlphaTauri,10.0,10,11.0,11.423076923076923,11.607843137254902,12.0,9.6,12.0,0,0,14.0,0,0,52,9
2020,6,giovinazzi,Antonio Giovinazzi,alfa,Alfa Romeo,20.0,20,17.0,14.035714285714286,14.185185185185185,14.2,18.4,2.0,0,0,2.0,0,0,28,16
2020,6,grosjean,Romain Grosjean,haas,Haas F1 Team,17.0,17,16.0,12.871951219512194,11.445121951219512,15.4,17.2,0.0,0,0,1.0,0,0,164,19
2020,6,hamilton,Lewis Hamilton,mercedes,Mercedes,1.0,1,2.0,4.5763546798029555,3.1773399014778323,1.8,1.4,107.0,3,4,196.0,4,9,203,1
2020,6,kevin_magnussen,Kevin Magnussen,haas,Haas F1 Team,16.0,16,20.0,12.805555555555555,12.74766355140187,15.6,16.0,1.0,0,0,1.0,0,0,108,15
2020,6,kvyat,Daniil Kvyat,alphatauri,AlphaTauri,12.0,12,10.0,12.43,12.03,12.4,14.8,2.0,0,0,16.0,0,0,100,12
2020,6,latifi,Nicholas Latifi,williams,Williams,19.0,19,19.0,16.2,18.2,16.2,18.2,0.0,0,0,0.0,0,0,5,18
2020,6,leclerc,Charles Leclerc,ferrari,Ferrari,9.0,9,4.0,8.851063829787234,8.127659574468085,7.8,7.2,45.0,0,2,55.0,0,2,47,20
2020,6,max_verstappen,Max Verstappen,red_bull,Red Bull,3.0,3,1.0,7.514018691588785,6.5327102803738315,5.6,3.8,77.0,1,4,117.0,1,4,107,2
2020,6,norris,Lando Norris,mclaren,McLaren,8.0,8,9.0,10.5,8.884615384615385,7.0,6.6,38.0,0,1,53.0,0,1,26,10
2020,6,ocon,Esteban Ocon,renault,Renault,15.0,15,8.0,11.345454545454546,11.61111111111111,10.8,10.6,16.0,0,0,36.0,0,0,55,13
2020,6,perez,Sergio Pérez,racing_point,Racing Point,4.0,4,7.0,10.519337016574585,11.322222222222223,7.0,10.6,22.0,0,0,56.0,0,0,181,5
2020,6,raikkonen,Kimi Räikkönen,alfa,Alfa Romeo,14.0,14,15.0,7.950920245398773,7.41717791411043,14.4,18.6,0.0,0,0,2.0,0,0,163,14
2020,6,ricciardo,Daniel Ricciardo,renault,Renault,13.0,13,14.0,9.971590909090908,9.165714285714285,10.6,8.6,20.0,0,0,36.0,0,0,176,11
2020,6,russell,George Russell,williams,Williams,18.0,18,18.0,15.807692307692308,17.5,15.8,14.2,0.0,0,0,0.0,0,0,26,17
2020,6,sainz,Carlos Sainz,mclaren,McLaren,7.0,7,13.0,11.345794392523365,10.877358490566039,9.8,8.0,15.0,0,0,54.0,0,1,107,6
2020,6,stroll,Lance Stroll,racing_point,Racing Point,5.0,5,6.0,12.835820895522389,15.343283582089553,8.8,7.4,28.0,0,0,66.0,0,0,67,4
2020,6,vettel,Sebastian Vettel,ferrari,Ferrari,11.0,11,12.0,5.167487684729064,3.8514851485148514,11.6,9.6,10.0,0,0,55.0,0,2,203,7
2020,7,albon,Alexander Albon,red_bull,Red Bull,5.0,5,8.0,8.851851851851851,10.115384615384615,6.0,9.4,40.0,0,0,135.0,1,5,27,6
2020,7,bottas,Valtteri Bottas,mercedes,Mercedes,2.0,2,3.0,7.082191780821918,6.171232876712328,4.4,2.2,89.0,1,5,221.0,5,10,146,2
2020,7,gasly,Pierre Gasly,alphatauri,AlphaTauri,12.0,12,9.0,11.377358490566039,11.576923076923077,12.4,9.2,14.0,0,0,16.0,0,0,53,8
2020,7,giovinazzi,Antonio Giovinazzi,alfa,Alfa Romeo,18.0,18,16.0,14.10344827586207,14.392857142857142,15.6,18.8,2.0,0,0,2.0,0,0,29,18
2020,7,grosjean,Romain Grosjean,haas,Haas F1 Team,17.0,17,19.0,12.909090909090908,11.478787878787879,16.0,17.6,0.0,0,0,1.0,0,0,165,15
2020,7,hamilton,Lewis Hamilton,mercedes,Mercedes,1.0,1,1.0,4.5588235294117645,3.1666666666666665,1.2,1.2,132.0,4,5,239.0,5,11,204,1
2020,7,kevin_magnussen,Kevin Magnussen,haas,Haas F1 Team,20.0,20,15.0,12.825688073394495,12.777777777777779,15.2,16.0,1.0,0,0,1.0,0,0,109,17
2020,7,kvyat,Daniil Kvyat,alphatauri,AlphaTauri,11.0,11,12.0,12.425742574257425,12.029702970297029,12.4,14.6,2.0,0,0,20.0,0,0,101,11
2020,7,latifi,Nicholas Latifi,williams,Williams,19.0,19,18.0,16.5,18.333333333333332,17.6,18.0,0.0,0,0,0.0,0,0,6,16
2020,7,leclerc,Charles Leclerc,ferrari,Ferrari,13.0,13,20.0,9.083333333333334,8.145833333333334,11.4,7.6,45.0,0,2,61.0,0,2,48,14
2020,7,max_verstappen,Max Verstappen,red_bull,Red Bull,3.0,3,2.0,7.462962962962963,6.5,2.0,3.8,95.0,1,5,143.0,1,5,108,3
2020,7,norris,Lando Norris,mclaren,McLaren,10.0,10,10.0,10.481481481481481,8.851851851851851,8.4,7.4,39.0,0,1,62.0,0,1,27,7
2020,7,ocon,Esteban Ocon,renault,Renault,6.0,6,13.0,11.375,11.672727272727272,11.8,10.8,16.0,0,0,36.0,0,0,56,5
2020,7,perez,Sergio Pérez,racing_point,Racing Point,8.0,8,5.0,10.489010989010989,11.281767955801104,6.2,8.4,32.0,0,0,78.0,0,0,182,10
2020,7,raikkonen,Kimi Räikkönen,alfa,Alfa Romeo,16.0,16,14.0,7.987804878048781,7.4573170731707314,14.4,17.6,0.0,0,0,2.0,0,0,164,12
2020,7,ricciardo,Daniel Ricciardo,renault,Renault,4.0,4,11.0,9.977401129943503,9.1875,9.0,9.2,20.0,0,0,46.0,0,0,177,4
2020,7,russell,George Russell,williams,Williams,15.0,15,17.0,15.851851851851851,17.51851851851852,16.2,14.4,0.0,0,0,0.0,0,0,27,19
2020,7,sainz,Carlos Sainz,mclaren,McLaren,7.0,7,6.0,11.296296296296296,10.841121495327103,10.0,7.8,23.0,0,0,68.0,0,1,108,20
2020,7,stroll,Lance Stroll,racing_point,Racing Point,9.0,9,4.0,12.705882352941176,15.191176470588236,6.0,6.6,40.0,0,0,79.0,0,0,68,9
2020,7,vettel,Sebastian Vettel,ferrari,Ferrari,14.0,14,7.0,5.176470588235294,3.8866995073891624,11.0,9.6,16.0,0,0,61.0,0,2,204,13
2020,8,albon,Alexander Albon,red_bull,Red Bull,9.0,9,6.0,8.75,9.925925925925926,6.4,9.0,48.0,0,0,158.0,1,6,28,15
2020,8,bottas,Valtteri Bottas,mercedes,Mercedes,2.0,2,2.0,7.0476190476190474,6.142857142857143,4.4,1.8,107.0,1,6,264.0,6,12,147,5
2020,8,gasly,Pierre Gasly,alphatauri,AlphaTauri,10.0,10,8.0,11.314814814814815,11.584905660377359,11.0,10.0,18.0,0,0,20.0,0,0,54,1
2020,8,giovinazzi,Antonio Giovinazzi,alfa,Alfa Romeo,18.0,18,18.0,14.233333333333333,14.517241379310345,16.4,18.6,2.0,0,0,2.0,0,0,30,16
2020,8,grosjean,Romain Grosjean,haas,Haas F1 Team,16.0,16,15.0,12.921686746987952,11.512048192771084,16.4,17.0,0.0,0,0,1.0,0,0,166,12
2020,8,hamilton,Lewis Hamilton,mercedes,Mercedes,1.0,1,1.0,4.541463414634146,3.15609756097561,1.2,1.2,157.0,5,6,274.0,6,12,205,7
2020,8,kevin_magnussen,Kevin Magnussen,haas,Haas F1 Team,15.0,15,17.0,12.863636363636363,12.844036697247706,16.2,17.0,1.0,0,0,1.0,0,0,110,19
2020,8,kvyat,Daniil Kvyat,alphatauri,AlphaTauri,11.0,11,11.0,12.411764705882353,12.019607843137255,12.6,14.0,2.0,0,0,45.0,1,1,102,9
2020,8,latifi,Nicholas Latifi,williams,Williams,20.0,20,16.0,16.428571428571427,18.428571428571427,17.4,18.2,0.0,0,0,0.0,0,0,7,11
2020,8,leclerc,Charles Leclerc,ferrari,Ferrari,13.0,13,14.0,9.183673469387756,8.244897959183673,10.4,8.0,45.0,0,2,61.0,0,2,49,18
2020,8,max_verstappen,Max Verstappen,red_bull,Red Bull,5.0,5,3.0,7.422018348623853,6.467889908256881,2.0,4.0,110.0,1,6,158.0,1,6,109,17
2020,8,norris,Lando Norris,mclaren,McLaren,6.0,6,7.0,10.357142857142858,8.892857142857142,8.8,8.2,45.0,0,1,68.0,0,1,28,4
2020,8,ocon,Esteban Ocon,renault,Renault,12.0,12,5.0,11.263157894736842,11.571428571428571,9.2,11.0,26.0,0,0,59.0,0,0,57,8
2020,8,perez,Sergio Pérez,racing_point,Racing Point,4.0,4,10.0,10.486338797814208,11.263736263736265,6.8,7.8,33.0,0,0,81.0,0,0,183,10
2020,8,raikkonen,Kimi Räikkönen,alfa,Alfa Romeo,14.0,14,12.0,8.012121212121212,7.509090909090909,14.6,17.6,0.0,0,0,2.0,0,0,165,13
2020,8,ricciardo,Daniel Ricciardo,renault,Renault,7.0,7,4.0,9.9438202247191,9.158192090395481,8.2,8.2,33.0,0,0,63.0,0,0,178,6
2020,8,russell,George Russell,williams,Williams,19.0,19,19.0,15.964285714285714,17.428571428571427,16.8,15.0,0.0,0,0,0.0,0,0,28,14
2020,8,sainz,Carlos Sainz,mclaren,McLaren,3.0,3,20.0,11.376146788990825,10.805555555555555,12.2,8.6,23.0,0,0,80.0,0,1,109,2
2020,8,stroll,Lance Stroll,racing_point,Racing Point,8.0,8,9.0,12.652173913043478,15.101449275362318,6.4,5.8,42.0,0,0,82.0,0,0,69,3
2020,8,vettel,Sebastian Vettel,ferrari,Ferrari,17.0,17,13.0,5.214634146341464,3.9362745098039214,9.6,10.4,16.0,0,0,61.0,0,2,205,20
2020,9,albon,Alexander Albon,red_bull,Red Bull,4.0,4,15.0,8.96551724137931,9.892857142857142,8.4,8.2,48.0,0,0,158.0,1,6,29,3
2020,9,bottas,Valtteri Bottas,mercedes,Mercedes,2.0,2,5.0,7.033783783783784,6.114864864864865,4.8,1.8,117.0,1,6,281.0,6,12,148,2
2020,9,gasly,Pierre Gasly,alphatauri,AlphaTauri,16.0,16,1.0,11.127272727272727,11.555555555555555,7.2,10.0,43.0,1,1,47.0,1,1,55,20
2020,9,giovinazzi,Antonio Giovinazzi,alfa,Alfa Romeo,17.0,17,16.0,14.290322580645162,14.633333333333333,16.2,18.4,2.0,0,0,2.0,0,0,31,17
2020,9,grosjean,Romain Grosjean,haas,Haas F1 Team,15.0,15,12.0,12.916167664670658,11.538922155688622,15.6,16.6,0.0,0,0,1.0,0,0,167,12
2020,9,hamilton,Lewis Hamilton,mercedes,Mercedes,1.0,1,7.0,4.553398058252427,3.145631067961165,2.4,1.2,164.0,5,6,299.0,6,13,206,1
2020,9,kevin_magnussen,Kevin Magnussen,haas,Haas F1 Team,20.0,20,19.0,12.91891891891892,12.863636363636363,18.0,16.8,1.0,0,0,1.0,0,0,111,16
2020,9,kvyat,Daniil Kvyat,alphatauri,AlphaTauri,12.0,12,9.0,12.37864077669903,12.009708737864077,12.0,12.8,4.0,0,0,47.0,1,1,103,7
2020,9,latifi,Nicholas Latifi,williams,Williams,19.0,19,11.0,15.75,18.625,15.8,19.2,0.0,0,0,0.0,0,0,8,15
2020,9,leclerc,Charles Leclerc,ferrari,Ferrari,5.0,5,18.0,9.36,8.34,11.8,9.4,45.0,0,2,61.0,0,2,50,8
2020,9,max_verstappen,Max Verstappen,red_bull,Red Bull,3.0,3,17.0,7.509090909090909,6.454545454545454,5.0,3.6,110.0,1,6,173.0,1,7,110,19
2020,9,norris,Lando Norris,mclaren,McLaren,11.0,11,4.0,10.137931034482758,8.793103448275861,7.0,7.8,57.0,0,1,98.0,0,2,29,6
2020,9,ocon,Esteban Ocon,renault,Renault,10.0,10,8.0,11.206896551724139,11.578947368421053,8.0,10.6,30.0,0,0,71.0,0,0,58,14
2020,9,perez,Sergio Pérez,racing_point,Racing Point,6.0,7,10.0,10.483695652173912,11.224043715846994,7.6,7.4,34.0,0,0,97.0,0,1,184,5
2020,9,raikkonen,Kimi Räikkönen,alfa,Alfa Romeo,13.0,13,13.0,8.042168674698795,7.548192771084337,14.2,16.4,0.0,0,0,2.0,0,0,166,9
2020,9,ricciardo,Daniel Ricciardo,renault,Renault,8.0,8,6.0,9.921787709497206,9.146067415730338,7.8,7.4,41.0,0,0,71.0,0,0,179,4
2020,9,russell,George Russell,williams,Williams,18.0,18,14.0,15.89655172413793,17.482758620689655,16.0,16.4,0.0,0,0,0.0,0,0,29,11
2020,9,sainz,Carlos Sainz,mclaren,McLaren,9.0,9,2.0,11.290909090909091,10.73394495412844,10.8,7.4,41.0,0,1,106.0,0,2,110,18
2020,9,stroll,Lance Stroll,racing_point,Racing Point,7.0,6,3.0,12.514285714285714,15.0,6.2,6.8,57.0,0,1,107.0,0,1,70,13
2020,9,vettel,Sebastian Vettel,ferrari,Ferrari,14.0,14,20.0,5.286407766990291,4.0,12.4,12.8,16.0,0,0,65.0,0,2,206,10
2020,10,albon,Alexander Albon,red_bull,Red Bull,10.0,15,3.0,8.766666666666667,9.689655172413794,7.4,6.6,63.0,0,1,173.0,1,7,30,10
2020,10,bottas,Valtteri Bottas,mercedes,Mercedes,3.0,3,2.0,7.0,6.087248322147651,3.0,1.8,135.0,1,7,325.0,7,14,149,1
2020,10,gasly,Pierre Gasly,alphatauri,AlphaTauri,9.0,9,20.0,11.285714285714286,11.636363636363637,9.8,11.0,43.0,1,1,53.0,1,1,56,9
2020,10,giovinazzi,Antonio Giovinazzi,alfa,Alfa Romeo,17.0,17,17.0,14.375,14.709677419354838,16.8,18.4,2.0,0,0,4.0,0,0,32,11
2020,10,grosjean,Romain Grosjean,haas,Haas F1 Team,16.0,16,12.0,12.910714285714286,11.55952380952381,14.8,15.8,0.0,0,0,1.0,0,0,168,17
2020,10,hamilton,Lewis Hamilton,mercedes,Mercedes,1.0,1,1.0,4.536231884057971,3.135265700483092,2.4,1.2,190.0,6,7,351.0,8,15,207,3
2020,10,kevin_magnussen,Kevin Magnussen,haas,Haas F1 Team,18.0,18,16.0,12.946428571428571,12.927927927927929,17.4,17.6,1.0,0,0,1.0,0,0,112,12
2020,10,kvyat,Daniil Kvyat,alphatauri,AlphaTauri,12.0,11,7.0,12.326923076923077,12.009615384615385,9.8,12.4,10.0,0,0,55.0,1,1,104,8
2020,10,latifi,Nicholas Latifi,williams,Williams,19.0,20,15.0,15.666666666666666,18.666666666666668,15.8,19.0,0.0,0,0,0.0,0,0,9,16
2020,10,leclerc,Charles Leclerc,ferrari,Ferrari,11.0,10,8.0,9.333333333333334,8.27450980392157,12.8,9.6,49.0,0,2,66.0,0,2,51,6
2020,10,max_verstappen,Max Verstappen,red_bull,Red Bull,2.0,2,19.0,7.612612612612613,6.423423423423423,8.4,3.6,110.0,1,6,174.0,1,7,111,2
2020,10,norris,Lando Norris,mclaren,McLaren,8.0,8,6.0,10.0,8.866666666666667,7.2,9.0,65.0,0,1,106.0,0,2,30,15
2020,10,ocon,Esteban Ocon,renault,Renault,7.0,7,14.0,11.254237288135593,11.551724137931034,9.6,10.8,30.0,0,0,83.0,0,0,59,7
2020,10,perez,Sergio Pérez,racing_point,Racing Point,4.0,4,5.0,10.454054054054055,11.195652173913043,7.4,5.2,44.0,0,0,107.0,0,1,185,4
2020,10,raikkonen,Kimi Räikkönen,alfa,Alfa Romeo,20.0,19,9.0,8.047904191616766,7.580838323353293,12.6,15.4,2.0,0,0,4.0,0,0,167,14
2020,10,ricciardo,Daniel Ricciardo,renault,Renault,5.0,5,4.0,9.88888888888889,9.139664804469273,7.8,7.4,53.0,0,0,89.0,0,0,180,5
2020,10,russell,George Russell,williams,Williams,14.0,13,11.0,15.733333333333333,17.5,15.8,17.0,0.0,0,0,0.0,0,0,30,18
2020,10,sainz,Carlos Sainz,mclaren,McLaren,6.0,6,18.0,11.35135135135135,10.718181818181819,11.8,7.8,41.0,0,1,106.0,0,2,111,19
2020,10,stroll,Lance Stroll,racing_point,Racing Point,13.0,12,13.0,12.52112676056338,14.887323943661972,7.0,7.0,57.0,0,1,119.0,0,1,71,20
2020,10,vettel,Sebastian Vettel,ferrari,Ferrari,15.0,14,10.0,5.309178743961352,4.048543689320389,12.4,13.6,17.0,0,0,74.0,0,2,207,13
2020,11,albon,Alexander Albon,red_bull,Red Bull,5.0,5,10.0,8.806451612903226,9.7,8.4,6.8,64.0,0,1,192.0,1,8,31,17
2020,11,bottas,Valtteri Bottas,mercedes,Mercedes,1.0,1,1.0,6.96,6.066666666666666,2.6,2.2,161.0,2,8,366.0,8,16,150,19
2020,11,gasly,Pierre Gasly,alphatauri,AlphaTauri,12.0,12,9.0,11.24561403508772,11.589285714285714,9.4,11.4,45.0,1,1,59.0,1,1,57,6
2020,11,giovinazzi,Antonio Giovinazzi,alfa,Alfa Romeo,14.0,14,11.0,14.272727272727273,14.78125,15.6,18.0,2.0,0,0,4.0,0,0,33,10
2020,11,grosjean,Romain Grosjean,haas,Haas F1 Team,16.0,16,17.0,12.934911242603551,11.585798816568047,15.0,16.2,0.0,0,0,1.0,0,0,169,9
2020,11,hamilton,Lewis Hamilton,mercedes,Mercedes,2.0,2,3.0,4.528846153846154,3.125,2.6,1.0,205.0,6,8,366.0,8,16,208,1
2020,11,hulkenberg,Nico Hülkenberg,racing_point,Racing Point,20.0,20,7.0,11.640883977900552,10.2,12.6,10.2,6.0,0,0,119.0,0,1,181,8
2020,11,kevin_magnussen,Kevin Magnussen,haas,Haas F1 Team,15.0,15,12.0,12.938053097345133,12.973214285714286,15.8,17.8,1.0,0,0,3.0,0,0,113,13
2020,11,kvyat,Daniil Kvyat,alphatauri,AlphaTauri,13.0,13,8.0,12.285714285714286,12.00952380952381,9.4,11.6,14.0,0,0,67.0,1,1,105,15
2020,11,latifi,Nicholas Latifi,williams,Williams,18.0,18,16.0,15.7,18.7,15.2,19.2,0.0,0,0,0.0,0,0,10,14
2020,11,leclerc,Charles Leclerc,ferrari,Ferrari,4.0,4,6.0,9.26923076923077,8.326923076923077,13.2,10.2,57.0,0,2,74.0,0,2,52,7
2020,11,max_verstappen,Max Verstappen,red_bull,Red Bull,3.0,3,2.0,7.5625,6.383928571428571,8.6,3.2,128.0,1,7,192.0,1,8,112,2
2020,11,norris,Lando Norris,mclaren,McLaren,8.0,8,15.0,10.161290322580646,8.838709677419354,8.4,8.6,65.0,0,1,106.0,0,2,31,16
2020,11,ocon,Esteban Ocon,renault,Renault,7.0,7,7.0,11.183333333333334,11.474576271186441,9.4,10.0,36.0,0,0,99.0,0,0,60,18
2020,11,perez,Sergio Pérez,racing_point,Racing Point,9.0,9,4.0,10.419354838709678,11.156756756756756,6.8,5.2,56.0,0,0,123.0,0,1,186,4
2020,11,raikkonen,Kimi Räikkönen,alfa,Alfa Romeo,19.0,19,14.0,8.083333333333334,7.654761904761905,12.4,15.4,2.0,0,0,5.0,0,0,168,12
2020,11,ricciardo,Daniel Ricciardo,renault,Renault,6.0,6,5.0,9.861878453038674,9.116666666666667,6.0,7.4,63.0,0,0,99.0,0,0,181,3
2020,11,russell,George Russell,williams,Williams,17.0,17,18.0,15.806451612903226,17.387096774193548,15.8,16.8,0.0,0,0,0.0,0,0,31,20
2020,11,sainz,Carlos Sainz,mclaren,McLaren,10.0,10,19.0,11.419642857142858,10.675675675675675,13.0,6.4,41.0,0,1,106.0,0,2,112,5
2020,11,vettel,Sebastian Vettel,ferrari,Ferrari,11.0,11,13.0,5.346153846153846,4.101449275362318,12.6,14.2,17.0,0,0,80.0,0,2,208,11
2020,12,albon,Alexander Albon,red_bull,Red Bull,6.0,6,17.0,9.0625,9.548387096774194,10.2,6.6,64.0,0,1,211.0,1,9,32,12
2020,12,bottas,Valtteri Bottas,mercedes,Mercedes,2.0,2,19.0,7.039735099337748,6.033112582781457,5.8,2.0,161.0,2,8,391.0,9,17,151,2
2020,12,gasly,Pierre Gasly,alphatauri,AlphaTauri,9.0,9,6.0,11.155172413793103,11.596491228070175,8.8,11.8,53.0,1,1,67.0,1,1,58,5
2020,12,giovinazzi,Antonio Giovinazzi,alfa,Alfa Romeo,17.0,17,10.0,14.147058823529411,14.757575757575758,14.4,16.8,3.0,0,0,5.0,0,0,34,15
2020,12,grosjean,Romain Grosjean,haas,Haas F1 Team,18.0,18,9.0,12.911764705882353,11.611764705882353,13.0,16.0,2.0,0,0,3.0,0,0,170,17
2020,12,hamilton,Lewis Hamilton,mercedes,Mercedes,1.0,1,1.0,4.511961722488039,3.1196172248803826,2.6,1.2,230.0,7,9,409.0,9,18,209,1
2020,12,kevin_magnussen,Kevin Magnussen,haas,Haas F1 Team,19.0,19,13.0,12.93859649122807,12.991150442477876,15.4,17.6,1.0,0,0,3.0,0,0,114,16
2020,12,kvyat,Daniil Kvyat,alphatauri,AlphaTauri,13.0,13,15.0,12.31132075471698,12.018867924528301,10.0,11.8,14.0,0,0,77.0,1,1,106,19
2020,12,latifi,Nicholas Latifi,williams,Williams,20.0,20,14.0,15.545454545454545,18.636363636363637,14.4,19.0,0.0,0,0,0.0,0,0,11,18
2020,12,leclerc,Charles Leclerc,ferrari,Ferrari,4.0,4,7.0,9.226415094339623,8.245283018867925,10.6,9.2,63.0,0,2,80.0,0,2,53,4
2020,12,max_verstappen,Max Verstappen,red_bull,Red Bull,3.0,3,2.0,7.513274336283186,6.353982300884955,8.6,3.2,147.0,1,8,211.0,1,9,113,3
2020,12,norris,Lando Norris,mclaren,McLaren,8.0,8,16.0,10.34375,8.8125,9.6,8.6,65.0,0,1,116.0,0,2,32,13
2020,12,ocon,Esteban Ocon,renault,Renault,11.0,11,18.0,11.295081967213115,11.4,10.4,8.4,36.0,0,0,114.0,0,1,61,8
2020,12,perez,Sergio Pérez,racing_point,Racing Point,5.0,5,4.0,10.385026737967914,11.14516129032258,6.6,6.2,68.0,0,0,135.0,0,1,187,7
2020,12,raikkonen,Kimi Räikkönen,alfa,Alfa Romeo,16.0,16,12.0,8.106508875739644,7.72189349112426,12.0,16.4,2.0,0,0,5.0,0,0,169,11
2020,12,ricciardo,Daniel Ricciardo,renault,Renault,10.0,10,3.0,9.824175824175825,9.099447513812155,4.4,6.0,78.0,0,1,118.0,0,1,182,9
2020,12,russell,George Russell,williams,Williams,14.0,14,20.0,15.9375,17.375,16.4,16.6,0.0,0,0,0.0,0,0,32,14
2020,12,sainz,Carlos Sainz,mclaren,McLaren,7.0,7,5.0,11.36283185840708,10.669642857142858,12.8,7.0,51.0,0,1,116.0,0,2,113,6
2020,12,stroll,Lance Stroll,racing_point,Racing Point,12.0,12,20.0,12.625,14.86111111111111,9.8,8.4,57.0,0,1,141.0,0,1,72,20
2020,12,vettel,Sebastian Vettel,ferrari,Ferrari,15.0,15,11.0,5.373205741626794,4.134615384615385,13.4,14.2,17.0,0,0,92.0,0,2,209,10
2020,13,albon,Alexander Albon,red_bull,Red Bull,6.0,6,12.0,9.151515151515152,9.4375,11.4,6.8,64.0,0,1,226.0,1,10,33,15
2020,13,bottas,Valtteri Bottas,mercedes,Mercedes,1.0,1,2.0,7.006578947368421,6.006578947368421,5.8,2.0,179.0,2,9,435.0,10,19,152,2
2020,13,gasly,Pierre Gasly,alphatauri,AlphaTauri,4.0,4,5.0,11.05084745762712,11.551724137931034,8.2,11.2,63.0,1,1,77.0,1,1,59,20
2020,13,giovinazzi,Antonio Giovinazzi,alfa,Alfa Romeo,20.0,20,15.0,14.17142857142857,14.823529411764707,13.8,16.6,3.0,0,0,5.0,0,0,35,10
2020,13,grosjean,Romain Grosjean,haas,Haas F1 Team,16.0,16,17.0,12.935672514619883,11.649122807017545,13.4,16.2,2.0,0,0,3.0,0,0,171,14
2020,13,hamilton,Lewis Hamilton,mercedes,Mercedes,2.0,2,1.0,4.495238095238095,3.1095238095238096,2.6,1.2,256.0,8,10,453.0,10,20,210,1
2020,13,kevin_magnussen,Kevin Magnussen,haas,Haas F1 Team,17.0,17,16.0,12.965217391304348,13.043859649122806,15.2,17.4,1.0,0,0,3.0,0,0,115,18
2020,13,kvyat,Daniil Kvyat,alphatauri,AlphaTauri,8.0,8,19.0,12.373831775700934,12.02803738317757,11.6,12.2,14.0,0,0,77.0,1,1,107,4
2020,13,latifi,Nicholas Latifi,williams,Williams,19.0,19,18.0,15.75,18.75,14.8,19.2,0.0,0,0,0.0,0,0,12,11
2020,13,leclerc,Charles Leclerc,ferrari,Ferrari,7.0,7,4.0,9.12962962962963,8.166666666666666,8.6,7.4,75.0,0,2,93.0,0,2,54,5
2020,13,max_verstappen,Max Verstappen,red_bull,Red Bull,3.0,3,3.0,7.473684210526316,6.324561403508772,8.6,3.2,162.0,1,9,226.0,1,10,114,17
2020,13,norris,Lando Norris,mclaren,McLaren,9.0,9,13.0,10.424242424242424,8.787878787878787,10.8,8.2,65.0,0,1,124.0,0,2,33,8
2020,13,ocon,Esteban Ocon,renault,Renault,12.0,12,8.0,11.241935483870968,11.39344262295082,11.0,9.4,40.0,0,0,120.0,0,1,62,19
2020,13,perez,Sergio Pérez,racing_point,Racing Point,11.0,11,7.0,10.367021276595745,11.11229946524064,6.0,5.6,74.0,0,0,141.0,0,1,188,6
2020,13,raikkonen,Kimi Räikkönen,alfa,Alfa Romeo,18.0,18,11.0,8.123529411764705,7.770588235294118,11.8,16.4,2.0,0,0,6.0,0,0,170,9
2020,13,ricciardo,Daniel Ricciardo,renault,Renault,5.0,5,9.0,9.819672131147541,9.104395604395604,5.4,7.2,80.0,0,1,120.0,0,1,183,3
2020,13,russell,George Russell,williams,Williams,13.0,13,14.0,15.878787878787879,17.272727272727273,15.4,16.4,0.0,0,0,0.0,0,0,33,16
2020,13,sainz,Carlos Sainz,mclaren,McLaren,10.0,10,6.0,11.31578947368421,10.63716814159292,10.0,7.0,59.0,0,1,128.0,0,2,114,7
2020,13,stroll,Lance Stroll,racing_point,Racing Point,15.0,15,20.0,12.726027397260275,14.821917808219178,13.0,9.8,57.0,0,1,149.0,0,1,73,13
2020,13,vettel,Sebastian Vettel,ferrari,Ferrari,14.0,14,10.0,5.395238095238096,4.186602870813397,12.8,14.4,18.0,0,0,103.0,0,2,210,12
2020,14,albon,Alexander Albon,red_bull,Red Bull,4.0,4,15.0,9.323529411764707,9.333333333333334,11.4,6.2,64.0,0,1,226.0,1,10,34,7
2020,14,bottas,Valtteri Bottas,mercedes,Mercedes,9.0,9,2.0,6.973856209150327,5.973856209150327,5.2,1.8,197.0,2,10,479.0,11,21,153,14
2020,14,gasly,Pierre Gasly,alphatauri,AlphaTauri,15.0,19,20.0,11.2,11.423728813559322,12.0,10.0,63.0,1,1,89.0,1,1,60,13
2020,14,giovinazzi,Antonio Giovinazzi,alfa,Alfa Romeo,10.0,10,10.0,14.055555555555555,14.971428571428572,12.6,17.0,4.0,0,0,8.0,0,0,36,20
2020,14,grosjean,Romain Grosjean,haas,Haas F1 Team,19.0,17,14.0,12.94186046511628,11.674418604651162,13.8,16.2,2.0,0,0,3.0,0,0,172,18
2020,14,hamilton,Lewis Hamilton,mercedes,Mercedes,6.0,6,1.0,4.478672985781991,3.104265402843602,1.4,1.4,282.0,9,11,479.0,11,21,211,1
2020,14,kevin_magnussen,Kevin Magnussen,haas,Haas F1 Team,16.0,13,18.0,13.008620689655173,13.078260869565218,15.0,17.8,1.0,0,0,3.0,0,0,116,17
2020,14,kvyat,Daniil Kvyat,alphatauri,AlphaTauri,17.0,16,4.0,12.296296296296296,11.99074074074074,10.6,11.6,26.0,0,0,89.0,1,1,108,12
2020,14,latifi,Nicholas Latifi,williams,Williams,20.0,0,11.0,15.384615384615385,18.76923076923077,14.8,19.0,0.0,0,0,0.0,0,0,13,19
2020,14,leclerc,Charles Leclerc,ferrari,Ferrari,14.0,12,5.0,9.054545454545455,8.145454545454545,6.0,6.2,85.0,0,2,103.0,0,2,55,4
2020,14,max_verstappen,Max Verstappen,red_bull,Red Bull,2.0,2,17.0,7.556521739130435,6.2956521739130435,8.6,2.8,162.0,1,9,232.0,1,10,115,6
2020,14,norris,Lando Norris,mclaren,McLaren,11.0,14,8.0,10.352941176470589,8.794117647058824,11.6,8.8,69.0,0,1,134.0,0,2,34,8
2020,14,ocon,Esteban Ocon,renault,Renault,7.0,7,19.0,11.365079365079366,11.403225806451612,13.2,9.4,40.0,0,0,135.0,0,2,63,11
2020,14,perez,Sergio Pérez,racing_point,Racing Point,3.0,3,6.0,10.343915343915343,11.111702127659575,5.2,7.0,82.0,0,0,149.0,0,1,189,2
2020,14,raikkonen,Kimi Räikkönen,alfa,Alfa Romeo,8.0,8,9.0,8.128654970760234,7.830409356725146,11.0,17.2,4.0,0,0,8.0,0,0,171,15
2020,14,ricciardo,Daniel Ricciardo,renault,Renault,5.0,5,3.0,9.782608695652174,9.081967213114755,4.8,6.8,95.0,0,2,135.0,0,2,184,10
2020,14,russell,George Russell,williams,Williams,18.0,0,16.0,15.882352941176471,17.147058823529413,15.8,15.2,0.0,0,0,0.0,0,0,34,16
2020,14,sainz,Carlos Sainz,mclaren,McLaren,13.0,15,7.0,11.278260869565218,10.631578947368421,11.0,8.4,65.0,0,1,139.0,0,2,115,5
2020,14,stroll,Lance Stroll,racing_point,Racing Point,1.0,1,13.0,12.72972972972973,14.824324324324325,13.8,11.0,57.0,0,1,167.0,0,2,74,9
2020,14,vettel,Sebastian Vettel,ferrari,Ferrari,12.0,11,12.0,5.42654028436019,4.233333333333333,11.2,13.8,18.0,0,0,115.0,0,2,211,3
2020,15,albon,Alexander Albon,red_bull,Red Bull,4.0,4,7.0,9.257142857142858,9.176470588235293,12.2,6.2,70.0,0,1,240.0,1,10,35,3
2020,15,bottas,Valtteri Bottas,mercedes,Mercedes,2.0,2,14.0,7.01948051948052,5.9935064935064934,7.6,3.2,197.0,2,10,504.0,12,22,154,8
2020,15,gasly,Pierre Gasly,alphatauri,AlphaTauri,8.0,8,13.0,11.229508196721312,11.483333333333333,10.6,9.8,63.0,1,1,89.0,1,1,61,6
2020,15,giovinazzi,Antonio Giovinazzi,alfa,Alfa Romeo,16.0,16,20.0,14.216216216216216,14.833333333333334,13.2,15.6,4.0,0,0,8.0,0,0,37,16
2020,15,grosjean,Romain Grosjean,haas,Haas F1 Team,19.0,19,18.0,12.971098265895954,11.716763005780347,15.0,17.0,2.0,0,0,3.0,0,0,173,20
2020,15,hamilton,Lewis Hamilton,mercedes,Mercedes,1.0,1,1.0,4.462264150943396,3.1179245283018866,1.4,2.4,307.0,10,12,508.0,12,22,212,1
2020,15,kevin_magnussen,Kevin Magnussen,haas,Haas F1 Team,18.0,18,17.0,13.042735042735043,13.10344827586207,15.2,17.0,1.0,0,0,3.0,0,0,117,17
2020,15,kvyat,Daniil Kvyat,alphatauri,AlphaTauri,10.0,10,12.0,12.293577981651376,12.036697247706423,11.6,12.6,26.0,0,0,97.0,1,1,109,11
2020,15,latifi,Nicholas Latifi,williams,Williams,20.0,20,19.0,15.642857142857142,18.857142857142858,15.6,19.2,0.0,0,0,0.0,0,0,14,14
2020,15,leclerc,Charles Leclerc,ferrari,Ferrari,12.0,12,4.0,8.964285714285714,8.25,5.2,8.0,97.0,0,2,130.0,0,3,56,10
2020,15,max_verstappen,Max Verstappen,red_bull,Red Bull,3.0,3,6.0,7.543103448275862,6.258620689655173,6.0,2.6,170.0,1,9,255.0,1,11,116,2
2020,15,norris,Lando Norris,mclaren,McLaren,9.0,9,8.0,10.285714285714286,8.857142857142858,12.0,8.8,74.0,0,1,149.0,0,2,35,4
2020,15,ocon,Esteban Ocon,renault,Renault,7.0,7,11.0,11.359375,11.333333333333334,12.6,8.8,40.0,0,0,136.0,0,2,64,9
2020,15,perez,Sergio Pérez,racing_point,Racing Point,5.0,5,2.0,10.3,11.068783068783068,4.6,6.4,100.0,0,1,169.0,0,2,190,18
2020,15,raikkonen,Kimi Räikkönen,alfa,Alfa Romeo,17.0,17,15.0,8.168604651162791,7.8313953488372094,12.2,16.2,4.0,0,0,8.0,0,0,172,15
2020,15,ricciardo,Daniel Ricciardo,renault,Renault,6.0,6,10.0,9.783783783783784,9.059782608695652,6.0,6.2,96.0,0,2,138.0,0,2,185,7
2020,15,russell,George Russell,williams,Williams,14.0,14,16.0,15.885714285714286,17.17142857142857,16.8,15.2,0.0,0,0,0.0,0,0,35,12
2020,15,sainz,Carlos Sainz,mclaren,McLaren,15.0,15,5.0,11.224137931034482,10.652173913043478,8.4,9.2,75.0,0,1,161.0,0,2,116,5
2020,15,stroll,Lance Stroll,racing_point,Racing Point,13.0,13,9.0,12.68,14.64,15.0,9.6,59.0,0,1,169.0,0,2,75,19
2020,15,vettel,Sebastian Vettel,ferrari,Ferrari,11.0,11,3.0,5.415094339622642,4.270142180094787,9.8,13.4,33.0,0,1,131.0,0,3,212,13
2020,16,aitken,Jack Aitken,williams,Williams,18.0,17,20.0,20.0,20.0,20.0,20.0,0.0,0,0,0.0,0,0,0,16
2020,16,albon,Alexander Albon,red_bull,Red Bull,12.0,12,3.0,9.083333333333334,9.028571428571428,10.8,5.0,85.0,0,2,274.0,1,12,36,6
2020,16,bottas,Valtteri Bottas,mercedes,Mercedes,1.0,1,8.0,7.025806451612903,5.967741935483871,9.0,3.0,201.0,2,10,533.0,13,23,155,8
2020,16,gasly,Pierre Gasly,alphatauri,AlphaTauri,9.0,9,6.0,11.14516129032258,11.426229508196721,10.0,9.6,71.0,1,1,97.0,1,1,62,11
2020,16,giovinazzi,Antonio Giovinazzi,alfa,Alfa Romeo,14.0,14,16.0,14.263157894736842,14.864864864864865,14.2,15.4,4.0,0,0,8.0,0,0,38,13
2020,16,kevin_magnussen,Kevin Magnussen,haas,Haas F1 Team,16.0,15,17.0,13.076271186440678,13.145299145299145,16.2,17.0,1.0,0,0,3.0,0,0,118,15
2020,16,kvyat,Daniil Kvyat,alphatauri,AlphaTauri,6.0,6,11.0,12.281818181818181,12.018181818181818,12.2,12.2,26.0,0,0,97.0,1,1,110,7
2020,16,latifi,Nicholas Latifi,williams,Williams,17.0,16,14.0,15.533333333333333,18.933333333333334,15.2,19.4,0.0,0,0,0.0,0,0,15,18
2020,16,leclerc,Charles Leclerc,ferrari,Ferrari,4.0,4,10.0,8.982456140350877,8.31578947368421,6.0,8.2,98.0,0,2,131.0,0,3,57,20
2020,16,max_verstappen,Max Verstappen,red_bull,Red Bull,3.0,3,2.0,7.495726495726496,6.230769230769231,6.0,2.8,189.0,1,10,282.0,1,12,117,19
2020,16,norris,Lando Norris,mclaren,McLaren,15.0,19,4.0,10.11111111111111,8.86111111111111,9.8,9.0,86.0,0,1,171.0,0,2,36,10
2020,16,ocon,Esteban Ocon,renault,Renault,11.0,11,9.0,11.323076923076924,11.265625,13.0,8.8,42.0,0,0,144.0,0,2,65,2
2020,16,perez,Sergio Pérez,racing_point,Racing Point,5.0,5,18.0,10.340314136125654,11.036842105263158,7.4,6.6,100.0,0,1,169.0,0,2,191,1
2020,16,pietro_fittipaldi,Pietro Fittipaldi,haas,Haas F1 Team,20.0,20,20.0,20.0,20.0,20.0,20.0,0.0,0,0,3.0,0,0,0,17
2020,16,raikkonen,Kimi Räikkönen,alfa,Alfa Romeo,19.0,18,15.0,8.208092485549132,7.884393063583815,12.4,15.6,4.0,0,0,8.0,0,0,173,14
2020,16,ricciardo,Daniel Ricciardo,renault,Renault,7.0,7,7.0,9.768817204301076,9.043243243243243,6.4,6.4,102.0,0,2,162.0,0,3,186,5
2020,16,russell,George Russell,mercedes,Mercedes,2.0,2,12.0,15.777777777777779,17.083333333333332,15.6,15.2,0.0,0,0,537.0,13,23,36,9
2020,16,sainz,Carlos Sainz,mclaren,McLaren,8.0,8,5.0,11.17094017094017,10.689655172413794,5.6,11.0,85.0,0,1,172.0,0,2,117,4
2020,16,stroll,Lance Stroll,racing_point,Racing Point,10.0,10,19.0,12.763157894736842,14.618421052631579,16.2,10.8,59.0,0,1,194.0,1,3,76,3
2020,16,vettel,Sebastian Vettel,ferrari,Ferrari,13.0,13,13.0,5.450704225352113,4.30188679245283,9.8,12.6,33.0,0,1,131.0,0,3,213,12
2020,17,albon,Alexander Albon,red_bull,Red Bull,5.0,5,6.0,9.0,9.11111111111111,8.6,6.4,93.0,0,2,282.0,1,12,37,4
2020,17,bottas,Valtteri Bottas,mercedes,Mercedes,2.0,2,8.0,7.032051282051282,5.935897435897436,6.8,3.0,205.0,2,10,540.0,13,23,156,2
2020,17,gasly,Pierre Gasly,alphatauri,AlphaTauri,10.0,9,11.0,11.142857142857142,11.387096774193548,11.0,9.0,71.0,1,1,103.0,1,1,63,8
2020,17,giovinazzi,Antonio Giovinazzi,alfa,Alfa Romeo,14.0,14,13.0,14.23076923076923,14.842105263157896,14.8,15.4,4.0,0,0,8.0,0,0,39,16
2020,17,hamilton,Lewis Hamilton,mercedes,Mercedes,3.0,3,1.0,4.446009389671362,3.107981220657277,1.0,2.4,332.0,11,13,558.0,13,24,213,3
2020,17,kevin_magnussen,Kevin Magnussen,haas,Haas F1 Team,17.0,20,15.0,13.092436974789916,13.169491525423728,16.6,17.2,1.0,0,0,3.0,0,0,119,18
2020,17,kvyat,Daniil Kvyat,alphatauri,AlphaTauri,7.0,7,7.0,12.234234234234235,11.963963963963964,10.6,10.8,32.0,0,0,107.0,1,1,111,11
2020,17,latifi,Nicholas Latifi,williams,Williams,20.0,18,18.0,15.6875,18.8125,16.0,19.2,0.0,0,0,0.0,0,0,16,17
2020,17,leclerc,Charles Leclerc,ferrari,Ferrari,9.0,12,20.0,9.172413793103448,8.241379310344827,8.6,8.2,98.0,0,2,131.0,0,3,58,13
2020,17,max_verstappen,Max Verstappen,red_bull,Red Bull,1.0,1,19.0,7.593220338983051,6.203389830508475,9.4,2.8,189.0,1,10,294.0,1,12,118,1
2020,17,norris,Lando Norris,mclaren,McLaren,4.0,4,10.0,10.108108108108109,9.027027027027026,8.6,10.4,87.0,0,1,184.0,0,2,37,5
2020,17,ocon,Esteban Ocon,renault,Renault,11.0,10,2.0,11.181818181818182,11.261538461538462,9.8,9.6,60.0,0,1,172.0,0,3,66,9
2020,17,perez,Sergio Pérez,racing_point,Racing Point,15.0,19,1.0,10.291666666666666,11.00523560209424,6.8,5.8,125.0,1,2,209.0,1,4,192,20
2020,17,pietro_fittipaldi,Pietro Fittipaldi,haas,Haas F1 Team,19.0,17,17.0,17.0,20.0,17.0,20.0,0.0,0,0,3.0,0,0,1,19
2020,17,raikkonen,Kimi Räikkönen,alfa,Alfa Romeo,16.0,15,14.0,8.241379310344827,7.948275862068965,12.8,15.6,4.0,0,0,8.0,0,0,174,12
2020,17,ricciardo,Daniel Ricciardo,renault,Renault,12.0,11,5.0,9.743315508021391,9.03225806451613,6.8,6.6,112.0,0,2,174.0,0,3,187,7
2020,17,russell,George Russell,williams,Williams,18.0,16,9.0,15.594594594594595,16.675675675675677,13.4,12.2,3.0,0,0,0.0,0,0,37,15
2020,17,sainz,Carlos Sainz,mclaren,McLaren,6.0,6,4.0,11.110169491525424,10.666666666666666,5.4,10.6,97.0,0,1,194.0,0,2,118,6
2020,17,stroll,Lance Stroll,racing_point,Racing Point,8.0,8,3.0,12.636363636363637,14.558441558441558,12.8,10.2,74.0,0,2,209.0,1,4,77,10
2020,17,vettel,Sebastian Vettel,ferrari,Ferrari,13.0,13,12.0,5.481308411214953,4.342723004694836,10.0,13.0,33.0,0,1,131.0,0,3,214,14
2021,1,alonso,Fernando Alonso,alpine,Alpine F1 Team,9.0,9,11.0,8.902298850574713,9.15028901734104,16.0,15.8,0.0,0,0,0.0,0,0,174,19
2021,1,bottas,Valtteri Bottas,mercedes,Mercedes,3.0,3,2.0,7.0,5.910828025477707,6.8,3.0,0.0,0,0,0.0,0,0,157,3
2021,1,gasly,Pierre Gasly,alphatauri,AlphaTauri,5.0,5,8.0,11.09375,11.365079365079366,11.6,9.2,0.0,0,0,0.0,0,0,64,17
2021,1,giovinazzi,Antonio Giovinazzi,alfa,Alfa Romeo,12.0,12,16.0,14.275,14.820512820512821,15.0,14.8,0.0,0,0,0.0,0,0,40,12
2021,1,hamilton,Lewis Hamilton,mercedes,Mercedes,2.0,2,3.0,4.4392523364485985,3.107476635514019,1.4,2.6,0.0,0,0,16.0,0,1,214,1
2021,1,latifi,Nicholas Latifi,williams,Williams,17.0,17,17.0,15.764705882352942,18.88235294117647,15.8,19.2,0.0,0,0,0.0,0,0,17,18
2021,1,leclerc,Charles Leclerc,ferrari,Ferrari,4.0,4,13.0,9.23728813559322,8.254237288135593,10.4,9.2,0.0,0,0,0.0,0,0,59,6
2021,1,max_verstappen,Max Verstappen,red_bull,Red Bull,1.0,1,1.0,7.53781512605042,6.159663865546219,9.0,2.4,0.0,0,0,0.0,0,0,119,2
2021,1,mazepin,Nikita Mazepin,haas,Haas F1 Team,20.0,19,20.0,20.0,20.0,20.0,20.0,0.0,0,0,0.0,0,0,0,20
2021,1,mick_schumacher,Mick Schumacher,haas,Haas F1 Team,19.0,18,20.0,20.0,20.0,20.0,20.0,0.0,0,0,0.0,0,0,0,16
2021,1,norris,Lando Norris,mclaren,McLaren,7.0,7,5.0,9.973684210526315,8.894736842105264,7.0,9.6,0.0,0,0,0.0,0,0,38,4
2021,1,ocon,Esteban Ocon,alpine,Alpine F1 Team,16.0,16,9.0,11.149253731343284,11.257575757575758,10.0,9.6,0.0,0,0,0.0,0,0,67,13
2021,1,perez,Sergio Pérez,red_bull,Red Bull,11.0,0,20.0,10.341968911917098,11.026041666666666,9.4,7.8,0.0,0,0,18.0,0,1,193,5
2021,1,raikkonen,Kimi Räikkönen,alfa,Alfa Romeo,14.0,14,12.0,8.262857142857143,7.994285714285715,13.0,15.6,0.0,0,0,0.0,0,0,175,11
2021,1,ricciardo,Daniel Ricciardo,mclaren,McLaren,6.0,6,7.0,9.72872340425532,9.04812834224599,6.4,7.0,0.0,0,0,12.0,0,0,188,7
2021,1,russell,George Russell,williams,Williams,15.0,15,15.0,15.578947368421053,16.710526315789473,13.6,13.0,0.0,0,0,0.0,0,0,38,14
2021,1,sainz,Carlos Sainz,ferrari,Ferrari,8.0,8,6.0,11.067226890756302,10.627118644067796,5.4,10.4,0.0,0,0,8.0,0,0,119,8
2021,1,stroll,Lance Stroll,aston_martin,Aston Martin,10.0,10,10.0,12.602564102564102,14.474358974358974,10.8,9.4,0.0,0,0,0.0,0,0,78,10
2021,1,tsunoda,Yuki Tsunoda,alphatauri,AlphaTauri,13.0,13,20.0,20.0,20.0,20.0,20.0,0.0,0,0,0.0,0,0,0,9
2021,1,vettel,Sebastian Vettel,aston_martin,Aston Martin,18.0,20,14.0,5.52093023255814,4.383177570093458,10.8,12.6,0.0,0,0,1.0,0,0,215,15
2021,2,alonso,Fernando Alonso,alpine,Alpine F1 Team,15.0,15,19.0,8.96,9.149425287356323,17.0,14.0,0.0,0,0,0.0,0,0,175,10
2021,2,bottas,Valtteri Bottas,mercedes,Mercedes,8.0,8,3.0,6.974683544303797,5.8924050632911396,7.0,3.4,16.0,0,1,41.0,1,2,158,18
2021,2,gasly,Pierre Gasly,alphatauri,AlphaTauri,5.0,5,17.0,11.184615384615384,11.265625,11.0,9.4,0.0,0,0,2.0,0,0,65,7
2021,2,giovinazzi,Antonio Giovinazzi,alfa,Alfa Romeo,17.0,17,12.0,14.21951219512195,14.75,15.4,13.2,0.0,0,0,0.0,0,0,41,14
2021,2,hamilton,Lewis Hamilton,mercedes,Mercedes,1.0,1,1.0,4.423255813953489,3.1023255813953488,1.4,2.8,25.0,1,1,41.0,1,2,215,2
2021,2,latifi,Nicholas Latifi,williams,Williams,14.0,14,18.0,15.88888888888889,18.77777777777778,17.2,18.8,0.0,0,0,0.0,0,0,18,20
2021,2,leclerc,Charles Leclerc,ferrari,Ferrari,4.0,4,6.0,9.183333333333334,8.183333333333334,10.6,8.6,8.0,0,0,12.0,0,0,60,4
2021,2,max_verstappen,Max Verstappen,red_bull,Red Bull,3.0,3,2.0,7.491666666666666,6.116666666666666,6.0,2.0,18.0,0,1,28.0,0,1,120,1
2021,2,mazepin,Nikita Mazepin,haas,Haas F1 Team,19.0,19,20.0,20.0,20.0,20.0,20.0,0.0,0,0,0.0,0,0,1,17
2021,2,mick_schumacher,Mick Schumacher,haas,Haas F1 Team,18.0,18,16.0,16.0,19.0,16.0,19.0,0.0,0,0,0.0,0,0,1,16
2021,2,norris,Lando Norris,mclaren,McLaren,7.0,7,4.0,9.820512820512821,8.846153846153847,6.2,9.2,12.0,0,0,18.0,0,0,39,3
2021,2,ocon,Esteban Ocon,alpine,Alpine F1 Team,9.0,9,13.0,11.176470588235293,11.328358208955224,8.8,10.4,0.0,0,0,1.0,0,0,68,9
2021,2,perez,Sergio Pérez,red_bull,Red Bull,2.0,2,5.0,10.314432989690722,11.025906735751295,9.2,7.8,10.0,0,0,53.0,1,2,194,11
2021,2,raikkonen,Kimi Räikkönen,alfa,Alfa Romeo,16.0,16,11.0,8.278409090909092,8.028409090909092,13.4,14.8,0.0,0,0,0.0,0,0,176,13
2021,2,ricciardo,Daniel Ricciardo,mclaren,McLaren,6.0,6,7.0,9.714285714285714,9.03191489361702,7.2,7.2,6.0,0,0,33.0,0,1,189,6
2021,2,russell,George Russell,williams,Williams,12.0,12,14.0,15.538461538461538,16.666666666666668,13.2,13.4,0.0,0,0,0.0,0,0,39,19
2021,2,sainz,Carlos Sainz,ferrari,Ferrari,11.0,11,8.0,11.041666666666666,10.605042016806722,5.6,10.0,4.0,0,0,24.0,0,0,120,5
2021,2,stroll,Lance Stroll,aston_martin,Aston Martin,10.0,10,10.0,12.569620253164556,14.417721518987342,10.2,8.4,1.0,0,0,1.0,0,0,79,8
2021,2,tsunoda,Yuki Tsunoda,alphatauri,AlphaTauri,20.0,20,9.0,9.0,13.0,9.0,13.0,2.0,0,0,8.0,0,0,1,12
2021,2,vettel,Sebastian Vettel,aston_martin,Aston Martin,13.0,0,15.0,5.564814814814815,4.446511627906977,11.4,13.4,0.0,0,0,5.0,0,0,216,15
2021,3,alonso,Fernando Alonso,alpine,Alpine F1 Team,13.0,13,10.0,8.965909090909092,9.182857142857143,15.4,13.8,1.0,0,0,3.0,0,0,176,8
2021,3,bottas,Valtteri Bottas,mercedes,Mercedes,1.0,1,18.0,7.044025157232705,5.90566037735849,7.8,3.2,16.0,0,1,60.0,1,3,159,3
2021,3,gasly,Pierre Gasly,alphatauri,AlphaTauri,9.0,9,7.0,11.121212121212121,11.169230769230769,9.8,7.4,6.0,0,0,8.0,0,0,66,10
2021,3,giovinazzi,Antonio Giovinazzi,alfa,Alfa Romeo,12.0,12,14.0,14.214285714285714,14.804878048780488,14.2,14.6,0.0,0,0,0.0,0,0,42,12
2021,3,hamilton,Lewis Hamilton,mercedes,Mercedes,2.0,2,2.0,4.412037037037037,3.0925925925925926,1.6,2.6,44.0,1,2,76.0,1,4,216,1
2021,3,latifi,Nicholas Latifi,williams,Williams,18.0,18,20.0,16.105263157894736,18.526315789473685,17.4,17.6,0.0,0,0,0.0,0,0,19,18
2021,3,leclerc,Charles Leclerc,ferrari,Ferrari,8.0,8,4.0,9.098360655737705,8.114754098360656,10.6,6.6,20.0,0,0,34.0,0,0,61,6
2021,3,max_verstappen,Max Verstappen,red_bull,Red Bull,3.0,3,1.0,7.43801652892562,6.090909090909091,5.0,2.2,43.0,1,2,53.0,1,2,121,2
2021,3,mazepin,Nikita Mazepin,haas,Haas F1 Team,20.0,20,17.0,18.5,19.5,18.5,19.5,0.0,0,0,0.0,0,0,2,19
2021,3,mick_schumacher,Mick Schumacher,haas,Haas F1 Team,19.0,19,16.0,16.0,18.5,16.0,18.5,0.0,0,0,0.0,0,0,2,17
2021,3,norris,Lando Norris,mclaren,McLaren,7.0,7,3.0,9.65,8.8,5.2,8.4,27.0,0,1,41.0,0,1,40,5
2021,3,ocon,Esteban Ocon,alpine,Alpine F1 Team,6.0,6,9.0,11.144927536231885,11.294117647058824,8.4,10.8,2.0,0,0,7.0,0,0,69,7
2021,3,perez,Sergio Pérez,red_bull,Red Bull,4.0,4,11.0,10.317948717948719,10.97938144329897,11.0,7.6,10.0,0,0,71.0,1,3,195,4
2021,3,raikkonen,Kimi Räikkönen,alfa,Alfa Romeo,15.0,15,13.0,8.305084745762711,8.073446327683616,13.0,16.4,0.0,0,0,0.0,0,0,177,20
2021,3,ricciardo,Daniel Ricciardo,mclaren,McLaren,16.0,16,6.0,9.694736842105263,9.015873015873016,6.4,7.4,14.0,0,0,51.0,0,1,190,9
2021,3,russell,George Russell,williams,Williams,11.0,11,19.0,15.625,16.55,13.8,12.2,0.0,0,0,0.0,0,0,40,16
2021,3,sainz,Carlos Sainz,ferrari,Ferrari,5.0,5,5.0,10.991735537190083,10.608333333333333,5.6,9.6,14.0,0,0,42.0,0,0,121,11
2021,3,stroll,Lance Stroll,aston_martin,Aston Martin,17.0,17,8.0,12.5125,14.3625,10.0,10.2,5.0,0,0,5.0,0,0,80,14
2021,3,tsunoda,Yuki Tsunoda,alphatauri,AlphaTauri,14.0,14,12.0,10.5,16.5,10.5,16.5,2.0,0,0,9.0,0,0,2,15
2021,3,vettel,Sebastian Vettel,aston_martin,Aston Martin,10.0,10,15.0,5.608294930875576,4.486111111111111,13.8,13.6,0.0,0,0,5.0,0,0,217,13
2021,4,alonso,Fernando Alonso,alpine,Alpine F1 Team,10.0,10,8.0,8.96045197740113,9.204545454545455,13.0,14.0,5.0,0,0,13.0,0,0,177,17
2021,4,bottas,Valtteri Bottas,mercedes,Mercedes,3.0,3,3.0,7.01875,5.875,6.8,3.0,32.0,0,2,101.0,2,5,160,3
2021,4,gasly,Pierre Gasly,alphatauri,AlphaTauri,12.0,12,10.0,11.104477611940299,11.136363636363637,10.6,7.6,7.0,0,0,9.0,0,0,67,10
2021,4,giovinazzi,Antonio Giovinazzi,alfa,Alfa Romeo,14.0,14,12.0,14.162790697674419,14.738095238095237,13.4,13.8,0.0,0,0,0.0,0,0,43,15
2021,4,hamilton,Lewis Hamilton,mercedes,Mercedes,1.0,1,1.0,4.3963133640553,3.087557603686636,1.6,1.8,69.0,2,3,116.0,2,6,217,1
2021,4,latifi,Nicholas Latifi,williams,Williams,19.0,19,18.0,16.2,18.5,18.2,17.2,0.0,0,0,0.0,0,0,20,16
2021,4,leclerc,Charles Leclerc,ferrari,Ferrari,4.0,4,6.0,9.048387096774194,8.112903225806452,9.8,5.8,28.0,0,0,42.0,0,0,62,4
2021,4,max_verstappen,Max Verstappen,red_bull,Red Bull,2.0,2,2.0,7.39344262295082,6.065573770491803,5.0,2.2,61.0,1,3,83.0,1,3,122,2
2021,4,mazepin,Nikita Mazepin,haas,Haas F1 Team,20.0,20,19.0,18.666666666666668,19.666666666666668,18.666666666666668,19.666666666666668,0.0,0,0,0.0,0,0,3,19
2021,4,mick_schumacher,Mick Schumacher,haas,Haas F1 Team,18.0,18,17.0,16.333333333333332,18.666666666666668,16.333333333333332,18.666666666666668,0.0,0,0,0.0,0,0,3,18
2021,4,norris,Lando Norris,mclaren,McLaren,9.0,9,5.0,9.536585365853659,8.75609756097561,5.4,8.0,37.0,0,1,53.0,0,1,41,8
2021,4,ocon,Esteban Ocon,alpine,Alpine F1 Team,5.0,5,7.0,11.085714285714285,11.217391304347826,8.0,10.6,8.0,0,0,13.0,0,0,70,9
2021,4,perez,Sergio Pérez,red_bull,Red Bull,8.0,8,4.0,10.285714285714286,10.943589743589744,8.2,7.4,22.0,0,0,102.0,1,4,196,5
2021,4,raikkonen,Kimi Räikkönen,alfa,Alfa Romeo,17.0,17,20.0,8.370786516853933,8.112359550561798,14.0,16.0,0.0,0,0,0.0,0,0,178,12
2021,4,ricciardo,Daniel Ricciardo,mclaren,McLaren,7.0,7,9.0,9.69109947643979,9.052631578947368,6.8,9.4,16.0,0,0,57.0,0,1,191,6
2021,4,russell,George Russell,williams,Williams,15.0,15,16.0,15.634146341463415,16.414634146341463,14.6,11.6,0.0,0,0,0.0,0,0,41,14
2021,4,sainz,Carlos Sainz,ferrari,Ferrari,6.0,6,11.0,10.991803278688524,10.561983471074381,6.8,7.6,14.0,0,0,54.0,0,0,122,7
2021,4,stroll,Lance Stroll,aston_martin,Aston Martin,11.0,11,14.0,12.530864197530864,14.395061728395062,9.0,11.0,5.0,0,0,5.0,0,0,81,11
2021,4,tsunoda,Yuki Tsunoda,alphatauri,AlphaTauri,16.0,16,15.0,12.0,15.666666666666666,12.0,15.666666666666666,2.0,0,0,10.0,0,0,3,20
2021,4,vettel,Sebastian Vettel,aston_martin,Aston Martin,13.0,13,13.0,5.6422018348623855,4.511520737327189,13.8,13.4,0.0,0,0,5.0,0,0,218,13
2021,5,alonso,Fernando Alonso,alpine,Alpine F1 Team,17.0,17,17.0,9.00561797752809,9.209039548022599,13.0,12.4,5.0,0,0,15.0,0,0,178,13
2021,5,bottas,Valtteri Bottas,mercedes,Mercedes,3.0,3,3.0,6.9937888198757765,5.857142857142857,5.8,3.4,47.0,0,3,141.0,3,7,161,19
2021,5,gasly,Pierre Gasly,alphatauri,AlphaTauri,6.0,6,10.0,11.088235294117647,11.149253731343284,10.4,8.2,8.0,0,0,10.0,0,0,68,6
2021,5,giovinazzi,Antonio Giovinazzi,alfa,Alfa Romeo,10.0,10,15.0,14.181818181818182,14.720930232558139,13.8,13.8,0.0,0,0,0.0,0,0,44,10
2021,5,hamilton,Lewis Hamilton,mercedes,Mercedes,7.0,7,1.0,4.3807339449541285,3.0779816513761467,1.6,1.8,94.0,3,4,141.0,3,7,218,7
2021,5,latifi,Nicholas Latifi,williams,Williams,18.0,18,16.0,16.19047619047619,18.523809523809526,17.8,17.6,0.0,0,0,0.0,0,0,21,15
2021,5,leclerc,Charles Leclerc,ferrari,Ferrari,1.0,1,4.0,8.968253968253968,8.047619047619047,6.6,5.8,40.0,0,0,60.0,0,0,63,20
2021,5,max_verstappen,Max Verstappen,red_bull,Red Bull,2.0,2,2.0,7.349593495934959,6.032520325203252,1.6,2.0,80.0,1,4,112.0,1,4,123,1
2021,5,mazepin,Nikita Mazepin,haas,Haas F1 Team,19.0,19,19.0,18.75,19.75,18.75,19.75,0.0,0,0,0.0,0,0,4,17
2021,5,mick_schumacher,Mick Schumacher,haas,Haas F1 Team,,20,18.0,16.75,18.5,16.75,18.5,0.0,0,0,0.0,0,0,4,18
2021,5,norris,Lando Norris,mclaren,McLaren,5.0,5,8.0,9.5,8.761904761904763,5.0,6.8,41.0,0,1,65.0,0,1,42,3
2021,5,ocon,Esteban Ocon,alpine,Alpine F1 Team,11.0,11,9.0,11.056338028169014,11.128571428571428,9.4,9.4,10.0,0,0,15.0,0,0,71,9
2021,5,perez,Sergio Pérez,red_bull,Red Bull,9.0,9,5.0,10.258883248730964,10.928571428571429,9.0,8.0,32.0,0,0,137.0,2,5,197,4
2021,5,raikkonen,Kimi Räikkönen,alfa,Alfa Romeo,14.0,14,12.0,8.391061452513966,8.162011173184357,13.6,15.6,0.0,0,0,1.0,0,0,179,11
2021,5,ricciardo,Daniel Ricciardo,mclaren,McLaren,12.0,12,6.0,9.671875,9.041884816753926,7.0,9.4,24.0,0,0,80.0,0,2,192,12
2021,5,russell,George Russell,williams,Williams,15.0,15,14.0,15.595238095238095,16.38095238095238,15.6,14.2,0.0,0,0,0.0,0,0,42,14
2021,5,sainz,Carlos Sainz,ferrari,Ferrari,4.0,4,7.0,10.959349593495935,10.524590163934427,7.4,7.2,20.0,0,0,60.0,0,0,123,2
2021,5,stroll,Lance Stroll,aston_martin,Aston Martin,13.0,13,11.0,12.512195121951219,14.353658536585366,10.6,11.2,5.0,0,0,5.0,0,0,82,8
2021,5,tsunoda,Yuki Tsunoda,alphatauri,AlphaTauri,16.0,16,20.0,14.0,15.75,14.0,15.75,2.0,0,0,18.0,0,0,4,16
2021,5,vettel,Sebastian Vettel,aston_martin,Aston Martin,8.0,8,13.0,5.675799086757991,4.5504587155963305,14.0,13.4,0.0,0,0,9.0,0,0,219,5
2021,6,alonso,Fernando Alonso,alpine,Alpine F1 Team,9.0,8,13.0,9.027932960893855,9.252808988764045,13.4,12.8,5.0,0,0,17.0,0,0,179,6
2021,6,bottas,Valtteri Bottas,mercedes,Mercedes,10.0,10,19.0,7.067901234567901,5.839506172839506,9.2,3.6,47.0,0,3,148.0,3,7,162,12
2021,6,gasly,Pierre Gasly,alphatauri,AlphaTauri,4.0,4,6.0,11.014492753623188,11.073529411764707,10.0,7.4,16.0,0,0,18.0,0,0,69,3
2021,6,giovinazzi,Antonio Giovinazzi,alfa,Alfa Romeo,20.0,20,10.0,14.088888888888889,14.613636363636363,12.6,13.0,1.0,0,0,1.0,0,0,45,11
2021,6,hamilton,Lewis Hamilton,mercedes,Mercedes,2.0,2,7.0,4.392694063926941,3.095890410958904,2.4,2.6,101.0,3,4,148.0,3,7,219,15
2021,6,latifi,Nicholas Latifi,williams,Williams,16.0,16,15.0,16.136363636363637,18.5,17.4,17.2,0.0,0,0,0.0,0,0,22,16
2021,6,leclerc,Charles Leclerc,ferrari,Ferrari,1.0,1,20.0,9.140625,7.9375,8.0,4.2,40.0,0,0,78.0,0,1,64,4
2021,6,max_verstappen,Max Verstappen,red_bull,Red Bull,3.0,3,1.0,7.298387096774194,6.0,1.6,2.2,105.0,2,5,149.0,2,5,124,18
2021,6,mazepin,Nikita Mazepin,haas,Haas F1 Team,18.0,18,17.0,18.4,19.6,18.4,19.6,0.0,0,0,0.0,0,0,5,14
2021,6,mick_schumacher,Mick Schumacher,haas,Haas F1 Team,17.0,17,18.0,17.0,18.5,17.0,18.5,0.0,0,0,0.0,0,0,5,13
2021,6,norris,Lando Norris,mclaren,McLaren,6.0,9,3.0,9.348837209302326,8.674418604651162,4.6,7.0,56.0,0,2,80.0,0,2,43,5
2021,6,ocon,Esteban Ocon,alpine,Alpine F1 Team,12.0,12,9.0,11.027777777777779,11.126760563380282,9.4,9.4,12.0,0,0,25.0,0,0,72,20
2021,6,perez,Sergio Pérez,red_bull,Red Bull,7.0,6,4.0,10.227272727272727,10.918781725888325,5.8,6.8,44.0,0,0,149.0,2,5,198,1
2021,6,raikkonen,Kimi Räikkönen,alfa,Alfa Romeo,14.0,14,11.0,8.405555555555555,8.194444444444445,13.4,15.2,0.0,0,0,1.0,0,0,180,10
2021,6,ricciardo,Daniel Ricciardo,mclaren,McLaren,13.0,13,12.0,9.683937823834198,9.057291666666666,8.0,9.4,24.0,0,0,90.0,0,2,193,9
2021,6,russell,George Russell,williams,Williams,15.0,15,14.0,15.55813953488372,16.348837209302324,15.4,13.6,0.0,0,0,0.0,0,0,43,17
2021,6,sainz,Carlos Sainz,ferrari,Ferrari,5.0,5,2.0,10.887096774193548,10.471544715447154,6.6,6.8,38.0,0,1,90.0,0,1,124,8
2021,6,stroll,Lance Stroll,aston_martin,Aston Martin,19.0,19,8.0,12.457831325301205,14.337349397590362,10.2,12.2,9.0,0,0,19.0,0,0,83,19
2021,6,tsunoda,Yuki Tsunoda,alphatauri,AlphaTauri,8.0,7,16.0,14.4,15.8,14.4,15.8,2.0,0,0,33.0,0,1,5,7
2021,6,vettel,Sebastian Vettel,aston_martin,Aston Martin,11.0,11,5.0,5.672727272727273,4.566210045662101,12.2,12.4,10.0,0,0,19.0,0,0,220,2
2021,7,alonso,Fernando Alonso,alpine,Alpine F1 Team,9.0,9,6.0,9.011111111111111,9.251396648044693,10.8,12.8,13.0,0,0,25.0,0,0,180,8
2021,7,bottas,Valtteri Bottas,mercedes,Mercedes,3.0,3,12.0,7.098159509202454,5.865030674846626,11.0,5.0,47.0,0,3,148.0,3,7,163,4
2021,7,gasly,Pierre Gasly,alphatauri,AlphaTauri,6.0,6,3.0,10.9,10.971014492753623,7.2,7.2,31.0,0,1,39.0,0,1,70,7
2021,7,giovinazzi,Antonio Giovinazzi,alfa,Alfa Romeo,13.0,13,11.0,14.021739130434783,14.733333333333333,12.4,14.6,1.0,0,0,2.0,0,0,46,15
2021,7,hamilton,Lewis Hamilton,mercedes,Mercedes,2.0,2,15.0,4.4409090909090905,3.090909090909091,5.2,2.6,101.0,3,4,160.0,3,7,220,2
2021,7,latifi,Nicholas Latifi,williams,Williams,16.0,16,16.0,16.130434782608695,18.391304347826086,17.0,17.0,0.0,0,0,0.0,0,0,23,18
2021,7,leclerc,Charles Leclerc,ferrari,Ferrari,7.0,7,4.0,9.061538461538461,7.8307692307692305,7.6,3.6,52.0,0,0,94.0,0,1,65,16
2021,7,max_verstappen,Max Verstappen,red_bull,Red Bull,1.0,1,18.0,7.384,5.976,4.8,2.6,105.0,2,5,174.0,3,6,125,1
2021,7,mazepin,Nikita Mazepin,haas,Haas F1 Team,18.0,18,14.0,17.666666666666668,19.333333333333332,17.2,19.2,0.0,0,0,0.0,0,0,6,20
2021,7,mick_schumacher,Mick Schumacher,haas,Haas F1 Team,15.0,15,13.0,16.333333333333332,18.2,16.4,18.0,0.0,0,0,0.0,0,0,6,19
2021,7,norris,Lando Norris,mclaren,McLaren,8.0,8,5.0,9.25,8.613636363636363,4.8,6.8,66.0,0,2,92.0,0,2,44,5
2021,7,ocon,Esteban Ocon,alpine,Alpine F1 Team,11.0,11,20.0,11.150684931506849,11.13888888888889,10.8,8.6,12.0,0,0,29.0,0,0,73,14
2021,7,perez,Sergio Pérez,red_bull,Red Bull,4.0,4,1.0,10.180904522613066,10.8989898989899,5.0,6.0,69.0,1,1,200.0,4,7,199,3
2021,7,raikkonen,Kimi Räikkönen,alfa,Alfa Romeo,17.0,17,10.0,8.414364640883978,8.226519337016574,13.2,15.2,1.0,0,0,2.0,0,0,181,17
2021,7,ricciardo,Daniel Ricciardo,mclaren,McLaren,10.0,10,9.0,9.68041237113402,9.077720207253886,8.4,10.8,26.0,0,0,102.0,0,2,194,6
2021,7,russell,George Russell,williams,Williams,14.0,14,17.0,15.590909090909092,16.318181818181817,16.0,13.6,0.0,0,0,0.0,0,0,44,12
2021,7,sainz,Carlos Sainz,ferrari,Ferrari,5.0,5,8.0,10.864,10.42741935483871,6.6,6.2,42.0,0,1,94.0,0,1,125,11
2021,7,stroll,Lance Stroll,aston_martin,Aston Martin,19.0,19,19.0,12.535714285714286,14.392857142857142,12.0,14.0,9.0,0,0,37.0,0,1,84,10
2021,7,tsunoda,Yuki Tsunoda,alphatauri,AlphaTauri,20.0,0,7.0,13.166666666666666,14.5,14.0,14.8,8.0,0,0,45.0,0,1,6,13
2021,7,vettel,Sebastian Vettel,aston_martin,Aston Martin,12.0,12,2.0,5.656108597285068,4.595454545454546,9.6,11.0,28.0,0,1,38.0,0,1,221,9
2021,8,alonso,Fernando Alonso,alpine,Alpine F1 Team,9.0,8,8.0,9.005524861878452,9.25,10.4,11.6,17.0,0,0,29.0,0,0,181,9
2021,8,bottas,Valtteri Bottas,mercedes,Mercedes,2.0,5,4.0,7.079268292682927,5.847560975609756,8.2,4.0,59.0,0,3,178.0,3,8,164,3
2021,8,gasly,Pierre Gasly,alphatauri,AlphaTauri,6.0,6,7.0,10.845070422535212,10.9,7.2,7.4,37.0,0,1,45.0,0,1,71,20
2021,8,giovinazzi,Antonio Giovinazzi,alfa,Alfa Romeo,15.0,15,15.0,14.042553191489361,14.695652173913043,12.6,13.8,1.0,0,0,2.0,0,0,47,15
2021,8,hamilton,Lewis Hamilton,mercedes,Mercedes,3.0,2,2.0,4.429864253393665,3.085972850678733,5.2,2.8,119.0,3,5,193.0,3,9,221,2
2021,8,latifi,Nicholas Latifi,williams,Williams,16.0,16,18.0,16.208333333333332,18.291666666666668,16.6,17.4,0.0,0,0,0.0,0,0,24,17
2021,8,leclerc,Charles Leclerc,ferrari,Ferrari,7.0,7,16.0,9.166666666666666,7.818181818181818,10.0,4.2,52.0,0,0,94.0,0,1,66,7
2021,8,max_verstappen,Max Verstappen,red_bull,Red Bull,1.0,1,1.0,7.333333333333333,5.936507936507937,4.8,2.2,131.0,3,6,215.0,4,8,126,1
2021,8,mazepin,Nikita Mazepin,haas,Haas F1 Team,20.0,20,20.0,18.0,19.142857142857142,17.8,19.0,0.0,0,0,0.0,0,0,7,18
2021,8,mick_schumacher,Mick Schumacher,haas,Haas F1 Team,19.0,19,19.0,16.714285714285715,17.666666666666668,17.0,17.25,0.0,0,0,0.0,0,0,7,16
2021,8,norris,Lando Norris,mclaren,McLaren,4.0,3,5.0,9.155555555555555,8.6,5.2,7.0,76.0,0,2,110.0,0,2,45,5
2021,8,ocon,Esteban Ocon,alpine,Alpine F1 Team,17.0,17,14.0,11.18918918918919,11.136986301369863,11.8,9.0,12.0,0,0,31.0,0,0,74,14
2021,8,perez,Sergio Pérez,red_bull,Red Bull,5.0,4,3.0,10.145,10.864321608040202,3.4,6.4,84.0,1,2,240.0,5,9,200,4
2021,8,raikkonen,Kimi Räikkönen,alfa,Alfa Romeo,18.0,18,17.0,8.461538461538462,8.274725274725276,14.0,15.4,1.0,0,0,2.0,0,0,182,11
2021,8,ricciardo,Daniel Ricciardo,mclaren,McLaren,13.0,13,6.0,9.661538461538461,9.082474226804123,8.4,11.6,34.0,0,0,120.0,0,2,195,13
2021,8,russell,George Russell,williams,Williams,11.0,10,12.0,15.511111111111111,16.266666666666666,14.6,14.0,0.0,0,0,0.0,0,0,45,19
2021,8,sainz,Carlos Sainz,ferrari,Ferrari,12.0,12,11.0,10.865079365079366,10.384,7.8,5.0,42.0,0,1,100.0,0,1,126,6
2021,8,stroll,Lance Stroll,aston_martin,Aston Martin,10.0,9,10.0,12.505882352941176,14.447058823529412,12.4,15.8,10.0,0,0,40.0,0,1,85,8
2021,8,tsunoda,Yuki Tsunoda,alphatauri,AlphaTauri,8.0,11,13.0,13.142857142857142,15.285714285714286,14.2,14.8,8.0,0,0,45.0,0,1,7,10
2021,8,vettel,Sebastian Vettel,aston_martin,Aston Martin,14.0,14,9.0,5.671171171171171,4.6289592760181,8.4,10.8,30.0,0,1,44.0,0,1,222,12
2021,9,alonso,Fernando Alonso,alpine,Alpine F1 Team,14.0,14,9.0,9.005494505494505,9.248618784530386,10.6,10.8,19.0,0,0,31.0,0,0,182,10
2021,9,bottas,Valtteri Bottas,mercedes,Mercedes,5.0,5,3.0,7.054545454545455,5.824242424242424,8.2,4.2,74.0,0,4,212.0,3,10,165,2
2021,9,gasly,Pierre Gasly,alphatauri,AlphaTauri,6.0,6,20.0,10.972222222222221,10.830985915492958,9.2,6.8,37.0,0,1,46.0,0,1,72,9
2021,9,giovinazzi,Antonio Giovinazzi,alfa,Alfa Romeo,15.0,15,15.0,14.0625,14.702127659574469,13.2,14.4,1.0,0,0,2.0,0,0,48,14
2021,9,hamilton,Lewis Hamilton,mercedes,Mercedes,4.0,4,2.0,4.418918918918919,3.0855855855855854,5.4,3.0,138.0,3,6,230.0,3,11,222,4
2021,9,latifi,Nicholas Latifi,williams,Williams,18.0,18,17.0,16.24,18.2,16.4,17.0,0.0,0,0,0.0,0,0,25,16
2021,9,leclerc,Charles Leclerc,ferrari,Ferrari,12.0,12,7.0,9.134328358208956,7.8059701492537314,10.2,4.0,58.0,0,0,108.0,0,1,67,8
2021,9,max_verstappen,Max Verstappen,red_bull,Red Bull,1.0,1,1.0,7.283464566929134,5.897637795275591,4.6,1.8,156.0,4,7,252.0,5,9,127,1
2021,9,mazepin,Nikita Mazepin,haas,Haas F1 Team,20.0,20,18.0,18.0,19.25,17.6,19.0,0.0,0,0,0.0,0,0,8,19
2021,9,mick_schumacher,Mick Schumacher,haas,Haas F1 Team,19.0,19,16.0,16.625,17.857142857142858,16.8,17.25,0.0,0,0,0.0,0,0,8,18
2021,9,norris,Lando Norris,mclaren,McLaren,2.0,2,5.0,9.065217391304348,8.5,5.2,6.4,86.0,0,2,120.0,0,2,46,3
2021,9,ocon,Esteban Ocon,alpine,Alpine F1 Team,17.0,17,14.0,11.226666666666667,11.216216216216216,13.2,11.2,12.0,0,0,32.0,0,0,75,20
2021,9,perez,Sergio Pérez,red_bull,Red Bull,3.0,3,4.0,10.114427860696518,10.835,3.4,6.6,96.0,1,2,278.0,6,10,201,6
2021,9,raikkonen,Kimi Räikkönen,alfa,Alfa Romeo,16.0,16,11.0,8.475409836065573,8.327868852459016,12.2,16.0,1.0,0,0,2.0,0,0,183,15
2021,9,ricciardo,Daniel Ricciardo,mclaren,McLaren,13.0,13,13.0,9.678571428571429,9.102564102564102,9.2,11.0,34.0,0,0,135.0,0,3,196,7
2021,9,russell,George Russell,williams,Williams,9.0,8,19.0,15.58695652173913,16.152173913043477,15.2,14.0,0.0,0,0,0.0,0,0,46,11
2021,9,sainz,Carlos Sainz,ferrari,Ferrari,11.0,10,6.0,10.826771653543307,10.396825396825397,6.8,6.4,50.0,0,1,112.0,0,1,127,5
2021,9,stroll,Lance Stroll,aston_martin,Aston Martin,10.0,9,8.0,12.453488372093023,14.395348837209303,11.2,14.4,14.0,0,0,44.0,0,1,86,13
2021,9,tsunoda,Yuki Tsunoda,alphatauri,AlphaTauri,7.0,7,10.0,12.75,14.375,13.2,13.6,9.0,0,0,48.0,0,1,8,12
2021,9,vettel,Sebastian Vettel,aston_martin,Aston Martin,8.0,11,12.0,5.699551569506727,4.671171171171171,8.2,11.6,30.0,0,1,44.0,0,1,223,17
2021,10,alonso,Fernando Alonso,alpine,Alpine F1 Team,11.0,7,10.0,9.010928961748634,9.274725274725276,9.2,11.6,20.0,0,0,32.0,0,0,183,7
2021,10,bottas,Valtteri Bottas,mercedes,Mercedes,3.0,3,2.0,7.024096385542169,5.819277108433735,8.0,4.6,92.0,0,5,242.0,3,11,166,3
2021,10,gasly,Pierre Gasly,alphatauri,AlphaTauri,12.0,11,9.0,10.945205479452055,10.76388888888889,9.0,5.6,39.0,0,1,48.0,0,1,73,11
2021,10,giovinazzi,Antonio Giovinazzi,alfa,Alfa Romeo,14.0,15,14.0,14.061224489795919,14.708333333333334,13.0,14.6,1.0,0,0,2.0,0,0,49,13
2021,10,hamilton,Lewis Hamilton,mercedes,Mercedes,1.0,2,4.0,4.417040358744394,3.0896860986547083,6.0,3.6,150.0,3,6,257.0,3,12,223,1
2021,10,latifi,Nicholas Latifi,williams,Williams,18.0,17,16.0,16.23076923076923,18.192307692307693,16.4,16.8,0.0,0,0,0.0,0,0,26,14
2021,10,leclerc,Charles Leclerc,ferrari,Ferrari,4.0,4,8.0,9.117647058823529,7.867647058823529,11.0,5.6,62.0,0,0,122.0,0,1,68,2
2021,10,max_verstappen,Max Verstappen,red_bull,Red Bull,2.0,1,1.0,7.234375,5.859375,4.4,1.6,182.0,5,8,286.0,6,10,128,20
2021,10,mazepin,Nikita Mazepin,haas,Haas F1 Team,20.0,19,19.0,18.11111111111111,19.333333333333332,17.6,19.0,0.0,0,0,0.0,0,0,9,17
2021,10,mick_schumacher,Mick Schumacher,haas,Haas F1 Team,19.0,18,18.0,16.77777777777778,18.0,16.8,17.5,0.0,0,0,0.0,0,0,9,18
2021,10,norris,Lando Norris,mclaren,McLaren,6.0,5,3.0,8.936170212765957,8.361702127659575,4.2,5.0,101.0,0,3,141.0,0,3,47,4
2021,10,ocon,Esteban Ocon,alpine,Alpine F1 Team,13.0,9,20.0,11.342105263157896,11.293333333333333,15.4,13.6,12.0,0,0,38.0,0,0,76,9
2021,10,perez,Sergio Pérez,red_bull,Red Bull,5.0,0,6.0,10.094059405940595,10.796019900497512,3.6,5.6,104.0,1,2,286.0,6,10,202,16
2021,10,raikkonen,Kimi Räikkönen,alfa,Alfa Romeo,17.0,13,15.0,8.51086956521739,8.369565217391305,12.8,15.8,1.0,0,0,2.0,0,0,184,15
2021,10,ricciardo,Daniel Ricciardo,mclaren,McLaren,7.0,6,7.0,9.66497461928934,9.122448979591837,9.4,12.2,40.0,0,0,153.0,0,3,197,5
2021,10,russell,George Russell,williams,Williams,8.0,12,11.0,15.48936170212766,16.0,14.6,12.8,0.0,0,0,0.0,0,0,47,12
2021,10,sainz,Carlos Sainz,ferrari,Ferrari,9.0,10,5.0,10.78125,10.401574803149606,6.4,7.4,60.0,0,1,140.0,0,2,128,6
2021,10,stroll,Lance Stroll,aston_martin,Aston Martin,15.0,14,13.0,12.459770114942529,14.344827586206897,11.6,14.2,14.0,0,0,44.0,0,1,87,8
2021,10,tsunoda,Yuki Tsunoda,alphatauri,AlphaTauri,16.0,16,12.0,12.666666666666666,13.555555555555555,11.6,11.8,9.0,0,0,48.0,0,1,9,10
2021,10,vettel,Sebastian Vettel,aston_martin,Aston Martin,10.0,8,17.0,5.75,4.686098654708521,9.0,10.6,30.0,0,1,48.0,0,1,224,19
2021,11,alonso,Fernando Alonso,alpine,Alpine F1 Team,9.0,9,7.0,9.0,9.28415300546448,8.0,10.4,26.0,0,0,40.0,0,0,184,4
2021,11,bottas,Valtteri Bottas,mercedes,Mercedes,2.0,2,3.0,7.0,5.802395209580839,4.8,4.6,107.0,0,6,282.0,4,13,167,16
2021,11,gasly,Pierre Gasly,alphatauri,AlphaTauri,5.0,5,11.0,10.945945945945946,10.780821917808218,10.0,6.8,39.0,0,1,49.0,0,1,74,5
2021,11,giovinazzi,Antonio Giovinazzi,alfa,Alfa Romeo,14.0,0,13.0,14.04,14.693877551020408,13.6,15.4,1.0,0,0,2.0,0,0,50,13
2021,11,hamilton,Lewis Hamilton,mercedes,Mercedes,1.0,1,1.0,4.401785714285714,3.080357142857143,4.8,2.4,175.0,4,7,282.0,4,13,224,2
2021,11,latifi,Nicholas Latifi,williams,Williams,18.0,18,14.0,16.14814814814815,18.185185185185187,16.2,16.8,0.0,0,0,0.0,0,0,27,7
2021,11,leclerc,Charles Leclerc,ferrari,Ferrari,7.0,7,2.0,9.014492753623188,7.811594202898551,7.4,6.2,80.0,0,1,148.0,0,2,69,18
2021,11,max_verstappen,Max Verstappen,red_bull,Red Bull,3.0,3,20.0,7.333333333333333,5.829457364341085,8.2,1.6,182.0,5,8,286.0,6,10,129,9
2021,11,mazepin,Nikita Mazepin,haas,Haas F1 Team,19.0,19,17.0,18.0,19.4,17.6,19.2,0.0,0,0,0.0,0,0,10,14
2021,11,mick_schumacher,Mick Schumacher,haas,Haas F1 Team,20.0,20,18.0,16.9,18.11111111111111,16.8,17.8,0.0,0,0,0.0,0,0,10,12
2021,11,norris,Lando Norris,mclaren,McLaren,6.0,6,4.0,8.833333333333334,8.3125,4.4,5.2,113.0,0,3,163.0,0,3,48,15
2021,11,ocon,Esteban Ocon,alpine,Alpine F1 Team,8.0,8,9.0,11.311688311688311,11.31578947368421,15.4,14.0,14.0,0,0,52.0,0,0,77,1
2021,11,perez,Sergio Pérez,red_bull,Red Bull,4.0,4,16.0,10.123152709359607,10.767326732673267,6.0,4.8,104.0,1,2,288.0,6,10,203,17
2021,11,raikkonen,Kimi Räikkönen,alfa,Alfa Romeo,13.0,13,15.0,8.545945945945945,8.416216216216217,13.6,16.4,1.0,0,0,2.0,0,0,185,10
2021,11,ricciardo,Daniel Ricciardo,mclaren,McLaren,11.0,11,5.0,9.641414141414142,9.111675126903553,8.0,11.2,50.0,0,0,163.0,0,3,198,11
2021,11,russell,George Russell,williams,Williams,17.0,17,12.0,15.416666666666666,15.833333333333334,14.2,11.4,0.0,0,0,6.0,0,0,48,8
2021,11,sainz,Carlos Sainz,ferrari,Ferrari,15.0,15,6.0,10.744186046511627,10.390625,7.2,8.4,68.0,0,1,148.0,0,2,129,3
2021,11,stroll,Lance Stroll,aston_martin,Aston Martin,12.0,12,8.0,12.409090909090908,14.352272727272727,11.6,14.6,18.0,0,0,48.0,0,1,88,19
2021,11,tsunoda,Yuki Tsunoda,alphatauri,AlphaTauri,16.0,16,10.0,12.4,13.8,10.4,11.8,10.0,0,0,60.0,0,1,10,6
2021,11,vettel,Sebastian Vettel,aston_martin,Aston Martin,10.0,10,19.0,5.808888888888889,4.709821428571429,11.8,11.0,30.0,0,1,48.0,0,1,225,20
2021,12,alonso,Fernando Alonso,alpine,Alpine F1 Team,14.0,12,4.0,8.972972972972974,9.282608695652174,7.6,10.4,38.0,0,0,77.0,1,1,185,11
2021,12,bottas,Valtteri Bottas,mercedes,Mercedes,8.0,13,16.0,7.053571428571429,5.779761904761905,5.6,3.0,107.0,0,6,300.0,4,14,168,12
2021,12,gasly,Pierre Gasly,alphatauri,AlphaTauri,6.0,6,5.0,10.866666666666667,10.702702702702704,10.4,7.0,50.0,0,1,68.0,0,1,75,6
2021,12,giovinazzi,Antonio Giovinazzi,alfa,Alfa Romeo,16.0,14,13.0,14.019607843137255,14.68,14.0,14.2,1.0,0,0,3.0,0,0,51,13
2021,12,hamilton,Lewis Hamilton,mercedes,Mercedes,3.0,3,2.0,4.391111111111111,3.071111111111111,2.2,2.2,193.0,4,8,300.0,4,14,225,3
2021,12,latifi,Nicholas Latifi,williams,Williams,12.0,10,7.0,15.821428571428571,18.178571428571427,14.4,17.2,6.0,0,0,10.0,0,0,28,9
2021,12,leclerc,Charles Leclerc,ferrari,Ferrari,11.0,9,18.0,9.142857142857142,7.8,10.2,7.4,80.0,0,1,163.0,0,3,70,8
2021,12,max_verstappen,Max Verstappen,red_bull,Red Bull,1.0,1,9.0,7.346153846153846,5.8076923076923075,6.4,1.6,184.0,5,8,288.0,6,10,130,1
2021,12,mazepin,Nikita Mazepin,haas,Haas F1 Team,20.0,18,14.0,17.636363636363637,19.363636363636363,17.6,19.4,0.0,0,0,0.0,0,0,11,17
2021,12,mick_schumacher,Mick Schumacher,haas,Haas F1 Team,18.0,17,12.0,16.454545454545453,18.3,16.6,18.4,0.0,0,0,0.0,0,0,11,16
2021,12,norris,Lando Norris,mclaren,McLaren,10.0,15,15.0,8.959183673469388,8.26530612244898,6.4,5.2,113.0,0,3,163.0,0,3,49,14
2021,12,ocon,Esteban Ocon,alpine,Alpine F1 Team,9.0,8,1.0,11.179487179487179,11.272727272727273,11.6,13.2,39.0,1,1,77.0,1,1,78,7
2021,12,perez,Sergio Pérez,red_bull,Red Bull,7.0,0,17.0,10.156862745098039,10.733990147783251,9.2,4.2,104.0,1,2,300.5,7,11,204,19
2021,12,raikkonen,Kimi Räikkönen,alfa,Alfa Romeo,19.0,0,10.0,8.553763440860216,8.440860215053764,13.6,16.2,2.0,0,0,3.0,0,0,186,18
2021,12,ricciardo,Daniel Ricciardo,mclaren,McLaren,4.0,4,11.0,9.64824120603015,9.121212121212121,8.4,10.8,50.0,0,0,163.0,0,3,199,4
2021,12,russell,George Russell,williams,Williams,2.0,2,8.0,15.26530612244898,15.857142857142858,12.4,11.8,4.0,0,0,11.0,0,0,49,2
2021,12,sainz,Carlos Sainz,ferrari,Ferrari,13.0,11,3.0,10.684615384615384,10.426356589147288,6.2,10.4,83.0,0,2,165.0,0,3,130,10
2021,12,stroll,Lance Stroll,aston_martin,Aston Martin,15.0,19,19.0,12.48314606741573,14.325842696629213,11.6,13.2,18.0,0,0,48.0,0,1,89,20
2021,12,tsunoda,Yuki Tsunoda,alphatauri,AlphaTauri,17.0,16,6.0,11.818181818181818,14.0,10.2,13.4,18.0,0,0,72.0,0,1,11,15
2021,12,vettel,Sebastian Vettel,aston_martin,Aston Martin,5.0,5,20.0,5.871681415929204,4.733333333333333,15.4,10.8,30.0,0,1,48.0,0,1,226,5
2021,13,alonso,Fernando Alonso,alpine,Alpine F1 Team,9.0,9,11.0,8.983870967741936,9.308108108108108,8.2,11.4,38.0,0,0,80.0,1,1,186,6
2021,13,bottas,Valtteri Bottas,mercedes,Mercedes,3.0,3,12.0,7.0828402366863905,5.792899408284024,7.2,4.0,107.0,0,6,307.5,4,15,169,3
2021,13,gasly,Pierre Gasly,alphatauri,AlphaTauri,4.0,4,6.0,10.802631578947368,10.64,10.2,7.0,54.0,0,1,72.0,0,1,76,4
2021,13,giovinazzi,Antonio Giovinazzi,alfa,Alfa Romeo,7.0,7,13.0,14.0,14.705882352941176,13.6,14.8,1.0,0,0,3.0,0,0,52,14
2021,13,hamilton,Lewis Hamilton,mercedes,Mercedes,2.0,2,3.0,4.384955752212389,3.0707964601769913,2.4,2.4,200.5,4,9,322.5,4,16,226,2
2021,13,kubica,Robert Kubica,alfa,Alfa Romeo,18.0,16,19.0,12.875,13.575,17.8,19.8,0.0,0,0,3.0,0,0,40,15
2021,13,latifi,Nicholas Latifi,williams,Williams,14.0,0,9.0,15.586206896551724,17.96551724137931,12.6,16.4,7.0,0,0,20.0,0,1,29,16
2021,13,leclerc,Charles Leclerc,ferrari,Ferrari,5.0,5,8.0,9.126760563380282,7.845070422535211,8.6,8.2,82.0,0,1,165.5,0,3,71,5
2021,13,max_verstappen,Max Verstappen,red_bull,Red Bull,1.0,1,1.0,7.297709923664122,5.770992366412214,6.4,1.6,196.5,6,9,300.5,7,11,131,1
2021,13,mazepin,Nikita Mazepin,haas,Haas F1 Team,20.0,18,17.0,17.583333333333332,19.416666666666668,17.0,19.8,0.0,0,0,0.0,0,0,12,20
2021,13,mick_schumacher,Mick Schumacher,haas,Haas F1 Team,19.0,17,16.0,16.416666666666668,18.272727272727273,16.0,19.0,0.0,0,0,0.0,0,0,12,18
2021,13,norris,Lando Norris,mclaren,McLaren,13.0,13,14.0,9.06,8.3,8.2,5.6,113.0,0,3,169.0,0,3,50,10
2021,13,ocon,Esteban Ocon,alpine,Alpine F1 Team,8.0,8,7.0,11.126582278481013,11.243589743589743,10.2,12.8,42.0,1,1,88.0,1,1,79,9
2021,13,perez,Sergio Pérez,red_bull,Red Bull,16.0,0,19.0,10.2,10.715686274509803,12.4,4.8,104.0,1,2,325.5,8,12,205,8
2021,13,ricciardo,Daniel Ricciardo,mclaren,McLaren,10.0,10,4.0,9.62,9.095477386934673,8.0,9.6,56.0,0,0,170.0,0,3,200,11
2021,13,russell,George Russell,williams,Williams,11.0,11,2.0,15.0,15.58,10.4,9.4,13.0,0,1,20.0,0,1,50,17
2021,13,sainz,Carlos Sainz,ferrari,Ferrari,6.0,6,10.0,10.679389312977099,10.446153846153846,6.0,12.0,83.5,0,2,175.5,0,3,131,7
2021,13,stroll,Lance Stroll,aston_martin,Aston Martin,12.0,12,20.0,12.566666666666666,14.333333333333334,13.6,12.4,18.0,0,0,53.0,0,1,90,12
2021,13,tsunoda,Yuki Tsunoda,alphatauri,AlphaTauri,15.0,14,15.0,12.083333333333334,14.25,10.6,12.8,18.0,0,0,84.0,0,1,12,19
2021,13,vettel,Sebastian Vettel,aston_martin,Aston Martin,17.0,15,5.0,5.86784140969163,4.734513274336283,14.6,9.4,35.0,0,1,53.0,0,1,227,13
2021,14,alonso,Fernando Alonso,alpine,Alpine F1 Team,13.0,10,6.0,8.967914438502675,9.306451612903226,7.6,11.4,46.0,0,0,90.0,1,1,187,8
2021,14,bottas,Valtteri Bottas,mercedes,Mercedes,1.0,19,3.0,7.0588235294117645,5.776470588235294,7.2,4.2,122.0,0,7,341.5,4,17,170,3
2021,14,gasly,Pierre Gasly,alphatauri,AlphaTauri,6.0,0,4.0,10.714285714285714,10.552631578947368,7.0,6.6,66.0,0,1,84.0,0,1,77,19
2021,14,giovinazzi,Antonio Giovinazzi,alfa,Alfa Romeo,10.0,7,14.0,14.0,14.557692307692308,13.4,13.2,1.0,0,0,3.0,0,0,53,13
2021,14,hamilton,Lewis Hamilton,mercedes,Mercedes,2.0,4,2.0,4.3744493392070485,3.066079295154185,2.4,2.2,219.5,4,10,356.5,4,18,227,17
2021,14,kubica,Robert Kubica,alfa,Alfa Romeo,19.0,17,15.0,12.926829268292684,13.682926829268293,17.4,19.4,0.0,0,0,3.0,0,0,41,14
2021,14,latifi,Nicholas Latifi,williams,Williams,16.0,13,16.0,15.6,17.833333333333332,12.4,16.0,7.0,0,0,20.0,0,1,30,11
2021,14,leclerc,Charles Leclerc,ferrari,Ferrari,8.0,5,5.0,9.069444444444445,7.805555555555555,8.2,7.8,92.0,0,1,181.5,0,3,72,4
2021,14,max_verstappen,Max Verstappen,red_bull,Red Bull,3.0,1,1.0,7.25,5.734848484848484,6.4,1.6,221.5,7,10,329.5,8,12,132,18
2021,14,mazepin,Nikita Mazepin,haas,Haas F1 Team,20.0,16,20.0,17.76923076923077,19.46153846153846,17.4,19.8,0.0,0,0,0.0,0,0,13,16
2021,14,mick_schumacher,Mick Schumacher,haas,Haas F1 Team,18.0,18,18.0,16.53846153846154,18.333333333333332,16.4,19.0,0.0,0,0,0.0,0,0,13,15
2021,14,norris,Lando Norris,mclaren,McLaren,4.0,3,10.0,9.07843137254902,8.392156862745098,9.2,7.4,114.0,0,3,170.0,0,3,51,2
2021,14,ocon,Esteban Ocon,alpine,Alpine F1 Team,14.0,12,9.0,11.1,11.20253164556962,9.2,11.0,44.0,1,1,94.0,1,1,80,10
2021,14,perez,Sergio Pérez,red_bull,Red Bull,9.0,8,8.0,10.189320388349515,10.741463414634147,13.2,7.0,108.0,1,2,329.5,8,12,206,5
2021,14,ricciardo,Daniel Ricciardo,mclaren,McLaren,5.0,2,11.0,9.626865671641792,9.1,7.6,9.0,56.0,0,0,188.0,0,4,201,1
2021,14,russell,George Russell,williams,Williams,15.0,14,17.0,15.03921568627451,15.490196078431373,10.0,9.4,13.0,0,1,20.0,0,1,51,9
2021,14,sainz,Carlos Sainz,ferrari,Ferrari,7.0,6,7.0,10.651515151515152,10.412213740458014,6.2,10.8,89.5,0,2,193.5,0,3,132,6
2021,14,stroll,Lance Stroll,aston_martin,Aston Martin,12.0,9,12.0,12.56043956043956,14.307692307692308,14.4,12.8,18.0,0,0,53.0,0,1,91,7
2021,14,tsunoda,Yuki Tsunoda,alphatauri,AlphaTauri,17.0,0,19.0,12.615384615384615,14.307692307692308,12.4,14.2,18.0,0,0,84.0,0,1,13,20
2021,14,vettel,Sebastian Vettel,aston_martin,Aston Martin,11.0,11,13.0,5.899122807017544,4.788546255506608,14.8,10.0,35.0,0,1,59.0,0,1,228,12
2021,15,alonso,Fernando Alonso,alpine,Alpine F1 Team,6.0,6,8.0,8.962765957446809,9.32620320855615,7.2,11.2,50.0,0,0,95.0,1,1,188,6
2021,15,bottas,Valtteri Bottas,mercedes,Mercedes,7.0,16,3.0,7.035087719298246,5.748538011695906,7.4,3.4,137.0,0,8,356.5,4,18,171,5
2021,15,gasly,Pierre Gasly,alphatauri,AlphaTauri,12.0,11,19.0,10.820512820512821,10.493506493506494,9.0,6.6,66.0,0,1,84.0,0,1,78,13
2021,15,giovinazzi,Antonio Giovinazzi,alfa,Alfa Romeo,18.0,17,13.0,13.981481481481481,14.471698113207546,13.2,12.2,1.0,0,0,3.0,0,0,54,16
2021,15,hamilton,Lewis Hamilton,mercedes,Mercedes,4.0,4,17.0,4.4298245614035086,3.06140350877193,5.0,1.8,219.5,4,10,366.5,4,18,228,1
2021,15,latifi,Nicholas Latifi,williams,Williams,14.0,18,11.0,15.451612903225806,17.774193548387096,11.4,15.6,7.0,0,0,22.0,0,1,31,19
2021,15,leclerc,Charles Leclerc,ferrari,Ferrari,15.0,19,4.0,9.0,7.808219178082192,7.4,7.0,104.0,0,1,201.5,0,3,73,15
2021,15,max_verstappen,Max Verstappen,red_bull,Red Bull,20.0,20,18.0,7.330827067669173,5.714285714285714,9.8,2.0,221.5,7,10,339.5,8,12,133,2
2021,15,mazepin,Nikita Mazepin,haas,Haas F1 Team,19.0,15,16.0,17.642857142857142,19.5,16.8,19.8,0.0,0,0,0.0,0,0,14,18
2021,15,mick_schumacher,Mick Schumacher,haas,Haas F1 Team,17.0,14,15.0,16.428571428571427,18.307692307692307,15.8,18.8,0.0,0,0,0.0,0,0,14,20
2021,15,norris,Lando Norris,mclaren,McLaren,1.0,1,2.0,8.942307692307692,8.307692307692308,9.0,7.8,132.0,0,4,214.0,1,5,52,7
2021,15,ocon,Esteban Ocon,alpine,Alpine F1 Team,10.0,9,10.0,11.08641975308642,11.2375,7.2,10.4,45.0,1,1,103.0,1,1,81,14
2021,15,perez,Sergio Pérez,red_bull,Red Bull,9.0,8,5.0,10.16425120772947,10.733009708737864,13.0,8.2,118.0,1,2,357.5,8,13,207,9
2021,15,raikkonen,Kimi Räikkönen,alfa,Alfa Romeo,16.0,13,18.0,8.60427807486631,8.497326203208557,13.8,16.6,2.0,0,0,3.0,0,0,187,8
2021,15,ricciardo,Daniel Ricciardo,mclaren,McLaren,5.0,5,1.0,9.584158415841584,9.07960199004975,6.4,7.4,82.0,1,1,221.0,1,5,202,4
2021,15,russell,George Russell,williams,Williams,3.0,3,9.0,14.923076923076923,15.48076923076923,9.6,10.6,15.0,0,1,22.0,0,1,52,10
2021,15,sainz,Carlos Sainz,ferrari,Ferrari,2.0,2,6.0,10.61654135338346,10.386363636363637,6.4,10.0,97.5,0,2,201.5,0,3,133,3
2021,15,stroll,Lance Stroll,aston_martin,Aston Martin,8.0,7,7.0,12.5,14.282608695652174,13.2,13.2,24.0,0,0,59.0,0,1,92,11
2021,15,tsunoda,Yuki Tsunoda,alphatauri,AlphaTauri,13.0,12,20.0,13.142857142857142,14.5,14.0,16.2,18.0,0,0,84.0,0,1,14,17
2021,15,vettel,Sebastian Vettel,aston_martin,Aston Martin,11.0,10,12.0,5.925764192139738,4.815789473684211,13.8,10.6,35.0,0,1,59.0,0,1,229,12
2021,16,alonso,Fernando Alonso,alpine,Alpine F1 Team,6.0,5,6.0,8.947089947089948,9.308510638297872,7.0,10.2,58.0,0,0,103.0,1,1,189,16
2021,16,bottas,Valtteri Bottas,mercedes,Mercedes,2.0,1,5.0,7.023255813953488,5.755813953488372,7.8,4.2,147.0,0,8,391.5,5,19,172,1
2021,16,gasly,Pierre Gasly,alphatauri,AlphaTauri,5.0,4,13.0,10.848101265822784,10.512820512820513,9.4,6.6,66.0,0,1,84.0,0,1,79,6
2021,16,giovinazzi,Antonio Giovinazzi,alfa,Alfa Romeo,18.0,16,16.0,14.018181818181818,14.537037037037036,13.8,13.0,1.0,0,0,7.0,0,0,55,11
2021,16,hamilton,Lewis Hamilton,mercedes,Mercedes,1.0,11,1.0,4.414847161572053,3.0655021834061134,5.0,2.4,244.5,5,11,417.5,6,20,229,5
2021,16,latifi,Nicholas Latifi,williams,Williams,17.0,15,19.0,15.5625,17.65625,12.4,14.8,7.0,0,0,23.0,0,1,32,17
2021,16,leclerc,Charles Leclerc,ferrari,Ferrari,4.0,3,15.0,9.08108108108108,7.905405405405405,10.0,9.2,104.0,0,1,216.5,0,4,74,4
2021,16,max_verstappen,Max Verstappen,red_bull,Red Bull,3.0,2,2.0,7.291044776119403,5.82089552238806,6.2,5.6,239.5,7,11,359.5,8,13,134,2
2021,16,mazepin,Nikita Mazepin,haas,Haas F1 Team,20.0,18,18.0,17.666666666666668,19.466666666666665,17.0,19.6,0.0,0,0,0.0,0,0,15,20
2021,16,mick_schumacher,Mick Schumacher,haas,Haas F1 Team,14.0,14,20.0,16.666666666666668,18.214285714285715,16.2,18.4,0.0,0,0,0.0,0,0,15,19
2021,16,norris,Lando Norris,mclaren,McLaren,8.0,7,7.0,8.90566037735849,8.169811320754716,9.6,6.8,139.0,0,4,233.0,1,5,53,7
2021,16,ocon,Esteban Ocon,alpine,Alpine F1 Team,12.0,12,14.0,11.121951219512194,11.222222222222221,8.2,9.8,45.0,1,1,103.0,1,1,82,10
2021,16,perez,Sergio Pérez,red_bull,Red Bull,7.0,6,9.0,10.158653846153847,10.72463768115942,11.6,9.0,120.0,1,2,377.5,8,14,208,3
2021,16,raikkonen,Kimi Räikkönen,alfa,Alfa Romeo,19.0,17,8.0,8.601063829787234,8.537234042553191,13.2,16.2,6.0,0,0,7.0,0,0,188,12
2021,16,ricciardo,Daniel Ricciardo,mclaren,McLaren,16.0,20,4.0,9.556650246305418,9.05940594059406,6.2,7.0,94.0,1,1,239.0,1,5,203,13
2021,16,russell,George Russell,williams,Williams,13.0,13,10.0,14.830188679245284,15.245283018867925,9.2,9.6,16.0,0,1,23.0,0,1,53,15
2021,16,sainz,Carlos Sainz,ferrari,Ferrari,15.0,19,3.0,10.559701492537313,10.323308270676693,5.8,8.6,112.5,0,3,228.5,0,4,134,8
2021,16,stroll,Lance Stroll,aston_martin,Aston Martin,9.0,8,11.0,12.483870967741936,14.21505376344086,13.8,11.8,24.0,0,0,59.0,0,1,93,9
2021,16,tsunoda,Yuki Tsunoda,alphatauri,AlphaTauri,10.0,9,17.0,13.4,14.4,15.4,15.6,18.0,0,0,92.0,0,1,15,14
2021,16,vettel,Sebastian Vettel,aston_martin,Aston Martin,11.0,10,12.0,5.952173913043478,4.842794759825328,12.4,10.8,35.0,0,1,61.0,0,1,230,18
2021,17,alonso,Fernando Alonso,alpine,Alpine F1 Team,14.0,19,16.0,8.98421052631579,9.291005291005291,9.4,9.6,58.0,0,0,104.0,1,1,190,18
2021,17,bottas,Valtteri Bottas,mercedes,Mercedes,4.0,9,1.0,6.988439306358382,5.734104046242774,4.8,4.2,173.0,1,9,427.5,6,20,173,6
2021,17,gasly,Pierre Gasly,alphatauri,AlphaTauri,9.0,8,6.0,10.7875,10.443037974683545,9.6,6.6,74.0,0,1,92.0,0,1,80,20
2021,17,giovinazzi,Antonio Giovinazzi,alfa,Alfa Romeo,13.0,12,11.0,13.964285714285714,14.6,13.4,13.8,1.0,0,0,7.0,0,0,56,11
2021,17,hamilton,Lewis Hamilton,mercedes,Mercedes,2.0,2,5.0,4.417391304347826,3.0565217391304347,5.6,2.4,254.5,5,11,435.5,6,20,230,2
2021,17,latifi,Nicholas Latifi,williams,Williams,17.0,14,17.0,15.606060606060606,17.636363636363637,14.4,14.6,7.0,0,0,23.0,0,1,33,15
2021,17,leclerc,Charles Leclerc,ferrari,Ferrari,5.0,4,4.0,9.013333333333334,7.8533333333333335,7.2,8.6,116.0,0,1,232.5,0,4,75,4
2021,17,max_verstappen,Max Verstappen,red_bull,Red Bull,1.0,1,2.0,7.2518518518518515,5.8,4.8,5.6,257.5,7,12,392.5,8,15,135,1
2021,17,mazepin,Nikita Mazepin,haas,Haas F1 Team,20.0,17,20.0,17.8125,19.5,18.2,19.8,0.0,0,0,0.0,0,0,16,17
2021,17,mick_schumacher,Mick Schumacher,haas,Haas F1 Team,19.0,16,19.0,16.8125,17.933333333333334,17.6,17.2,0.0,0,0,0.0,0,0,16,16
2021,17,norris,Lando Norris,mclaren,McLaren,8.0,7,7.0,8.87037037037037,8.166666666666666,8.0,7.2,145.0,0,4,239.0,1,5,54,8
2021,17,ocon,Esteban Ocon,alpine,Alpine F1 Team,11.0,11,10.0,11.108433734939759,11.231707317073171,10.0,10.6,46.0,1,1,104.0,1,1,83,19
2021,17,perez,Sergio Pérez,red_bull,Red Bull,3.0,3,3.0,10.124401913875598,10.70673076923077,8.8,9.6,135.0,1,3,417.5,9,16,209,3
2021,17,raikkonen,Kimi Räikkönen,alfa,Alfa Romeo,18.0,15,12.0,8.619047619047619,8.592592592592593,12.6,16.8,6.0,0,0,7.0,0,0,189,13
2021,17,ricciardo,Daniel Ricciardo,mclaren,McLaren,7.0,6,13.0,9.573529411764707,9.0935960591133,6.6,8.0,94.0,1,1,243.0,1,5,204,5
2021,17,russell,George Russell,williams,Williams,15.0,20,15.0,14.833333333333334,15.203703703703704,10.6,8.8,16.0,0,1,23.0,0,1,54,14
2021,17,sainz,Carlos Sainz,ferrari,Ferrari,6.0,5,8.0,10.540740740740741,10.35820895522388,6.8,8.6,116.5,0,3,244.5,0,4,135,7
2021,17,stroll,Lance Stroll,aston_martin,Aston Martin,16.0,13,9.0,12.446808510638299,14.159574468085106,11.8,11.2,26.0,0,0,61.0,0,1,94,12
2021,17,tsunoda,Yuki Tsunoda,alphatauri,AlphaTauri,10.0,10,14.0,13.4375,14.125,17.0,14.4,18.0,0,0,92.0,0,1,16,9
2021,17,vettel,Sebastian Vettel,aston_martin,Aston Martin,12.0,18,18.0,6.004329004329004,4.869565217391305,12.0,11.0,35.0,0,1,61.0,0,1,231,10
2021,18,alonso,Fernando Alonso,alpine,Alpine F1 Team,16.0,12,18.0,9.031413612565444,9.31578947368421,10.8,9.6,58.0,0,0,104.0,1,1,191,9
2021,18,bottas,Valtteri Bottas,mercedes,Mercedes,1.0,1,6.0,6.982758620689655,5.724137931034483,3.6,3.4,181.0,1,9,454.5,6,21,174,15
2021,18,gasly,Pierre Gasly,alphatauri,AlphaTauri,5.0,5,20.0,10.901234567901234,10.425,12.4,7.2,74.0,0,1,94.0,0,1,81,4
2021,18,giovinazzi,Antonio Giovinazzi,alfa,Alfa Romeo,14.0,11,11.0,13.912280701754385,14.571428571428571,13.0,13.2,1.0,0,0,7.0,0,0,57,11
2021,18,hamilton,Lewis Hamilton,mercedes,Mercedes,2.0,2,2.0,4.406926406926407,3.051948051948052,5.4,2.2,273.5,5,12,454.5,6,21,231,2
2021,18,latifi,Nicholas Latifi,williams,Williams,17.0,13,15.0,15.588235294117647,17.61764705882353,15.6,15.6,7.0,0,0,23.0,0,1,34,17
2021,18,leclerc,Charles Leclerc,ferrari,Ferrari,8.0,8,4.0,8.947368421052632,7.815789473684211,6.4,7.4,128.0,0,1,250.5,0,4,76,5
2021,18,max_verstappen,Max Verstappen,red_bull,Red Bull,3.0,3,1.0,7.205882352941177,5.764705882352941,4.8,5.6,282.5,8,13,432.5,9,17,136,1
2021,18,mazepin,Nikita Mazepin,haas,Haas F1 Team,19.0,15,17.0,17.764705882352942,19.529411764705884,18.2,19.8,0.0,0,0,0.0,0,0,17,18
2021,18,mick_schumacher,Mick Schumacher,haas,Haas F1 Team,18.0,14,16.0,16.764705882352942,18.0,17.6,17.4,0.0,0,0,0.0,0,0,17,19
2021,18,norris,Lando Norris,mclaren,McLaren,10.0,18,8.0,8.854545454545455,8.163636363636364,6.8,6.8,149.0,0,4,253.0,1,5,55,10
2021,18,ocon,Esteban Ocon,alpine,Alpine F1 Team,15.0,19,19.0,11.202380952380953,11.228915662650602,12.4,11.0,46.0,1,1,106.0,1,1,84,13
2021,18,perez,Sergio Pérez,red_bull,Red Bull,4.0,4,3.0,10.09047619047619,10.669856459330143,5.6,8.8,150.0,1,4,457.5,10,18,210,3
2021,18,raikkonen,Kimi Räikkönen,alfa,Alfa Romeo,12.0,10,13.0,8.642105263157895,8.642105263157895,12.2,17.0,6.0,0,0,7.0,0,0,190,8
2021,18,ricciardo,Daniel Ricciardo,mclaren,McLaren,7.0,7,5.0,9.551219512195122,9.083333333333334,6.8,8.6,104.0,1,1,254.0,1,5,205,12
2021,18,russell,George Russell,williams,Williams,13.0,16,14.0,14.818181818181818,15.2,13.0,11.4,16.0,0,1,23.0,0,1,55,16
2021,18,sainz,Carlos Sainz,ferrari,Ferrari,6.0,6,7.0,10.514705882352942,10.325925925925926,6.2,7.2,122.5,0,3,260.5,0,4,136,6
2021,18,stroll,Lance Stroll,aston_martin,Aston Martin,20.0,20,12.0,12.442105263157895,14.178947368421053,10.2,11.4,26.0,0,0,62.0,0,1,95,14
2021,18,tsunoda,Yuki Tsunoda,alphatauri,AlphaTauri,9.0,17,9.0,13.176470588235293,13.882352941176471,15.8,13.0,20.0,0,0,106.0,0,1,17,20
2021,18,vettel,Sebastian Vettel,aston_martin,Aston Martin,11.0,9,10.0,6.021551724137931,4.9004329004329,13.0,12.4,36.0,0,1,62.0,0,1,232,7
2021,19,alonso,Fernando Alonso,alpine,Alpine F1 Team,10.0,12,9.0,9.03125,9.350785340314136,11.4,11.0,60.0,0,0,106.0,1,1,192,9
2021,19,bottas,Valtteri Bottas,mercedes,Mercedes,3.0,1,15.0,7.0285714285714285,5.6971428571428575,6.0,3.0,181.0,1,9,472.5,6,22,175,3
2021,19,gasly,Pierre Gasly,alphatauri,AlphaTauri,5.0,7,4.0,10.817073170731707,10.358024691358025,12.4,7.4,86.0,0,1,106.0,0,1,82,7
2021,19,giovinazzi,Antonio Giovinazzi,alfa,Alfa Romeo,15.0,13,11.0,13.862068965517242,14.56140350877193,12.4,14.6,1.0,0,0,11.0,0,0,58,14
2021,19,hamilton,Lewis Hamilton,mercedes,Mercedes,1.0,10,2.0,4.396551724137931,3.0474137931034484,5.4,2.2,291.5,5,13,487.5,6,23,232,1
2021,19,latifi,Nicholas Latifi,williams,Williams,17.0,16,17.0,15.628571428571428,17.6,15.8,16.2,7.0,0,0,23.0,0,1,35,16
2021,19,leclerc,Charles Leclerc,ferrari,Ferrari,7.0,6,5.0,8.896103896103897,7.818181818181818,6.4,8.0,138.0,0,1,268.5,0,4,77,5
2021,19,max_verstappen,Max Verstappen,red_bull,Red Bull,2.0,2,1.0,7.160583941605839,5.744525547445256,4.8,6.0,307.5,9,14,472.5,10,19,137,2
2021,19,mazepin,Nikita Mazepin,haas,Haas F1 Team,20.0,19,18.0,17.77777777777778,19.5,17.8,19.6,0.0,0,0,0.0,0,0,18,17
2021,19,mick_schumacher,Mick Schumacher,haas,Haas F1 Team,19.0,18,19.0,16.88888888888889,18.0,17.8,17.2,0.0,0,0,0.0,0,0,18,18
2021,19,norris,Lando Norris,mclaren,McLaren,8.0,5,10.0,8.875,8.196428571428571,6.8,6.2,150.0,0,4,254.0,1,5,56,10
2021,19,ocon,Esteban Ocon,alpine,Alpine F1 Team,11.0,8,13.0,11.223529411764705,11.273809523809524,13.2,12.4,46.0,1,1,108.0,1,1,85,8
2021,19,perez,Sergio Pérez,red_bull,Red Bull,4.0,4,3.0,10.056872037914692,10.638095238095238,4.6,6.4,165.0,1,5,490.5,10,20,211,4
2021,19,raikkonen,Kimi Räikkönen,alfa,Alfa Romeo,14.0,0,8.0,8.638743455497382,8.659685863874346,11.8,16.8,10.0,0,0,11.0,0,0,191,12
2021,19,ricciardo,Daniel Ricciardo,mclaren,McLaren,9.0,11,12.0,9.563106796116505,9.073170731707316,7.0,8.0,104.0,1,1,255.0,1,5,206,19
2021,19,russell,George Russell,williams,Williams,18.0,17,16.0,14.839285714285714,15.160714285714286,12.8,11.8,16.0,0,1,23.0,0,1,56,13
2021,19,sainz,Carlos Sainz,ferrari,Ferrari,6.0,3,6.0,10.481751824817518,10.294117647058824,6.0,7.2,130.5,0,3,278.5,0,4,137,6
2021,19,stroll,Lance Stroll,aston_martin,Aston Martin,16.0,14,14.0,12.458333333333334,14.239583333333334,10.6,13.0,26.0,0,0,68.0,0,1,96,20
2021,19,tsunoda,Yuki Tsunoda,alphatauri,AlphaTauri,13.0,15,20.0,13.555555555555555,13.61111111111111,16.0,11.8,20.0,0,0,112.0,0,1,18,15
2021,19,vettel,Sebastian Vettel,aston_martin,Aston Martin,12.0,9,7.0,6.0257510729613735,4.926724137931035,11.8,11.2,42.0,0,1,68.0,0,1,233,11
2021,20,alonso,Fernando Alonso,alpine,Alpine F1 Team,5.0,3,9.0,9.031088082901555,9.354166666666666,11.6,10.4,62.0,0,0,112.0,1,1,193,3
2021,20,bottas,Valtteri Bottas,mercedes,Mercedes,3.0,6,3.0,7.005681818181818,5.681818181818182,6.0,3.4,196.0,1,10,512.5,7,24,176,20
2021,20,gasly,Pierre Gasly,alphatauri,AlphaTauri,4.0,2,7.0,10.771084337349398,10.292682926829269,10.0,7.2,92.0,0,1,112.0,0,1,83,11
2021,20,giovinazzi,Antonio Giovinazzi,alfa,Alfa Romeo,18.0,18,14.0,13.864406779661017,14.568965517241379,12.6,15.6,1.0,0,0,11.0,0,0,59,15
2021,20,hamilton,Lewis Hamilton,mercedes,Mercedes,1.0,1,1.0,4.381974248927039,3.03862660944206,2.2,2.0,316.5,6,14,512.5,7,24,233,1
2021,20,latifi,Nicholas Latifi,williams,Williams,17.0,17,16.0,15.63888888888889,17.583333333333332,16.8,16.4,7.0,0,0,23.0,0,1,36,19
2021,20,leclerc,Charles Leclerc,ferrari,Ferrari,13.0,13,5.0,8.846153846153847,7.8076923076923075,6.6,7.8,148.0,0,1,286.5,0,4,78,8
2021,20,max_verstappen,Max Verstappen,red_bull,Red Bull,2.0,7,2.0,7.1231884057971016,5.717391304347826,1.6,5.8,325.5,9,15,503.5,10,20,138,2
2021,20,mazepin,Nikita Mazepin,haas,Haas F1 Team,20.0,20,17.0,17.736842105263158,19.526315789473685,18.0,19.6,0.0,0,0,0.0,0,0,19,18
2021,20,mick_schumacher,Mick Schumacher,haas,Haas F1 Team,19.0,19,18.0,16.94736842105263,18.055555555555557,18.4,17.4,0.0,0,0,0.0,0,0,19,16
2021,20,norris,Lando Norris,mclaren,McLaren,6.0,4,10.0,8.894736842105264,8.192982456140351,8.4,7.0,151.0,0,4,255.0,1,5,57,9
2021,20,ocon,Esteban Ocon,alpine,Alpine F1 Team,9.0,9,8.0,11.186046511627907,11.270588235294118,12.8,11.8,50.0,1,1,127.0,1,2,86,5
2021,20,perez,Sergio Pérez,red_bull,Red Bull,11.0,11,4.0,10.028301886792454,10.606635071090047,4.4,5.4,178.0,1,5,522.5,10,21,212,4
2021,20,raikkonen,Kimi Räikkönen,alfa,Alfa Romeo,16.0,16,12.0,8.65625,8.6875,10.6,15.8,10.0,0,0,11.0,0,0,192,14
2021,20,ricciardo,Daniel Ricciardo,mclaren,McLaren,14.0,14,19.0,9.608695652173912,9.072815533980583,10.6,8.8,104.0,1,1,257.0,1,5,207,12
2021,20,russell,George Russell,williams,Williams,15.0,15,13.0,14.807017543859649,15.210526315789474,13.6,12.4,16.0,0,1,23.0,0,1,57,17
2021,20,sainz,Carlos Sainz,ferrari,Ferrari,7.0,5,6.0,10.44927536231884,10.262773722627736,6.0,7.0,138.5,0,3,290.5,0,4,138,7
2021,20,stroll,Lance Stroll,aston_martin,Aston Martin,12.0,12,20.0,12.536082474226804,14.257731958762887,13.2,13.8,26.0,0,0,68.0,0,1,97,6
2021,20,tsunoda,Yuki Tsunoda,alphatauri,AlphaTauri,8.0,8,15.0,13.631578947368421,13.578947368421053,15.0,11.0,20.0,0,0,112.0,0,1,19,13
2021,20,vettel,Sebastian Vettel,aston_martin,Aston Martin,10.0,10,11.0,6.047008547008547,4.957081545064377,11.6,11.4,42.0,0,1,76.0,0,1,234,10
2021,21,alonso,Fernando Alonso,alpine,Alpine F1 Team,13.0,13,3.0,9.0,9.33160621761658,11.0,10.2,77.0,0,1,137.0,1,2,194,13
2021,21,bottas,Valtteri Bottas,mercedes,Mercedes,2.0,2,20.0,7.0790960451977405,5.666666666666667,9.0,2.6,196.0,1,10,537.5,8,25,177,3
2021,21,gasly,Pierre Gasly,alphatauri,AlphaTauri,6.0,6,11.0,10.773809523809524,10.216867469879517,9.6,5.6,92.0,0,1,112.0,0,1,84,6
2021,21,giovinazzi,Antonio Giovinazzi,alfa,Alfa Romeo,10.0,10,15.0,13.883333333333333,14.627118644067796,12.4,15.6,1.0,0,0,11.0,0,0,60,9
2021,21,hamilton,Lewis Hamilton,mercedes,Mercedes,1.0,1,1.0,4.367521367521367,3.02991452991453,2.2,1.4,341.5,7,15,552.5,8,26,234,1
2021,21,latifi,Nicholas Latifi,williams,Williams,16.0,16,19.0,15.72972972972973,17.56756756756757,16.8,17.0,7.0,0,0,23.0,0,1,37,12
2021,21,leclerc,Charles Leclerc,ferrari,Ferrari,4.0,4,8.0,8.835443037974683,7.8734177215189876,5.2,7.4,152.0,0,1,296.5,0,4,79,7
2021,21,max_verstappen,Max Verstappen,red_bull,Red Bull,3.0,3,2.0,7.086330935251799,5.690647482014389,1.6,2.2,344.5,9,16,534.5,10,21,139,2
2021,21,mazepin,Nikita Mazepin,haas,Haas F1 Team,20.0,20,18.0,17.75,19.55,18.0,19.8,0.0,0,0,0.0,0,0,20,18
2021,21,mick_schumacher,Mick Schumacher,haas,Haas F1 Team,19.0,19,16.0,16.9,18.105263157894736,17.6,17.8,0.0,0,0,0.0,0,0,20,20
2021,21,norris,Lando Norris,mclaren,McLaren,7.0,7,9.0,8.89655172413793,8.155172413793103,8.8,8.0,153.0,0,4,257.0,1,5,58,10
2021,21,ocon,Esteban Ocon,alpine,Alpine F1 Team,9.0,9,5.0,11.114942528735632,11.244186046511627,11.0,11.6,60.0,1,1,137.0,1,2,87,4
2021,21,perez,Sergio Pérez,red_bull,Red Bull,5.0,5,4.0,10.0,10.608490566037736,3.4,5.8,190.0,1,5,552.5,10,22,213,17
2021,21,raikkonen,Kimi Räikkönen,alfa,Alfa Romeo,12.0,12,14.0,8.683937823834198,8.72538860103627,11.8,15.8,10.0,0,0,13.0,0,0,193,15
2021,21,ricciardo,Daniel Ricciardo,mclaren,McLaren,11.0,11,12.0,9.620192307692308,9.096618357487923,12.2,10.6,104.0,1,1,258.0,1,5,208,5
2021,21,russell,George Russell,williams,Williams,14.0,14,17.0,14.844827586206897,15.206896551724139,15.0,14.8,16.0,0,1,23.0,0,1,58,19
2021,21,sainz,Carlos Sainz,ferrari,Ferrari,15.0,15,7.0,10.424460431654676,10.23913043478261,6.8,8.0,144.5,0,3,302.5,0,4,139,8
2021,21,stroll,Lance Stroll,aston_martin,Aston Martin,18.0,18,6.0,12.46938775510204,14.23469387755102,12.2,14.6,34.0,0,0,77.0,0,1,98,11
2021,21,tsunoda,Yuki Tsunoda,alphatauri,AlphaTauri,8.0,8,13.0,13.6,13.3,14.2,10.0,20.0,0,0,120.0,0,1,20,14
2021,21,vettel,Sebastian Vettel,aston_martin,Aston Martin,17.0,17,10.0,6.0638297872340425,4.978632478632479,11.2,11.2,43.0,0,1,77.0,0,1,235,16
2021,22,alonso,Fernando Alonso,alpine,Alpine F1 Team,11.0,11,13.0,9.02051282051282,9.350515463917526,10.4,11.6,77.0,0,1,149.0,1,2,195,8
2021,22,bottas,Valtteri Bottas,mercedes,Mercedes,6.0,6,3.0,7.056179775280899,5.646067415730337,9.4,2.6,211.0,1,11,578.5,9,27,178,6
2021,22,gasly,Pierre Gasly,alphatauri,AlphaTauri,12.0,12,6.0,10.717647058823529,10.166666666666666,9.6,5.8,100.0,0,1,120.0,0,1,85,5
2021,22,giovinazzi,Antonio Giovinazzi,alfa,Alfa Romeo,14.0,14,9.0,13.80327868852459,14.55,12.0,14.0,3.0,0,0,13.0,0,0,61,17
2021,22,hamilton,Lewis Hamilton,mercedes,Mercedes,2.0,2,1.0,4.353191489361702,3.021276595744681,1.4,1.4,367.5,8,16,586.5,9,27,235,2
2021,22,latifi,Nicholas Latifi,williams,Williams,16.0,16,12.0,15.631578947368421,17.526315789473685,15.8,16.8,7.0,0,0,23.0,0,1,38,16
2021,22,leclerc,Charles Leclerc,ferrari,Ferrari,7.0,7,7.0,8.8125,7.825,5.8,7.4,158.0,0,1,306.5,0,4,80,10
2021,22,max_verstappen,Max Verstappen,red_bull,Red Bull,1.0,1,2.0,7.05,5.671428571428572,1.6,2.2,362.5,9,17,552.5,10,22,140,1
2021,22,mazepin,Nikita Mazepin,haas,Haas F1 Team,20.0,20,18.0,17.761904761904763,19.571428571428573,17.6,19.8,0.0,0,0,0.0,0,0,21,20
2021,22,mick_schumacher,Mick Schumacher,haas,Haas F1 Team,19.0,19,20.0,17.047619047619047,18.15,17.8,18.8,0.0,0,0,0.0,0,0,21,14
2021,22,norris,Lando Norris,mclaren,McLaren,3.0,3,10.0,8.915254237288135,8.135593220338983,9.4,7.8,154.0,0,4,268.0,1,5,59,7
2021,22,ocon,Esteban Ocon,alpine,Alpine F1 Team,9.0,9,4.0,11.034090909090908,11.218390804597702,9.8,11.0,72.0,1,1,153.0,1,2,88,9
2021,22,perez,Sergio Pérez,red_bull,Red Bull,4.0,4,17.0,10.032710280373832,10.582159624413146,6.2,5.4,190.0,1,5,578.5,11,23,214,15
2021,22,raikkonen,Kimi Räikkönen,alfa,Alfa Romeo,18.0,18,15.0,8.716494845360824,8.742268041237113,12.4,14.4,10.0,0,0,13.0,0,0,194,19
2021,22,ricciardo,Daniel Ricciardo,mclaren,McLaren,10.0,10,5.0,9.598086124401913,9.10576923076923,10.6,9.6,114.0,1,1,274.0,1,5,209,12
2021,22,russell,George Russell,williams,Williams,17.0,17,19.0,14.915254237288135,15.186440677966102,15.8,15.0,16.0,0,1,23.0,0,1,59,18
2021,22,sainz,Carlos Sainz,ferrari,Ferrari,5.0,5,8.0,10.407142857142857,10.273381294964029,6.8,8.0,148.5,0,3,307.5,0,4,140,3
2021,22,stroll,Lance Stroll,aston_martin,Aston Martin,13.0,13,11.0,12.454545454545455,14.272727272727273,12.6,16.4,34.0,0,0,77.0,0,1,99,13
2021,22,tsunoda,Yuki Tsunoda,alphatauri,AlphaTauri,8.0,8,14.0,13.619047619047619,13.047619047619047,14.2,9.6,20.0,0,0,130.0,0,1,21,4
2021,22,vettel,Sebastian Vettel,aston_martin,Aston Martin,15.0,15,16.0,6.1059322033898304,5.029787234042553,10.8,12.4,43.0,0,1,77.0,0,1,236,11
2022,1,albon,Alexander Albon,williams,Williams,14.0,14,4.0,8.868421052631579,9.0,7.0,6.2,0.0,0,0,0.0,0,0,38,13
2022,1,alonso,Fernando Alonso,alpine,Alpine F1 Team,8.0,8,8.0,9.01530612244898,9.35897435897436,8.4,11.0,0.0,0,0,0.0,0,0,196,9
2022,1,bottas,Valtteri Bottas,alfa,Alfa Romeo,6.0,6,6.0,7.050279329608938,5.648044692737431,9.4,3.0,0.0,0,0,0.0,0,0,179,6
2022,1,gasly,Pierre Gasly,alphatauri,AlphaTauri,10.0,10,5.0,10.651162790697674,10.188235294117646,6.6,6.4,0.0,0,0,0.0,0,0,86,20
2022,1,hamilton,Lewis Hamilton,mercedes,Mercedes,5.0,5,2.0,4.343220338983051,3.016949152542373,1.4,1.4,0.0,0,0,0.0,0,0,236,3
2022,1,hulkenberg,Nico Hülkenberg,aston_martin,Aston Martin,17.0,17,8.0,11.62087912087912,10.25414364640884,12.4,12.0,0.0,0,0,0.0,0,0,182,17
2022,1,kevin_magnussen,Kevin Magnussen,haas,Haas F1 Team,7.0,7,18.0,13.133333333333333,13.201680672268907,17.0,16.8,0.0,0,0,0.0,0,0,120,5
2022,1,latifi,Nicholas Latifi,williams,Williams,20.0,20,16.0,15.64102564102564,17.487179487179485,16.0,16.6,0.0,0,0,0.0,0,0,39,16
2022,1,leclerc,Charles Leclerc,ferrari,Ferrari,1.0,1,10.0,8.82716049382716,7.814814814814815,7.0,7.8,0.0,0,0,0.0,0,0,81,1
2022,1,max_verstappen,Max Verstappen,red_bull,Red Bull,2.0,2,1.0,7.00709219858156,5.638297872340425,1.6,2.2,0.0,0,0,0.0,0,0,141,19
2022,1,mick_schumacher,Mick Schumacher,haas,Haas F1 Team,12.0,12,14.0,16.90909090909091,18.19047619047619,17.4,18.8,0.0,0,0,10.0,0,0,22,11
2022,1,norris,Lando Norris,mclaren,McLaren,13.0,13,7.0,8.883333333333333,8.05,9.2,6.8,0.0,0,0,0.0,0,0,60,15
2022,1,ocon,Esteban Ocon,alpine,Alpine F1 Team,11.0,11,9.0,11.01123595505618,11.193181818181818,7.8,10.6,0.0,0,0,2.0,0,0,89,7
2022,1,perez,Sergio Pérez,red_bull,Red Bull,4.0,4,15.0,10.055813953488371,10.551401869158878,8.6,5.6,0.0,0,0,0.0,0,0,215,18
2022,1,ricciardo,Daniel Ricciardo,mclaren,McLaren,18.0,18,12.0,9.60952380952381,9.110047846889952,12.0,10.2,0.0,0,0,0.0,0,0,210,14
2022,1,russell,George Russell,mercedes,Mercedes,9.0,9,18.0,14.966666666666667,15.216666666666667,16.6,15.4,0.0,0,0,15.0,0,1,60,4
2022,1,sainz,Carlos Sainz,ferrari,Ferrari,3.0,3,3.0,10.354609929078014,10.235714285714286,6.0,7.8,0.0,0,0,26.0,1,1,141,2
2022,1,stroll,Lance Stroll,aston_martin,Aston Martin,19.0,19,13.0,12.46,14.26,12.8,15.8,0.0,0,0,0.0,0,0,100,12
2022,1,tsunoda,Yuki Tsunoda,alphatauri,AlphaTauri,16.0,16,4.0,13.181818181818182,12.818181818181818,13.2,9.2,0.0,0,0,0.0,0,0,22,8
2022,1,zhou,Guanyu Zhou,alfa,Alfa Romeo,15.0,15,20.0,20.0,20.0,20.0,20.0,0.0,0,0,8.0,0,0,0,10
2022,2,albon,Alexander Albon,williams,Williams,17.0,16,13.0,8.974358974358974,9.131578947368421,6.6,7.8,0.0,0,0,0.0,0,0,39,14
2022,2,alonso,Fernando Alonso,alpine,Alpine F1 Team,7.0,7,9.0,9.01522842639594,9.35204081632653,8.4,9.4,2.0,0,0,8.0,0,0,197,16
2022,2,bottas,Valtteri Bottas,alfa,Alfa Romeo,8.0,8,6.0,7.044444444444444,5.65,7.6,4.0,8.0,0,0,9.0,0,0,180,15
2022,2,gasly,Pierre Gasly,alphatauri,AlphaTauri,9.0,9,20.0,10.758620689655173,10.186046511627907,9.8,7.4,0.0,0,0,4.0,0,0,87,8
2022,2,hamilton,Lewis Hamilton,mercedes,Mercedes,16.0,15,3.0,4.337552742616034,3.0253164556962027,1.6,2.0,15.0,0,1,27.0,0,1,237,10
2022,2,hulkenberg,Nico Hülkenberg,aston_martin,Aston Martin,18.0,17,17.0,11.650273224043715,10.291208791208792,12.8,12.6,0.0,0,0,0.0,0,0,183,12
2022,2,kevin_magnussen,Kevin Magnussen,haas,Haas F1 Team,10.0,10,5.0,13.066115702479339,13.15,14.4,14.8,10.0,0,0,10.0,0,0,121,9
2022,2,latifi,Nicholas Latifi,williams,Williams,19.0,18,16.0,15.65,17.55,15.8,17.2,0.0,0,0,0.0,0,0,40,18
2022,2,leclerc,Charles Leclerc,ferrari,Ferrari,2.0,2,1.0,8.731707317073171,7.7317073170731705,6.2,6.4,26.0,1,1,44.0,1,2,82,2
2022,2,max_verstappen,Max Verstappen,red_bull,Red Bull,4.0,4,19.0,7.091549295774648,5.612676056338028,5.2,2.0,0.0,0,0,0.0,0,0,142,1
2022,2,mick_schumacher,Mick Schumacher,haas,Haas F1 Team,14.0,0,11.0,16.652173913043477,17.90909090909091,15.8,17.6,0.0,0,0,12.0,0,0,23,20
2022,2,norris,Lando Norris,mclaren,McLaren,11.0,11,15.0,8.98360655737705,8.131147540983607,10.2,7.4,0.0,0,0,0.0,0,0,61,7
2022,2,ocon,Esteban Ocon,alpine,Alpine F1 Team,5.0,5,7.0,10.966666666666667,11.191011235955056,6.6,9.8,6.0,0,0,8.0,0,0,90,6
2022,2,perez,Sergio Pérez,red_bull,Red Bull,1.0,1,18.0,10.092592592592593,10.52093023255814,11.6,5.6,0.0,0,0,25.0,1,1,216,4
2022,2,ricciardo,Daniel Ricciardo,mclaren,McLaren,12.0,14,14.0,9.630331753554502,9.152380952380952,12.4,12.4,0.0,0,0,6.0,0,0,211,17
2022,2,russell,George Russell,mercedes,Mercedes,6.0,6,4.0,14.78688524590164,15.114754098360656,14.2,14.6,12.0,0,0,28.0,0,1,61,5
2022,2,sainz,Carlos Sainz,ferrari,Ferrari,3.0,3,2.0,10.295774647887324,10.184397163120567,5.2,7.2,18.0,0,1,63.0,1,3,142,3
2022,2,stroll,Lance Stroll,aston_martin,Aston Martin,15.0,13,12.0,12.455445544554456,14.306930693069306,12.4,15.6,0.0,0,0,0.0,0,0,101,13
2022,2,tsunoda,Yuki Tsunoda,alphatauri,AlphaTauri,20.0,19,8.0,12.956521739130435,12.956521739130435,10.8,10.6,4.0,0,0,8.0,0,0,23,19
2022,2,zhou,Guanyu Zhou,alfa,Alfa Romeo,13.0,12,10.0,10.0,15.0,10.0,15.0,1.0,0,0,9.0,0,0,1,11
2022,3,albon,Alexander Albon,williams,Williams,16.0,20,14.0,9.1,9.333333333333334,8.0,10.4,0.0,0,0,0.0,0,0,40,10
2022,3,alonso,Fernando Alonso,alpine,Alpine F1 Team,10.0,10,16.0,9.05050505050505,9.34010152284264,9.8,8.8,2.0,0,0,16.0,0,0,198,17
2022,3,bottas,Valtteri Bottas,alfa,Alfa Romeo,12.0,12,15.0,7.088397790055248,5.662983425414365,10.0,5.0,8.0,0,0,9.0,0,0,181,8
2022,3,gasly,Pierre Gasly,alphatauri,AlphaTauri,11.0,11,8.0,10.727272727272727,10.172413793103448,10.0,8.2,4.0,0,0,8.0,0,0,88,9
2022,3,hamilton,Lewis Hamilton,mercedes,Mercedes,5.0,5,10.0,4.361344537815126,3.0798319327731094,3.4,5.0,16.0,0,1,38.0,0,1,238,4
2022,3,kevin_magnussen,Kevin Magnussen,haas,Haas F1 Team,17.0,16,9.0,13.032786885245901,13.12396694214876,12.8,13.6,12.0,0,0,12.0,0,0,122,14
2022,3,latifi,Nicholas Latifi,williams,Williams,19.0,18,18.0,15.707317073170731,17.585365853658537,16.2,17.6,0.0,0,0,1.0,0,0,41,16
2022,3,leclerc,Charles Leclerc,ferrari,Ferrari,1.0,1,2.0,8.650602409638553,7.662650602409639,5.6,5.4,45.0,1,2,78.0,1,4,83,1
2022,3,max_verstappen,Max Verstappen,red_bull,Red Bull,2.0,2,1.0,7.048951048951049,5.601398601398602,5.0,2.4,25.0,1,1,37.0,1,1,143,18
2022,3,mick_schumacher,Mick Schumacher,haas,Haas F1 Team,15.0,15,20.0,16.791666666666668,17.73913043478261,16.2,16.6,0.0,0,0,12.0,0,0,24,13
2022,3,norris,Lando Norris,mclaren,McLaren,4.0,4,7.0,8.951612903225806,8.17741935483871,9.6,8.0,6.0,0,0,6.0,0,0,62,5
2022,3,ocon,Esteban Ocon,alpine,Alpine F1 Team,8.0,8,6.0,10.912087912087912,11.122222222222222,6.2,8.6,14.0,0,0,16.0,0,0,91,7
2022,3,perez,Sergio Pérez,red_bull,Red Bull,3.0,3,4.0,10.064516129032258,10.476851851851851,11.6,5.0,12.0,0,0,37.0,1,1,217,2
2022,3,ricciardo,Daniel Ricciardo,mclaren,McLaren,7.0,7,17.0,9.665094339622641,9.165876777251185,12.0,13.0,0.0,0,0,16.0,0,0,212,6
2022,3,russell,George Russell,mercedes,Mercedes,6.0,6,5.0,14.629032258064516,14.96774193548387,12.6,12.2,22.0,0,0,50.0,0,1,62,3
2022,3,sainz,Carlos Sainz,ferrari,Ferrari,9.0,9,3.0,10.244755244755245,10.133802816901408,4.6,6.6,33.0,0,2,104.0,2,5,143,20
2022,3,stroll,Lance Stroll,aston_martin,Aston Martin,20.0,19,13.0,12.46078431372549,14.313725490196079,11.0,15.4,0.0,0,0,0.0,0,0,102,12
2022,3,tsunoda,Yuki Tsunoda,alphatauri,AlphaTauri,13.0,13,19.0,13.208333333333334,13.25,11.6,12.0,4.0,0,0,10.0,0,0,24,15
2022,3,vettel,Sebastian Vettel,aston_martin,Aston Martin,18.0,17,11.0,6.1265822784810124,5.072033898305085,11.0,13.0,0.0,0,0,0.0,0,0,237,19
2022,3,zhou,Guanyu Zhou,alfa,Alfa Romeo,14.0,14,11.0,10.5,14.0,10.5,14.0,1.0,0,0,13.0,0,0,2,11
2022,4,albon,Alexander Albon,williams,Williams,20.0,18,10.0,9.121951219512194,9.5,9.4,12.8,1.0,0,0,1.0,0,0,41,11
2022,4,alonso,Fernando Alonso,alpine,Alpine F1 Team,5.0,9,17.0,9.090452261306533,9.343434343434344,12.6,9.8,2.0,0,0,22.0,0,0,199,19
2022,4,bottas,Valtteri Bottas,alfa,Alfa Romeo,8.0,7,8.0,7.093406593406593,5.697802197802198,7.6,6.8,12.0,0,0,13.0,0,0,182,5
2022,4,gasly,Pierre Gasly,alphatauri,AlphaTauri,17.0,17,9.0,10.707865168539326,10.181818181818182,9.6,9.6,6.0,0,0,10.0,0,0,89,12
2022,4,hamilton,Lewis Hamilton,mercedes,Mercedes,13.0,14,4.0,4.359832635983263,3.087866108786611,4.0,5.8,28.0,0,1,65.0,0,2,239,13
2022,4,kevin_magnussen,Kevin Magnussen,haas,Haas F1 Team,4.0,8,14.0,13.040650406504065,13.155737704918034,12.2,13.4,12.0,0,0,12.0,0,0,123,9
2022,4,latifi,Nicholas Latifi,williams,Williams,18.0,19,16.0,15.714285714285714,17.61904761904762,15.6,18.0,0.0,0,0,1.0,0,0,42,16
2022,4,leclerc,Charles Leclerc,ferrari,Ferrari,2.0,2,1.0,8.55952380952381,7.583333333333333,4.2,3.0,71.0,2,3,104.0,2,5,84,6
2022,4,max_verstappen,Max Verstappen,red_bull,Red Bull,1.0,1,18.0,7.125,5.576388888888889,8.2,2.4,25.0,1,1,55.0,1,2,144,1
2022,4,mick_schumacher,Mick Schumacher,haas,Haas F1 Team,12.0,10,13.0,16.64,17.625,15.6,15.8,0.0,0,0,14.0,0,0,25,17
2022,4,norris,Lando Norris,mclaren,McLaren,3.0,5,5.0,8.88888888888889,8.11111111111111,8.8,7.6,16.0,0,0,24.0,0,0,63,3
2022,4,ocon,Esteban Ocon,alpine,Alpine F1 Team,19.0,16,7.0,10.869565217391305,11.087912087912088,6.6,8.4,20.0,0,0,22.0,0,0,92,14
2022,4,perez,Sergio Pérez,red_bull,Red Bull,7.0,3,2.0,10.027522935779816,10.442396313364055,11.2,3.4,30.0,0,1,81.0,2,3,218,2
2022,4,ricciardo,Daniel Ricciardo,mclaren,McLaren,6.0,6,6.0,9.647887323943662,9.15566037735849,10.8,11.6,8.0,0,0,39.0,0,1,213,18
2022,4,russell,George Russell,mercedes,Mercedes,11.0,11,3.0,14.444444444444445,14.825396825396826,9.8,10.4,37.0,0,1,65.0,0,2,63,4
2022,4,sainz,Carlos Sainz,ferrari,Ferrari,10.0,4,20.0,10.3125,10.125874125874127,7.2,7.0,33.0,0,2,112.0,2,5,144,20
2022,4,stroll,Lance Stroll,aston_martin,Aston Martin,15.0,15,12.0,12.45631067961165,14.368932038834952,12.2,17.0,0.0,0,0,0.0,0,0,103,10
2022,4,tsunoda,Yuki Tsunoda,alphatauri,AlphaTauri,16.0,12,15.0,13.28,13.24,12.0,13.0,4.0,0,0,10.0,0,0,25,7
2022,4,vettel,Sebastian Vettel,aston_martin,Aston Martin,9.0,13,19.0,6.180672268907563,5.1265822784810124,13.4,14.4,0.0,0,0,1.0,0,0,238,8
2022,4,zhou,Guanyu Zhou,alfa,Alfa Romeo,14.0,0,11.0,10.666666666666666,14.0,10.666666666666666,14.0,1.0,0,0,23.0,0,0,3,15
2022,5,albon,Alexander Albon,williams,Williams,18.0,18,11.0,9.166666666666666,9.75609756097561,10.4,14.4,1.0,0,0,1.0,0,0,42,9
2022,5,alonso,Fernando Alonso,alpine,Alpine F1 Team,11.0,11,19.0,9.14,9.321608040201005,13.8,8.2,2.0,0,0,22.0,0,0,200,11
2022,5,bottas,Valtteri Bottas,alfa,Alfa Romeo,5.0,5,5.0,7.081967213114754,5.7103825136612025,8.0,8.0,22.0,0,0,23.0,0,0,183,7
2022,5,gasly,Pierre Gasly,alphatauri,AlphaTauri,7.0,7,12.0,10.722222222222221,10.258426966292134,10.8,11.8,6.0,0,0,16.0,0,0,90,18
2022,5,hamilton,Lewis Hamilton,mercedes,Mercedes,6.0,6,13.0,4.395833333333333,3.129166666666667,6.4,8.2,28.0,0,1,77.0,0,2,240,6
2022,5,kevin_magnussen,Kevin Magnussen,haas,Haas F1 Team,16.0,16,9.0,13.008064516129032,13.08130081300813,11.0,11.0,14.0,0,0,14.0,0,0,124,16
2022,5,latifi,Nicholas Latifi,williams,Williams,19.0,19,16.0,15.720930232558139,17.627906976744185,16.4,18.4,0.0,0,0,3.0,0,0,43,14
2022,5,leclerc,Charles Leclerc,ferrari,Ferrari,1.0,1,6.0,8.529411764705882,7.517647058823529,4.0,2.6,79.0,2,3,112.0,2,5,85,2
2022,5,max_verstappen,Max Verstappen,red_bull,Red Bull,3.0,3,1.0,7.082758620689655,5.544827586206897,8.0,2.0,51.0,2,2,99.0,2,4,145,1
2022,5,mick_schumacher,Mick Schumacher,haas,Haas F1 Team,15.0,15,17.0,16.653846153846153,17.4,15.0,14.4,0.0,0,0,14.0,0,0,26,15
2022,5,norris,Lando Norris,mclaren,McLaren,8.0,8,3.0,8.796875,8.03125,7.4,6.8,31.0,0,1,39.0,0,1,64,19
2022,5,ocon,Esteban Ocon,alpine,Alpine F1 Team,20.0,20,14.0,10.903225806451612,11.173913043478262,8.6,10.4,20.0,0,0,22.0,0,0,93,8
2022,5,perez,Sergio Pérez,red_bull,Red Bull,4.0,4,2.0,9.990867579908675,10.426605504587156,8.2,3.8,48.0,0,2,125.0,3,5,219,4
2022,5,ricciardo,Daniel Ricciardo,mclaren,McLaren,14.0,14,18.0,9.686915887850468,9.140845070422536,13.4,10.6,8.0,0,0,39.0,0,1,214,13
2022,5,russell,George Russell,mercedes,Mercedes,12.0,12,4.0,14.28125,14.765625,6.8,9.8,49.0,0,1,85.0,0,2,64,5
2022,5,sainz,Carlos Sainz,ferrari,Ferrari,2.0,2,20.0,10.379310344827585,10.125,9.6,6.0,33.0,0,2,130.0,2,6,145,3
2022,5,stroll,Lance Stroll,aston_martin,Aston Martin,10.0,0,10.0,12.432692307692308,14.375,12.0,16.4,1.0,0,0,5.0,0,0,104,10
2022,5,tsunoda,Yuki Tsunoda,alphatauri,AlphaTauri,9.0,9,7.0,13.038461538461538,13.346153846153847,10.6,14.6,10.0,0,0,16.0,0,0,26,12
2022,5,vettel,Sebastian Vettel,aston_martin,Aston Martin,13.0,0,8.0,6.188284518828452,5.142857142857143,12.8,13.8,4.0,0,0,6.0,0,0,239,17
2022,5,zhou,Guanyu Zhou,alfa,Alfa Romeo,17.0,17,15.0,11.75,14.0,11.75,14.0,1.0,0,0,29.0,0,0,4,20
2022,6,albon,Alexander Albon,williams,Williams,19.0,18,9.0,9.162790697674419,9.952380952380953,11.4,17.0,3.0,0,0,3.0,0,0,43,18
2022,6,alonso,Fernando Alonso,alpine,Alpine F1 Team,17.0,20,11.0,9.149253731343284,9.33,14.4,8.2,2.0,0,0,26.0,0,0,201,9
2022,6,bottas,Valtteri Bottas,alfa,Alfa Romeo,7.0,7,7.0,7.081521739130435,5.706521739130435,8.2,7.8,28.0,0,0,29.0,0,0,184,6
2022,6,gasly,Pierre Gasly,alphatauri,AlphaTauri,14.0,14,18.0,10.802197802197803,10.222222222222221,13.4,10.8,6.0,0,0,16.0,0,0,91,13
2022,6,hamilton,Lewis Hamilton,mercedes,Mercedes,6.0,6,6.0,4.402489626556017,3.141078838174274,7.2,9.0,36.0,0,1,95.0,0,2,241,5
2022,6,kevin_magnussen,Kevin Magnussen,haas,Haas F1 Team,8.0,8,16.0,13.032,13.10483870967742,10.6,10.8,14.0,0,0,14.0,0,0,125,17
2022,6,latifi,Nicholas Latifi,williams,Williams,20.0,19,14.0,15.681818181818182,17.65909090909091,16.0,19.0,0.0,0,0,3.0,0,0,44,16
2022,6,leclerc,Charles Leclerc,ferrari,Ferrari,1.0,1,2.0,8.453488372093023,7.441860465116279,2.4,1.4,97.0,2,4,145.0,2,7,86,20
2022,6,max_verstappen,Max Verstappen,red_bull,Red Bull,2.0,2,1.0,7.041095890410959,5.527397260273973,8.0,2.4,77.0,3,3,137.0,3,5,146,1
2022,6,mick_schumacher,Mick Schumacher,haas,Haas F1 Team,10.0,10,15.0,16.59259259259259,17.307692307692307,15.2,13.6,0.0,0,0,14.0,0,0,27,14
2022,6,norris,Lando Norris,mclaren,McLaren,11.0,11,19.0,8.953846153846154,8.03076923076923,9.8,7.8,31.0,0,1,39.0,0,1,65,8
2022,6,ocon,Esteban Ocon,alpine,Alpine F1 Team,12.0,12,8.0,10.872340425531915,11.268817204301076,8.4,12.6,24.0,0,0,28.0,0,0,94,7
2022,6,perez,Sergio Pérez,red_bull,Red Bull,5.0,5,4.0,9.963636363636363,10.397260273972602,6.0,3.8,60.0,0,2,162.0,4,6,220,2
2022,6,ricciardo,Daniel Ricciardo,mclaren,McLaren,9.0,9,13.0,9.702325581395348,9.163551401869158,13.6,11.4,8.0,0,0,43.0,0,1,215,12
2022,6,russell,George Russell,mercedes,Mercedes,4.0,4,5.0,14.138461538461538,14.723076923076922,4.2,8.8,59.0,0,1,105.0,0,2,65,3
2022,6,sainz,Carlos Sainz,ferrari,Ferrari,3.0,3,3.0,10.32876712328767,10.068965517241379,9.6,5.4,48.0,0,3,145.0,2,7,146,4
2022,6,stroll,Lance Stroll,aston_martin,Aston Martin,18.0,17,10.0,12.40952380952381,14.333333333333334,11.4,15.8,2.0,0,0,6.0,0,0,105,15
2022,6,tsunoda,Yuki Tsunoda,alphatauri,AlphaTauri,13.0,13,12.0,13.0,13.185185185185185,12.2,14.8,10.0,0,0,16.0,0,0,27,10
2022,6,vettel,Sebastian Vettel,aston_martin,Aston Martin,16.0,16,17.0,6.233333333333333,5.175732217573222,14.2,14.4,4.0,0,0,6.0,0,0,240,11
2022,6,zhou,Guanyu Zhou,alfa,Alfa Romeo,15.0,15,20.0,13.4,14.6,13.4,14.6,1.0,0,0,37.0,0,0,5,19
2022,7,albon,Alexander Albon,williams,Williams,16.0,16,18.0,9.363636363636363,10.162790697674419,12.4,18.0,3.0,0,0,3.0,0,0,44,18
2022,7,alonso,Fernando Alonso,alpine,Alpine F1 Team,7.0,7,9.0,9.148514851485148,9.368159203980099,14.4,10.0,4.0,0,0,34.0,0,0,202,7
2022,7,bottas,Valtteri Bottas,alfa,Alfa Romeo,12.0,12,6.0,7.075675675675676,5.713513513513513,8.2,8.0,36.0,0,0,37.0,0,0,185,9
2022,7,gasly,Pierre Gasly,alphatauri,AlphaTauri,17.0,17,13.0,10.826086956521738,10.263736263736265,12.0,11.6,6.0,0,0,17.0,0,0,92,11
2022,7,hamilton,Lewis Hamilton,mercedes,Mercedes,8.0,8,5.0,4.404958677685951,3.152892561983471,7.6,9.2,46.0,0,1,120.0,0,3,242,8
2022,7,kevin_magnussen,Kevin Magnussen,haas,Haas F1 Team,13.0,13,17.0,13.063492063492063,13.064,13.0,11.0,14.0,0,0,14.0,0,0,126,20
2022,7,latifi,Nicholas Latifi,williams,Williams,19.0,19,16.0,15.688888888888888,17.711111111111112,16.0,19.0,0.0,0,0,3.0,0,0,45,15
2022,7,leclerc,Charles Leclerc,ferrari,Ferrari,1.0,1,20.0,8.586206896551724,7.367816091954023,6.2,1.4,97.0,2,4,157.0,2,7,87,4
2022,7,max_verstappen,Max Verstappen,red_bull,Red Bull,4.0,4,1.0,7.0,5.503401360544218,4.4,2.4,102.0,4,4,181.0,4,7,147,3
2022,7,mick_schumacher,Mick Schumacher,haas,Haas F1 Team,15.0,15,14.0,16.5,17.037037037037038,15.8,13.2,0.0,0,0,14.0,0,0,28,19
2022,7,norris,Lando Norris,mclaren,McLaren,5.0,5,8.0,8.93939393939394,8.075757575757576,8.4,7.4,35.0,0,1,43.0,0,1,66,6
2022,7,ocon,Esteban Ocon,alpine,Alpine F1 Team,10.0,10,7.0,10.83157894736842,11.27659574468085,8.4,12.8,30.0,0,0,40.0,0,0,95,12
2022,7,perez,Sergio Pérez,red_bull,Red Bull,3.0,3,2.0,9.927601809954751,10.372727272727273,2.8,4.0,79.0,0,3,196.0,4,8,221,1
2022,7,ricciardo,Daniel Ricciardo,mclaren,McLaren,14.0,14,12.0,9.712962962962964,9.162790697674419,13.2,9.6,8.0,0,0,52.0,0,1,216,13
2022,7,russell,George Russell,mercedes,Mercedes,6.0,6,3.0,13.969696969696969,14.56060606060606,4.0,7.8,74.0,0,2,124.0,0,3,66,5
2022,7,sainz,Carlos Sainz,ferrari,Ferrari,2.0,2,4.0,10.285714285714286,10.020547945205479,10.0,5.4,60.0,0,3,169.0,2,7,147,2
2022,7,stroll,Lance Stroll,aston_martin,Aston Martin,18.0,18,15.0,12.433962264150944,14.367924528301886,12.0,15.6,2.0,0,0,6.0,0,0,106,14
2022,7,tsunoda,Yuki Tsunoda,alphatauri,AlphaTauri,11.0,11,10.0,12.892857142857142,13.178571428571429,12.6,14.2,11.0,0,0,17.0,0,0,28,17
2022,7,vettel,Sebastian Vettel,aston_martin,Aston Martin,9.0,9,11.0,6.253112033195021,5.220833333333333,13.2,14.2,4.0,0,0,6.0,0,0,241,10
2022,7,zhou,Guanyu Zhou,alfa,Alfa Romeo,20.0,20,19.0,14.333333333333334,14.666666666666666,15.2,14.6,1.0,0,0,39.0,0,0,6,16
2022,8,albon,Alexander Albon,williams,Williams,17.0,17,18.0,9.555555555555555,10.295454545454545,13.2,17.8,3.0,0,0,3.0,0,0,45,12
2022,8,alonso,Fernando Alonso,alpine,Alpine F1 Team,10.0,10,7.0,9.137931034482758,9.356435643564357,12.6,10.0,10.0,0,0,40.0,0,0,203,7
2022,8,bottas,Valtteri Bottas,alfa,Alfa Romeo,15.0,15,9.0,7.086021505376344,5.747311827956989,7.0,8.8,38.0,0,0,39.0,0,0,186,11
2022,8,gasly,Pierre Gasly,alphatauri,AlphaTauri,6.0,6,11.0,10.827956989247312,10.33695652173913,12.6,13.2,6.0,0,0,17.0,0,0,93,5
2022,8,hamilton,Lewis Hamilton,mercedes,Mercedes,7.0,7,8.0,4.419753086419753,3.1728395061728394,7.2,7.6,50.0,0,1,134.0,0,3,243,4
2022,8,kevin_magnussen,Kevin Magnussen,haas,Haas F1 Team,16.0,16,20.0,13.118110236220472,13.063492063492063,15.2,11.6,14.0,0,0,14.0,0,0,127,17
2022,8,latifi,Nicholas Latifi,williams,Williams,18.0,18,15.0,15.673913043478262,17.73913043478261,15.4,19.0,0.0,0,0,3.0,0,0,46,15
2022,8,leclerc,Charles Leclerc,ferrari,Ferrari,1.0,1,4.0,8.534090909090908,7.295454545454546,6.6,1.2,109.0,2,4,187.0,2,8,88,19
2022,8,max_verstappen,Max Verstappen,red_bull,Red Bull,3.0,3,3.0,6.972972972972973,5.493243243243243,4.8,2.4,117.0,4,5,221.0,5,9,148,1
2022,8,mick_schumacher,Mick Schumacher,haas,Haas F1 Team,20.0,20,19.0,16.586206896551722,16.964285714285715,15.6,13.4,0.0,0,0,14.0,0,0,29,14
2022,8,norris,Lando Norris,mclaren,McLaren,11.0,11,6.0,8.895522388059701,8.029850746268657,8.2,6.2,44.0,0,1,52.0,0,1,67,9
2022,8,ocon,Esteban Ocon,alpine,Alpine F1 Team,13.0,13,12.0,10.84375,11.263157894736842,9.6,13.8,30.0,0,0,46.0,0,0,96,10
2022,8,perez,Sergio Pérez,red_bull,Red Bull,2.0,2,1.0,9.887387387387387,10.339366515837105,2.2,4.4,104.0,1,4,246.0,6,10,222,2
2022,8,ricciardo,Daniel Ricciardo,mclaren,McLaren,12.0,12,13.0,9.728110599078342,9.185185185185185,12.4,10.0,8.0,0,0,54.0,0,1,217,8
2022,8,russell,George Russell,mercedes,Mercedes,5.0,5,5.0,13.835820895522389,14.432835820895523,4.0,7.8,84.0,0,2,146.0,0,3,67,3
2022,8,sainz,Carlos Sainz,ferrari,Ferrari,4.0,4,2.0,10.22972972972973,9.965986394557824,9.8,5.2,78.0,0,4,187.0,2,8,148,20
2022,8,stroll,Lance Stroll,aston_martin,Aston Martin,19.0,19,14.0,12.448598130841122,14.401869158878505,12.2,16.2,2.0,0,0,7.0,0,0,107,16
2022,8,tsunoda,Yuki Tsunoda,alphatauri,AlphaTauri,8.0,8,17.0,13.03448275862069,13.10344827586207,12.2,12.4,11.0,0,0,27.0,0,0,29,13
2022,8,vettel,Sebastian Vettel,aston_martin,Aston Martin,9.0,9,10.0,6.268595041322314,5.236514522821577,13.0,13.0,5.0,0,0,7.0,0,0,242,6
2022,8,zhou,Guanyu Zhou,alfa,Alfa Romeo,14.0,14,16.0,14.571428571428571,15.428571428571429,16.2,16.0,1.0,0,0,39.0,0,0,7,18
2022,9,albon,Alexander Albon,williams,Williams,12.0,12,12.0,9.608695652173912,10.444444444444445,13.6,18.0,3.0,0,0,3.0,0,0,46,13
2022,9,alonso,Fernando Alonso,alpine,Alpine F1 Team,2.0,2,7.0,9.127450980392156,9.35960591133005,10.6,10.0,16.0,0,0,47.0,0,0,204,9
2022,9,bottas,Valtteri Bottas,alfa,Alfa Romeo,11.0,11,11.0,7.106951871657754,5.7967914438502675,7.6,9.4,38.0,0,0,39.0,0,0,187,7
2022,9,gasly,Pierre Gasly,alphatauri,AlphaTauri,16.0,15,5.0,10.76595744680851,10.290322580645162,11.8,12.2,16.0,0,0,27.0,0,0,94,14
2022,9,hamilton,Lewis Hamilton,mercedes,Mercedes,4.0,4,4.0,4.418032786885246,3.1885245901639343,7.2,8.0,62.0,0,1,161.0,0,4,244,3
2022,9,kevin_magnussen,Kevin Magnussen,haas,Haas F1 Team,5.0,5,17.0,13.1484375,13.086614173228346,15.8,11.4,14.0,0,0,14.0,0,0,128,17
2022,9,latifi,Nicholas Latifi,williams,Williams,19.0,18,15.0,15.659574468085106,17.74468085106383,15.2,18.8,0.0,0,0,3.0,0,0,47,16
2022,9,leclerc,Charles Leclerc,ferrari,Ferrari,15.0,19,19.0,8.651685393258427,7.224719101123595,10.2,1.2,109.0,2,4,187.0,2,8,89,5
2022,9,max_verstappen,Max Verstappen,red_bull,Red Bull,1.0,1,1.0,6.932885906040268,5.476510067114094,1.4,2.6,142.0,5,6,265.0,6,11,149,1
2022,9,mick_schumacher,Mick Schumacher,haas,Haas F1 Team,6.0,6,14.0,16.5,17.06896551724138,15.8,14.4,0.0,0,0,14.0,0,0,30,19
2022,9,norris,Lando Norris,mclaren,McLaren,14.0,14,9.0,8.897058823529411,8.073529411764707,9.0,7.6,46.0,0,1,58.0,0,1,68,15
2022,9,ocon,Esteban Ocon,alpine,Alpine F1 Team,7.0,7,10.0,10.835051546391753,11.28125,10.2,14.8,31.0,0,0,49.0,0,0,97,6
2022,9,perez,Sergio Pérez,red_bull,Red Bull,13.0,13,2.0,9.852017937219731,10.301801801801801,2.2,4.2,123.0,1,5,290.0,7,12,223,20
2022,9,ricciardo,Daniel Ricciardo,mclaren,McLaren,9.0,9,8.0,9.720183486238533,9.19815668202765,12.8,11.0,12.0,0,0,58.0,0,1,218,11
2022,9,russell,George Russell,mercedes,Mercedes,8.0,8,3.0,13.676470588235293,14.294117647058824,4.0,7.6,99.0,0,3,176.0,0,5,68,4
2022,9,sainz,Carlos Sainz,ferrari,Ferrari,3.0,3,20.0,10.295302013422818,9.925675675675675,9.8,4.2,78.0,0,4,197.0,2,8,149,2
2022,9,stroll,Lance Stroll,aston_martin,Aston Martin,18.0,17,16.0,12.481481481481481,14.444444444444445,13.0,16.0,2.0,0,0,15.0,0,0,108,10
2022,9,tsunoda,Yuki Tsunoda,alphatauri,AlphaTauri,20.0,20,13.0,13.033333333333333,12.933333333333334,11.8,11.4,11.0,0,0,27.0,0,0,30,18
2022,9,vettel,Sebastian Vettel,aston_martin,Aston Martin,17.0,16,6.0,6.267489711934156,5.25206611570248,10.4,11.2,13.0,0,0,16.0,0,0,243,12
2022,9,zhou,Guanyu Zhou,alfa,Alfa Romeo,10.0,10,18.0,15.0,15.25,17.6,16.0,1.0,0,0,45.0,0,0,8,8
2022,10,albon,Alexander Albon,williams,Williams,16.0,16,13.0,9.680851063829786,10.478260869565217,14.0,16.4,3.0,0,0,3.0,0,0,47,20
2022,10,alonso,Fernando Alonso,alpine,Alpine F1 Team,7.0,7,9.0,9.126829268292683,9.323529411764707,8.6,9.4,18.0,0,0,57.0,0,0,205,5
2022,10,bottas,Valtteri Bottas,alfa,Alfa Romeo,12.0,12,7.0,7.1063829787234045,5.824468085106383,8.0,10.0,44.0,0,0,49.0,0,0,188,17
2022,10,gasly,Pierre Gasly,alphatauri,AlphaTauri,11.0,11,14.0,10.8,10.351063829787234,12.2,12.0,16.0,0,0,27.0,0,0,95,16
2022,10,hamilton,Lewis Hamilton,mercedes,Mercedes,5.0,5,3.0,4.412244897959184,3.1918367346938776,5.2,6.2,77.0,0,2,188.0,0,5,245,3
2022,10,kevin_magnussen,Kevin Magnussen,haas,Haas F1 Team,17.0,17,17.0,13.178294573643411,13.0234375,17.4,11.6,14.0,0,0,14.0,0,0,129,10
2022,10,latifi,Nicholas Latifi,williams,Williams,10.0,10,16.0,15.666666666666666,17.770833333333332,15.2,19.0,0.0,0,0,3.0,0,0,48,12
2022,10,leclerc,Charles Leclerc,ferrari,Ferrari,3.0,3,5.0,8.61111111111111,7.311111111111111,10.0,3.8,119.0,2,4,216.0,2,9,90,4
2022,10,max_verstappen,Max Verstappen,red_bull,Red Bull,2.0,2,1.0,6.8933333333333335,5.446666666666666,1.4,2.6,167.0,6,7,290.0,7,12,150,7
2022,10,mick_schumacher,Mick Schumacher,haas,Haas F1 Team,19.0,19,19.0,16.580645161290324,16.7,16.2,13.2,0.0,0,0,15.0,0,0,31,8
2022,10,norris,Lando Norris,mclaren,McLaren,6.0,6,15.0,8.985507246376812,8.159420289855072,11.4,9.8,46.0,0,1,58.0,0,1,69,6
2022,10,ocon,Esteban Ocon,alpine,Alpine F1 Team,15.0,15,6.0,10.785714285714286,11.237113402061855,8.6,12.4,39.0,0,0,67.0,0,0,98,15
2022,10,perez,Sergio Pérez,red_bull,Red Bull,4.0,4,20.0,9.897321428571429,10.31390134529148,5.8,5.4,123.0,1,5,296.0,7,12,224,2
2022,10,ricciardo,Daniel Ricciardo,mclaren,McLaren,14.0,14,11.0,9.726027397260275,9.197247706422019,11.4,11.6,12.0,0,0,66.0,0,1,219,13
2022,10,russell,George Russell,mercedes,Mercedes,8.0,8,4.0,13.53623188405797,14.202898550724637,4.0,7.0,111.0,0,3,204.0,0,6,69,18
2022,10,sainz,Carlos Sainz,ferrari,Ferrari,1.0,1,2.0,10.24,9.879194630872483,6.2,2.8,97.0,0,5,228.0,2,9,150,1
2022,10,stroll,Lance Stroll,aston_martin,Aston Martin,20.0,20,10.0,12.458715596330276,14.477064220183486,13.0,16.6,3.0,0,0,16.0,0,0,109,11
2022,10,tsunoda,Yuki Tsunoda,alphatauri,AlphaTauri,13.0,13,18.0,13.193548387096774,13.161290322580646,14.0,12.2,11.0,0,0,27.0,0,0,31,14
2022,10,vettel,Sebastian Vettel,aston_martin,Aston Martin,18.0,18,12.0,6.290983606557377,5.300411522633745,11.2,12.8,13.0,0,0,16.0,0,0,244,9
2022,10,zhou,Guanyu Zhou,alfa,Alfa Romeo,9.0,9,8.0,14.222222222222221,14.666666666666666,16.2,15.2,5.0,0,0,49.0,0,0,9,19
2022,11,albon,Alexander Albon,williams,Williams,11.0,15,20.0,9.895833333333334,10.595744680851064,16.2,16.0,3.0,0,0,3.0,0,0,48,12
2022,11,alonso,Fernando Alonso,alpine,Alpine F1 Team,8.0,19,5.0,9.106796116504855,9.31219512195122,7.4,8.6,28.0,0,0,67.0,0,0,206,10
2022,11,bottas,Valtteri Bottas,alfa,Alfa Romeo,12.0,0,17.0,7.158730158730159,5.857142857142857,10.0,11.4,44.0,0,0,49.0,0,0,189,11
2022,11,gasly,Pierre Gasly,alphatauri,AlphaTauri,10.0,14,16.0,10.854166666666666,10.357894736842105,11.8,12.8,16.0,0,0,27.0,0,0,96,15
2022,11,hamilton,Lewis Hamilton,mercedes,Mercedes,9.0,8,3.0,4.40650406504065,3.1991869918699187,4.6,6.0,93.0,0,3,204.0,0,6,246,3
2022,11,kevin_magnussen,Kevin Magnussen,haas,Haas F1 Team,6.0,7,10.0,13.153846153846153,13.054263565891473,16.2,11.8,15.0,0,0,19.0,0,0,130,8
2022,11,latifi,Nicholas Latifi,williams,Williams,19.0,17,12.0,15.591836734693878,17.612244897959183,14.8,17.2,0.0,0,0,3.0,0,0,49,19
2022,11,leclerc,Charles Leclerc,ferrari,Ferrari,2.0,2,4.0,8.56043956043956,7.263736263736264,10.4,4.2,131.0,2,4,253.0,3,10,91,1
2022,11,max_verstappen,Max Verstappen,red_bull,Red Bull,1.0,1,7.0,6.894039735099338,5.423841059602649,2.6,2.4,173.0,6,7,314.0,7,13,151,2
2022,11,mick_schumacher,Mick Schumacher,haas,Haas F1 Team,7.0,9,8.0,16.3125,16.774193548387096,14.8,14.0,4.0,0,0,23.0,0,0,32,6
2022,11,norris,Lando Norris,mclaren,McLaren,15.0,10,6.0,8.942857142857143,8.128571428571428,8.8,9.4,54.0,0,1,66.0,0,1,70,7
2022,11,ocon,Esteban Ocon,alpine,Alpine F1 Team,5.0,6,15.0,10.828282828282829,11.275510204081632,10.0,11.4,39.0,0,0,68.0,0,0,99,5
2022,11,perez,Sergio Pérez,red_bull,Red Bull,13.0,5,2.0,9.862222222222222,10.285714285714286,5.4,5.4,141.0,1,6,333.0,7,14,225,20
2022,11,ricciardo,Daniel Ricciardo,mclaren,McLaren,16.0,11,13.0,9.74090909090909,9.219178082191782,11.4,11.6,12.0,0,0,72.0,0,1,220,9
2022,11,russell,George Russell,mercedes,Mercedes,4.0,4,18.0,13.6,14.114285714285714,6.6,6.2,111.0,0,3,219.0,0,7,70,4
2022,11,sainz,Carlos Sainz,ferrari,Ferrari,3.0,3,1.0,10.178807947019868,9.82,5.8,2.6,122.0,1,6,278.0,4,11,151,18
2022,11,stroll,Lance Stroll,aston_martin,Aston Martin,17.0,12,11.0,12.445454545454545,14.527272727272727,13.2,18.6,3.0,0,0,18.0,0,0,110,13
2022,11,tsunoda,Yuki Tsunoda,alphatauri,AlphaTauri,14.0,16,14.0,13.21875,13.15625,14.4,13.0,11.0,0,0,27.0,0,0,32,16
2022,11,vettel,Sebastian Vettel,aston_martin,Aston Martin,20.0,18,9.0,6.302040816326531,5.352459016393443,9.6,13.8,15.0,0,0,18.0,0,0,245,17
2022,11,zhou,Guanyu Zhou,alfa,Alfa Romeo,18.0,13,19.0,14.7,14.1,16.0,13.6,5.0,0,0,49.0,0,0,10,14
2022,12,albon,Alexander Albon,williams,Williams,15.0,13,12.0,9.938775510204081,10.604166666666666,15.0,14.4,3.0,0,0,3.0,0,0,49,13
2022,12,alonso,Fernando Alonso,alpine,Alpine F1 Team,7.0,7,10.0,9.11111111111111,9.305825242718447,7.6,6.8,29.0,0,0,78.0,0,0,207,6
2022,12,bottas,Valtteri Bottas,alfa,Alfa Romeo,13.0,11,11.0,7.178947368421053,5.889473684210526,11.0,12.4,44.0,0,0,49.0,0,0,190,14
2022,12,gasly,Pierre Gasly,alphatauri,AlphaTauri,16.0,14,15.0,10.896907216494846,10.354166666666666,12.2,12.0,16.0,0,0,27.0,0,0,97,12
2022,12,hamilton,Lewis Hamilton,mercedes,Mercedes,4.0,4,3.0,4.40080971659919,3.222672064777328,4.2,6.6,108.0,0,4,231.0,0,7,247,2
2022,12,kevin_magnussen,Kevin Magnussen,haas,Haas F1 Team,10.0,20,8.0,13.114503816793894,13.0,14.4,11.4,19.0,0,0,31.0,0,0,131,18
2022,12,latifi,Nicholas Latifi,williams,Williams,20.0,18,19.0,15.66,17.64,15.4,17.0,0.0,0,0,3.0,0,0,50,17
2022,12,leclerc,Charles Leclerc,ferrari,Ferrari,1.0,1,1.0,8.478260869565217,7.206521739130435,6.6,4.4,156.0,3,5,278.0,4,11,92,19
2022,12,max_verstappen,Max Verstappen,red_bull,Red Bull,2.0,2,2.0,6.8618421052631575,5.394736842105263,2.8,2.2,192.0,6,8,333.0,7,14,152,1
2022,12,mick_schumacher,Mick Schumacher,haas,Haas F1 Team,19.0,17,6.0,16.0,16.46875,13.2,13.4,12.0,0,0,31.0,0,0,33,15
2022,12,norris,Lando Norris,mclaren,McLaren,5.0,5,7.0,8.915492957746478,8.225352112676056,8.6,10.2,60.0,0,1,74.0,0,1,71,7
2022,12,ocon,Esteban Ocon,alpine,Alpine F1 Team,12.0,10,5.0,10.77,11.212121212121213,9.6,10.0,49.0,0,0,86.0,0,0,100,8
2022,12,perez,Sergio Pérez,red_bull,Red Bull,3.0,3,20.0,9.9070796460177,10.297777777777778,9.0,7.0,141.0,1,6,358.0,8,15,226,4
2022,12,ricciardo,Daniel Ricciardo,mclaren,McLaren,11.0,9,9.0,9.737556561085972,9.25,10.8,13.0,14.0,0,0,80.0,0,1,221,9
2022,12,russell,George Russell,mercedes,Mercedes,6.0,6,4.0,13.464788732394366,13.971830985915492,6.8,6.2,123.0,0,3,249.0,0,8,71,3
2022,12,sainz,Carlos Sainz,ferrari,Ferrari,9.0,19,18.0,10.230263157894736,9.774834437086092,8.6,2.6,122.0,1,6,278.0,4,11,152,5
2022,12,stroll,Lance Stroll,aston_martin,Aston Martin,17.0,15,13.0,12.45045045045045,14.54954954954955,12.8,18.4,3.0,0,0,18.0,0,0,111,10
2022,12,tsunoda,Yuki Tsunoda,alphatauri,AlphaTauri,8.0,8,16.0,13.303030303030303,13.181818181818182,15.6,13.2,11.0,0,0,27.0,0,0,33,20
2022,12,vettel,Sebastian Vettel,aston_martin,Aston Martin,14.0,12,17.0,6.345528455284553,5.412244897959184,10.8,14.6,15.0,0,0,19.0,0,0,246,11
2022,12,zhou,Guanyu Zhou,alfa,Alfa Romeo,18.0,16,14.0,14.636363636363637,14.454545454545455,15.0,14.2,5.0,0,0,49.0,0,0,11,16
2022,13,albon,Alexander Albon,williams,Williams,17.0,17,13.0,10.0,10.693877551020408,14.0,14.2,3.0,0,0,3.0,0,0,50,17
2022,13,alonso,Fernando Alonso,alpine,Alpine F1 Team,6.0,6,6.0,9.096153846153847,9.294685990338165,7.4,6.8,37.0,0,0,90.0,0,0,208,8
2022,13,bottas,Valtteri Bottas,alfa,Alfa Romeo,8.0,8,14.0,7.214659685863874,5.9267015706806285,12.0,12.6,44.0,0,0,49.0,0,0,191,20
2022,13,gasly,Pierre Gasly,alphatauri,AlphaTauri,19.0,0,12.0,10.908163265306122,10.412371134020619,12.4,11.8,16.0,0,0,27.0,0,0,98,12
2022,13,hamilton,Lewis Hamilton,mercedes,Mercedes,7.0,7,2.0,4.391129032258065,3.225806451612903,3.0,5.8,126.0,0,5,264.0,0,9,248,2
2022,13,kevin_magnussen,Kevin Magnussen,haas,Haas F1 Team,13.0,13,18.0,13.151515151515152,12.977099236641221,14.0,10.8,19.0,0,0,31.0,0,0,132,16
2022,13,latifi,Nicholas Latifi,williams,Williams,20.0,19,17.0,15.686274509803921,17.686274509803923,15.8,17.2,0.0,0,0,3.0,0,0,51,18
2022,13,leclerc,Charles Leclerc,ferrari,Ferrari,3.0,3,19.0,8.591397849462366,7.139784946236559,9.6,4.4,156.0,3,5,289.0,4,11,93,6
2022,13,max_verstappen,Max Verstappen,red_bull,Red Bull,10.0,10,1.0,6.823529411764706,5.372549019607843,2.4,1.8,217.0,7,9,370.0,8,15,153,1
2022,13,mick_schumacher,Mick Schumacher,haas,Haas F1 Team,15.0,15,15.0,15.970588235294118,16.545454545454547,12.4,14.2,12.0,0,0,31.0,0,0,34,14
2022,13,norris,Lando Norris,mclaren,McLaren,4.0,4,7.0,8.88888888888889,8.180555555555555,8.8,10.2,66.0,0,1,82.0,0,1,72,7
2022,13,ocon,Esteban Ocon,alpine,Alpine F1 Team,5.0,5,8.0,10.742574257425742,11.22,8.8,10.4,53.0,0,0,94.0,0,0,101,9
2022,13,perez,Sergio Pérez,red_bull,Red Bull,11.0,11,4.0,9.881057268722467,10.265486725663717,9.6,7.0,153.0,1,6,395.0,9,16,227,5
2022,13,ricciardo,Daniel Ricciardo,mclaren,McLaren,9.0,9,9.0,9.734234234234235,9.2579185520362,10.0,12.4,16.0,0,0,88.0,0,1,222,15
2022,13,russell,George Russell,mercedes,Mercedes,1.0,1,3.0,13.319444444444445,13.86111111111111,6.4,6.2,138.0,0,4,283.0,0,10,72,3
2022,13,sainz,Carlos Sainz,ferrari,Ferrari,2.0,2,5.0,10.196078431372548,9.769736842105264,9.2,4.0,133.0,1,6,297.0,4,11,153,4
2022,13,stroll,Lance Stroll,aston_martin,Aston Martin,14.0,14,10.0,12.428571428571429,14.571428571428571,12.0,18.2,4.0,0,0,19.0,0,0,112,11
2022,13,tsunoda,Yuki Tsunoda,alphatauri,AlphaTauri,16.0,16,20.0,13.5,13.029411764705882,16.2,12.6,11.0,0,0,27.0,0,0,34,19
2022,13,vettel,Sebastian Vettel,aston_martin,Aston Martin,18.0,18,11.0,6.364372469635628,5.4471544715447155,11.0,15.6,15.0,0,0,19.0,0,0,247,10
2022,13,zhou,Guanyu Zhou,alfa,Alfa Romeo,12.0,12,16.0,14.75,14.75,15.0,13.8,5.0,0,0,49.0,0,0,12,13
2022,14,albon,Alexander Albon,williams,Williams,9.0,6,17.0,10.137254901960784,10.82,15.0,14.2,3.0,0,0,3.0,0,0,51,10
2022,14,alonso,Fernando Alonso,alpine,Alpine F1 Team,6.0,3,8.0,9.090909090909092,9.278846153846153,7.6,6.0,41.0,0,0,96.0,0,0,209,5
2022,14,bottas,Valtteri Bottas,alfa,Alfa Romeo,20.0,13,20.0,7.28125,5.9375,13.8,11.2,44.0,0,0,49.0,0,0,192,19
2022,14,gasly,Pierre Gasly,alphatauri,AlphaTauri,12.0,0,12.0,10.919191919191919,10.5,13.8,14.4,16.0,0,0,27.0,0,0,99,9
2022,14,hamilton,Lewis Hamilton,mercedes,Mercedes,7.0,4,2.0,4.381526104417671,3.2409638554216866,2.6,5.8,145.0,0,6,298.0,0,11,249,20
2022,14,kevin_magnussen,Kevin Magnussen,haas,Haas F1 Team,18.0,12,16.0,13.172932330827068,12.977272727272727,13.8,10.2,19.0,0,0,31.0,0,0,133,16
2022,14,latifi,Nicholas Latifi,williams,Williams,17.0,11,18.0,15.73076923076923,17.73076923076923,16.4,17.6,0.0,0,0,4.0,0,0,52,18
2022,14,leclerc,Charles Leclerc,ferrari,Ferrari,4.0,15,6.0,8.563829787234043,7.095744680851064,7.0,4.8,164.0,3,5,309.0,4,11,94,6
2022,14,max_verstappen,Max Verstappen,red_bull,Red Bull,1.0,14,1.0,6.785714285714286,5.402597402597403,2.4,3.2,242.0,8,10,405.0,9,16,154,1
2022,14,mick_schumacher,Mick Schumacher,haas,Haas F1 Team,15.0,19,14.0,15.914285714285715,16.5,12.4,13.2,12.0,0,0,31.0,0,0,35,17
2022,14,norris,Lando Norris,mclaren,McLaren,10.0,17,7.0,8.863013698630137,8.123287671232877,8.4,8.8,72.0,0,1,88.0,0,1,73,12
2022,14,ocon,Esteban Ocon,alpine,Alpine F1 Team,5.0,16,9.0,10.72549019607843,11.158415841584159,8.6,8.8,55.0,0,0,106.0,0,0,102,7
2022,14,perez,Sergio Pérez,red_bull,Red Bull,3.0,2,5.0,9.859649122807017,10.268722466960352,10.2,8.8,163.0,1,6,431.0,10,17,228,2
2022,14,ricciardo,Daniel Ricciardo,mclaren,McLaren,11.0,7,15.0,9.757847533632287,9.256756756756756,11.4,11.8,16.0,0,0,88.0,0,1,223,15
2022,14,russell,George Russell,mercedes,Mercedes,8.0,5,3.0,13.178082191780822,13.684931506849315,6.4,5.4,153.0,0,5,298.0,0,11,73,4
2022,14,sainz,Carlos Sainz,ferrari,Ferrari,2.0,1,4.0,10.155844155844155,9.718954248366012,6.0,3.6,145.0,1,6,317.0,4,11,154,3
2022,14,stroll,Lance Stroll,aston_martin,Aston Martin,14.0,9,11.0,12.415929203539823,14.56637168141593,11.0,17.2,4.0,0,0,20.0,0,0,113,11
2022,14,tsunoda,Yuki Tsunoda,alphatauri,AlphaTauri,19.0,0,19.0,13.657142857142857,13.114285714285714,17.4,14.2,11.0,0,0,29.0,0,0,35,13
2022,14,vettel,Sebastian Vettel,aston_martin,Aston Martin,16.0,10,10.0,6.379032258064516,5.497975708502024,11.8,17.4,16.0,0,0,20.0,0,0,248,8
2022,14,zhou,Guanyu Zhou,alfa,Alfa Romeo,13.0,18,13.0,14.615384615384615,14.538461538461538,14.0,13.4,5.0,0,0,49.0,0,0,13,14
2022,15,albon,Alexander Albon,williams,Williams,15.0,15,10.0,10.134615384615385,10.784313725490197,14.4,13.6,4.0,0,0,4.0,0,0,52,12
2022,15,alonso,Fernando Alonso,alpine,Alpine F1 Team,13.0,13,5.0,9.071428571428571,9.263157894736842,6.8,6.8,51.0,0,0,112.0,0,0,210,6
2022,15,bottas,Valtteri Bottas,alfa,Alfa Romeo,16.0,16,19.0,7.341968911917099,6.010362694300518,16.2,13.0,44.0,0,0,49.0,0,0,193,19
2022,15,gasly,Pierre Gasly,alphatauri,AlphaTauri,11.0,11,9.0,10.9,10.515151515151516,12.8,13.6,18.0,0,0,29.0,0,0,100,11
2022,15,hamilton,Lewis Hamilton,mercedes,Mercedes,4.0,4,20.0,4.444,3.256,6.0,6.4,145.0,0,6,310.0,0,11,250,4
2022,15,kevin_magnussen,Kevin Magnussen,haas,Haas F1 Team,18.0,18,16.0,13.194029850746269,13.015037593984962,13.6,12.8,19.0,0,0,31.0,0,0,134,15
2022,15,latifi,Nicholas Latifi,williams,Williams,20.0,20,18.0,15.773584905660377,17.71698113207547,16.8,17.2,0.0,0,0,4.0,0,0,53,18
2022,15,leclerc,Charles Leclerc,ferrari,Ferrari,2.0,2,6.0,8.536842105263158,7.063157894736842,7.2,2.6,172.0,3,5,332.0,4,12,95,3
2022,15,max_verstappen,Max Verstappen,red_bull,Red Bull,1.0,1,1.0,6.748387096774193,5.374193548387097,2.4,3.2,268.0,9,11,449.0,10,18,155,1
2022,15,mick_schumacher,Mick Schumacher,haas,Haas F1 Team,8.0,8,17.0,15.944444444444445,16.457142857142856,12.0,15.0,12.0,0,0,31.0,0,0,36,13
2022,15,norris,Lando Norris,mclaren,McLaren,7.0,7,12.0,8.905405405405405,8.14864864864865,7.8,8.0,72.0,0,1,88.0,0,1,74,7
2022,15,ocon,Esteban Ocon,alpine,Alpine F1 Team,12.0,12,7.0,10.689320388349515,11.098039215686274,8.8,8.4,61.0,0,0,120.0,0,0,103,9
2022,15,perez,Sergio Pérez,red_bull,Red Bull,5.0,5,2.0,9.825327510917031,10.236842105263158,6.6,6.8,181.0,1,7,475.0,11,19,229,5
2022,15,ricciardo,Daniel Ricciardo,mclaren,McLaren,17.0,17,15.0,9.78125,9.26457399103139,12.2,12.2,16.0,0,0,94.0,0,1,224,17
2022,15,russell,George Russell,mercedes,Mercedes,6.0,6,4.0,13.054054054054054,13.608108108108109,6.4,5.4,165.0,0,5,322.0,0,11,74,2
2022,15,sainz,Carlos Sainz,ferrari,Ferrari,3.0,3,3.0,10.109677419354838,9.668831168831169,6.2,3.4,160.0,1,7,347.0,4,13,155,8
2022,15,stroll,Lance Stroll,aston_martin,Aston Martin,10.0,10,11.0,12.403508771929825,14.56140350877193,11.2,16.4,4.0,0,0,24.0,0,0,114,10
2022,15,tsunoda,Yuki Tsunoda,alphatauri,AlphaTauri,9.0,9,13.0,13.63888888888889,13.277777777777779,16.4,14.0,11.0,0,0,29.0,0,0,36,20
2022,15,vettel,Sebastian Vettel,aston_martin,Aston Martin,19.0,19,8.0,6.385542168674699,5.540322580645161,11.0,17.2,20.0,0,0,25.0,0,0,249,14
2022,15,zhou,Guanyu Zhou,alfa,Alfa Romeo,14.0,14,14.0,14.571428571428571,14.428571428571429,15.2,14.0,5.0,0,0,49.0,0,0,14,16
2022,16,alonso,Fernando Alonso,alpine,Alpine F1 Team,10.0,6,6.0,9.056872037914692,9.280952380952382,7.0,8.0,59.0,0,0,122.0,0,0,211,19
2022,16,bottas,Valtteri Bottas,alfa,Alfa Romeo,12.0,15,19.0,7.402061855670103,6.061855670103093,16.6,13.8,44.0,0,0,49.0,0,0,194,13
2022,16,de_vries,Nyck de Vries,williams,Williams,13.0,8,20.0,20.0,20.0,20.0,20.0,0.0,0,0,4.0,0,0,0,9
2022,16,gasly,Pierre Gasly,alphatauri,AlphaTauri,9.0,5,11.0,10.900990099009901,10.52,11.8,13.6,18.0,0,0,29.0,0,0,101,8
2022,16,hamilton,Lewis Hamilton,mercedes,Mercedes,5.0,19,4.0,4.442231075697211,3.258964143426295,6.2,6.2,157.0,0,6,340.0,0,12,251,5
2022,16,kevin_magnussen,Kevin Magnussen,haas,Haas F1 Team,19.0,16,15.0,13.207407407407407,13.052238805970148,14.6,13.0,19.0,0,0,31.0,0,0,135,16
2022,16,latifi,Nicholas Latifi,williams,Williams,16.0,10,18.0,15.814814814814815,17.75925925925926,18.0,19.2,0.0,0,0,6.0,0,0,54,15
2022,16,leclerc,Charles Leclerc,ferrari,Ferrari,1.0,1,3.0,8.479166666666666,7.010416666666667,7.0,2.4,187.0,3,6,351.0,4,13,96,2
2022,16,max_verstappen,Max Verstappen,red_bull,Red Bull,2.0,7,1.0,6.711538461538462,5.346153846153846,1.2,3.0,294.0,10,12,485.0,11,19,156,1
2022,16,mick_schumacher,Mick Schumacher,haas,Haas F1 Team,20.0,17,13.0,15.864864864864865,16.22222222222222,13.0,12.8,12.0,0,0,31.0,0,0,37,12
2022,16,norris,Lando Norris,mclaren,McLaren,7.0,3,7.0,8.88,8.133333333333333,8.0,8.2,78.0,0,1,94.0,0,1,75,7
2022,16,ocon,Esteban Ocon,alpine,Alpine F1 Team,11.0,14,9.0,10.673076923076923,11.106796116504855,7.6,7.8,63.0,0,0,122.0,0,0,104,11
2022,16,perez,Sergio Pérez,red_bull,Red Bull,4.0,13,5.0,9.804347826086957,10.213973799126638,7.2,7.0,191.0,1,7,510.0,12,20,230,6
2022,16,ricciardo,Daniel Ricciardo,mclaren,McLaren,8.0,4,17.0,9.813333333333333,9.299107142857142,13.0,12.8,16.0,0,0,100.0,0,1,225,17
2022,16,russell,George Russell,mercedes,Mercedes,6.0,2,2.0,12.906666666666666,13.506666666666666,3.2,5.0,183.0,0,6,350.0,0,12,75,3
2022,16,sainz,Carlos Sainz,ferrari,Ferrari,3.0,18,8.0,10.096153846153847,9.625806451612902,7.6,3.8,164.0,1,7,369.0,4,14,156,4
2022,16,stroll,Lance Stroll,aston_martin,Aston Martin,18.0,12,10.0,12.382608695652173,14.521739130434783,11.0,14.4,5.0,0,0,25.0,0,0,115,18
2022,16,tsunoda,Yuki Tsunoda,alphatauri,AlphaTauri,15.0,20,20.0,13.81081081081081,13.162162162162161,17.6,13.2,11.0,0,0,33.0,0,0,37,14
2022,16,vettel,Sebastian Vettel,aston_martin,Aston Martin,17.0,11,14.0,6.416,5.594377510040161,12.0,17.4,20.0,0,0,25.0,0,0,250,20
2022,16,zhou,Guanyu Zhou,alfa,Alfa Romeo,14.0,9,16.0,14.666666666666666,14.4,14.6,15.0,5.0,0,0,49.0,0,0,15,10
2022,17,albon,Alexander Albon,williams,Williams,19.0,18,12.0,10.169811320754716,10.865384615384615,12.8,13.4,4.0,0,0,6.0,0,0,53,17
2022,17,alonso,Fernando Alonso,alpine,Alpine F1 Team,5.0,5,19.0,9.10377358490566,9.28436018957346,8.8,8.4,59.0,0,0,122.0,0,0,212,18
2022,17,bottas,Valtteri Bottas,alfa,Alfa Romeo,16.0,15,13.0,7.430769230769231,6.092307692307692,17.0,13.8,44.0,0,0,50.0,0,0,195,11
2022,17,gasly,Pierre Gasly,alphatauri,AlphaTauri,7.0,7,8.0,10.872549019607844,10.504950495049505,10.4,13.4,22.0,0,0,33.0,0,0,102,10
2022,17,hamilton,Lewis Hamilton,mercedes,Mercedes,3.0,3,5.0,4.444444444444445,3.265873015873016,6.6,5.4,167.0,0,6,365.0,0,13,252,9
2022,17,kevin_magnussen,Kevin Magnussen,haas,Haas F1 Team,9.0,9,16.0,13.227941176470589,13.096296296296297,16.2,15.6,19.0,0,0,31.0,0,0,136,12
2022,17,latifi,Nicholas Latifi,williams,Williams,20.0,19,15.0,15.8,17.727272727272727,17.2,18.6,0.0,0,0,6.0,0,0,55,19
2022,17,leclerc,Charles Leclerc,ferrari,Ferrari,1.0,1,2.0,8.412371134020619,6.948453608247423,7.2,2.2,205.0,3,7,381.0,4,14,97,2
2022,17,max_verstappen,Max Verstappen,red_bull,Red Bull,8.0,8,1.0,6.67515923566879,5.32484076433121,1.0,3.2,319.0,11,13,519.0,12,20,157,7
2022,17,mick_schumacher,Mick Schumacher,haas,Haas F1 Team,13.0,12,12.0,15.763157894736842,16.324324324324323,14.2,15.4,12.0,0,0,31.0,0,0,38,13
2022,17,norris,Lando Norris,mclaren,McLaren,6.0,6,7.0,8.855263157894736,8.118421052631579,8.0,6.6,84.0,0,1,100.0,0,1,76,4
2022,17,ocon,Esteban Ocon,alpine,Alpine F1 Team,18.0,17,11.0,10.676190476190476,11.10576923076923,8.8,9.0,63.0,0,0,122.0,0,0,105,16
2022,17,perez,Sergio Pérez,red_bull,Red Bull,2.0,2,6.0,9.787878787878787,10.18695652173913,4.4,5.2,200.0,1,7,525.0,12,20,231,1
2022,17,ricciardo,Daniel Ricciardo,mclaren,McLaren,17.0,16,17.0,9.845132743362832,9.293333333333333,14.6,11.2,16.0,0,0,112.0,0,1,226,5
2022,17,russell,George Russell,mercedes,Mercedes,11.0,0,3.0,12.776315789473685,13.407894736842104,3.0,5.4,198.0,0,7,367.0,0,13,76,14
2022,17,sainz,Carlos Sainz,ferrari,Ferrari,4.0,4,4.0,10.05732484076433,9.583333333333334,4.8,3.8,176.0,1,7,399.0,4,15,157,3
2022,17,stroll,Lance Stroll,aston_martin,Aston Martin,12.0,11,18.0,12.431034482758621,14.551724137931034,12.0,14.6,5.0,0,0,25.0,0,0,116,6
2022,17,tsunoda,Yuki Tsunoda,alphatauri,AlphaTauri,10.0,10,14.0,13.81578947368421,13.210526315789474,17.2,13.4,11.0,0,0,34.0,0,0,38,15
2022,17,vettel,Sebastian Vettel,aston_martin,Aston Martin,14.0,13,20.0,6.47011952191235,5.64,12.6,16.8,20.0,0,0,33.0,0,0,251,8
2022,17,zhou,Guanyu Zhou,alfa,Alfa Romeo,15.0,14,10.0,14.375,14.375,13.8,14.2,6.0,0,0,50.0,0,0,16,20
2022,18,albon,Alexander Albon,williams,Williams,16.0,16,17.0,10.296296296296296,11.018867924528301,13.8,15.0,4.0,0,0,6.0,0,0,54,20
2022,18,alonso,Fernando Alonso,alpine,Alpine F1 Team,7.0,7,18.0,9.145539906103286,9.264150943396226,11.2,8.0,59.0,0,0,122.0,0,0,213,7
2022,18,bottas,Valtteri Bottas,alfa,Alfa Romeo,12.0,12,11.0,7.448979591836735,6.142857142857143,16.4,14.4,44.0,0,0,50.0,0,0,196,15
2022,18,gasly,Pierre Gasly,alphatauri,AlphaTauri,17.0,17,10.0,10.864077669902912,10.470588235294118,10.0,11.6,23.0,0,0,34.0,0,0,103,18
2022,18,hamilton,Lewis Hamilton,mercedes,Mercedes,6.0,6,9.0,4.462450592885376,3.2648221343873516,8.0,5.2,169.0,0,6,367.0,0,13,253,5
2022,18,kevin_magnussen,Kevin Magnussen,haas,Haas F1 Team,18.0,18,12.0,13.218978102189782,13.066176470588236,15.0,15.4,19.0,0,0,31.0,0,0,137,14
2022,18,latifi,Nicholas Latifi,williams,Williams,20.0,20,19.0,15.857142857142858,17.767857142857142,17.6,18.6,0.0,0,0,6.0,0,0,56,9
2022,18,leclerc,Charles Leclerc,ferrari,Ferrari,2.0,2,2.0,8.346938775510203,6.887755102040816,3.8,2.2,223.0,3,8,414.0,4,16,98,3
2022,18,max_verstappen,Max Verstappen,red_bull,Red Bull,1.0,1,7.0,6.677215189873418,5.341772151898734,2.2,4.4,325.0,11,13,550.0,13,21,158,1
2022,18,mick_schumacher,Mick Schumacher,haas,Haas F1 Team,15.0,15,13.0,15.692307692307692,16.236842105263158,13.8,14.2,12.0,0,0,31.0,0,0,39,17
2022,18,norris,Lando Norris,mclaren,McLaren,10.0,10,4.0,8.792207792207792,8.090909090909092,7.4,6.8,96.0,0,1,122.0,0,1,77,10
2022,18,ocon,Esteban Ocon,alpine,Alpine F1 Team,5.0,5,16.0,10.726415094339623,11.17142857142857,10.4,10.2,63.0,0,0,128.0,0,0,106,4
2022,18,perez,Sergio Pérez,red_bull,Red Bull,4.0,4,1.0,9.75,10.151515151515152,3.8,5.0,225.0,2,8,575.0,14,22,232,2
2022,18,ricciardo,Daniel Ricciardo,mclaren,McLaren,11.0,11,5.0,9.823788546255507,9.327433628318584,13.8,12.4,26.0,0,0,123.0,0,1,227,11
2022,18,russell,George Russell,mercedes,Mercedes,8.0,8,14.0,12.792207792207792,13.376623376623376,5.2,6.4,198.0,0,7,377.0,0,13,77,8
2022,18,sainz,Carlos Sainz,ferrari,Ferrari,3.0,3,3.0,10.012658227848101,9.547770700636942,4.4,2.8,191.0,1,8,429.0,4,17,158,19
2022,18,stroll,Lance Stroll,aston_martin,Aston Martin,19.0,19,6.0,12.376068376068377,14.52991452991453,11.2,13.6,13.0,0,0,37.0,0,0,117,12
2022,18,tsunoda,Yuki Tsunoda,alphatauri,AlphaTauri,13.0,13,15.0,13.846153846153847,13.128205128205128,16.2,13.8,11.0,0,0,34.0,0,0,39,13
2022,18,vettel,Sebastian Vettel,aston_martin,Aston Martin,9.0,9,8.0,6.476190476190476,5.673306772908367,12.0,16.8,24.0,0,0,37.0,0,0,252,6
2022,18,zhou,Guanyu Zhou,alfa,Alfa Romeo,14.0,14,20.0,14.705882352941176,14.411764705882353,14.6,13.6,6.0,0,0,50.0,0,0,17,16
2022,19,albon,Alexander Albon,williams,Williams,11.0,8,20.0,10.472727272727273,11.11111111111111,15.2,15.2,4.0,0,0,8.0,0,0,55,13
2022,19,alonso,Fernando Alonso,alpine,Alpine F1 Team,9.0,14,7.0,9.13551401869159,9.253521126760564,11.0,8.2,65.0,0,0,140.0,0,0,214,7
2022,19,bottas,Valtteri Bottas,alfa,Alfa Romeo,10.0,7,15.0,7.4873096446700504,6.1725888324873095,15.4,15.2,44.0,0,0,50.0,0,0,197,19
2022,19,gasly,Pierre Gasly,alphatauri,AlphaTauri,13.0,11,18.0,10.932692307692308,10.533980582524272,11.2,11.2,23.0,0,0,34.0,0,0,104,14
2022,19,hamilton,Lewis Hamilton,mercedes,Mercedes,5.0,3,5.0,4.464566929133858,3.2755905511811023,8.6,5.0,179.0,0,6,381.0,0,13,254,2
2022,19,kevin_magnussen,Kevin Magnussen,haas,Haas F1 Team,16.0,13,14.0,13.22463768115942,13.102189781021897,14.6,16.4,19.0,0,0,31.0,0,0,138,9
2022,19,latifi,Nicholas Latifi,williams,Williams,20.0,17,9.0,15.736842105263158,17.80701754385965,15.8,18.6,2.0,0,0,8.0,0,0,57,17
2022,19,leclerc,Charles Leclerc,ferrari,Ferrari,2.0,12,3.0,8.292929292929292,6.838383838383838,3.2,2.0,238.0,3,9,429.0,4,17,99,3
2022,19,max_verstappen,Max Verstappen,red_bull,Red Bull,3.0,2,1.0,6.6415094339622645,5.314465408805032,2.2,2.6,350.0,12,14,593.0,14,23,159,1
2022,19,mick_schumacher,Mick Schumacher,haas,Haas F1 Team,19.0,16,17.0,15.725,16.205128205128204,14.4,14.2,12.0,0,0,33.0,0,0,40,15
2022,19,norris,Lando Norris,mclaren,McLaren,8.0,6,10.0,8.807692307692308,8.115384615384615,8.0,8.0,97.0,0,1,123.0,0,1,78,6
2022,19,ocon,Esteban Ocon,alpine,Alpine F1 Team,18.0,0,4.0,10.663551401869158,11.11320754716981,9.4,10.2,75.0,0,0,146.0,0,0,107,11
2022,19,perez,Sergio Pérez,red_bull,Red Bull,4.0,9,2.0,9.716738197424892,10.125,3.2,3.6,243.0,2,9,618.0,15,24,233,4
2022,19,ricciardo,Daniel Ricciardo,mclaren,McLaren,17.0,15,11.0,9.828947368421053,9.334801762114537,13.0,12.8,26.0,0,0,131.0,0,1,228,16
2022,19,russell,George Russell,mercedes,Mercedes,6.0,4,8.0,12.73076923076923,13.307692307692308,6.2,7.8,202.0,0,7,399.0,0,14,78,5
2022,19,sainz,Carlos Sainz,ferrari,Ferrari,1.0,1,19.0,10.069182389937106,9.50632911392405,7.4,3.0,191.0,1,8,444.0,4,18,159,20
2022,19,stroll,Lance Stroll,aston_martin,Aston Martin,7.0,5,12.0,12.372881355932204,14.567796610169491,11.4,14.6,13.0,0,0,45.0,0,0,118,18
2022,19,tsunoda,Yuki Tsunoda,alphatauri,AlphaTauri,15.0,19,13.0,13.825,13.125,15.0,13.2,11.0,0,0,34.0,0,0,40,10
2022,19,vettel,Sebastian Vettel,aston_martin,Aston Martin,12.0,10,6.0,6.474308300395257,5.686507936507937,11.2,15.0,32.0,0,0,45.0,0,0,253,8
2022,19,zhou,Guanyu Zhou,alfa,Alfa Romeo,14.0,18,16.0,14.777777777777779,14.38888888888889,15.2,14.0,6.0,0,0,50.0,0,0,18,12
2022,20,albon,Alexander Albon,williams,Williams,19.0,17,13.0,10.517857142857142,11.10909090909091,14.4,14.0,4.0,0,0,8.0,0,0,56,12
2022,20,alonso,Fernando Alonso,alpine,Alpine F1 Team,9.0,9,7.0,9.125581395348837,9.25233644859813,11.4,8.8,71.0,0,0,146.0,0,0,215,19
2022,20,bottas,Valtteri Bottas,alfa,Alfa Romeo,6.0,6,19.0,7.545454545454546,6.191919191919192,15.4,13.2,44.0,0,0,50.0,0,0,198,10
2022,20,gasly,Pierre Gasly,alphatauri,AlphaTauri,14.0,14,14.0,10.961904761904762,10.557692307692308,12.2,11.4,23.0,0,0,35.0,0,0,105,11
2022,20,hamilton,Lewis Hamilton,mercedes,Mercedes,3.0,3,2.0,4.454901960784314,3.2823529411764705,5.0,4.6,197.0,0,7,410.0,0,14,255,2
2022,20,kevin_magnussen,Kevin Magnussen,haas,Haas F1 Team,15.0,19,9.0,13.194244604316546,13.123188405797102,13.2,16.0,21.0,0,0,33.0,0,0,139,17
2022,20,latifi,Nicholas Latifi,williams,Williams,20.0,18,17.0,15.758620689655173,17.844827586206897,15.6,19.2,2.0,0,0,8.0,0,0,58,18
2022,20,leclerc,Charles Leclerc,ferrari,Ferrari,7.0,7,3.0,8.24,6.79,2.6,1.6,253.0,3,10,444.0,4,18,100,6
2022,20,max_verstappen,Max Verstappen,red_bull,Red Bull,1.0,1,1.0,6.60625,5.3,2.2,3.0,375.0,13,15,630.0,15,24,160,1
2022,20,mick_schumacher,Mick Schumacher,haas,Haas F1 Team,16.0,15,15.0,15.707317073170731,16.275,14.0,15.0,12.0,0,0,33.0,0,0,41,16
2022,20,norris,Lando Norris,mclaren,McLaren,8.0,8,6.0,8.772151898734178,8.113924050632912,6.8,7.6,105.0,0,1,131.0,0,1,79,9
2022,20,ocon,Esteban Ocon,alpine,Alpine F1 Team,10.0,10,11.0,10.666666666666666,11.177570093457945,10.2,12.8,75.0,0,0,146.0,0,0,108,8
2022,20,perez,Sergio Pérez,red_bull,Red Bull,4.0,4,4.0,9.692307692307692,10.098712446351932,3.6,3.8,255.0,2,9,655.0,16,25,234,3
2022,20,ricciardo,Daniel Ricciardo,mclaren,McLaren,11.0,11,16.0,9.85589519650655,9.368421052631579,13.2,14.0,26.0,0,0,133.0,0,1,229,7
2022,20,russell,George Russell,mercedes,Mercedes,2.0,2,5.0,12.632911392405063,13.215189873417721,6.4,7.4,213.0,0,7,428.0,0,15,79,4
2022,20,sainz,Carlos Sainz,ferrari,Ferrari,5.0,5,20.0,10.13125,9.452830188679245,10.8,2.8,191.0,1,8,452.0,4,18,160,5
2022,20,stroll,Lance Stroll,aston_martin,Aston Martin,18.0,20,18.0,12.420168067226891,14.504201680672269,12.8,13.2,13.0,0,0,49.0,0,0,119,15
2022,20,tsunoda,Yuki Tsunoda,alphatauri,AlphaTauri,13.0,13,10.0,13.731707317073171,13.170731707317072,14.4,12.4,12.0,0,0,35.0,0,0,41,20
2022,20,vettel,Sebastian Vettel,aston_martin,Aston Martin,17.0,16,8.0,6.480314960629921,5.711462450592886,11.2,14.2,36.0,0,0,49.0,0,0,254,14
2022,20,zhou,Guanyu Zhou,alfa,Alfa Romeo,12.0,12,12.0,14.631578947368421,14.368421052631579,14.8,14.2,6.0,0,0,51.0,0,0,19,13
2022,21,albon,Alexander Albon,williams,Williams,11.0,19,12.0,10.543859649122806,11.25,14.8,16.0,4.0,0,0,8.0,0,0,57,15
2022,21,alonso,Fernando Alonso,alpine,Alpine F1 Team,7.0,17,19.0,9.171296296296296,9.251162790697675,14.0,8.0,71.0,0,0,150.0,0,0,216,5
2022,21,bottas,Valtteri Bottas,alfa,Alfa Romeo,18.0,14,10.0,7.557788944723618,6.190954773869347,13.6,11.2,45.0,0,0,51.0,0,0,199,9
2022,21,gasly,Pierre Gasly,alphatauri,AlphaTauri,12.0,10,11.0,10.962264150943396,10.59047619047619,12.2,12.0,23.0,0,0,35.0,0,0,106,14
2022,21,hamilton,Lewis Hamilton,mercedes,Mercedes,8.0,2,2.0,4.4453125,3.28125,4.6,4.4,215.0,0,8,441.0,0,15,256,2
2022,21,kevin_magnussen,Kevin Magnussen,haas,Haas F1 Team,1.0,8,17.0,13.221428571428572,13.136690647482014,13.6,15.4,21.0,0,0,33.0,0,0,140,19
2022,21,latifi,Nicholas Latifi,williams,Williams,16.0,18,18.0,15.796610169491526,17.88135593220339,15.6,19.2,2.0,0,0,8.0,0,0,59,16
2022,21,leclerc,Charles Leclerc,ferrari,Ferrari,10.0,5,6.0,8.217821782178218,6.792079207920792,3.2,2.6,261.0,3,10,462.0,4,18,101,4
2022,21,max_verstappen,Max Verstappen,red_bull,Red Bull,2.0,3,1.0,6.571428571428571,5.273291925465839,2.2,3.0,400.0,14,16,670.0,16,26,161,6
2022,21,mick_schumacher,Mick Schumacher,haas,Haas F1 Team,20.0,12,16.0,15.714285714285714,16.26829268292683,14.6,16.6,12.0,0,0,33.0,0,0,42,13
2022,21,norris,Lando Norris,mclaren,McLaren,4.0,6,9.0,8.775,8.1125,7.2,7.8,107.0,0,1,139.0,0,1,80,18
2022,21,ocon,Esteban Ocon,alpine,Alpine F1 Team,6.0,16,8.0,10.642201834862385,11.166666666666666,10.0,12.4,79.0,0,0,160.0,0,0,109,8
2022,21,perez,Sergio Pérez,red_bull,Red Bull,9.0,4,3.0,9.663829787234043,10.072649572649572,3.2,3.6,270.0,2,10,678.0,16,26,235,7
2022,21,ricciardo,Daniel Ricciardo,mclaren,McLaren,14.0,11,7.0,9.843478260869565,9.375545851528384,11.2,12.8,32.0,0,0,139.0,0,1,230,20
2022,21,russell,George Russell,mercedes,Mercedes,3.0,1,4.0,12.525,13.075,6.8,6.6,226.0,0,7,459.0,0,16,80,1
2022,21,sainz,Carlos Sainz,ferrari,Ferrari,5.0,7,5.0,10.099378881987578,9.425,10.2,3.2,201.0,1,8,474.0,4,18,161,3
2022,21,stroll,Lance Stroll,aston_martin,Aston Martin,15.0,15,15.0,12.441666666666666,14.533333333333333,13.8,14.8,13.0,0,0,49.0,0,0,120,10
2022,21,tsunoda,Yuki Tsunoda,alphatauri,AlphaTauri,19.0,0,20.0,13.880952380952381,13.166666666666666,14.4,13.2,12.0,0,0,35.0,0,0,42,17
2022,21,vettel,Sebastian Vettel,aston_martin,Aston Martin,13.0,9,14.0,6.509803921568627,5.755905511811024,11.2,13.8,36.0,0,0,50.0,0,0,255,11
2022,21,zhou,Guanyu Zhou,alfa,Alfa Romeo,17.0,13,13.0,14.55,14.25,14.2,13.8,6.0,0,0,53.0,0,0,20,12
2022,22,albon,Alexander Albon,williams,Williams,19.0,19,15.0,10.620689655172415,11.24561403508772,15.4,15.2,4.0,0,0,8.0,0,0,58,13
2022,22,alonso,Fernando Alonso,alpine,Alpine F1 Team,11.0,10,5.0,9.152073732718893,9.24074074074074,11.2,7.4,81.0,0,0,164.0,0,0,217,20
2022,22,bottas,Valtteri Bottas,alfa,Alfa Romeo,18.0,18,9.0,7.565,6.25,12.8,12.4,47.0,0,0,53.0,0,0,200,15
2022,22,gasly,Pierre Gasly,alphatauri,AlphaTauri,17.0,17,14.0,10.990654205607477,10.60377358490566,13.4,12.6,23.0,0,0,35.0,0,0,107,14
2022,22,hamilton,Lewis Hamilton,mercedes,Mercedes,5.0,5,2.0,4.43579766536965,3.299610894941634,4.0,5.0,233.0,0,9,485.0,1,17,257,18
2022,22,kevin_magnussen,Kevin Magnussen,haas,Haas F1 Team,16.0,16,19.0,13.26241134751773,13.05,14.2,11.8,21.0,0,0,33.0,0,0,141,17
2022,22,latifi,Nicholas Latifi,williams,Williams,20.0,20,16.0,15.8,17.85,15.8,19.2,2.0,0,0,8.0,0,0,60,19
2022,22,leclerc,Charles Leclerc,ferrari,Ferrari,3.0,3,4.0,8.176470588235293,6.823529411764706,3.6,4.4,273.0,3,10,489.0,4,19,102,2
2022,22,max_verstappen,Max Verstappen,red_bull,Red Bull,1.0,1,6.0,6.567901234567901,5.253086419753086,3.2,3.0,408.0,14,16,684.0,16,26,162,1
2022,22,mick_schumacher,Mick Schumacher,haas,Haas F1 Team,13.0,12,13.0,15.651162790697674,16.357142857142858,14.8,16.6,12.0,0,0,33.0,0,0,43,16
2022,22,norris,Lando Norris,mclaren,McLaren,7.0,7,18.0,8.88888888888889,8.061728395061728,9.4,7.2,107.0,0,1,139.0,0,1,81,6
2022,22,ocon,Esteban Ocon,alpine,Alpine F1 Team,8.0,8,8.0,10.618181818181819,11.119266055045872,9.4,11.4,83.0,0,0,164.0,0,0,110,7
2022,22,perez,Sergio Pérez,red_bull,Red Bull,2.0,2,7.0,9.652542372881356,10.068085106382979,3.4,4.6,276.0,2,10,709.0,17,27,236,3
2022,22,ricciardo,Daniel Ricciardo,mclaren,McLaren,10.0,13,20.0,9.887445887445887,9.395652173913044,11.8,14.0,32.0,0,0,148.0,0,1,231,9
2022,22,russell,George Russell,mercedes,Mercedes,6.0,6,1.0,12.382716049382717,12.950617283950617,6.4,6.0,252.0,1,8,485.0,1,17,81,5
2022,22,sainz,Carlos Sainz,ferrari,Ferrari,4.0,4,3.0,10.055555555555555,9.397515527950311,10.0,3.6,216.0,1,9,507.0,4,20,162,4
2022,22,stroll,Lance Stroll,aston_martin,Aston Martin,14.0,14,10.0,12.421487603305785,14.537190082644628,12.2,14.2,14.0,0,0,50.0,0,0,121,8
2022,22,tsunoda,Yuki Tsunoda,alphatauri,AlphaTauri,12.0,11,17.0,13.953488372093023,13.30232558139535,15.0,14.0,12.0,0,0,35.0,0,0,43,11
2022,22,vettel,Sebastian Vettel,aston_martin,Aston Martin,9.0,9,11.0,6.52734375,5.784313725490196,9.4,13.0,36.0,0,0,54.0,0,0,256,10
2022,22,zhou,Guanyu Zhou,alfa,Alfa Romeo,15.0,15,12.0,14.428571428571429,14.380952380952381,14.6,14.4,6.0,0,0,53.0,0,0,21,12
2023,1,albon,Alexander Albon,williams,Williams,15.0,15,13.0,10.661016949152541,11.379310344827585,14.6,15.2,0.0,0,0,0.0,0,0,59,10
2023,1,alonso,Fernando Alonso,aston_martin,Aston Martin,5.0,5,20.0,9.20183486238532,9.248847926267281,11.6,8.6,0.0,0,0,0.0,0,0,218,3
2023,1,bottas,Valtteri Bottas,alfa,Alfa Romeo,12.0,12,15.0,7.601990049751244,6.308457711442786,13.6,12.8,0.0,0,0,0.0,0,0,201,8
2023,1,de_vries,Nyck de Vries,alphatauri,AlphaTauri,19.0,19,9.0,9.0,13.0,9.0,13.0,0.0,0,0,0.0,0,0,1,14
2023,1,gasly,Pierre Gasly,alpine,Alpine F1 Team,20.0,20,14.0,11.018518518518519,10.663551401869158,14.2,14.6,0.0,0,0,0.0,0,0,108,9
2023,1,hamilton,Lewis Hamilton,mercedes,Mercedes,7.0,7,18.0,4.488372093023256,3.306201550387597,5.8,5.4,0.0,0,0,0.0,0,0,258,5
2023,1,hulkenberg,Nico Hülkenberg,haas,Haas F1 Team,10.0,10,12.0,11.652173913043478,10.333333333333334,12.8,14.2,0.0,0,0,0.0,0,0,184,15
2023,1,kevin_magnussen,Kevin Magnussen,haas,Haas F1 Team,17.0,17,17.0,13.288732394366198,13.070921985815604,15.2,13.2,0.0,0,0,0.0,0,0,142,13
2023,1,leclerc,Charles Leclerc,ferrari,Ferrari,3.0,3,2.0,8.116504854368932,6.786407766990291,3.6,4.8,0.0,0,0,0.0,0,0,103,19
2023,1,max_verstappen,Max Verstappen,red_bull,Red Bull,1.0,1,1.0,6.533742331288344,5.226993865030675,2.0,1.6,0.0,0,0,0.0,0,0,163,1
2023,1,norris,Lando Norris,mclaren,McLaren,11.0,11,6.0,8.853658536585366,8.048780487804878,9.8,7.4,0.0,0,0,0.0,0,0,82,17
2023,1,ocon,Esteban Ocon,alpine,Alpine F1 Team,9.0,9,7.0,10.585585585585585,11.090909090909092,7.6,9.4,0.0,0,0,2.0,0,0,111,18
2023,1,perez,Sergio Pérez,red_bull,Red Bull,2.0,2,3.0,9.624472573839663,10.033898305084746,3.8,4.6,0.0,0,0,25.0,1,1,237,2
2023,1,piastri,Oscar Piastri,mclaren,McLaren,18.0,18,20.0,20.0,20.0,20.0,20.0,0.0,0,0,0.0,0,0,0,20
2023,1,russell,George Russell,mercedes,Mercedes,6.0,6,5.0,12.292682926829269,12.865853658536585,4.6,5.0,0.0,0,0,10.0,0,0,82,7
2023,1,sainz,Carlos Sainz,ferrari,Ferrari,4.0,4,4.0,10.01840490797546,9.364197530864198,10.2,3.6,0.0,0,0,0.0,0,0,163,4
2023,1,sargeant,Logan Sargeant,williams,Williams,16.0,16,20.0,20.0,20.0,20.0,20.0,0.0,0,0,1.0,0,0,0,12
2023,1,stroll,Lance Stroll,aston_martin,Aston Martin,8.0,8,8.0,12.385245901639344,14.532786885245901,12.6,14.6,0.0,0,0,15.0,0,1,122,6
2023,1,tsunoda,Yuki Tsunoda,alphatauri,AlphaTauri,14.0,14,11.0,13.886363636363637,13.272727272727273,14.2,14.4,0.0,0,0,0.0,0,0,44,11
2023,1,zhou,Guanyu Zhou,alfa,Alfa Romeo,13.0,13,12.0,14.318181818181818,14.409090909090908,13.0,14.4,0.0,0,0,4.0,0,0,22,16
2023,2,albon,Alexander Albon,williams,Williams,17.0,17,10.0,10.65,11.440677966101696,12.6,15.0,1.0,0,0,1.0,0,0,60,19
2023,2,alonso,Fernando Alonso,aston_martin,Aston Martin,3.0,2,3.0,9.173515981735159,9.229357798165138,10.8,8.2,15.0,0,1,23.0,0,1,219,3
2023,2,bottas,Valtteri Bottas,alfa,Alfa Romeo,14.0,14,8.0,7.603960396039604,6.336633663366337,12.2,12.8,4.0,0,0,4.0,0,0,202,18
2023,2,de_vries,Nyck de Vries,alphatauri,AlphaTauri,18.0,18,14.0,11.5,16.0,11.5,16.0,0.0,0,0,0.0,0,0,2,14
2023,2,gasly,Pierre Gasly,alpine,Alpine F1 Team,10.0,9,9.0,11.0,10.75,12.4,15.2,2.0,0,0,2.0,0,0,109,9
2023,2,hamilton,Lewis Hamilton,mercedes,Mercedes,8.0,7,5.0,4.4903474903474905,3.3204633204633205,5.8,5.6,10.0,0,0,16.0,0,0,259,5
2023,2,hulkenberg,Nico Hülkenberg,haas,Haas F1 Team,11.0,10,15.0,11.67027027027027,10.331521739130435,11.8,13.6,0.0,0,0,0.0,0,0,185,12
2023,2,kevin_magnussen,Kevin Magnussen,haas,Haas F1 Team,13.0,13,13.0,13.286713286713287,13.098591549295774,15.0,13.0,0.0,0,0,0.0,0,0,143,10
2023,2,leclerc,Charles Leclerc,ferrari,Ferrari,2.0,12,19.0,8.221153846153847,6.75,6.8,5.0,0.0,0,0,12.0,0,0,104,7
2023,2,max_verstappen,Max Verstappen,red_bull,Red Bull,15.0,15,1.0,6.5,5.201219512195122,2.0,1.6,25.0,1,1,43.0,1,2,164,2
2023,2,norris,Lando Norris,mclaren,McLaren,19.0,19,17.0,8.951807228915662,8.08433734939759,11.2,7.6,0.0,0,0,0.0,0,0,83,17
2023,2,ocon,Esteban Ocon,alpine,Alpine F1 Team,7.0,6,18.0,10.651785714285714,11.072072072072071,10.4,10.2,0.0,0,0,4.0,0,0,112,8
2023,2,perez,Sergio Pérez,red_bull,Red Bull,1.0,1,2.0,9.592436974789916,10.0,3.8,4.2,18.0,0,1,62.0,1,3,238,1
2023,2,piastri,Oscar Piastri,mclaren,McLaren,9.0,8,20.0,20.0,18.0,20.0,18.0,0.0,0,0,0.0,0,0,1,15
2023,2,russell,George Russell,mercedes,Mercedes,4.0,3,7.0,12.228915662650602,12.783132530120483,4.4,4.6,6.0,0,0,26.0,0,0,83,4
2023,2,sainz,Carlos Sainz,ferrari,Ferrari,5.0,4,4.0,9.981707317073171,9.331288343558283,7.2,3.8,12.0,0,0,18.0,0,0,164,6
2023,2,sargeant,Logan Sargeant,williams,Williams,20.0,20,12.0,12.0,16.0,12.0,16.0,0.0,0,0,1.0,0,0,1,16
2023,2,stroll,Lance Stroll,aston_martin,Aston Martin,6.0,5,6.0,12.333333333333334,14.479674796747968,11.4,12.4,8.0,0,0,38.0,0,2,123,20
2023,2,tsunoda,Yuki Tsunoda,alphatauri,AlphaTauri,16.0,16,11.0,13.822222222222223,13.28888888888889,13.8,14.6,0.0,0,0,0.0,0,0,45,11
2023,2,zhou,Guanyu Zhou,alfa,Alfa Romeo,12.0,11,16.0,14.391304347826088,14.347826086956522,13.0,14.2,0.0,0,0,4.0,0,0,23,13
2023,3,albon,Alexander Albon,williams,Williams,8.0,8,19.0,10.78688524590164,11.533333333333333,13.8,16.2,1.0,0,0,1.0,0,0,61,19
2023,3,alonso,Fernando Alonso,aston_martin,Aston Martin,4.0,4,3.0,9.145454545454545,9.200913242009133,10.0,7.0,30.0,0,2,38.0,0,2,220,3
2023,3,bottas,Valtteri Bottas,alfa,Alfa Romeo,19.0,19,18.0,7.655172413793103,6.374384236453202,12.0,13.6,4.0,0,0,4.0,0,0,203,11
2023,3,de_vries,Nyck de Vries,alphatauri,AlphaTauri,15.0,15,14.0,12.333333333333334,16.666666666666668,12.333333333333334,16.666666666666668,0.0,0,0,0.0,0,0,3,15
2023,3,gasly,Pierre Gasly,alpine,Alpine F1 Team,9.0,9,9.0,10.981818181818182,10.743119266055047,11.4,14.6,4.0,0,0,8.0,0,0,110,13
2023,3,hamilton,Lewis Hamilton,mercedes,Mercedes,3.0,3,5.0,4.492307692307692,3.3384615384615386,6.4,6.2,20.0,0,0,38.0,0,0,260,2
2023,3,hulkenberg,Nico Hülkenberg,haas,Haas F1 Team,10.0,10,12.0,11.672043010752688,10.335135135135134,12.8,15.2,0.0,0,0,1.0,0,0,186,7
2023,3,kevin_magnussen,Kevin Magnussen,haas,Haas F1 Team,14.0,14,10.0,13.26388888888889,13.097902097902098,15.2,12.4,1.0,0,0,7.0,0,0,144,17
2023,3,leclerc,Charles Leclerc,ferrari,Ferrari,7.0,7,7.0,8.209523809523809,6.704761904761905,7.6,5.0,6.0,0,0,26.0,0,0,105,20
2023,3,max_verstappen,Max Verstappen,red_bull,Red Bull,1.0,1,2.0,6.472727272727273,5.260606060606061,2.2,4.0,44.0,1,2,87.0,2,4,165,1
2023,3,norris,Lando Norris,mclaren,McLaren,13.0,13,17.0,9.047619047619047,8.214285714285714,13.4,9.8,0.0,0,0,0.0,0,0,84,6
2023,3,ocon,Esteban Ocon,alpine,Alpine F1 Team,11.0,11,8.0,10.628318584070797,11.035714285714286,9.8,8.0,4.0,0,0,8.0,0,0,113,14
2023,3,perez,Sergio Pérez,red_bull,Red Bull,20.0,20,1.0,9.556485355648535,9.96218487394958,3.2,3.6,43.0,1,2,112.0,3,5,239,5
2023,3,piastri,Oscar Piastri,mclaren,McLaren,16.0,16,15.0,17.5,13.5,17.5,13.5,0.0,0,0,8.0,0,0,2,8
2023,3,russell,George Russell,mercedes,Mercedes,2.0,2,4.0,12.130952380952381,12.678571428571429,4.2,4.2,18.0,0,0,56.0,0,1,84,18
2023,3,sainz,Carlos Sainz,ferrari,Ferrari,5.0,5,6.0,9.957575757575757,9.304878048780488,4.4,4.6,20.0,0,0,26.0,0,0,165,12
2023,3,sargeant,Logan Sargeant,williams,Williams,18.0,18,16.0,14.0,18.0,14.0,18.0,0.0,0,0,1.0,0,0,2,16
2023,3,stroll,Lance Stroll,aston_martin,Aston Martin,6.0,6,20.0,12.39516129032258,14.411290322580646,11.8,12.2,8.0,0,0,53.0,0,3,124,4
2023,3,tsunoda,Yuki Tsunoda,alphatauri,AlphaTauri,12.0,12,11.0,13.76086956521739,13.347826086956522,14.0,14.8,0.0,0,0,0.0,0,0,46,10
2023,3,zhou,Guanyu Zhou,alfa,Alfa Romeo,17.0,17,13.0,14.333333333333334,14.25,13.2,13.8,0.0,0,0,4.0,0,0,24,9
2023,4,albon,Alexander Albon,williams,Williams,13.0,12,19.0,10.919354838709678,11.475409836065573,15.2,14.0,1.0,0,0,1.0,0,0,62,12
2023,4,alonso,Fernando Alonso,aston_martin,Aston Martin,6.0,6,3.0,9.117647058823529,9.177272727272728,6.8,6.0,45.0,0,3,65.0,0,3,221,4
2023,4,bottas,Valtteri Bottas,alfa,Alfa Romeo,14.0,13,11.0,7.671568627450981,6.436274509803922,12.2,16.2,4.0,0,0,6.0,0,0,204,18
2023,4,de_vries,Nyck de Vries,alphatauri,AlphaTauri,20.0,18,15.0,13.0,16.25,13.0,16.25,0.0,0,0,1.0,0,0,4,20
2023,4,gasly,Pierre Gasly,alpine,Alpine F1 Team,19.0,17,13.0,11.0,10.727272727272727,11.8,13.6,4.0,0,0,8.0,0,0,111,14
2023,4,hamilton,Lewis Hamilton,mercedes,Mercedes,5.0,5,2.0,4.482758620689655,3.3371647509578546,6.4,6.2,38.0,0,1,56.0,0,1,261,6
2023,4,hulkenberg,Nico Hülkenberg,haas,Haas F1 Team,17.0,20,7.0,11.647058823529411,10.333333333333334,12.6,13.2,6.0,0,0,7.0,0,0,187,17
2023,4,kevin_magnussen,Kevin Magnussen,haas,Haas F1 Team,18.0,16,17.0,13.289655172413793,13.104166666666666,15.2,12.2,1.0,0,0,7.0,0,0,145,13
2023,4,leclerc,Charles Leclerc,ferrari,Ferrari,1.0,1,20.0,8.320754716981131,6.7075471698113205,10.4,5.0,6.0,0,0,26.0,0,0,106,3
2023,4,max_verstappen,Max Verstappen,red_bull,Red Bull,2.0,2,1.0,6.4397590361445785,5.234939759036145,2.2,4.0,69.0,2,3,123.0,3,5,166,2
2023,4,norris,Lando Norris,mclaren,McLaren,7.0,7,6.0,9.011764705882353,8.270588235294118,12.8,10.8,8.0,0,0,12.0,0,0,85,9
2023,4,ocon,Esteban Ocon,alpine,Alpine F1 Team,12.0,19,14.0,10.657894736842104,11.035398230088495,11.0,8.2,4.0,0,0,8.0,0,0,114,15
2023,4,perez,Sergio Pérez,red_bull,Red Bull,3.0,3,5.0,9.5375,10.00418410041841,3.6,6.8,54.0,1,2,141.0,3,6,240,1
2023,4,piastri,Oscar Piastri,mclaren,McLaren,10.0,10,8.0,14.333333333333334,14.333333333333334,14.333333333333334,14.333333333333334,4.0,0,0,14.0,0,0,3,11
2023,4,russell,George Russell,mercedes,Mercedes,11.0,11,18.0,12.2,12.552941176470588,7.0,4.2,18.0,0,0,64.0,0,1,85,8
2023,4,sainz,Carlos Sainz,ferrari,Ferrari,4.0,4,12.0,9.96987951807229,9.27878787878788,5.8,4.6,20.0,0,0,41.0,0,1,166,5
2023,4,sargeant,Logan Sargeant,williams,Williams,15.0,14,16.0,14.666666666666666,18.0,14.666666666666666,18.0,0.0,0,0,1.0,0,0,3,16
2023,4,stroll,Lance Stroll,aston_martin,Aston Martin,9.0,9,4.0,12.328,14.344,9.6,9.8,20.0,0,0,77.0,0,3,125,7
2023,4,tsunoda,Yuki Tsunoda,alphatauri,AlphaTauri,8.0,8,10.0,13.680851063829786,13.319148936170214,12.0,14.6,1.0,0,0,1.0,0,0,47,10
2023,4,zhou,Guanyu Zhou,alfa,Alfa Romeo,16.0,15,9.0,14.12,14.36,12.4,14.8,2.0,0,0,6.0,0,0,25,19
2023,5,albon,Alexander Albon,williams,Williams,11.0,11,12.0,10.936507936507937,11.5,14.6,14.4,1.0,0,0,1.0,0,0,63,14
2023,5,alonso,Fernando Alonso,aston_martin,Aston Martin,2.0,2,4.0,9.094594594594595,9.16289592760181,6.6,5.8,57.0,0,3,83.0,0,3,222,3
2023,5,bottas,Valtteri Bottas,alfa,Alfa Romeo,10.0,10,18.0,7.721951219512195,6.4731707317073175,14.0,15.4,4.0,0,0,6.0,0,0,205,13
2023,5,de_vries,Nyck de Vries,alphatauri,AlphaTauri,15.0,15,20.0,14.4,17.0,14.4,17.0,0.0,0,0,2.0,0,0,5,18
2023,5,gasly,Pierre Gasly,alpine,Alpine F1 Team,5.0,5,14.0,11.026785714285714,10.801801801801801,11.8,15.0,4.0,0,0,8.0,0,0,112,8
2023,5,hamilton,Lewis Hamilton,mercedes,Mercedes,13.0,13,6.0,4.488549618320611,3.3435114503816794,7.2,5.6,46.0,0,1,69.0,0,1,262,6
2023,5,hulkenberg,Nico Hülkenberg,haas,Haas F1 Team,12.0,12,17.0,11.675531914893616,10.368983957219251,12.6,13.2,6.0,0,0,7.0,0,0,188,15
2023,5,kevin_magnussen,Kevin Magnussen,haas,Haas F1 Team,4.0,4,13.0,13.287671232876713,13.137931034482758,14.0,15.6,1.0,0,0,7.0,0,0,146,10
2023,5,leclerc,Charles Leclerc,ferrari,Ferrari,7.0,7,3.0,8.271028037383177,6.654205607476635,10.2,3.2,21.0,0,1,51.0,0,1,107,7
2023,5,max_verstappen,Max Verstappen,red_bull,Red Bull,9.0,9,2.0,6.413173652694611,5.2155688622754495,1.4,4.0,87.0,2,4,166.0,4,7,167,1
2023,5,norris,Lando Norris,mclaren,McLaren,16.0,16,9.0,9.011627906976743,8.255813953488373,11.0,11.4,10.0,0,0,14.0,0,0,86,17
2023,5,ocon,Esteban Ocon,alpine,Alpine F1 Team,8.0,8,15.0,10.695652173913043,11.043859649122806,12.4,9.4,4.0,0,0,12.0,0,0,115,9
2023,5,perez,Sergio Pérez,red_bull,Red Bull,1.0,1,1.0,9.50207468879668,9.975,2.4,5.6,79.0,2,3,192.0,5,8,241,2
2023,5,piastri,Oscar Piastri,mclaren,McLaren,19.0,19,11.0,13.5,13.25,13.5,13.25,4.0,0,0,14.0,0,0,4,19
2023,5,russell,George Russell,mercedes,Mercedes,6.0,6,8.0,12.151162790697674,12.534883720930232,8.4,5.8,23.0,0,0,77.0,0,1,86,4
2023,5,sainz,Carlos Sainz,ferrari,Ferrari,3.0,3,5.0,9.940119760479043,9.24698795180723,6.2,4.4,30.0,0,0,57.0,0,1,167,5
2023,5,sargeant,Logan Sargeant,williams,Williams,20.0,20,16.0,15.0,17.25,15.0,17.25,0.0,0,0,1.0,0,0,4,20
2023,5,stroll,Lance Stroll,aston_martin,Aston Martin,18.0,18,7.0,12.285714285714286,14.301587301587302,9.0,8.6,26.0,0,0,98.0,0,4,126,12
2023,5,tsunoda,Yuki Tsunoda,alphatauri,AlphaTauri,17.0,17,10.0,13.604166666666666,13.208333333333334,10.6,12.4,2.0,0,0,2.0,0,0,48,11
2023,5,zhou,Guanyu Zhou,alfa,Alfa Romeo,14.0,14,19.0,14.307692307692308,14.423076923076923,13.8,14.6,2.0,0,0,6.0,0,0,26,16
2023,6,albon,Alexander Albon,williams,Williams,13.0,13,14.0,10.984375,11.492063492063492,14.8,12.8,1.0,0,0,1.0,0,0,64,14
2023,6,alonso,Fernando Alonso,aston_martin,Aston Martin,2.0,2,3.0,9.067264573991032,9.13063063063063,3.2,4.0,72.0,0,4,98.0,0,4,223,2
2023,6,bottas,Valtteri Bottas,alfa,Alfa Romeo,15.0,15,13.0,7.747572815533981,6.490291262135922,13.6,13.8,4.0,0,0,6.0,0,0,206,11
2023,6,de_vries,Nyck de Vries,alphatauri,AlphaTauri,12.0,12,18.0,15.0,16.666666666666668,16.2,17.4,0.0,0,0,2.0,0,0,6,12
2023,6,gasly,Pierre Gasly,alpine,Alpine F1 Team,7.0,7,8.0,11.0,10.75,10.6,12.6,8.0,0,0,14.0,0,0,113,7
2023,6,hamilton,Lewis Hamilton,mercedes,Mercedes,6.0,5,6.0,4.494296577946768,3.3802281368821294,4.8,7.2,54.0,0,1,89.0,0,1,263,4
2023,6,hulkenberg,Nico Hülkenberg,haas,Haas F1 Team,18.0,18,15.0,11.693121693121693,10.377659574468085,13.2,12.0,6.0,0,0,8.0,0,0,189,17
2023,6,kevin_magnussen,Kevin Magnussen,haas,Haas F1 Team,17.0,17,10.0,13.26530612244898,13.075342465753424,12.6,13.2,2.0,0,0,8.0,0,0,147,19
2023,6,leclerc,Charles Leclerc,ferrari,Ferrari,3.0,6,7.0,8.25925925925926,6.657407407407407,11.2,4.0,27.0,0,1,67.0,0,1,108,6
2023,6,max_verstappen,Max Verstappen,red_bull,Red Bull,1.0,1,1.0,6.380952380952381,5.238095238095238,1.4,5.6,113.0,3,5,210.0,5,9,168,1
2023,6,norris,Lando Norris,mclaren,McLaren,10.0,10,17.0,9.10344827586207,8.344827586206897,13.2,13.2,10.0,0,0,14.0,0,0,87,9
2023,6,ocon,Esteban Ocon,alpine,Alpine F1 Team,4.0,3,9.0,10.681034482758621,11.017391304347827,12.8,9.4,6.0,0,0,20.0,0,0,116,3
2023,6,perez,Sergio Pérez,red_bull,Red Bull,20.0,20,2.0,9.47107438016529,9.937759336099585,2.2,5.4,97.0,2,4,235.0,6,10,242,16
2023,6,piastri,Oscar Piastri,mclaren,McLaren,11.0,11,19.0,14.6,14.4,14.6,14.4,4.0,0,0,16.0,0,0,5,10
2023,6,russell,George Russell,mercedes,Mercedes,8.0,8,4.0,12.057471264367816,12.459770114942529,8.2,5.8,35.0,0,0,102.0,0,1,87,5
2023,6,sainz,Carlos Sainz,ferrari,Ferrari,5.0,4,5.0,9.910714285714286,9.209580838323353,6.4,4.2,40.0,0,0,75.0,0,1,168,8
2023,6,sargeant,Logan Sargeant,williams,Williams,16.0,16,20.0,16.0,17.8,16.0,17.8,0.0,0,0,1.0,0,0,5,18
2023,6,stroll,Lance Stroll,aston_martin,Aston Martin,14.0,14,12.0,12.283464566929133,14.330708661417322,9.8,9.4,26.0,0,0,116.0,0,5,127,20
2023,6,tsunoda,Yuki Tsunoda,alphatauri,AlphaTauri,9.0,9,11.0,13.551020408163266,13.285714285714286,10.6,13.4,2.0,0,0,2.0,0,0,49,15
2023,6,zhou,Guanyu Zhou,alfa,Alfa Romeo,19.0,19,16.0,14.37037037037037,14.407407407407407,14.6,14.4,2.0,0,0,6.0,0,0,27,13
2023,7,albon,Alexander Albon,williams,Williams,18.0,18,14.0,11.03076923076923,11.515625,15.6,12.4,1.0,0,0,1.0,0,0,65,16
2023,7,alonso,Fernando Alonso,aston_martin,Aston Martin,9.0,8,2.0,9.035714285714286,9.09865470852018,3.0,3.4,90.0,0,5,116.0,0,5,224,7
2023,7,bottas,Valtteri Bottas,alfa,Alfa Romeo,16.0,16,11.0,7.763285024154589,6.531400966183575,14.2,14.4,4.0,0,0,6.0,0,0,207,19
2023,7,de_vries,Nyck de Vries,alphatauri,AlphaTauri,14.0,14,12.0,14.571428571428571,16.0,15.8,16.0,0.0,0,0,2.0,0,0,7,14
2023,7,gasly,Pierre Gasly,alpine,Alpine F1 Team,4.0,10,7.0,10.964912280701755,10.716814159292035,10.2,10.0,14.0,0,0,35.0,0,1,114,10
2023,7,hamilton,Lewis Hamilton,mercedes,Mercedes,5.0,4,4.0,4.492424242424242,3.390151515151515,4.6,7.0,67.0,0,1,112.0,0,1,264,2
2023,7,hulkenberg,Nico Hülkenberg,haas,Haas F1 Team,8.0,7,17.0,11.721052631578948,10.417989417989418,13.6,13.6,6.0,0,0,8.0,0,0,190,15
2023,7,kevin_magnussen,Kevin Magnussen,haas,Haas F1 Team,17.0,17,19.0,13.304054054054054,13.10204081632653,13.8,13.2,2.0,0,0,8.0,0,0,148,18
2023,7,leclerc,Charles Leclerc,ferrari,Ferrari,19.0,19,6.0,8.238532110091743,6.623853211009174,8.6,4.0,35.0,0,1,79.0,0,1,109,11
2023,7,max_verstappen,Max Verstappen,red_bull,Red Bull,1.0,1,1.0,6.349112426035503,5.21301775147929,1.4,5.6,138.0,4,6,235.0,6,10,169,1
2023,7,norris,Lando Norris,mclaren,McLaren,3.0,3,9.0,9.102272727272727,8.363636363636363,11.6,13.0,12.0,0,0,17.0,0,0,88,17
2023,7,ocon,Esteban Ocon,alpine,Alpine F1 Team,7.0,6,3.0,10.615384615384615,10.956896551724139,9.8,8.4,21.0,0,1,36.0,0,1,117,8
2023,7,perez,Sergio Pérez,red_bull,Red Bull,11.0,11,16.0,9.497942386831276,9.979338842975206,5.0,9.0,97.0,2,4,261.0,7,11,243,4
2023,7,piastri,Oscar Piastri,mclaren,McLaren,10.0,9,10.0,13.833333333333334,13.833333333333334,12.6,13.0,5.0,0,0,17.0,0,0,6,13
2023,7,russell,George Russell,mercedes,Mercedes,12.0,12,5.0,11.977272727272727,12.409090909090908,7.8,6.2,45.0,0,0,130.0,0,2,88,3
2023,7,sainz,Carlos Sainz,ferrari,Ferrari,2.0,2,8.0,9.899408284023668,9.18452380952381,7.2,4.4,44.0,0,0,79.0,0,1,169,5
2023,7,sargeant,Logan Sargeant,williams,Williams,20.0,20,18.0,16.333333333333332,17.5,17.2,17.8,0.0,0,0,1.0,0,0,6,20
2023,7,stroll,Lance Stroll,aston_martin,Aston Martin,6.0,5,20.0,12.34375,14.328125,12.6,10.6,26.0,0,0,122.0,0,5,128,6
2023,7,tsunoda,Yuki Tsunoda,alphatauri,AlphaTauri,15.0,15,15.0,13.58,13.2,11.4,12.4,2.0,0,0,2.0,0,0,50,12
2023,7,zhou,Guanyu Zhou,alfa,Alfa Romeo,13.0,13,13.0,14.321428571428571,14.571428571428571,14.0,15.6,2.0,0,0,6.0,0,0,28,9
2023,8,albon,Alexander Albon,williams,Williams,10.0,9,16.0,11.106060606060606,11.615384615384615,15.0,12.6,1.0,0,0,1.0,0,0,66,7
2023,8,alonso,Fernando Alonso,aston_martin,Aston Martin,3.0,2,7.0,9.026666666666667,9.098214285714286,3.8,4.6,96.0,0,5,130.0,0,5,225,2
2023,8,bottas,Valtteri Bottas,alfa,Alfa Romeo,15.0,14,19.0,7.8173076923076925,6.576923076923077,14.4,14.8,4.0,0,0,8.0,0,0,208,10
2023,8,de_vries,Nyck de Vries,alphatauri,AlphaTauri,18.0,17,14.0,14.5,15.75,15.8,15.2,0.0,0,0,2.0,0,0,8,18
2023,8,gasly,Pierre Gasly,alpine,Alpine F1 Team,17.0,15,10.0,10.956521739130435,10.657894736842104,10.4,8.8,15.0,0,0,40.0,0,1,115,12
2023,8,hamilton,Lewis Hamilton,mercedes,Mercedes,4.0,3,2.0,4.483018867924528,3.3962264150943398,4.0,6.4,85.0,0,2,145.0,0,3,265,3
2023,8,hulkenberg,Nico Hülkenberg,haas,Haas F1 Team,2.0,5,15.0,11.738219895287958,10.405263157894737,14.2,13.0,6.0,0,0,8.0,0,0,191,15
2023,8,kevin_magnussen,Kevin Magnussen,haas,Haas F1 Team,14.0,13,18.0,13.335570469798657,13.128378378378379,15.4,14.0,2.0,0,0,8.0,0,0,149,17
2023,8,leclerc,Charles Leclerc,ferrari,Ferrari,11.0,10,11.0,8.263636363636364,6.736363636363636,9.4,7.4,35.0,0,1,89.0,0,1,110,4
2023,8,max_verstappen,Max Verstappen,red_bull,Red Bull,1.0,1,1.0,6.317647058823529,5.188235294117647,1.2,2.8,164.0,5,7,273.0,7,11,170,1
2023,8,norris,Lando Norris,mclaren,McLaren,7.0,7,17.0,9.191011235955056,8.303370786516854,11.6,9.8,12.0,0,0,17.0,0,0,89,13
2023,8,ocon,Esteban Ocon,alpine,Alpine F1 Team,6.0,6,8.0,10.59322033898305,10.923076923076923,9.8,8.4,25.0,0,1,40.0,0,1,118,8
2023,8,perez,Sergio Pérez,red_bull,Red Bull,12.0,12,4.0,9.475409836065573,9.983539094650206,5.6,11.0,109.0,2,4,298.0,8,12,244,6
2023,8,piastri,Oscar Piastri,mclaren,McLaren,9.0,8,13.0,13.714285714285714,13.285714285714286,12.2,13.2,5.0,0,0,17.0,0,0,7,11
2023,8,russell,George Russell,mercedes,Mercedes,5.0,4,3.0,11.876404494382022,12.404494382022472,7.6,7.8,60.0,0,1,160.0,0,4,89,19
2023,8,sainz,Carlos Sainz,ferrari,Ferrari,8.0,11,5.0,9.870588235294118,9.142011834319527,7.0,3.8,54.0,0,0,101.0,0,1,170,5
2023,8,sargeant,Logan Sargeant,williams,Williams,19.0,18,20.0,16.857142857142858,17.857142857142858,18.0,17.8,0.0,0,0,7.0,0,0,7,20
2023,8,stroll,Lance Stroll,aston_martin,Aston Martin,13.0,16,6.0,12.294573643410853,14.263565891472869,9.8,10.6,34.0,0,0,148.0,0,6,129,9
2023,8,tsunoda,Yuki Tsunoda,alphatauri,AlphaTauri,16.0,19,12.0,13.549019607843137,13.235294117647058,11.6,12.2,2.0,0,0,2.0,0,0,51,14
2023,8,zhou,Guanyu Zhou,alfa,Alfa Romeo,20.0,20,9.0,14.137931034482758,14.517241379310345,13.2,15.8,4.0,0,0,9.0,0,0,29,16
2023,9,albon,Alexander Albon,williams,Williams,10.0,10,7.0,11.044776119402986,11.590909090909092,12.6,13.0,7.0,0,0,7.0,0,0,67,11
2023,9,alonso,Fernando Alonso,aston_martin,Aston Martin,7.0,7,2.0,8.995575221238939,9.071111111111112,3.6,4.4,114.0,0,6,150.0,0,6,226,5
2023,9,bottas,Valtteri Bottas,alfa,Alfa Romeo,14.0,14,10.0,7.827751196172249,6.617224880382775,14.2,14.0,5.0,0,0,9.0,0,0,209,15
2023,9,de_vries,Nyck de Vries,alphatauri,AlphaTauri,20.0,20,18.0,14.88888888888889,16.0,16.4,15.8,0.0,0,0,2.0,0,0,9,17
2023,9,gasly,Pierre Gasly,alpine,Alpine F1 Team,9.0,9,12.0,10.96551724137931,10.71304347826087,10.2,10.4,15.0,0,0,44.0,0,1,116,10
2023,9,hamilton,Lewis Hamilton,mercedes,Mercedes,5.0,5,3.0,4.477443609022556,3.398496240601504,4.2,6.6,100.0,0,3,160.0,0,4,266,8
2023,9,hulkenberg,Nico Hülkenberg,haas,Haas F1 Team,8.0,8,15.0,11.755208333333334,10.361256544502618,15.8,11.4,6.0,0,0,8.0,0,0,192,20
2023,9,kevin_magnussen,Kevin Magnussen,haas,Haas F1 Team,19.0,19,17.0,13.36,13.134228187919463,15.4,14.0,2.0,0,0,8.0,0,0,150,18
2023,9,leclerc,Charles Leclerc,ferrari,Ferrari,2.0,2,4.0,8.225225225225225,6.774774774774775,6.2,8.2,47.0,0,1,111.0,0,1,111,2
2023,9,max_verstappen,Max Verstappen,red_bull,Red Bull,1.0,1,1.0,6.286549707602339,5.16374269005848,1.2,2.8,189.0,6,8,307.0,8,12,171,1
2023,9,norris,Lando Norris,mclaren,McLaren,4.0,4,13.0,9.233333333333333,8.28888888888889,13.0,8.6,12.0,0,0,17.0,0,0,90,4
2023,9,ocon,Esteban Ocon,alpine,Alpine F1 Team,12.0,12,8.0,10.571428571428571,10.88135593220339,8.6,7.4,29.0,0,1,45.0,0,1,119,14
2023,9,perez,Sergio Pérez,red_bull,Red Bull,15.0,15,6.0,9.461224489795919,9.991803278688524,5.8,9.4,118.0,2,4,333.0,9,13,245,3
2023,9,piastri,Oscar Piastri,mclaren,McLaren,13.0,13,11.0,13.375,12.75,12.8,11.8,5.0,0,0,29.0,0,0,8,16
2023,9,russell,George Russell,mercedes,Mercedes,11.0,11,19.0,11.955555555555556,12.322222222222223,7.8,8.4,60.0,0,1,164.0,0,4,90,7
2023,9,sainz,Carlos Sainz,ferrari,Ferrari,3.0,3,5.0,9.842105263157896,9.135294117647058,5.6,4.4,64.0,0,0,129.0,0,2,171,6
2023,9,sargeant,Logan Sargeant,williams,Williams,18.0,18,20.0,17.25,18.0,18.8,18.0,0.0,0,0,7.0,0,0,8,13
2023,9,stroll,Lance Stroll,aston_martin,Aston Martin,6.0,6,9.0,12.26923076923077,14.253846153846155,10.8,12.0,36.0,0,0,160.0,0,6,130,9
2023,9,tsunoda,Yuki Tsunoda,alphatauri,AlphaTauri,16.0,16,14.0,13.557692307692308,13.288461538461538,12.4,13.0,2.0,0,0,2.0,0,0,52,19
2023,9,zhou,Guanyu Zhou,alfa,Alfa Romeo,17.0,17,16.0,14.2,14.7,14.6,16.4,4.0,0,0,9.0,0,0,30,12
2023,10,albon,Alexander Albon,williams,Williams,8.0,8,11.0,11.044117647058824,11.567164179104477,12.4,12.4,7.0,0,0,7.0,0,0,68,8
2023,10,alonso,Fernando Alonso,aston_martin,Aston Martin,9.0,9,5.0,8.977973568281937,9.061946902654867,3.8,4.6,124.0,0,6,162.0,0,6,227,7
2023,10,bottas,Valtteri Bottas,alfa,Alfa Romeo,15.0,20,15.0,7.8619047619047615,6.652380952380953,13.6,14.0,5.0,0,0,9.0,0,0,210,12
2023,10,de_vries,Nyck de Vries,alphatauri,AlphaTauri,18.0,18,17.0,15.1,16.4,15.8,15.8,0.0,0,0,2.0,0,0,10,17
2023,10,gasly,Pierre Gasly,alpine,Alpine F1 Team,10.0,10,10.0,10.957264957264957,10.698275862068966,9.4,8.4,16.0,0,0,45.0,0,1,117,18
2023,10,hamilton,Lewis Hamilton,mercedes,Mercedes,7.0,7,8.0,4.49063670411985,3.404494382022472,4.6,6.6,104.0,0,3,170.0,0,4,267,3
2023,10,hulkenberg,Nico Hülkenberg,haas,Haas F1 Team,11.0,11,20.0,11.797927461139896,10.348958333333334,16.4,9.6,6.0,0,0,8.0,0,0,193,13
2023,10,kevin_magnussen,Kevin Magnussen,haas,Haas F1 Team,19.0,19,18.0,13.390728476821192,13.173333333333334,16.4,14.2,2.0,0,0,8.0,0,0,151,19
2023,10,leclerc,Charles Leclerc,ferrari,Ferrari,4.0,4,2.0,8.169642857142858,6.732142857142857,6.0,8.4,65.0,0,2,137.0,0,2,112,9
2023,10,max_verstappen,Max Verstappen,red_bull,Red Bull,1.0,1,1.0,6.255813953488372,5.1395348837209305,1.0,2.6,215.0,7,9,348.0,9,14,172,1
2023,10,norris,Lando Norris,mclaren,McLaren,2.0,2,4.0,9.175824175824175,8.241758241758241,12.0,8.0,24.0,0,0,29.0,0,0,91,2
2023,10,ocon,Esteban Ocon,alpine,Alpine F1 Team,13.0,13,14.0,10.6,10.890756302521009,8.4,7.4,29.0,0,1,45.0,0,1,120,20
2023,10,perez,Sergio Pérez,red_bull,Red Bull,15.0,15,3.0,9.434959349593496,10.012244897959183,6.2,11.8,133.0,2,5,374.0,10,15,246,6
2023,10,piastri,Oscar Piastri,mclaren,McLaren,3.0,3,16.0,13.666666666666666,12.777777777777779,13.8,12.4,5.0,0,0,47.0,0,1,9,4
2023,10,russell,George Russell,mercedes,Mercedes,6.0,6,7.0,11.901098901098901,12.307692307692308,7.6,8.4,66.0,0,1,185.0,0,5,91,5
2023,10,sainz,Carlos Sainz,ferrari,Ferrari,5.0,5,6.0,9.819767441860465,9.099415204678362,5.8,4.2,72.0,0,0,139.0,0,2,172,10
2023,10,sargeant,Logan Sargeant,williams,Williams,14.0,14,13.0,16.77777777777778,18.0,18.2,18.6,0.0,0,0,11.0,0,0,9,11
2023,10,stroll,Lance Stroll,aston_martin,Aston Martin,12.0,12,9.0,12.244274809160306,14.19083969465649,11.2,11.4,38.0,0,0,168.0,0,6,131,14
2023,10,tsunoda,Yuki Tsunoda,alphatauri,AlphaTauri,16.0,16,19.0,13.660377358490566,13.339622641509434,14.2,14.6,2.0,0,0,2.0,0,0,53,16
2023,10,zhou,Guanyu Zhou,alfa,Alfa Romeo,17.0,17,12.0,14.129032258064516,14.774193548387096,13.2,16.6,4.0,0,0,9.0,0,0,31,15
2023,11,albon,Alexander Albon,williams,Williams,16.0,16,8.0,11.0,11.514705882352942,11.2,11.8,11.0,0,0,11.0,0,0,69,11
2023,11,alonso,Fernando Alonso,aston_martin,Aston Martin,8.0,8,7.0,8.969298245614034,9.061674008810572,4.6,6.0,130.0,0,6,168.0,0,6,228,9
2023,11,bottas,Valtteri Bottas,alfa,Alfa Romeo,7.0,7,12.0,7.881516587677726,6.691943127962086,13.4,15.0,5.0,0,0,9.0,0,0,211,12
2023,11,gasly,Pierre Gasly,alpine,Alpine F1 Team,15.0,15,18.0,11.016949152542374,10.692307692307692,11.4,9.4,16.0,0,0,45.0,0,1,118,20
2023,11,hamilton,Lewis Hamilton,mercedes,Mercedes,1.0,1,3.0,4.485074626865671,3.417910447761194,4.0,5.4,119.0,0,4,195.0,0,5,268,4
2023,11,hulkenberg,Nico Hülkenberg,haas,Haas F1 Team,10.0,10,13.0,11.804123711340207,10.352331606217616,16.0,9.4,6.0,0,0,8.0,0,0,194,14
2023,11,kevin_magnussen,Kevin Magnussen,haas,Haas F1 Team,19.0,19,19.0,13.427631578947368,13.211920529801324,18.2,17.2,2.0,0,0,8.0,0,0,152,17
2023,11,leclerc,Charles Leclerc,ferrari,Ferrari,6.0,6,9.0,8.176991150442477,6.707964601769912,6.4,7.8,67.0,0,2,140.0,0,2,113,7
2023,11,max_verstappen,Max Verstappen,red_bull,Red Bull,2.0,2,1.0,6.22543352601156,5.115606936416185,1.0,1.0,241.0,8,10,382.0,10,15,173,1
2023,11,norris,Lando Norris,mclaren,McLaren,3.0,3,2.0,9.097826086956522,8.173913043478262,9.0,5.2,42.0,0,1,59.0,0,1,92,2
2023,11,ocon,Esteban Ocon,alpine,Alpine F1 Team,12.0,12,20.0,10.677685950413224,10.908333333333333,10.6,8.4,29.0,0,1,45.0,0,1,121,19
2023,11,perez,Sergio Pérez,red_bull,Red Bull,9.0,9,6.0,9.421052631578947,10.032520325203253,7.0,14.6,141.0,2,5,408.0,11,16,247,3
2023,11,piastri,Oscar Piastri,mclaren,McLaren,4.0,4,4.0,12.7,11.8,10.8,9.2,17.0,0,0,77.0,0,2,10,5
2023,11,ricciardo,Daniel Ricciardo,alphatauri,AlphaTauri,13.0,13,9.0,9.883620689655173,9.398268398268398,12.6,12.6,0.0,0,0,2.0,0,0,232,13
2023,11,russell,George Russell,mercedes,Mercedes,18.0,18,5.0,11.826086956521738,12.23913043478261,7.8,8.4,76.0,0,1,207.0,0,5,92,6
2023,11,sainz,Carlos Sainz,ferrari,Ferrari,11.0,11,10.0,9.820809248554914,9.075581395348838,6.8,4.6,73.0,0,0,146.0,0,2,173,8
2023,11,sargeant,Logan Sargeant,williams,Williams,20.0,20,11.0,16.2,17.6,16.4,17.4,0.0,0,0,11.0,0,0,10,18
2023,11,stroll,Lance Stroll,aston_martin,Aston Martin,14.0,14,14.0,12.257575757575758,14.174242424242424,11.6,10.2,38.0,0,0,170.0,0,6,132,10
2023,11,tsunoda,Yuki Tsunoda,alphatauri,AlphaTauri,17.0,17,16.0,13.703703703703704,13.38888888888889,15.2,14.4,2.0,0,0,2.0,0,0,54,15
2023,11,zhou,Guanyu Zhou,alfa,Alfa Romeo,5.0,5,15.0,14.15625,14.84375,13.0,17.2,4.0,0,0,9.0,0,0,32,16
2023,12,albon,Alexander Albon,williams,Williams,16.0,15,11.0,11.0,11.579710144927537,10.6,12.4,11.0,0,0,11.0,0,0,70,14
2023,12,alonso,Fernando Alonso,aston_martin,Aston Martin,9.0,9,9.0,8.969432314410481,9.057017543859649,6.0,7.2,132.0,0,6,171.0,0,6,229,5
2023,12,bottas,Valtteri Bottas,alfa,Alfa Romeo,14.0,13,12.0,7.900943396226415,6.693396226415095,13.6,13.4,5.0,0,0,9.0,0,0,212,12
2023,12,gasly,Pierre Gasly,alpine,Alpine F1 Team,12.0,12,20.0,11.092436974789916,10.728813559322035,14.0,11.0,16.0,0,0,45.0,0,1,119,11
2023,12,hamilton,Lewis Hamilton,mercedes,Mercedes,4.0,3,4.0,4.483271375464684,3.408921933085502,4.0,4.4,131.0,0,4,215.0,0,5,269,4
2023,12,hulkenberg,Nico Hülkenberg,haas,Haas F1 Team,20.0,20,14.0,11.815384615384616,10.350515463917526,15.4,7.8,6.0,0,0,8.0,0,0,195,18
2023,12,kevin_magnussen,Kevin Magnussen,haas,Haas F1 Team,13.0,16,17.0,13.450980392156863,13.25,17.8,17.6,2.0,0,0,8.0,0,0,153,15
2023,12,leclerc,Charles Leclerc,ferrari,Ferrari,2.0,1,7.0,8.166666666666666,6.701754385964913,6.6,8.4,73.0,0,2,150.0,0,2,114,3
2023,12,max_verstappen,Max Verstappen,red_bull,Red Bull,1.0,6,1.0,6.195402298850575,5.097701149425287,1.0,1.2,267.0,9,11,423.0,11,17,174,1
2023,12,norris,Lando Norris,mclaren,McLaren,7.0,7,2.0,9.021505376344086,8.118279569892474,7.6,3.8,60.0,0,2,87.0,0,2,93,7
2023,12,ocon,Esteban Ocon,alpine,Alpine F1 Team,15.0,14,19.0,10.745901639344263,10.917355371900827,13.8,10.0,29.0,0,1,45.0,0,1,122,8
2023,12,perez,Sergio Pérez,red_bull,Red Bull,3.0,2,3.0,9.39516129032258,10.02834008097166,4.4,12.4,156.0,2,6,448.0,12,18,248,2
2023,12,piastri,Oscar Piastri,mclaren,McLaren,6.0,5,5.0,12.0,11.090909090909092,9.8,7.8,27.0,0,0,93.0,0,2,11,20
2023,12,ricciardo,Daniel Ricciardo,alphatauri,AlphaTauri,19.0,19,13.0,9.896995708154506,9.413793103448276,13.0,13.0,0.0,0,0,2.0,0,0,233,16
2023,12,russell,George Russell,mercedes,Mercedes,8.0,8,6.0,11.763440860215054,12.301075268817204,8.0,10.4,84.0,0,1,228.0,0,5,93,6
2023,12,sainz,Carlos Sainz,ferrari,Ferrari,5.0,4,8.0,9.810344827586206,9.086705202312139,6.8,5.8,77.0,0,0,165.0,0,3,174,19
2023,12,sargeant,Logan Sargeant,williams,Williams,18.0,18,18.0,16.363636363636363,17.818181818181817,16.4,18.2,0.0,0,0,11.0,0,0,11,17
2023,12,stroll,Lance Stroll,aston_martin,Aston Martin,10.0,10,10.0,12.240601503759398,14.172932330827068,9.6,10.2,39.0,0,0,181.0,0,6,133,9
2023,12,tsunoda,Yuki Tsunoda,alphatauri,AlphaTauri,11.0,11,15.0,13.727272727272727,13.454545454545455,15.2,16.0,2.0,0,0,2.0,0,0,55,10
2023,12,zhou,Guanyu Zhou,alfa,Alfa Romeo,17.0,17,16.0,14.212121212121213,14.545454545454545,13.6,14.4,4.0,0,0,9.0,0,0,33,13
2023,13,albon,Alexander Albon,williams,Williams,4.0,4,14.0,11.04225352112676,11.642857142857142,10.2,12.0,11.0,0,0,11.0,0,0,71,8
2023,13,alonso,Fernando Alonso,aston_martin,Aston Martin,5.0,5,5.0,8.952173913043477,9.056768558951966,5.6,7.2,142.0,0,6,183.0,0,6,230,2
2023,13,bottas,Valtteri Bottas,alfa,Alfa Romeo,19.0,18,12.0,7.92018779342723,6.727699530516432,12.2,13.0,5.0,0,0,9.0,0,0,213,14
2023,13,gasly,Pierre Gasly,alpine,Alpine F1 Team,12.0,12,11.0,11.091666666666667,10.739495798319327,14.2,12.6,16.0,0,0,49.0,0,1,120,3
2023,13,hamilton,Lewis Hamilton,mercedes,Mercedes,13.0,13,4.0,4.481481481481482,3.411111111111111,4.4,4.2,144.0,0,4,236.0,0,5,270,6
2023,13,hulkenberg,Nico Hülkenberg,haas,Haas F1 Team,15.0,14,18.0,11.846938775510203,10.4,16.0,10.2,6.0,0,0,8.0,0,0,196,12
2023,13,kevin_magnussen,Kevin Magnussen,haas,Haas F1 Team,18.0,0,15.0,13.46103896103896,13.248366013071895,17.2,16.8,2.0,0,0,8.0,0,0,154,16
2023,13,lawson,Liam Lawson,alphatauri,AlphaTauri,20.0,19,20.0,20.0,20.0,20.0,20.0,0.0,0,0,3.0,0,0,0,13
2023,13,leclerc,Charles Leclerc,ferrari,Ferrari,9.0,9,3.0,8.121739130434783,6.660869565217391,5.0,5.0,88.0,0,3,165.0,0,3,115,19
2023,13,max_verstappen,Max Verstappen,red_bull,Red Bull,1.0,1,1.0,6.1657142857142855,5.074285714285714,1.0,1.2,292.0,10,12,466.0,12,19,175,1
2023,13,norris,Lando Norris,mclaren,McLaren,2.0,2,7.0,9.0,8.106382978723405,5.6,4.6,66.0,0,2,93.0,0,2,94,7
2023,13,ocon,Esteban Ocon,alpine,Alpine F1 Team,17.0,16,8.0,10.723577235772357,10.950819672131148,13.8,11.6,33.0,0,1,64.0,0,2,123,10
2023,13,perez,Sergio Pérez,red_bull,Red Bull,7.0,7,2.0,9.365461847389557,10.0,4.0,10.8,174.0,2,7,491.0,13,20,249,4
2023,13,piastri,Oscar Piastri,mclaren,McLaren,8.0,8,20.0,12.666666666666666,10.666666666666666,11.2,7.0,27.0,0,0,99.0,0,2,12,9
2023,13,russell,George Russell,mercedes,Mercedes,3.0,3,6.0,11.702127659574469,12.25531914893617,8.6,9.6,92.0,0,1,244.0,0,5,94,17
2023,13,sainz,Carlos Sainz,ferrari,Ferrari,6.0,6,19.0,9.862857142857143,9.063218390804598,9.6,6.4,77.0,0,0,165.0,0,3,175,5
2023,13,sargeant,Logan Sargeant,williams,Williams,10.0,10,17.0,16.416666666666668,17.833333333333332,15.8,17.8,0.0,0,0,15.0,0,0,12,20
2023,13,stroll,Lance Stroll,aston_martin,Aston Martin,11.0,11,9.0,12.216417910447761,14.14179104477612,10.2,11.0,41.0,0,0,202.0,0,7,134,11
2023,13,tsunoda,Yuki Tsunoda,alphatauri,AlphaTauri,14.0,17,10.0,13.660714285714286,13.410714285714286,14.8,15.2,3.0,0,0,3.0,0,0,56,15
2023,13,zhou,Guanyu Zhou,alfa,Alfa Romeo,16.0,15,13.0,14.176470588235293,14.617647058823529,14.4,15.2,4.0,0,0,9.0,0,0,34,18
2023,14,albon,Alexander Albon,williams,Williams,6.0,6,8.0,11.0,11.535211267605634,10.4,10.8,15.0,0,0,15.0,0,0,72,7
2023,14,alonso,Fernando Alonso,aston_martin,Aston Martin,10.0,10,2.0,8.922077922077921,9.039130434782608,5.6,7.6,161.0,0,7,202.0,0,7,231,9
2023,14,bottas,Valtteri Bottas,alfa,Alfa Romeo,14.0,14,14.0,7.9485981308411215,6.785046728971962,13.0,13.8,5.0,0,0,9.0,0,0,214,10
2023,14,gasly,Pierre Gasly,alpine,Alpine F1 Team,17.0,17,3.0,11.024793388429751,10.75,12.4,11.6,31.0,0,1,65.0,0,2,121,15
2023,14,hamilton,Lewis Hamilton,mercedes,Mercedes,8.0,8,6.0,4.487084870848708,3.4464944649446494,5.0,6.0,152.0,0,4,244.0,0,5,271,6
2023,14,hulkenberg,Nico Hülkenberg,haas,Haas F1 Team,13.0,13,12.0,11.847715736040609,10.423469387755102,15.4,12.8,6.0,0,0,8.0,0,0,197,17
2023,14,kevin_magnussen,Kevin Magnussen,haas,Haas F1 Team,19.0,19,16.0,13.477419354838709,13.279220779220779,17.0,17.6,2.0,0,0,8.0,0,0,155,18
2023,14,lawson,Liam Lawson,alphatauri,AlphaTauri,12.0,12,13.0,13.0,20.0,13.0,20.0,0.0,0,0,3.0,0,0,1,11
2023,14,leclerc,Charles Leclerc,ferrari,Ferrari,3.0,3,19.0,8.21551724137931,6.681034482758621,8.0,4.6,88.0,0,3,175.0,0,3,116,4
2023,14,max_verstappen,Max Verstappen,red_bull,Red Bull,2.0,2,1.0,6.136363636363637,5.051136363636363,1.0,1.2,317.0,11,13,503.0,13,20,176,1
2023,14,norris,Lando Norris,mclaren,McLaren,9.0,9,7.0,8.978947368421053,8.042105263157895,4.4,3.6,72.0,0,2,101.0,0,2,95,8
2023,14,ocon,Esteban Ocon,alpine,Alpine F1 Team,18.0,18,10.0,10.71774193548387,11.0,14.2,13.8,34.0,0,1,65.0,0,2,124,19
2023,14,perez,Sergio Pérez,red_bull,Red Bull,5.0,5,4.0,9.344,9.987951807228916,3.6,9.8,186.0,2,7,528.0,14,21,250,2
2023,14,piastri,Oscar Piastri,mclaren,McLaren,7.0,7,9.0,12.384615384615385,10.461538461538462,10.8,6.8,29.0,0,0,105.0,0,2,13,12
2023,14,russell,George Russell,mercedes,Mercedes,4.0,4,17.0,11.757894736842106,12.157894736842104,8.2,9.2,92.0,0,1,252.0,0,5,95,5
2023,14,sainz,Carlos Sainz,ferrari,Ferrari,1.0,1,5.0,9.835227272727273,9.045714285714286,9.6,6.0,87.0,0,0,187.0,0,3,176,3
2023,14,sargeant,Logan Sargeant,williams,Williams,15.0,15,20.0,16.692307692307693,17.23076923076923,15.8,16.0,0.0,0,0,21.0,0,0,13,13
2023,14,stroll,Lance Stroll,aston_martin,Aston Martin,20.0,20,11.0,12.207407407407407,14.118518518518519,10.6,10.6,41.0,0,0,204.0,0,7,135,16
2023,14,tsunoda,Yuki Tsunoda,alphatauri,AlphaTauri,11.0,11,15.0,13.68421052631579,13.421052631578947,15.0,14.8,3.0,0,0,3.0,0,0,57,20
2023,14,zhou,Guanyu Zhou,alfa,Alfa Romeo,16.0,16,18.0,14.285714285714286,14.657142857142857,14.8,14.4,4.0,0,0,10.0,0,0,35,14
2023,15,albon,Alexander Albon,williams,Williams,14.0,14,7.0,10.945205479452055,11.458333333333334,9.6,10.0,21.0,0,0,21.0,0,0,73,11
2023,15,alonso,Fernando Alonso,aston_martin,Aston Martin,7.0,7,9.0,8.922413793103448,9.043290043290042,6.4,8.2,163.0,0,7,204.0,0,7,232,15
2023,15,bottas,Valtteri Bottas,alfa,Alfa Romeo,16.0,16,10.0,7.9581395348837205,6.818604651162791,12.0,13.8,6.0,0,0,10.0,0,0,215,17
2023,15,gasly,Pierre Gasly,alpine,Alpine F1 Team,12.0,12,15.0,11.057377049180328,10.801652892561984,13.4,13.2,31.0,0,1,65.0,0,2,122,6
2023,15,hamilton,Lewis Hamilton,mercedes,Mercedes,5.0,5,6.0,4.492647058823529,3.463235294117647,4.6,6.6,160.0,0,4,262.0,0,5,272,3
2023,15,hulkenberg,Nico Hülkenberg,haas,Haas F1 Team,9.0,9,17.0,11.873737373737374,10.436548223350254,14.8,13.8,6.0,0,0,8.0,0,0,198,13
2023,15,kevin_magnussen,Kevin Magnussen,haas,Haas F1 Team,6.0,6,18.0,13.506410256410257,13.316129032258065,17.0,17.6,2.0,0,0,8.0,0,0,156,10
2023,15,lawson,Liam Lawson,alphatauri,AlphaTauri,10.0,10,11.0,12.0,16.0,12.0,16.0,0.0,0,0,3.0,0,0,2,9
2023,15,leclerc,Charles Leclerc,ferrari,Ferrari,3.0,3,4.0,8.179487179487179,6.64957264957265,8.4,4.8,100.0,0,3,202.0,0,4,117,4
2023,15,max_verstappen,Max Verstappen,red_bull,Red Bull,11.0,11,1.0,6.107344632768362,5.033898305084746,1.0,1.4,342.0,12,14,546.0,14,22,177,5
2023,15,norris,Lando Norris,mclaren,McLaren,4.0,4,8.0,8.96875,8.052083333333334,5.2,4.6,76.0,0,2,105.0,0,2,96,2
2023,15,ocon,Esteban Ocon,alpine,Alpine F1 Team,8.0,8,19.0,10.784,11.056451612903226,15.2,15.0,34.0,0,1,73.0,0,2,125,18
2023,15,perez,Sergio Pérez,red_bull,Red Bull,13.0,13,2.0,9.314741035856574,9.968,3.4,7.8,204.0,2,8,556.0,14,22,251,8
2023,15,piastri,Oscar Piastri,mclaren,McLaren,17.0,17,12.0,12.357142857142858,10.214285714285714,10.0,5.6,29.0,0,0,123.0,0,3,14,7
2023,15,russell,George Russell,mercedes,Mercedes,2.0,2,5.0,11.6875,12.072916666666666,7.8,7.8,102.0,0,1,278.0,0,6,96,16
2023,15,sainz,Carlos Sainz,ferrari,Ferrari,1.0,1,3.0,9.796610169491526,9.0,9.0,5.6,102.0,0,1,214.0,0,4,177,1
2023,15,sargeant,Logan Sargeant,williams,Williams,18.0,18,13.0,16.428571428571427,17.071428571428573,15.8,15.4,0.0,0,0,21.0,0,0,14,14
2023,15,stroll,Lance Stroll,aston_martin,Aston Martin,20.0,0,16.0,12.235294117647058,14.161764705882353,12.0,13.4,41.0,0,0,204.0,0,7,136,20
2023,15,tsunoda,Yuki Tsunoda,alphatauri,AlphaTauri,15.0,15,20.0,13.793103448275861,13.379310344827585,15.2,13.8,3.0,0,0,5.0,0,0,58,19
2023,15,zhou,Guanyu Zhou,alfa,Alfa Romeo,19.0,19,14.0,14.277777777777779,14.694444444444445,15.2,14.2,4.0,0,0,10.0,0,0,36,12
2023,16,albon,Alexander Albon,williams,Williams,13.0,13,11.0,10.945945945945946,11.493150684931507,10.2,11.2,21.0,0,0,21.0,0,0,74,16
2023,16,alonso,Fernando Alonso,aston_martin,Aston Martin,10.0,10,15.0,8.948497854077253,9.03448275862069,8.0,7.8,163.0,0,7,204.0,0,7,233,8
2023,16,bottas,Valtteri Bottas,alfa,Alfa Romeo,16.0,16,17.0,8.0,6.861111111111111,13.0,14.0,6.0,0,0,10.0,0,0,216,20
2023,16,gasly,Pierre Gasly,alpine,Alpine F1 Team,12.0,12,6.0,11.016260162601625,10.811475409836065,11.0,13.6,39.0,0,1,73.0,0,2,123,10
2023,16,hamilton,Lewis Hamilton,mercedes,Mercedes,7.0,7,3.0,4.487179487179487,3.468864468864469,4.6,6.2,176.0,0,5,278.0,0,6,273,5
2023,16,hulkenberg,Nico Hülkenberg,haas,Haas F1 Team,18.0,18,13.0,11.879396984924623,10.429292929292929,14.8,13.4,6.0,0,0,9.0,0,0,199,14
2023,16,kevin_magnussen,Kevin Magnussen,haas,Haas F1 Team,15.0,15,10.0,13.48407643312102,13.26923076923077,15.2,15.0,3.0,0,0,9.0,0,0,157,15
2023,16,lawson,Liam Lawson,alphatauri,AlphaTauri,11.0,11,9.0,11.0,14.0,11.0,14.0,2.0,0,0,5.0,0,0,3,11
2023,16,leclerc,Charles Leclerc,ferrari,Ferrari,4.0,4,4.0,8.14406779661017,6.61864406779661,7.4,4.6,112.0,0,3,239.0,1,5,118,4
2023,16,max_verstappen,Max Verstappen,red_bull,Red Bull,1.0,1,5.0,6.101123595505618,5.067415730337078,1.8,3.4,352.0,12,14,560.0,14,22,178,1
2023,16,norris,Lando Norris,mclaren,McLaren,3.0,3,2.0,8.896907216494846,8.010309278350515,5.2,5.0,94.0,0,3,129.0,0,3,97,2
2023,16,ocon,Esteban Ocon,alpine,Alpine F1 Team,14.0,14,18.0,10.841269841269842,11.032,14.8,14.0,34.0,0,1,74.0,0,2,126,9
2023,16,perez,Sergio Pérez,red_bull,Red Bull,5.0,5,8.0,9.30952380952381,9.9800796812749,3.8,7.4,208.0,2,8,586.0,15,23,252,19
2023,16,piastri,Oscar Piastri,mclaren,McLaren,2.0,2,7.0,12.0,10.666666666666666,10.6,8.4,35.0,0,0,147.0,0,4,15,3
2023,16,russell,George Russell,mercedes,Mercedes,8.0,8,16.0,11.731958762886597,11.969072164948454,10.0,7.0,102.0,0,1,288.0,0,6,97,7
2023,16,sainz,Carlos Sainz,ferrari,Ferrari,6.0,6,1.0,9.747191011235955,8.954802259887005,7.2,4.8,127.0,1,2,251.0,1,5,178,6
2023,16,sargeant,Logan Sargeant,williams,Williams,20.0,20,14.0,16.266666666666666,17.133333333333333,16.4,16.2,0.0,0,0,21.0,0,0,15,17
2023,16,stroll,Lance Stroll,aston_martin,Aston Martin,17.0,17,20.0,12.291970802919709,14.204379562043796,13.2,15.0,41.0,0,0,208.0,0,7,137,18
2023,16,tsunoda,Yuki Tsunoda,alphatauri,AlphaTauri,9.0,9,19.0,13.88135593220339,13.40677966101695,15.8,13.6,3.0,0,0,5.0,0,0,59,12
2023,16,zhou,Guanyu Zhou,alfa,Alfa Romeo,19.0,19,12.0,14.216216216216216,14.81081081081081,14.6,14.6,4.0,0,0,10.0,0,0,37,13
2023,17,albon,Alexander Albon,williams,Williams,14.0,13,16.0,11.013333333333334,11.513513513513514,11.2,10.6,21.0,0,0,21.0,0,0,75,13
2023,17,alonso,Fernando Alonso,aston_martin,Aston Martin,4.0,4,8.0,8.944444444444445,9.03862660944206,7.8,8.2,167.0,0,7,208.0,0,7,234,6
2023,17,bottas,Valtteri Bottas,alfa,Alfa Romeo,9.0,9,20.0,8.055299539170507,6.903225806451613,14.6,15.8,6.0,0,0,10.0,0,0,217,8
2023,17,gasly,Pierre Gasly,alpine,Alpine F1 Team,7.0,7,10.0,11.008064516129032,10.821138211382113,9.0,13.0,40.0,0,1,76.0,0,2,124,12
2023,17,hamilton,Lewis Hamilton,mercedes,Mercedes,3.0,3,5.0,4.489051094890511,3.4817518248175183,4.8,7.4,186.0,0,5,294.0,0,6,274,19
2023,17,hulkenberg,Nico Hülkenberg,haas,Haas F1 Team,15.0,14,14.0,11.89,10.467336683417086,14.8,15.0,6.0,0,0,9.0,0,0,200,16
2023,17,kevin_magnussen,Kevin Magnussen,haas,Haas F1 Team,19.0,18,15.0,13.49367088607595,13.280254777070065,14.8,14.2,3.0,0,0,9.0,0,0,158,14
2023,17,lawson,Liam Lawson,alphatauri,AlphaTauri,18.0,17,11.0,11.0,13.25,11.0,13.25,2.0,0,0,5.0,0,0,4,17
2023,17,leclerc,Charles Leclerc,ferrari,Ferrari,5.0,5,4.0,8.109243697478991,6.5966386554621845,6.8,4.2,124.0,0,3,259.0,1,5,119,5
2023,17,max_verstappen,Max Verstappen,red_bull,Red Bull,1.0,1,1.0,6.072625698324022,5.044692737430168,1.8,3.2,378.0,13,15,586.0,15,23,179,1
2023,17,norris,Lando Norris,mclaren,McLaren,10.0,10,2.0,8.826530612244898,7.959183673469388,5.2,5.0,112.0,0,4,162.0,0,5,98,3
2023,17,ocon,Esteban Ocon,alpine,Alpine F1 Team,8.0,8,9.0,10.826771653543307,11.055555555555555,12.8,14.4,36.0,0,1,76.0,0,2,127,7
2023,17,perez,Sergio Pérez,red_bull,Red Bull,13.0,20,19.0,9.347826086956522,9.96031746031746,7.0,6.6,208.0,2,8,612.0,16,24,253,10
2023,17,piastri,Oscar Piastri,mclaren,McLaren,6.0,6,3.0,11.4375,10.125,10.2,8.0,50.0,0,1,177.0,0,6,16,2
2023,17,russell,George Russell,mercedes,Mercedes,2.0,2,7.0,11.683673469387756,11.928571428571429,10.2,5.0,108.0,0,1,294.0,0,6,98,4
2023,17,sainz,Carlos Sainz,ferrari,Ferrari,12.0,12,6.0,9.726256983240223,8.938202247191011,6.8,3.8,135.0,1,2,269.0,1,5,179,20
2023,17,sargeant,Logan Sargeant,williams,Williams,16.0,15,17.0,16.3125,17.3125,16.2,16.2,0.0,0,0,21.0,0,0,16,18
2023,17,stroll,Lance Stroll,aston_martin,Aston Martin,17.0,16,18.0,12.333333333333334,14.22463768115942,14.8,15.6,41.0,0,0,216.0,0,7,138,11
2023,17,tsunoda,Yuki Tsunoda,alphatauri,AlphaTauri,11.0,11,12.0,13.85,13.333333333333334,15.2,12.0,3.0,0,0,5.0,0,0,60,15
2023,17,zhou,Guanyu Zhou,alfa,Alfa Romeo,20.0,19,13.0,14.18421052631579,14.921052631578947,14.0,17.4,4.0,0,0,14.0,0,0,38,9
2023,18,albon,Alexander Albon,williams,Williams,18.0,15,13.0,11.039473684210526,11.546666666666667,11.0,10.2,21.0,0,0,21.0,0,0,76,9
2023,18,alonso,Fernando Alonso,aston_martin,Aston Martin,17.0,19,6.0,8.931914893617021,9.017094017094017,8.0,7.2,175.0,0,7,216.0,0,7,235,16
2023,18,bottas,Valtteri Bottas,alfa,Alfa Romeo,13.0,13,8.0,8.055045871559633,6.912844036697248,13.8,14.8,10.0,0,0,16.0,0,0,218,12
2023,18,gasly,Pierre Gasly,alpine,Alpine F1 Team,7.0,7,12.0,11.016,10.790322580645162,9.2,12.0,40.0,0,1,82.0,0,2,125,6
2023,18,hamilton,Lewis Hamilton,mercedes,Mercedes,3.0,3,19.0,4.541818181818182,3.48,7.8,7.2,186.0,0,5,306.0,0,6,275,19
2023,18,hulkenberg,Nico Hülkenberg,haas,Haas F1 Team,16.0,18,16.0,11.91044776119403,10.49,14.4,14.0,6.0,0,0,9.0,0,0,201,11
2023,18,kevin_magnussen,Kevin Magnussen,haas,Haas F1 Team,14.0,17,14.0,13.49685534591195,13.316455696202532,14.6,15.4,3.0,0,0,9.0,0,0,159,14
2023,18,leclerc,Charles Leclerc,ferrari,Ferrari,1.0,1,5.0,8.083333333333334,6.583333333333333,7.2,4.8,134.0,0,3,269.0,1,5,120,20
2023,18,max_verstappen,Max Verstappen,red_bull,Red Bull,6.0,6,1.0,6.044444444444444,5.022222222222222,1.8,3.2,404.0,14,16,613.0,16,24,180,1
2023,18,norris,Lando Norris,mclaren,McLaren,2.0,2,3.0,8.767676767676768,7.97979797979798,4.4,5.6,127.0,0,5,195.0,0,7,99,2
2023,18,ocon,Esteban Ocon,alpine,Alpine F1 Team,8.0,8,7.0,10.796875,11.031496062992126,12.6,13.0,42.0,0,1,90.0,0,2,128,18
2023,18,perez,Sergio Pérez,red_bull,Red Bull,9.0,9,10.0,9.350393700787402,9.972332015810277,8.6,8.6,209.0,2,8,638.0,17,25,254,4
2023,18,piastri,Oscar Piastri,mclaren,McLaren,10.0,10,2.0,10.882352941176471,9.882352941176471,6.6,8.0,68.0,0,2,213.0,0,8,17,17
2023,18,ricciardo,Daniel Ricciardo,alphatauri,AlphaTauri,15.0,14,16.0,9.923076923076923,9.454935622317597,13.0,13.4,0.0,0,0,5.0,0,0,234,15
2023,18,russell,George Russell,mercedes,Mercedes,5.0,5,4.0,11.606060606060606,11.828282828282829,9.8,3.8,120.0,0,1,306.0,0,6,99,5
2023,18,sainz,Carlos Sainz,ferrari,Ferrari,4.0,4,20.0,9.783333333333333,8.955307262569832,7.0,5.2,135.0,1,2,269.0,1,5,180,3
2023,18,sargeant,Logan Sargeant,williams,Williams,20.0,16,18.0,16.41176470588235,17.235294117647058,16.4,15.8,0.0,0,0,23.0,0,0,17,10
2023,18,stroll,Lance Stroll,aston_martin,Aston Martin,19.0,20,11.0,12.323741007194245,14.244604316546763,15.2,17.0,41.0,0,0,216.0,0,7,139,7
2023,18,tsunoda,Yuki Tsunoda,alphatauri,AlphaTauri,11.0,11,15.0,13.868852459016393,13.295081967213115,16.2,12.0,3.0,0,0,5.0,0,0,61,8
2023,18,zhou,Guanyu Zhou,alfa,Alfa Romeo,12.0,12,9.0,14.051282051282051,15.051282051282051,13.2,18.0,6.0,0,0,16.0,0,0,39,13
2023,19,albon,Alexander Albon,williams,Williams,14.0,14,9.0,11.012987012987013,11.631578947368421,11.2,13.0,23.0,0,0,24.0,0,0,77,9
2023,19,alonso,Fernando Alonso,aston_martin,Aston Martin,13.0,13,16.0,8.961864406779661,9.051063829787234,10.8,9.6,175.0,0,7,222.0,0,7,236,18
2023,19,bottas,Valtteri Bottas,alfa,Alfa Romeo,9.0,9,12.0,8.073059360730594,6.940639269406392,13.4,13.6,10.0,0,0,16.0,0,0,219,15
2023,19,gasly,Pierre Gasly,alpine,Alpine F1 Team,11.0,11,6.0,10.976190476190476,10.76,9.8,11.0,48.0,0,1,90.0,0,2,126,11
2023,19,hamilton,Lewis Hamilton,mercedes,Mercedes,6.0,6,19.0,4.594202898550725,3.4782608695652173,10.4,5.2,186.0,0,5,316.0,0,6,276,2
2023,19,hulkenberg,Nico Hülkenberg,haas,Haas F1 Team,12.0,12,11.0,11.905940594059405,10.517412935323383,14.2,14.2,6.0,0,0,9.0,0,0,202,13
2023,19,kevin_magnussen,Kevin Magnussen,haas,Haas F1 Team,17.0,16,14.0,13.5,13.320754716981131,14.2,14.6,3.0,0,0,9.0,0,0,160,19
2023,19,leclerc,Charles Leclerc,ferrari,Ferrari,1.0,1,20.0,8.181818181818182,6.537190082644628,7.4,3.2,134.0,0,3,284.0,1,6,121,3
2023,19,max_verstappen,Max Verstappen,red_bull,Red Bull,3.0,3,1.0,6.016574585635359,5.027624309392265,1.8,4.2,429.0,15,17,650.0,17,25,181,1
2023,19,norris,Lando Norris,mclaren,McLaren,19.0,17,2.0,8.7,7.92,3.4,5.6,145.0,0,6,213.0,0,8,100,5
2023,19,ocon,Esteban Ocon,alpine,Alpine F1 Team,16.0,15,18.0,10.852713178294573,11.0078125,14.2,11.2,42.0,0,1,90.0,0,2,129,10
2023,19,perez,Sergio Pérez,red_bull,Red Bull,5.0,5,4.0,9.329411764705883,9.968503937007874,8.6,9.0,221.0,2,8,675.0,18,26,255,20
2023,19,piastri,Oscar Piastri,mclaren,McLaren,7.0,7,17.0,11.222222222222221,9.88888888888889,8.2,8.4,68.0,0,2,223.0,0,8,18,8
2023,19,ricciardo,Daniel Ricciardo,alphatauri,AlphaTauri,4.0,4,15.0,9.94468085106383,9.478632478632479,14.6,14.2,0.0,0,0,10.0,0,0,235,7
2023,19,russell,George Russell,mercedes,Mercedes,8.0,8,5.0,11.54,11.76,7.4,4.2,130.0,0,1,335.0,0,7,100,6
2023,19,sainz,Carlos Sainz,ferrari,Ferrari,2.0,2,3.0,9.74585635359116,8.927777777777777,6.6,4.8,150.0,1,3,299.0,1,7,181,4
2023,19,sargeant,Logan Sargeant,williams,Williams,20.0,19,10.0,16.055555555555557,17.38888888888889,14.4,17.8,1.0,0,0,26.0,0,0,18,16
2023,19,stroll,Lance Stroll,aston_martin,Aston Martin,18.0,0,7.0,12.285714285714286,14.278571428571428,14.4,18.6,47.0,0,0,222.0,0,7,140,17
2023,19,tsunoda,Yuki Tsunoda,alphatauri,AlphaTauri,15.0,18,8.0,13.774193548387096,13.258064516129032,14.8,11.4,8.0,0,0,16.0,0,0,62,12
2023,19,zhou,Guanyu Zhou,alfa,Alfa Romeo,10.0,10,13.0,14.025,14.975,12.2,17.2,6.0,0,0,16.0,0,0,40,14
2023,20,albon,Alexander Albon,williams,Williams,15.0,13,9.0,10.987179487179487,11.662337662337663,11.6,14.6,25.0,0,0,26.0,0,0,78,19
2023,20,alonso,Fernando Alonso,aston_martin,Aston Martin,4.0,4,18.0,9.0,9.067796610169491,12.6,10.2,175.0,0,7,222.0,0,7,237,3
2023,20,bottas,Valtteri Bottas,alfa,Alfa Romeo,18.0,18,15.0,8.104545454545455,6.95,14.4,12.6,10.0,0,0,16.0,0,0,220,16
2023,20,gasly,Pierre Gasly,alpine,Alpine F1 Team,13.0,15,11.0,10.976377952755906,10.761904761904763,9.0,9.8,48.0,0,1,91.0,0,2,127,7
2023,20,hamilton,Lewis Hamilton,mercedes,Mercedes,5.0,5,2.0,4.584837545126354,3.487364620938628,9.6,4.8,205.0,0,6,343.0,0,7,277,8
2023,20,hulkenberg,Nico Hülkenberg,haas,Haas F1 Team,11.0,11,13.0,11.911330049261084,10.524752475247524,13.4,14.0,6.0,0,0,9.0,0,0,203,12
2023,20,kevin_magnussen,Kevin Magnussen,haas,Haas F1 Team,14.0,12,19.0,13.53416149068323,13.34375,14.4,14.2,3.0,0,0,9.0,0,0,161,18
2023,20,leclerc,Charles Leclerc,ferrari,Ferrari,2.0,2,3.0,8.139344262295081,6.491803278688525,7.2,2.8,149.0,0,4,311.0,1,7,122,20
2023,20,max_verstappen,Max Verstappen,red_bull,Red Bull,1.0,1,1.0,5.989010989010989,5.016483516483516,1.8,4.4,454.0,16,18,675.0,18,26,182,1
2023,20,norris,Lando Norris,mclaren,McLaren,7.0,6,5.0,8.663366336633663,8.029702970297029,2.8,7.6,155.0,0,6,227.0,0,8,101,2
2023,20,ocon,Esteban Ocon,alpine,Alpine F1 Team,12.0,14,10.0,10.846153846153847,11.046511627906977,12.4,10.8,43.0,0,1,97.0,0,2,130,10
2023,20,perez,Sergio Pérez,red_bull,Red Bull,9.0,9,20.0,9.37109375,9.949019607843137,12.2,9.0,221.0,2,8,700.0,19,27,256,4
2023,20,piastri,Oscar Piastri,mclaren,McLaren,10.0,10,8.0,11.052631578947368,9.736842105263158,7.4,8.4,72.0,0,2,246.0,0,9,19,14
2023,20,ricciardo,Daniel Ricciardo,alphatauri,AlphaTauri,17.0,17,7.0,9.932203389830509,9.45531914893617,12.0,12.2,6.0,0,0,16.0,0,0,236,13
2023,20,russell,George Russell,mercedes,Mercedes,6.0,8,6.0,11.485148514851485,11.722772277227723,7.6,5.0,138.0,0,1,347.0,0,7,101,15
2023,20,sainz,Carlos Sainz,ferrari,Ferrari,8.0,7,4.0,9.714285714285714,8.88950276243094,6.8,5.0,162.0,1,3,311.0,1,7,182,6
2023,20,sargeant,Logan Sargeant,williams,Williams,19.0,19,16.0,16.05263157894737,17.526315789473685,15.0,18.8,1.0,0,0,26.0,0,0,19,11
2023,20,stroll,Lance Stroll,aston_martin,Aston Martin,3.0,3,17.0,12.319148936170214,14.304964539007091,14.6,18.2,47.0,0,0,237.0,0,8,141,5
2023,20,tsunoda,Yuki Tsunoda,alphatauri,AlphaTauri,16.0,16,12.0,13.746031746031745,13.285714285714286,13.2,12.2,8.0,0,0,16.0,0,0,63,9
2023,20,zhou,Guanyu Zhou,alfa,Alfa Romeo,20.0,20,14.0,14.024390243902438,14.853658536585366,12.2,16.0,6.0,0,0,16.0,0,0,41,17
2023,21,albon,Alexander Albon,williams,Williams,6.0,5,19.0,11.08860759493671,11.705128205128204,13.2,14.8,25.0,0,0,26.0,0,0,79,12
2023,21,alonso,Fernando Alonso,aston_martin,Aston Martin,10.0,9,3.0,8.974789915966387,9.046413502109704,10.2,9.6,190.0,0,8,247.0,0,8,238,9
2023,21,bottas,Valtteri Bottas,alfa,Alfa Romeo,8.0,7,16.0,8.14027149321267,7.0,14.2,13.0,10.0,0,0,16.0,0,0,221,17
2023,21,gasly,Pierre Gasly,alpine,Alpine F1 Team,5.0,4,7.0,10.9453125,10.779527559055119,9.2,10.0,54.0,0,1,98.0,0,2,128,11
2023,21,hamilton,Lewis Hamilton,mercedes,Mercedes,11.0,10,8.0,4.597122302158273,3.4928057553956835,10.6,4.8,209.0,0,6,347.0,0,7,278,7
2023,21,hulkenberg,Nico Hülkenberg,haas,Haas F1 Team,13.0,13,12.0,11.911764705882353,10.527093596059114,13.2,14.4,6.0,0,0,9.0,0,0,204,19
2023,21,kevin_magnussen,Kevin Magnussen,haas,Haas F1 Team,9.0,8,18.0,13.561728395061728,13.347826086956522,16.0,15.8,3.0,0,0,9.0,0,0,162,13
2023,21,leclerc,Charles Leclerc,ferrari,Ferrari,1.0,1,20.0,8.235772357723578,6.455284552845528,10.4,2.6,149.0,0,4,319.0,1,7,123,2
2023,21,max_verstappen,Max Verstappen,red_bull,Red Bull,3.0,2,1.0,5.961748633879782,4.994535519125683,1.0,2.4,479.0,17,19,712.0,19,27,183,1
2023,21,norris,Lando Norris,mclaren,McLaren,16.0,15,2.0,8.598039215686274,8.019607843137255,2.8,8.2,174.0,0,7,246.0,0,9,102,20
2023,21,ocon,Esteban Ocon,alpine,Alpine F1 Team,17.0,16,10.0,10.83969465648855,11.053846153846154,10.8,11.6,44.0,0,1,98.0,0,2,131,4
2023,21,perez,Sergio Pérez,red_bull,Red Bull,12.0,11,4.0,9.350194552529183,9.9453125,11.4,8.2,233.0,2,8,737.0,20,28,257,3
2023,21,piastri,Oscar Piastri,mclaren,McLaren,19.0,18,14.0,11.2,9.75,8.8,7.0,72.0,0,2,246.0,0,9,20,10
2023,21,ricciardo,Daniel Ricciardo,alphatauri,AlphaTauri,15.0,14,13.0,9.945147679324894,9.48728813559322,12.8,13.6,6.0,0,0,18.0,0,0,237,14
2023,21,russell,George Russell,mercedes,Mercedes,4.0,3,15.0,11.519607843137255,11.666666666666666,7.4,5.8,138.0,0,1,353.0,0,7,102,8
2023,21,sainz,Carlos Sainz,ferrari,Ferrari,2.0,12,6.0,9.693989071038251,8.884615384615385,7.8,6.4,170.0,1,3,337.0,1,8,183,6
2023,21,sargeant,Logan Sargeant,williams,Williams,7.0,6,11.0,15.8,17.6,14.4,19.0,1.0,0,0,26.0,0,0,20,16
2023,21,stroll,Lance Stroll,aston_martin,Aston Martin,14.0,19,5.0,12.267605633802816,14.225352112676056,11.6,14.8,57.0,0,0,249.0,0,8,142,5
2023,21,tsunoda,Yuki Tsunoda,alphatauri,AlphaTauri,20.0,20,9.0,13.671875,13.328125,11.2,12.4,10.0,0,0,18.0,0,0,64,18
2023,21,zhou,Guanyu Zhou,alfa,Alfa Romeo,18.0,17,17.0,14.095238095238095,14.976190476190476,13.2,16.2,6.0,0,0,16.0,0,0,42,15
2023,22,albon,Alexander Albon,williams,Williams,14.0,14,12.0,11.1,11.632911392405063,12.4,13.4,25.0,0,0,26.0,0,0,80,14
2023,22,alonso,Fernando Alonso,aston_martin,Aston Martin,7.0,7,9.0,8.97489539748954,9.050420168067227,10.4,9.6,192.0,0,8,259.0,0,8,239,7
2023,22,bottas,Valtteri Bottas,alfa,Alfa Romeo,18.0,18,17.0,8.18018018018018,7.004504504504505,13.6,11.4,10.0,0,0,16.0,0,0,222,19
2023,22,gasly,Pierre Gasly,alpine,Alpine F1 Team,10.0,10,11.0,10.945736434108527,10.734375,9.4,8.6,54.0,0,1,110.0,0,2,129,13
2023,22,hamilton,Lewis Hamilton,mercedes,Mercedes,11.0,11,7.0,4.60573476702509,3.5197132616487457,11.0,5.6,215.0,0,6,357.0,0,7,279,9
2023,22,hulkenberg,Nico Hülkenberg,haas,Haas F1 Team,8.0,8,19.0,11.946341463414635,10.53921568627451,14.2,13.4,6.0,0,0,9.0,0,0,205,15
2023,22,kevin_magnussen,Kevin Magnussen,haas,Haas F1 Team,17.0,17,13.0,13.558282208588958,13.320987654320987,15.6,14.6,3.0,0,0,9.0,0,0,163,20
2023,22,leclerc,Charles Leclerc,ferrari,Ferrari,2.0,2,2.0,8.185483870967742,6.411290322580645,10.0,2.0,167.0,0,5,345.0,1,8,124,2
2023,22,max_verstappen,Max Verstappen,red_bull,Red Bull,1.0,1,1.0,5.934782608695652,4.983695652173913,1.0,2.8,504.0,18,20,752.0,20,29,184,1
2023,22,norris,Lando Norris,mclaren,McLaren,5.0,5,20.0,8.70873786407767,8.097087378640778,6.4,10.8,174.0,0,7,248.0,0,9,103,5
2023,22,ocon,Esteban Ocon,alpine,Alpine F1 Team,12.0,12,4.0,10.787878787878787,11.099236641221374,9.8,12.2,56.0,0,1,110.0,0,2,132,12
2023,22,perez,Sergio Pérez,red_bull,Red Bull,9.0,9,3.0,9.325581395348838,9.95330739299611,8.2,9.6,248.0,2,9,778.0,21,30,258,4
2023,22,piastri,Oscar Piastri,mclaren,McLaren,3.0,3,10.0,11.142857142857142,10.19047619047619,10.2,10.4,74.0,0,2,258.0,0,9,21,6
2023,22,ricciardo,Daniel Ricciardo,alphatauri,AlphaTauri,15.0,15,14.0,9.96218487394958,9.51054852320675,13.0,14.0,6.0,0,0,18.0,0,0,238,11
2023,22,russell,George Russell,mercedes,Mercedes,4.0,4,8.0,11.485436893203884,11.592233009708737,7.6,5.0,142.0,0,1,359.0,0,7,103,3
2023,22,sainz,Carlos Sainz,ferrari,Ferrari,16.0,16,6.0,9.673913043478262,8.846994535519126,7.8,5.6,178.0,1,3,363.0,1,9,184,18
2023,22,sargeant,Logan Sargeant,williams,Williams,20.0,20,16.0,15.80952380952381,17.095238095238095,14.2,16.4,1.0,0,0,26.0,0,0,21,16
2023,22,stroll,Lance Stroll,aston_martin,Aston Martin,13.0,13,5.0,12.216783216783217,14.223776223776223,9.0,14.2,67.0,0,0,265.0,0,8,143,10
2023,22,tsunoda,Yuki Tsunoda,alphatauri,AlphaTauri,6.0,6,18.0,13.738461538461538,13.430769230769231,12.4,14.6,10.0,0,0,18.0,0,0,65,8
2023,22,zhou,Guanyu Zhou,alfa,Alfa Romeo,19.0,19,15.0,14.116279069767442,15.046511627906977,13.6,16.0,6.0,0,0,16.0,0,0,43,17
2024,1,albon,Alexander Albon,williams,Williams,13.0,13,14.0,11.135802469135802,11.6625,12.6,13.4,0.0,0,0,0.0,0,0,81,15
2024,1,alonso,Fernando Alonso,aston_martin,Aston Martin,6.0,6,7.0,8.966666666666667,9.0418410041841,10.6,10.2,0.0,0,0,0.0,0,0,240,9
2024,1,bottas,Valtteri Bottas,sauber,Sauber,16.0,16,19.0,8.228699551569507,7.053811659192825,15.8,13.2,0.0,0,0,0.0,0,0,223,19
2024,1,gasly,Pierre Gasly,alpine,Alpine F1 Team,20.0,20,13.0,10.961538461538462,10.728682170542635,9.6,9.2,0.0,0,0,0.0,0,0,130,18
2024,1,hamilton,Lewis Hamilton,mercedes,Mercedes,9.0,9,9.0,4.621428571428571,3.5464285714285713,9.0,7.2,0.0,0,0,0.0,0,0,280,7
2024,1,hulkenberg,Nico Hülkenberg,haas,Haas F1 Team,10.0,10,15.0,11.96116504854369,10.526829268292683,14.0,12.0,0.0,0,0,0.0,0,0,206,16
2024,1,kevin_magnussen,Kevin Magnussen,haas,Haas F1 Team,15.0,15,20.0,13.597560975609756,13.343558282208589,16.8,14.2,0.0,0,0,0.0,0,0,164,12
2024,1,leclerc,Charles Leclerc,ferrari,Ferrari,2.0,2,2.0,8.136,6.376,9.4,1.4,0.0,0,0,0.0,0,0,125,4
2024,1,max_verstappen,Max Verstappen,red_bull,Red Bull,1.0,1,1.0,5.908108108108108,4.962162162162162,1.0,2.8,0.0,0,0,0.0,0,0,185,1
2024,1,norris,Lando Norris,mclaren,McLaren,7.0,7,5.0,8.673076923076923,8.067307692307692,6.8,9.8,0.0,0,0,0.0,0,0,104,6
2024,1,ocon,Esteban Ocon,alpine,Alpine F1 Team,19.0,19,12.0,10.796992481203008,11.106060606060606,10.8,13.0,0.0,0,0,0.0,0,0,133,17
2024,1,perez,Sergio Pérez,red_bull,Red Bull,5.0,5,4.0,9.305019305019306,9.949612403100776,7.0,8.8,0.0,0,0,26.0,1,1,259,2
2024,1,piastri,Oscar Piastri,mclaren,McLaren,8.0,8,6.0,10.909090909090908,9.863636363636363,11.0,9.8,0.0,0,0,8.0,0,0,22,8
2024,1,ricciardo,Daniel Ricciardo,rb,RB F1 Team,14.0,14,11.0,9.96652719665272,9.533613445378151,12.0,13.2,0.0,0,0,0.0,0,0,239,13
2024,1,russell,George Russell,mercedes,Mercedes,3.0,3,3.0,11.403846153846153,11.51923076923077,7.4,5.4,0.0,0,0,6.0,0,0,104,5
2024,1,sainz,Carlos Sainz,ferrari,Ferrari,4.0,4,18.0,9.718918918918918,8.88586956521739,7.4,6.4,0.0,0,0,12.0,0,0,185,3
2024,1,sargeant,Logan Sargeant,williams,Williams,18.0,18,16.0,15.818181818181818,17.227272727272727,13.8,17.2,0.0,0,0,0.0,0,0,22,20
2024,1,stroll,Lance Stroll,aston_martin,Aston Martin,12.0,12,10.0,12.20138888888889,14.215277777777779,8.8,13.4,0.0,0,0,2.0,0,0,144,10
2024,1,tsunoda,Yuki Tsunoda,rb,RB F1 Team,11.0,11,8.0,13.651515151515152,13.318181818181818,11.0,13.6,0.0,0,0,0.0,0,0,66,14
2024,1,zhou,Guanyu Zhou,sauber,Sauber,17.0,17,17.0,14.181818181818182,15.136363636363637,15.2,15.8,0.0,0,0,0.0,0,0,44,11
2024,2,albon,Alexander Albon,williams,Williams,12.0,12,15.0,11.182926829268293,11.679012345679013,13.8,12.4,0.0,0,0,0.0,0,0,82,11
2024,2,alonso,Fernando Alonso,aston_martin,Aston Martin,4.0,4,9.0,8.966804979253112,9.029166666666667,9.2,8.0,2.0,0,0,3.0,0,0,241,5
2024,2,bearman,Oliver Bearman,ferrari,Ferrari,11.0,11,20.0,20.0,20.0,20.0,20.0,0.0,0,0,27.0,0,1,0,7
2024,2,bottas,Valtteri Bottas,sauber,Sauber,16.0,16,19.0,8.276785714285714,7.09375,17.2,13.8,0.0,0,0,0.0,0,0,224,17
2024,2,gasly,Pierre Gasly,alpine,Alpine F1 Team,18.0,18,18.0,11.01526717557252,10.8,12.0,11.8,0.0,0,0,0.0,0,0,131,20
2024,2,hamilton,Lewis Hamilton,mercedes,Mercedes,8.0,8,7.0,4.629893238434164,3.565836298932384,6.6,8.4,6.0,0,0,16.0,0,0,281,9
2024,2,hulkenberg,Nico Hülkenberg,haas,Haas F1 Team,15.0,15,16.0,11.980676328502415,10.524271844660195,15.0,10.8,0.0,0,0,0.0,0,0,207,10
2024,2,kevin_magnussen,Kevin Magnussen,haas,Haas F1 Team,13.0,13,12.0,13.587878787878788,13.353658536585366,16.4,14.4,0.0,0,0,1.0,0,0,165,12
2024,2,leclerc,Charles Leclerc,ferrari,Ferrari,2.0,2,4.0,8.103174603174603,6.341269841269841,6.2,1.6,12.0,0,0,33.0,0,1,126,3
2024,2,max_verstappen,Max Verstappen,red_bull,Red Bull,1.0,1,1.0,5.881720430107527,4.940860215053763,1.0,1.8,26.0,1,1,44.0,1,2,186,1
2024,2,norris,Lando Norris,mclaren,McLaren,6.0,6,6.0,8.647619047619047,8.057142857142857,7.6,10.8,8.0,0,0,12.0,0,0,105,8
2024,2,ocon,Esteban Ocon,alpine,Alpine F1 Team,17.0,17,17.0,10.843283582089553,11.165413533834586,10.6,15.2,0.0,0,0,0.0,0,0,134,13
2024,2,perez,Sergio Pérez,red_bull,Red Bull,3.0,3,2.0,9.276923076923078,9.930501930501931,6.6,8.0,18.0,0,1,69.0,2,3,260,2
2024,2,piastri,Oscar Piastri,mclaren,McLaren,5.0,5,8.0,10.782608695652174,9.782608695652174,9.2,9.4,4.0,0,0,16.0,0,0,23,4
2024,2,ricciardo,Daniel Ricciardo,rb,RB F1 Team,14.0,14,13.0,9.979166666666666,9.552301255230125,11.6,13.0,0.0,0,0,0.0,0,0,240,16
2024,2,russell,George Russell,mercedes,Mercedes,7.0,7,5.0,11.342857142857143,11.438095238095238,7.4,5.0,10.0,0,0,18.0,0,0,105,6
2024,2,sargeant,Logan Sargeant,williams,Williams,19.0,19,20.0,16.0,17.26086956521739,15.8,16.8,0.0,0,0,0.0,0,0,23,14
2024,2,stroll,Lance Stroll,aston_martin,Aston Martin,10.0,10,10.0,12.186206896551724,14.2,9.4,12.0,1.0,0,0,13.0,0,0,145,19
2024,2,tsunoda,Yuki Tsunoda,rb,RB F1 Team,9.0,9,14.0,13.656716417910447,13.283582089552239,12.2,13.6,0.0,0,0,0.0,0,0,67,15
2024,2,zhou,Guanyu Zhou,sauber,Sauber,20.0,20,11.0,14.11111111111111,15.177777777777777,14.8,16.8,0.0,0,0,0.0,0,0,45,18
2024,3,albon,Alexander Albon,williams,Williams,12.0,12,11.0,11.180722891566266,11.682926829268293,14.2,12.0,0.0,0,0,0.0,0,0,83,11
2024,3,alonso,Fernando Alonso,aston_martin,Aston Martin,10.0,10,5.0,8.950413223140496,9.008298755186722,6.6,6.2,12.0,0,0,13.0,0,0,242,8
2024,3,bottas,Valtteri Bottas,sauber,Sauber,13.0,13,17.0,8.315555555555555,7.133333333333334,17.6,15.2,0.0,0,0,0.0,0,0,225,14
2024,3,gasly,Pierre Gasly,alpine,Alpine F1 Team,17.0,17,20.0,11.083333333333334,10.854961832061068,13.8,13.2,0.0,0,0,0.0,0,0,132,13
2024,3,hamilton,Lewis Hamilton,mercedes,Mercedes,11.0,11,9.0,4.6453900709219855,3.5815602836879434,8.0,8.8,8.0,0,0,26.0,0,0,282,18
2024,3,hulkenberg,Nico Hülkenberg,haas,Haas F1 Team,16.0,16,10.0,11.971153846153847,10.545893719806763,14.4,11.4,1.0,0,0,1.0,0,0,208,9
2024,3,kevin_magnussen,Kevin Magnussen,haas,Haas F1 Team,14.0,14,12.0,13.578313253012048,13.351515151515152,15.0,13.6,0.0,0,0,3.0,0,0,166,10
2024,3,leclerc,Charles Leclerc,ferrari,Ferrari,5.0,4,3.0,8.062992125984252,6.307086614173229,6.2,1.8,28.0,0,1,49.0,0,2,127,2
2024,3,max_verstappen,Max Verstappen,red_bull,Red Bull,1.0,1,1.0,5.855614973262032,4.919786096256685,1.0,1.4,51.0,2,2,87.0,2,4,187,19
2024,3,norris,Lando Norris,mclaren,McLaren,4.0,3,8.0,8.641509433962264,8.037735849056604,8.2,8.2,12.0,0,0,28.0,0,0,106,3
2024,3,ocon,Esteban Ocon,alpine,Alpine F1 Team,15.0,15,13.0,10.85925925925926,11.208955223880597,11.2,15.4,0.0,0,0,0.0,0,0,135,16
2024,3,perez,Sergio Pérez,red_bull,Red Bull,3.0,6,2.0,9.24904214559387,9.903846153846153,3.0,7.6,36.0,0,2,87.0,2,4,261,5
2024,3,piastri,Oscar Piastri,mclaren,McLaren,6.0,5,4.0,10.5,9.583333333333334,8.4,9.0,16.0,0,0,43.0,0,1,24,4
2024,3,ricciardo,Daniel Ricciardo,rb,RB F1 Team,18.0,18,16.0,10.004149377593361,9.570833333333333,13.4,15.0,0.0,0,0,0.0,0,0,241,12
2024,3,russell,George Russell,mercedes,Mercedes,7.0,7,6.0,11.29245283018868,11.39622641509434,7.4,4.8,18.0,0,0,26.0,0,0,106,17
2024,3,sainz,Carlos Sainz,ferrari,Ferrari,2.0,2,3.0,9.682795698924732,8.85945945945946,7.4,6.4,15.0,0,1,68.0,0,3,186,1
2024,3,stroll,Lance Stroll,aston_martin,Aston Martin,9.0,9,19.0,12.232876712328768,14.17123287671233,9.8,10.4,1.0,0,0,17.0,0,0,146,6
2024,3,tsunoda,Yuki Tsunoda,rb,RB F1 Team,8.0,8,15.0,13.676470588235293,13.220588235294118,12.8,12.4,0.0,0,0,0.0,0,0,68,7
2024,3,zhou,Guanyu Zhou,sauber,Sauber,19.0,19,18.0,14.195652173913043,15.282608695652174,15.6,18.8,0.0,0,0,0.0,0,0,46,15
2024,4,albon,Alexander Albon,williams,Williams,14.0,14,11.0,11.178571428571429,11.686746987951807,12.6,11.4,0.0,0,0,0.0,0,0,84,20
2024,4,alonso,Fernando Alonso,aston_martin,Aston Martin,5.0,5,8.0,8.946502057613168,9.012396694214877,7.6,7.4,16.0,0,0,25.0,0,0,243,6
2024,4,bottas,Valtteri Bottas,sauber,Sauber,13.0,13,14.0,8.34070796460177,7.15929203539823,17.2,14.2,0.0,0,0,0.0,0,0,226,14
2024,4,gasly,Pierre Gasly,alpine,Alpine F1 Team,17.0,17,13.0,11.097744360902256,10.901515151515152,15.0,14.0,0.0,0,0,0.0,0,0,133,16
2024,4,hamilton,Lewis Hamilton,mercedes,Mercedes,7.0,7,18.0,4.692579505300353,3.607773851590106,10.0,10.0,8.0,0,0,26.0,0,0,283,9
2024,4,hulkenberg,Nico Hülkenberg,haas,Haas F1 Team,12.0,12,9.0,11.956937799043063,10.572115384615385,13.8,12.4,3.0,0,0,4.0,0,0,209,11
2024,4,kevin_magnussen,Kevin Magnussen,haas,Haas F1 Team,18.0,18,10.0,13.55688622754491,13.355421686746988,13.4,13.6,1.0,0,0,4.0,0,0,167,13
2024,4,leclerc,Charles Leclerc,ferrari,Ferrari,8.0,8,2.0,8.015625,6.296875,2.6,2.4,47.0,0,2,93.0,1,4,128,4
2024,4,max_verstappen,Max Verstappen,red_bull,Red Bull,1.0,1,19.0,5.925531914893617,4.898936170212766,4.6,1.4,51.0,2,2,97.0,2,4,188,1
2024,4,norris,Lando Norris,mclaren,McLaren,3.0,3,3.0,8.588785046728972,8.0,8.4,7.6,27.0,0,1,55.0,0,1,107,5
2024,4,ocon,Esteban Ocon,alpine,Alpine F1 Team,15.0,15,16.0,10.897058823529411,11.237037037037037,12.4,16.0,0.0,0,0,0.0,0,0,136,15
2024,4,perez,Sergio Pérez,red_bull,Red Bull,2.0,2,5.0,9.232824427480915,9.877394636015326,3.2,6.4,46.0,0,2,123.0,3,5,262,2
2024,4,piastri,Oscar Piastri,mclaren,McLaren,6.0,6,4.0,10.24,9.44,6.4,8.2,28.0,0,0,65.0,0,1,25,8
2024,4,ricciardo,Daniel Ricciardo,rb,RB F1 Team,11.0,11,12.0,10.012396694214877,9.605809128630705,13.2,15.2,0.0,0,0,6.0,0,0,242,19
2024,4,russell,George Russell,mercedes,Mercedes,9.0,9,17.0,11.345794392523365,11.355140186915888,7.8,5.0,18.0,0,0,28.0,0,0,107,7
2024,4,sainz,Carlos Sainz,ferrari,Ferrari,4.0,4,1.0,9.636363636363637,8.82258064516129,6.8,6.4,40.0,1,2,105.0,1,4,187,3
2024,4,sargeant,Logan Sargeant,williams,Williams,19.0,19,14.0,15.916666666666666,17.333333333333332,15.4,16.6,0.0,0,0,0.0,0,0,24,17
2024,4,stroll,Lance Stroll,aston_martin,Aston Martin,16.0,16,6.0,12.19047619047619,14.136054421768707,10.0,11.6,9.0,0,0,33.0,0,0,147,12
2024,4,tsunoda,Yuki Tsunoda,rb,RB F1 Team,10.0,10,7.0,13.579710144927537,13.144927536231885,12.4,10.8,6.0,0,0,6.0,0,0,69,10
2024,4,zhou,Guanyu Zhou,sauber,Sauber,20.0,20,15.0,14.212765957446809,15.361702127659575,15.2,18.6,0.0,0,0,0.0,0,0,47,18
2024,5,albon,Alexander Albon,williams,Williams,14.0,14,20.0,11.282352941176471,11.714285714285714,14.2,13.0,0.0,0,0,0.0,0,0,85,12
2024,5,alonso,Fernando Alonso,aston_martin,Aston Martin,3.0,3,6.0,8.934426229508198,8.995884773662551,7.0,6.4,24.0,0,0,33.0,0,0,244,7
2024,5,bottas,Valtteri Bottas,sauber,Sauber,10.0,10,14.0,8.365638766519824,7.185022026431718,16.6,15.2,0.0,0,0,0.0,0,0,227,20
2024,5,gasly,Pierre Gasly,alpine,Alpine F1 Team,15.0,15,16.0,11.134328358208956,10.947368421052632,16.0,16.4,0.0,0,0,0.0,0,0,134,13
2024,5,hamilton,Lewis Hamilton,mercedes,Mercedes,18.0,18,9.0,4.707746478873239,3.619718309859155,10.4,9.2,10.0,0,0,34.0,0,0,284,9
2024,5,hulkenberg,Nico Hülkenberg,haas,Haas F1 Team,9.0,9,11.0,11.952380952380953,10.578947368421053,12.2,12.2,3.0,0,0,4.0,0,0,210,10
2024,5,kevin_magnussen,Kevin Magnussen,haas,Haas F1 Team,17.0,17,13.0,13.553571428571429,13.383233532934131,13.4,15.4,1.0,0,0,5.0,0,0,168,16
2024,5,leclerc,Charles Leclerc,ferrari,Ferrari,6.0,6,4.0,7.984496124031008,6.310077519379845,3.0,3.8,59.0,0,2,120.0,1,5,129,4
2024,5,max_verstappen,Max Verstappen,red_bull,Red Bull,1.0,1,1.0,5.8994708994708995,4.878306878306878,4.6,1.0,77.0,3,3,141.0,3,6,189,1
2024,5,norris,Lando Norris,mclaren,McLaren,4.0,4,5.0,8.555555555555555,7.953703703703703,5.4,5.0,37.0,0,1,69.0,0,1,108,2
2024,5,ocon,Esteban Ocon,alpine,Alpine F1 Team,13.0,13,15.0,10.927007299270073,11.264705882352942,14.6,15.6,0.0,0,0,0.0,0,0,137,11
2024,5,perez,Sergio Pérez,red_bull,Red Bull,2.0,2,2.0,9.20532319391635,9.84732824427481,3.0,4.4,64.0,0,3,166.0,4,7,263,3
2024,5,piastri,Oscar Piastri,mclaren,McLaren,5.0,5,8.0,10.153846153846153,9.307692307692308,6.0,5.6,32.0,0,0,87.0,0,2,26,8
2024,5,ricciardo,Daniel Ricciardo,rb,RB F1 Team,12.0,12,19.0,10.049382716049383,9.611570247933884,14.2,14.4,0.0,0,0,7.0,0,0,243,18
2024,5,russell,George Russell,mercedes,Mercedes,8.0,8,7.0,11.305555555555555,11.333333333333334,7.6,6.0,24.0,0,0,36.0,0,0,108,6
2024,5,sainz,Carlos Sainz,ferrari,Ferrari,7.0,7,3.0,9.601063829787234,8.796791443850267,6.2,5.6,55.0,1,3,132.0,1,5,188,5
2024,5,sargeant,Logan Sargeant,williams,Williams,20.0,20,17.0,15.96,17.4,16.6,16.6,0.0,0,0,0.0,0,0,25,17
2024,5,stroll,Lance Stroll,aston_martin,Aston Martin,11.0,11,12.0,12.18918918918919,14.14864864864865,11.4,12.0,9.0,0,0,40.0,0,0,148,15
2024,5,tsunoda,Yuki Tsunoda,rb,RB F1 Team,19.0,19,10.0,13.528571428571428,13.1,10.8,8.8,7.0,0,0,7.0,0,0,70,19
2024,5,zhou,Guanyu Zhou,sauber,Sauber,16.0,16,18.0,14.291666666666666,15.458333333333334,15.8,19.0,0.0,0,0,0.0,0,0,48,14
2024,6,albon,Alexander Albon,williams,Williams,14.0,14,12.0,11.290697674418604,11.741176470588234,13.8,13.0,0.0,0,0,0.0,0,0,86,18
2024,6,alonso,Fernando Alonso,aston_martin,Aston Martin,15.0,15,7.0,8.926530612244898,8.971311475409836,7.0,5.6,31.0,0,0,40.0,0,0,245,9
2024,6,bottas,Valtteri Bottas,sauber,Sauber,16.0,16,20.0,8.416666666666666,7.197368421052632,16.8,13.6,0.0,0,0,0.0,0,0,228,16
2024,6,gasly,Pierre Gasly,alpine,Alpine F1 Team,12.0,12,13.0,11.148148148148149,10.977611940298507,16.0,17.4,0.0,0,0,0.0,0,0,135,12
2024,6,hamilton,Lewis Hamilton,mercedes,Mercedes,8.0,8,9.0,4.722807017543859,3.670175438596491,10.4,10.6,12.0,0,0,44.0,0,0,285,6
2024,6,hulkenberg,Nico Hülkenberg,haas,Haas F1 Team,9.0,9,10.0,11.943127962085308,10.571428571428571,11.2,12.4,4.0,0,0,5.0,0,0,211,11
2024,6,kevin_magnussen,Kevin Magnussen,haas,Haas F1 Team,19.0,18,16.0,13.568047337278106,13.404761904761905,12.6,15.4,1.0,0,0,5.0,0,0,169,19
2024,6,leclerc,Charles Leclerc,ferrari,Ferrari,2.0,2,4.0,7.953846153846154,6.3076923076923075,3.4,4.6,71.0,0,2,142.0,1,5,130,3
2024,6,max_verstappen,Max Verstappen,red_bull,Red Bull,1.0,1,1.0,5.873684210526315,4.8578947368421055,4.6,1.0,102.0,4,4,181.0,4,8,190,2
2024,6,norris,Lando Norris,mclaren,McLaren,5.0,5,2.0,8.495412844036696,7.91743119266055,4.8,4.8,55.0,0,2,91.0,0,2,109,1
2024,6,ocon,Esteban Ocon,alpine,Alpine F1 Team,13.0,13,11.0,10.927536231884059,11.277372262773723,14.4,15.8,0.0,0,0,0.0,0,0,138,10
2024,6,perez,Sergio Pérez,red_bull,Red Bull,4.0,4,3.0,9.181818181818182,9.817490494296578,2.8,3.0,79.0,0,4,199.0,4,9,264,4
2024,6,piastri,Oscar Piastri,mclaren,McLaren,6.0,6,8.0,10.074074074074074,9.148148148148149,6.4,6.0,36.0,0,0,116.0,1,3,27,13
2024,6,ricciardo,Daniel Ricciardo,rb,RB F1 Team,18.0,20,18.0,10.081967213114755,9.621399176954732,15.6,13.8,0.0,0,0,7.0,0,0,244,15
2024,6,russell,George Russell,mercedes,Mercedes,7.0,7,6.0,11.256880733944953,11.302752293577981,8.2,6.8,32.0,0,0,52.0,0,0,109,8
2024,6,sainz,Carlos Sainz,ferrari,Ferrari,3.0,3,5.0,9.576719576719576,8.787234042553191,6.0,6.6,65.0,1,3,157.0,1,6,189,5
2024,6,sargeant,Logan Sargeant,williams,Williams,17.0,17,17.0,16.0,17.5,16.8,19.2,0.0,0,0,0.0,0,0,26,20
2024,6,stroll,Lance Stroll,aston_martin,Aston Martin,11.0,11,15.0,12.208053691275168,14.12751677852349,12.4,11.6,9.0,0,0,42.0,0,0,149,17
2024,6,tsunoda,Yuki Tsunoda,rb,RB F1 Team,10.0,10,19.0,13.605633802816902,13.183098591549296,13.0,11.4,7.0,0,0,7.0,0,0,71,7
2024,6,zhou,Guanyu Zhou,sauber,Sauber,20.0,19,14.0,14.285714285714286,15.46938775510204,15.2,18.4,0.0,0,0,0.0,0,0,49,14
2024,7,albon,Alexander Albon,williams,Williams,14.0,14,18.0,11.367816091954023,11.767441860465116,14.4,13.2,0.0,0,0,0.0,0,0,87,20
2024,7,alonso,Fernando Alonso,aston_martin,Aston Martin,19.0,20,9.0,8.926829268292684,8.995918367346938,7.0,7.4,33.0,0,0,42.0,0,0,246,19
2024,7,bottas,Valtteri Bottas,sauber,Sauber,16.0,16,16.0,8.449781659388647,7.235807860262009,16.2,13.6,0.0,0,0,0.0,0,0,229,18
2024,7,gasly,Pierre Gasly,alpine,Alpine F1 Team,15.0,15,12.0,11.154411764705882,10.985185185185186,14.8,15.8,0.0,0,0,1.0,0,0,136,16
2024,7,hamilton,Lewis Hamilton,mercedes,Mercedes,8.0,8,6.0,4.7272727272727275,3.6853146853146854,10.2,10.4,20.0,0,0,56.0,0,0,286,6
2024,7,hulkenberg,Nico Hülkenberg,haas,Haas F1 Team,10.0,10,11.0,11.93867924528302,10.563981042654028,10.2,12.2,4.0,0,0,5.0,0,0,212,11
2024,7,kevin_magnussen,Kevin Magnussen,haas,Haas F1 Team,18.0,18,19.0,13.6,13.437869822485206,14.0,16.2,1.0,0,0,5.0,0,0,170,12
2024,7,leclerc,Charles Leclerc,ferrari,Ferrari,4.0,3,3.0,7.916030534351145,6.2748091603053435,3.2,4.6,86.0,0,3,167.0,1,6,131,3
2024,7,max_verstappen,Max Verstappen,red_bull,Red Bull,1.0,1,2.0,5.853403141361256,4.837696335078534,4.8,1.0,120.0,4,5,211.0,4,9,191,1
2024,7,norris,Lando Norris,mclaren,McLaren,3.0,2,1.0,8.427272727272728,7.890909090909091,3.8,4.4,80.0,1,3,116.0,1,3,110,2
2024,7,ocon,Esteban Ocon,alpine,Alpine F1 Team,12.0,12,10.0,10.920863309352518,11.289855072463768,13.0,14.6,1.0,0,0,1.0,0,0,139,14
2024,7,perez,Sergio Pérez,red_bull,Red Bull,11.0,11,4.0,9.162264150943397,9.795454545454545,3.2,2.8,91.0,0,4,236.0,5,10,265,8
2024,7,piastri,Oscar Piastri,mclaren,McLaren,2.0,5,13.0,10.178571428571429,9.035714285714286,7.4,5.6,36.0,0,0,134.0,1,4,28,4
2024,7,ricciardo,Daniel Ricciardo,rb,RB F1 Team,9.0,9,15.0,10.10204081632653,9.655737704918034,16.0,14.6,0.0,0,0,13.0,0,0,245,13
2024,7,russell,George Russell,mercedes,Mercedes,6.0,6,8.0,11.227272727272727,11.263636363636364,8.8,7.6,36.0,0,0,64.0,0,0,110,7
2024,7,sainz,Carlos Sainz,ferrari,Ferrari,5.0,4,5.0,9.552631578947368,8.756613756613756,3.4,4.0,75.0,1,3,182.0,1,7,190,5
2024,7,sargeant,Logan Sargeant,williams,Williams,20.0,19,20.0,16.14814814814815,17.48148148148148,17.6,18.6,0.0,0,0,0.0,0,0,27,17
2024,7,stroll,Lance Stroll,aston_martin,Aston Martin,13.0,13,17.0,12.24,14.106666666666667,13.8,11.4,9.0,0,0,42.0,0,0,150,9
2024,7,tsunoda,Yuki Tsunoda,rb,RB F1 Team,7.0,7,7.0,13.51388888888889,13.13888888888889,11.6,11.2,13.0,0,0,13.0,0,0,72,10
2024,7,zhou,Guanyu Zhou,sauber,Sauber,17.0,17,14.0,14.28,15.56,15.8,19.0,0.0,0,0,0.0,0,0,50,15
2024,8,albon,Alexander Albon,williams,Williams,9.0,9,20.0,11.465909090909092,11.793103448275861,16.2,13.6,0.0,0,0,0.0,0,0,88,9
2024,8,alonso,Fernando Alonso,aston_martin,Aston Martin,14.0,14,19.0,8.96761133603239,9.036585365853659,9.8,10.4,33.0,0,0,44.0,0,0,247,11
2024,8,bottas,Valtteri Bottas,sauber,Sauber,17.0,17,18.0,8.491304347826087,7.273913043478261,16.4,13.6,0.0,0,0,0.0,0,0,230,13
2024,8,gasly,Pierre Gasly,alpine,Alpine F1 Team,10.0,10,16.0,11.18978102189781,11.014705882352942,14.0,15.2,0.0,0,0,1.0,0,0,137,10
2024,8,hamilton,Lewis Hamilton,mercedes,Mercedes,7.0,7,6.0,4.7317073170731705,3.700348432055749,9.6,10.4,28.0,0,0,71.0,0,0,287,7
2024,8,hulkenberg,Nico Hülkenberg,haas,Haas F1 Team,14.0,19,11.0,11.934272300469484,10.56132075471698,10.4,11.2,4.0,0,0,5.0,0,0,213,19
2024,8,kevin_magnussen,Kevin Magnussen,haas,Haas F1 Team,15.0,20,12.0,13.590643274853802,13.464705882352941,14.0,17.2,1.0,0,0,5.0,0,0,171,20
2024,8,leclerc,Charles Leclerc,ferrari,Ferrari,1.0,1,3.0,7.878787878787879,6.257575757575758,3.2,5.0,101.0,0,4,192.0,1,7,132,1
2024,8,max_verstappen,Max Verstappen,red_bull,Red Bull,6.0,6,1.0,5.828125,4.817708333333333,4.8,1.0,145.0,5,6,240.0,5,10,192,6
2024,8,norris,Lando Norris,mclaren,McLaren,4.0,4,2.0,8.36936936936937,7.846846846846847,2.6,3.8,98.0,1,4,146.0,1,4,111,4
2024,8,ocon,Esteban Ocon,alpine,Alpine F1 Team,11.0,11,14.0,10.942857142857143,11.29496402877698,13.2,13.6,1.0,0,0,2.0,0,0,140,17
2024,8,perez,Sergio Pérez,red_bull,Red Bull,16.0,16,8.0,9.157894736842104,9.8,4.4,4.4,95.0,0,4,248.0,5,10,266,18
2024,8,piastri,Oscar Piastri,mclaren,McLaren,2.0,2,4.0,9.96551724137931,8.793103448275861,7.4,5.0,48.0,0,0,158.0,1,4,29,2
2024,8,ricciardo,Daniel Ricciardo,rb,RB F1 Team,12.0,12,13.0,10.113821138211382,9.653061224489797,15.4,13.6,0.0,0,0,14.0,0,0,246,12
2024,8,russell,George Russell,mercedes,Mercedes,5.0,5,7.0,11.18918918918919,11.216216216216216,9.0,7.4,43.0,0,0,78.0,0,0,111,5
2024,8,sainz,Carlos Sainz,ferrari,Ferrari,3.0,3,5.0,9.528795811518325,8.736842105263158,3.8,4.2,85.0,1,3,217.0,2,8,191,3
2024,8,sargeant,Logan Sargeant,williams,Williams,15.0,15,17.0,16.178571428571427,17.571428571428573,17.0,19.0,0.0,0,0,2.0,0,0,28,15
2024,8,stroll,Lance Stroll,aston_martin,Aston Martin,13.0,13,9.0,12.218543046357615,14.099337748344372,11.8,12.0,11.0,0,0,44.0,0,0,151,14
2024,8,tsunoda,Yuki Tsunoda,rb,RB F1 Team,8.0,8,10.0,13.465753424657533,13.054794520547945,10.6,10.8,14.0,0,0,14.0,0,0,73,8
2024,8,zhou,Guanyu Zhou,sauber,Sauber,18.0,18,15.0,14.294117647058824,15.588235294117647,15.2,18.4,0.0,0,0,0.0,0,0,51,16
2024,9,albon,Alexander Albon,williams,Williams,10.0,10,9.0,11.438202247191011,11.761363636363637,15.8,13.0,2.0,0,0,2.0,0,0,89,17
2024,9,alonso,Fernando Alonso,aston_martin,Aston Martin,6.0,6,11.0,8.975806451612904,9.05668016194332,10.4,11.2,33.0,0,0,44.0,0,0,248,6
2024,9,bottas,Valtteri Bottas,sauber,Sauber,17.0,19,13.0,8.51082251082251,7.316017316017316,16.2,14.4,0.0,0,0,0.0,0,0,231,13
2024,9,gasly,Pierre Gasly,alpine,Alpine F1 Team,15.0,15,10.0,11.181159420289855,11.007299270072993,13.4,13.8,1.0,0,0,2.0,0,0,138,9
2024,9,hamilton,Lewis Hamilton,mercedes,Mercedes,7.0,7,7.0,4.739583333333333,3.7118055555555554,7.4,9.6,35.0,0,0,88.0,0,0,288,4
2024,9,hulkenberg,Nico Hülkenberg,haas,Haas F1 Team,19.0,17,19.0,11.967289719626168,10.577464788732394,12.4,10.8,4.0,0,0,5.0,0,0,214,11
2024,9,kevin_magnussen,Kevin Magnussen,haas,Haas F1 Team,14.0,14,20.0,13.627906976744185,13.473684210526315,16.0,17.4,1.0,0,0,5.0,0,0,172,12
2024,9,leclerc,Charles Leclerc,ferrari,Ferrari,11.0,11,1.0,7.827067669172933,6.2180451127819545,3.0,4.2,126.0,1,5,232.0,2,9,133,19
2024,9,max_verstappen,Max Verstappen,red_bull,Red Bull,2.0,2,6.0,5.829015544041451,4.823834196891192,2.2,2.0,153.0,5,6,248.0,5,10,193,1
2024,9,norris,Lando Norris,mclaren,McLaren,3.0,3,4.0,8.330357142857142,7.8125,2.8,3.8,110.0,1,4,176.0,1,5,112,2
2024,9,ocon,Esteban Ocon,alpine,Alpine F1 Team,18.0,18,17.0,10.98581560283688,11.292857142857143,13.4,12.8,1.0,0,0,4.0,0,0,141,10
2024,9,perez,Sergio Pérez,red_bull,Red Bull,16.0,16,18.0,9.191011235955056,9.823308270676693,7.0,7.0,95.0,0,4,273.0,6,11,267,18
2024,9,piastri,Oscar Piastri,mclaren,McLaren,4.0,4,2.0,9.7,8.566666666666666,7.0,4.2,66.0,0,1,194.0,1,6,30,5
2024,9,ricciardo,Daniel Ricciardo,rb,RB F1 Team,5.0,5,12.0,10.121457489878543,9.66260162601626,15.4,12.4,0.0,0,0,18.0,0,0,247,8
2024,9,russell,George Russell,mercedes,Mercedes,1.0,1,5.0,11.133928571428571,11.160714285714286,6.6,7.0,53.0,0,0,101.0,0,0,112,3
2024,9,sainz,Carlos Sainz,ferrari,Ferrari,12.0,12,3.0,9.494791666666666,8.706806282722512,4.2,4.4,100.0,1,4,232.0,2,9,192,16
2024,9,sargeant,Logan Sargeant,williams,Williams,13.0,13,15.0,16.137931034482758,17.482758620689655,17.2,18.2,0.0,0,0,2.0,0,0,29,20
2024,9,stroll,Lance Stroll,aston_martin,Aston Martin,9.0,9,14.0,12.230263157894736,14.092105263157896,13.4,12.8,11.0,0,0,52.0,0,0,152,7
2024,9,tsunoda,Yuki Tsunoda,rb,RB F1 Team,8.0,8,8.0,13.391891891891891,12.986486486486486,10.8,10.8,18.0,0,0,22.0,0,0,74,14
2024,9,zhou,Guanyu Zhou,sauber,Sauber,20.0,20,16.0,14.326923076923077,15.634615384615385,15.4,18.2,0.0,0,0,0.0,0,0,52,15
2024,10,albon,Alexander Albon,williams,Williams,19.0,20,17.0,11.5,11.741573033707866,15.2,12.2,2.0,0,0,2.0,0,0,90,18
2024,10,alonso,Fernando Alonso,aston_martin,Aston Martin,11.0,10,6.0,8.963855421686747,9.044354838709678,10.4,11.4,41.0,0,0,58.0,0,0,249,12
2024,10,bottas,Valtteri Bottas,sauber,Sauber,12.0,12,13.0,8.530172413793103,7.357758620689655,16.0,15.2,0.0,0,0,0.0,0,0,232,16
2024,10,gasly,Pierre Gasly,alpine,Alpine F1 Team,7.0,7,9.0,11.16546762589928,11.03623188405797,12.0,13.4,3.0,0,0,5.0,0,0,139,9
2024,10,hamilton,Lewis Hamilton,mercedes,Mercedes,3.0,3,4.0,4.737024221453288,3.7231833910034604,6.4,9.6,48.0,0,0,116.0,0,1,289,3
2024,10,hulkenberg,Nico Hülkenberg,haas,Haas F1 Team,13.0,13,11.0,11.962790697674418,10.616822429906541,12.4,12.2,4.0,0,0,5.0,0,0,215,11
2024,10,kevin_magnussen,Kevin Magnussen,haas,Haas F1 Team,16.0,16,12.0,13.61849710982659,13.476744186046512,15.8,16.6,1.0,0,0,5.0,0,0,173,17
2024,10,leclerc,Charles Leclerc,ferrari,Ferrari,5.0,5,19.0,7.91044776119403,6.253731343283582,6.0,4.8,126.0,1,5,232.0,2,9,134,5
2024,10,max_verstappen,Max Verstappen,red_bull,Red Bull,2.0,2,1.0,5.804123711340206,4.809278350515464,2.2,2.2,178.0,6,7,273.0,6,11,194,1
2024,10,norris,Lando Norris,mclaren,McLaren,1.0,1,2.0,8.274336283185841,7.769911504424779,2.2,3.8,128.0,1,5,204.0,1,6,113,2
2024,10,ocon,Esteban Ocon,alpine,Alpine F1 Team,9.0,8,10.0,10.97887323943662,11.340425531914894,12.4,13.4,2.0,0,0,7.0,0,0,142,10
2024,10,perez,Sergio Pérez,red_bull,Red Bull,8.0,11,18.0,9.223880597014926,9.846441947565543,10.2,9.8,95.0,0,4,298.0,7,12,268,8
2024,10,piastri,Oscar Piastri,mclaren,McLaren,10.0,9,5.0,9.548387096774194,8.419354838709678,6.4,3.8,76.0,0,1,223.0,1,7,31,7
2024,10,ricciardo,Daniel Ricciardo,rb,RB F1 Team,18.0,18,8.0,10.112903225806452,9.643724696356275,13.2,11.2,4.0,0,0,22.0,0,0,248,15
2024,10,russell,George Russell,mercedes,Mercedes,4.0,4,3.0,11.061946902654867,11.070796460176991,5.8,5.4,68.0,0,1,131.0,0,2,113,4
2024,10,sainz,Carlos Sainz,ferrari,Ferrari,6.0,6,16.0,9.528497409326425,8.723958333333334,6.8,6.0,100.0,1,4,242.0,2,9,193,6
2024,10,sargeant,Logan Sargeant,williams,Williams,20.0,19,20.0,16.266666666666666,17.333333333333332,17.8,17.0,0.0,0,0,2.0,0,0,30,20
2024,10,stroll,Lance Stroll,aston_martin,Aston Martin,14.0,14,7.0,12.196078431372548,14.058823529411764,12.4,11.4,17.0,0,0,58.0,0,0,153,14
2024,10,tsunoda,Yuki Tsunoda,rb,RB F1 Team,17.0,17,14.0,13.4,12.92,11.6,10.4,18.0,0,0,22.0,0,0,75,19
2024,10,zhou,Guanyu Zhou,sauber,Sauber,15.0,15,15.0,14.339622641509434,15.716981132075471,14.8,18.2,0.0,0,0,0.0,0,0,53,13
2024,11,albon,Alexander Albon,williams,Williams,16.0,16,18.0,11.571428571428571,11.822222222222223,16.4,13.2,2.0,0,0,2.0,0,0,91,15
2024,11,alonso,Fernando Alonso,aston_martin,Aston Martin,15.0,15,12.0,8.976,9.052208835341366,11.4,13.0,41.0,0,0,58.0,0,0,250,18
2024,11,bottas,Valtteri Bottas,sauber,Sauber,18.0,18,16.0,8.562231759656653,7.377682403433476,15.2,15.6,0.0,0,0,0.0,0,0,233,16
2024,11,gasly,Pierre Gasly,alpine,Alpine F1 Team,13.0,13,9.0,11.15,11.007194244604317,11.2,11.8,5.0,0,0,8.0,0,0,140,10
2024,11,hamilton,Lewis Hamilton,mercedes,Mercedes,5.0,5,3.0,4.731034482758621,3.720689655172414,5.2,6.6,63.0,0,1,143.0,0,2,290,4
2024,11,hulkenberg,Nico Hülkenberg,haas,Haas F1 Team,9.0,9,11.0,11.958333333333334,10.627906976744185,12.6,13.0,4.0,0,0,5.0,0,0,216,6
2024,11,kevin_magnussen,Kevin Magnussen,haas,Haas F1 Team,12.0,12,17.0,13.637931034482758,13.491329479768787,16.0,16.4,1.0,0,0,13.0,0,0,174,8
2024,11,leclerc,Charles Leclerc,ferrari,Ferrari,6.0,6,5.0,7.888888888888889,6.2444444444444445,6.2,4.6,136.0,1,5,250.0,2,9,135,11
2024,11,max_verstappen,Max Verstappen,red_bull,Red Bull,1.0,1,1.0,5.779487179487179,4.794871794871795,2.2,2.4,203.0,7,8,302.0,7,12,195,5
2024,11,norris,Lando Norris,mclaren,McLaren,2.0,2,2.0,8.219298245614034,7.7105263157894735,2.2,3.2,147.0,1,6,229.0,1,7,114,20
2024,11,ocon,Esteban Ocon,alpine,Alpine F1 Team,10.0,10,10.0,10.972027972027972,11.32394366197183,12.2,12.6,3.0,0,0,9.0,0,0,143,12
2024,11,perez,Sergio Pérez,red_bull,Red Bull,8.0,8,8.0,9.219330855018587,9.83955223880597,11.2,11.0,99.0,0,4,312.0,7,12,269,7
2024,11,piastri,Oscar Piastri,mclaren,McLaren,7.0,7,7.0,9.46875,8.46875,6.2,4.8,82.0,0,1,229.0,1,7,32,2
2024,11,ricciardo,Daniel Ricciardo,rb,RB F1 Team,11.0,11,15.0,10.132530120481928,9.67741935483871,12.6,12.4,4.0,0,0,22.0,0,0,249,9
2024,11,russell,George Russell,mercedes,Mercedes,3.0,3,4.0,11.0,11.008771929824562,5.4,4.6,80.0,0,1,155.0,0,2,114,1
2024,11,sainz,Carlos Sainz,ferrari,Ferrari,4.0,4,6.0,9.510309278350515,8.709844559585493,7.0,5.8,108.0,1,4,250.0,2,9,194,3
2024,11,sargeant,Logan Sargeant,williams,Williams,19.0,19,20.0,16.387096774193548,17.419354838709676,18.4,17.0,0.0,0,0,2.0,0,0,31,19
2024,11,stroll,Lance Stroll,aston_martin,Aston Martin,17.0,17,14.0,12.207792207792208,14.058441558441558,12.2,12.0,17.0,0,0,58.0,0,0,154,13
2024,11,tsunoda,Yuki Tsunoda,rb,RB F1 Team,14.0,14,19.0,13.473684210526315,12.973684210526315,11.6,10.0,18.0,0,0,24.0,0,0,76,14
2024,11,zhou,Guanyu Zhou,sauber,Sauber,20.0,20,13.0,14.314814814814815,15.703703703703704,14.6,18.0,0.0,0,0,0.0,0,0,54,17
2024,12,albon,Alexander Albon,williams,Williams,9.0,9,15.0,11.608695652173912,11.868131868131869,15.8,13.6,2.0,0,0,2.0,0,0,92,9
2024,12,alonso,Fernando Alonso,aston_martin,Aston Martin,10.0,10,18.0,9.01195219123506,9.076,13.2,13.0,41.0,0,0,58.0,0,0,251,8
2024,12,bottas,Valtteri Bottas,sauber,Sauber,16.0,16,16.0,8.594017094017094,7.423076923076923,15.2,16.0,0.0,0,0,0.0,0,0,234,15
2024,12,gasly,Pierre Gasly,alpine,Alpine F1 Team,20.0,19,10.0,11.141843971631205,11.021428571428572,10.8,12.0,6.0,0,0,9.0,0,0,141,20
2024,12,hamilton,Lewis Hamilton,mercedes,Mercedes,2.0,2,4.0,4.7285223367697595,3.725085910652921,4.8,6.0,75.0,0,1,180.0,1,3,291,1
2024,12,hulkenberg,Nico Hülkenberg,haas,Haas F1 Team,6.0,6,6.0,11.930875576036867,10.62037037037037,11.6,13.0,12.0,0,0,17.0,0,0,217,6
2024,12,kevin_magnussen,Kevin Magnussen,haas,Haas F1 Team,17.0,17,8.0,13.605714285714285,13.482758620689655,13.8,15.0,5.0,0,0,25.0,0,0,175,12
2024,12,leclerc,Charles Leclerc,ferrari,Ferrari,11.0,11,11.0,7.911764705882353,6.242647058823529,7.8,5.4,136.0,1,5,265.0,2,10,136,14
2024,12,max_verstappen,Max Verstappen,red_bull,Red Bull,4.0,4,5.0,5.775510204081633,4.775510204081633,2.8,2.4,213.0,7,8,318.0,7,12,196,2
2024,12,norris,Lando Norris,mclaren,McLaren,3.0,3,20.0,8.321739130434782,7.660869565217391,6.0,2.6,147.0,1,6,247.0,1,8,115,3
2024,12,ocon,Esteban Ocon,alpine,Alpine F1 Team,18.0,18,12.0,10.979166666666666,11.314685314685315,12.6,12.0,3.0,0,0,9.0,0,0,144,16
2024,12,perez,Sergio Pérez,red_bull,Red Bull,19.0,20,7.0,9.21111111111111,9.83271375464684,11.8,11.8,105.0,0,4,336.0,7,13,270,17
2024,12,piastri,Oscar Piastri,mclaren,McLaren,5.0,5,2.0,9.242424242424242,8.424242424242424,4.0,5.0,100.0,0,2,262.0,1,9,33,4
2024,12,ricciardo,Daniel Ricciardo,rb,RB F1 Team,15.0,15,9.0,10.128,9.682730923694779,11.4,11.0,6.0,0,0,24.0,0,0,250,13
2024,12,russell,George Russell,mercedes,Mercedes,1.0,1,1.0,10.91304347826087,10.939130434782609,4.0,3.8,105.0,1,2,205.0,2,4,115,19
2024,12,sainz,Carlos Sainz,ferrari,Ferrari,7.0,7,3.0,9.476923076923077,8.685567010309278,6.6,6.0,123.0,1,5,265.0,2,10,195,5
2024,12,sargeant,Logan Sargeant,williams,Williams,12.0,12,19.0,16.46875,17.46875,18.2,17.4,0.0,0,0,4.0,0,0,32,11
2024,12,stroll,Lance Stroll,aston_martin,Aston Martin,8.0,8,13.0,12.212903225806452,14.07741935483871,11.4,13.2,17.0,0,0,62.0,0,0,155,7
2024,12,tsunoda,Yuki Tsunoda,rb,RB F1 Team,13.0,13,14.0,13.480519480519481,12.987012987012987,13.0,10.8,18.0,0,0,24.0,0,0,77,10
2024,12,zhou,Guanyu Zhou,sauber,Sauber,14.0,14,17.0,14.363636363636363,15.781818181818181,15.2,18.0,0.0,0,0,0.0,0,0,55,18
2024,13,albon,Alexander Albon,williams,Williams,13.0,13,9.0,11.580645161290322,11.83695652173913,13.6,12.6,4.0,0,0,4.0,0,0,93,14
2024,13,alonso,Fernando Alonso,aston_martin,Aston Martin,7.0,7,8.0,9.007936507936508,9.079681274900398,11.0,11.2,45.0,0,0,68.0,0,0,252,11
2024,13,bottas,Valtteri Bottas,sauber,Sauber,12.0,12,15.0,8.62127659574468,7.459574468085107,14.6,16.0,0.0,0,0,0.0,0,0,235,16
2024,13,gasly,Pierre Gasly,alpine,Alpine F1 Team,20.0,20,20.0,11.204225352112676,11.085106382978724,11.6,13.0,6.0,0,0,9.0,0,0,142,20
2024,13,hamilton,Lewis Hamilton,mercedes,Mercedes,5.0,5,1.0,4.715753424657534,3.719178082191781,3.8,4.8,100.0,1,2,205.0,2,4,292,3
2024,13,hulkenberg,Nico Hülkenberg,haas,Haas F1 Team,11.0,11,6.0,11.903669724770642,10.599078341013826,10.6,12.2,20.0,0,0,25.0,0,0,218,13
2024,13,kevin_magnussen,Kevin Magnussen,haas,Haas F1 Team,15.0,15,12.0,13.596590909090908,13.502857142857144,13.8,14.8,5.0,0,0,25.0,0,0,176,15
2024,13,leclerc,Charles Leclerc,ferrari,Ferrari,6.0,6,14.0,7.956204379562044,6.2773722627737225,10.0,6.8,136.0,1,5,276.0,2,10,137,4
2024,13,max_verstappen,Max Verstappen,red_bull,Red Bull,3.0,3,2.0,5.756345177664975,4.771573604060913,3.0,3.0,231.0,7,9,336.0,7,13,197,5
2024,13,norris,Lando Norris,mclaren,McLaren,1.0,1,3.0,8.275862068965518,7.620689655172414,6.2,2.6,162.0,1,7,274.0,1,9,116,2
2024,13,ocon,Esteban Ocon,alpine,Alpine F1 Team,19.0,19,16.0,11.013793103448275,11.36111111111111,13.0,13.2,3.0,0,0,9.0,0,0,145,18
2024,13,perez,Sergio Pérez,red_bull,Red Bull,16.0,16,17.0,9.239852398523984,9.866666666666667,13.6,13.4,105.0,0,4,346.0,7,13,271,7
2024,13,piastri,Oscar Piastri,mclaren,McLaren,2.0,2,4.0,9.088235294117647,8.323529411764707,4.0,5.6,112.0,0,2,292.0,1,10,34,1
2024,13,ricciardo,Daniel Ricciardo,rb,RB F1 Team,9.0,9,13.0,10.139442231075698,9.704,11.4,12.2,6.0,0,0,25.0,0,0,251,12
2024,13,russell,George Russell,mercedes,Mercedes,17.0,17,19.0,10.982758620689655,10.85344827586207,6.4,2.8,105.0,1,2,220.0,2,5,116,8
2024,13,sainz,Carlos Sainz,ferrari,Ferrari,4.0,4,5.0,9.454081632653061,8.676923076923076,6.6,6.4,134.0,1,5,288.0,2,10,196,6
2024,13,sargeant,Logan Sargeant,williams,Williams,14.0,14,11.0,16.303030303030305,17.303030303030305,17.0,15.8,0.0,0,0,4.0,0,0,33,17
2024,13,stroll,Lance Stroll,aston_martin,Aston Martin,8.0,8,7.0,12.179487179487179,14.038461538461538,11.0,12.2,23.0,0,0,68.0,0,0,156,10
2024,13,tsunoda,Yuki Tsunoda,rb,RB F1 Team,10.0,10,10.0,13.435897435897436,12.987179487179487,13.0,12.0,19.0,0,0,25.0,0,0,78,9
2024,13,zhou,Guanyu Zhou,sauber,Sauber,18.0,18,18.0,14.428571428571429,15.75,15.8,17.4,0.0,0,0,0.0,0,0,56,19
2024,14,albon,Alexander Albon,williams,Williams,11.0,10,14.0,11.606382978723405,11.849462365591398,14.6,13.4,4.0,0,0,4.0,0,0,94,12
2024,14,alonso,Fernando Alonso,aston_martin,Aston Martin,9.0,8,11.0,9.015810276679842,9.071428571428571,11.0,9.8,45.0,0,0,69.0,0,0,253,8
2024,14,bottas,Valtteri Bottas,sauber,Sauber,14.0,14,16.0,8.652542372881356,7.478813559322034,15.2,15.0,0.0,0,0,0.0,0,0,236,15
2024,14,gasly,Pierre Gasly,alpine,Alpine F1 Team,12.0,12,20.0,11.265734265734265,11.147887323943662,13.6,15.0,6.0,0,0,9.0,0,0,143,13
2024,14,hamilton,Lewis Hamilton,mercedes,Mercedes,4.0,3,3.0,4.709897610921502,3.7235494880546076,3.0,4.4,115.0,1,3,225.0,2,5,293,1
2024,14,hulkenberg,Nico Hülkenberg,haas,Haas F1 Team,16.0,16,13.0,11.908675799086758,10.600917431192661,9.4,11.6,20.0,0,0,25.0,0,0,219,18
2024,14,kevin_magnussen,Kevin Magnussen,haas,Haas F1 Team,17.0,17,15.0,13.6045197740113,13.511363636363637,12.8,14.8,5.0,0,0,25.0,0,0,177,14
2024,14,leclerc,Charles Leclerc,ferrari,Ferrari,2.0,1,4.0,7.927536231884058,6.27536231884058,10.6,7.8,148.0,1,5,296.0,2,10,138,3
2024,14,max_verstappen,Max Verstappen,red_bull,Red Bull,1.0,11,5.0,5.752525252525253,4.762626262626263,2.8,2.4,241.0,7,9,352.0,7,13,198,4
2024,14,norris,Lando Norris,mclaren,McLaren,5.0,4,2.0,8.222222222222221,7.564102564102564,5.8,2.0,180.0,1,8,317.0,2,11,117,5
2024,14,ocon,Esteban Ocon,alpine,Alpine F1 Team,10.0,9,18.0,11.061643835616438,11.413793103448276,13.2,14.8,3.0,0,0,9.0,0,0,146,9
2024,14,perez,Sergio Pérez,red_bull,Red Bull,3.0,2,7.0,9.231617647058824,9.88929889298893,11.4,13.4,111.0,0,4,364.0,7,13,272,7
2024,14,piastri,Oscar Piastri,mclaren,McLaren,6.0,5,1.0,8.857142857142858,8.142857142857142,3.8,5.6,137.0,1,3,327.0,2,11,35,2
2024,14,ricciardo,Daniel Ricciardo,rb,RB F1 Team,13.0,13,12.0,10.146825396825397,9.701195219123505,11.4,11.6,6.0,0,0,27.0,0,0,252,10
2024,14,russell,George Russell,mercedes,Mercedes,7.0,6,8.0,10.957264957264957,10.905982905982906,7.0,5.2,110.0,1,2,250.0,3,6,117,20
2024,14,sainz,Carlos Sainz,ferrari,Ferrari,8.0,7,6.0,9.436548223350254,8.653061224489797,7.2,6.6,142.0,1,5,311.0,2,11,197,6
2024,14,sargeant,Logan Sargeant,williams,Williams,19.0,18,17.0,16.323529411764707,17.205882352941178,17.4,15.6,0.0,0,0,4.0,0,0,34,17
2024,14,stroll,Lance Stroll,aston_martin,Aston Martin,15.0,15,10.0,12.165605095541402,14.0,10.2,11.2,24.0,0,0,73.0,0,0,157,11
2024,14,tsunoda,Yuki Tsunoda,rb,RB F1 Team,18.0,20,9.0,13.379746835443038,12.949367088607595,13.2,12.4,21.0,0,0,28.0,0,0,79,16
2024,14,zhou,Guanyu Zhou,sauber,Sauber,20.0,19,19.0,14.508771929824562,15.789473684210526,16.4,17.4,0.0,0,0,0.0,0,0,57,19
2024,15,albon,Alexander Albon,williams,Williams,10.0,19,12.0,11.610526315789473,11.840425531914894,13.6,13.6,4.0,0,0,4.0,0,0,95,14
2024,15,alonso,Fernando Alonso,aston_martin,Aston Martin,7.0,7,8.0,9.011811023622048,9.071146245059289,11.4,10.4,49.0,0,0,73.0,0,0,254,10
2024,15,bottas,Valtteri Bottas,sauber,Sauber,17.0,16,15.0,8.679324894514767,7.506329113924051,15.6,14.4,0.0,0,0,0.0,0,0,237,19
2024,15,gasly,Pierre Gasly,alpine,Alpine F1 Team,9.0,9,13.0,11.277777777777779,11.153846153846153,14.4,14.4,6.0,0,0,11.0,0,0,144,9
2024,15,hamilton,Lewis Hamilton,mercedes,Mercedes,11.0,14,1.0,4.697278911564626,3.7244897959183674,2.4,3.8,140.0,2,4,250.0,3,6,294,8
2024,15,hulkenberg,Nico Hülkenberg,haas,Haas F1 Team,13.0,12,18.0,11.936363636363636,10.625570776255708,10.8,11.0,20.0,0,0,25.0,0,0,220,11
2024,15,kevin_magnussen,Kevin Magnussen,haas,Haas F1 Team,14.0,20,14.0,13.606741573033707,13.531073446327683,13.2,15.4,5.0,0,0,25.0,0,0,178,18
2024,15,leclerc,Charles Leclerc,ferrari,Ferrari,6.0,6,3.0,7.892086330935252,6.244604316546763,7.4,6.0,163.0,1,6,319.0,2,11,139,3
2024,15,max_verstappen,Max Verstappen,red_bull,Red Bull,2.0,2,4.0,5.743718592964824,4.743718592964824,3.4,2.2,253.0,7,9,371.0,7,13,199,2
2024,15,norris,Lando Norris,mclaren,McLaren,1.0,1,5.0,8.194915254237289,7.5423728813559325,6.4,2.4,190.0,1,8,345.0,2,12,118,1
2024,15,ocon,Esteban Ocon,alpine,Alpine F1 Team,16.0,15,9.0,11.047619047619047,11.404109589041095,13.0,13.2,5.0,0,0,13.0,0,0,147,15
2024,15,perez,Sergio Pérez,red_bull,Red Bull,5.0,5,7.0,9.223443223443223,9.863970588235293,9.2,10.8,118.0,0,4,389.0,7,14,273,6
2024,15,piastri,Oscar Piastri,mclaren,McLaren,3.0,3,2.0,8.666666666666666,8.083333333333334,3.2,6.0,155.0,1,4,371.0,3,13,36,4
2024,15,ricciardo,Daniel Ricciardo,rb,RB F1 Team,15.0,13,10.0,10.146245059288537,9.714285714285714,11.8,13.2,7.0,0,0,28.0,0,0,253,12
2024,15,russell,George Russell,mercedes,Mercedes,4.0,4,20.0,11.033898305084746,10.872881355932204,10.4,6.4,110.0,1,2,254.0,3,6,118,7
2024,15,sainz,Carlos Sainz,ferrari,Ferrari,10.0,10,6.0,9.419191919191919,8.649746192893401,5.2,5.8,150.0,1,5,334.0,2,12,198,5
2024,15,sargeant,Logan Sargeant,williams,Williams,20.0,18,17.0,16.34285714285714,17.257142857142856,16.8,16.8,0.0,0,0,4.0,0,0,35,16
2024,15,stroll,Lance Stroll,aston_martin,Aston Martin,8.0,8,11.0,12.158227848101266,14.00632911392405,11.0,12.4,24.0,0,0,74.0,0,0,158,13
2024,15,tsunoda,Yuki Tsunoda,rb,RB F1 Team,12.0,11,16.0,13.4125,13.0125,13.6,14.4,21.0,0,0,28.0,0,0,80,17
2024,15,zhou,Guanyu Zhou,sauber,Sauber,18.0,17,19.0,14.586206896551724,15.862068965517242,17.2,17.4,0.0,0,0,0.0,0,0,58,20
2024,16,albon,Alexander Albon,williams,Williams,9.0,9,14.0,11.635416666666666,11.821052631578947,12.8,11.8,4.0,0,0,4.0,0,0,96,9
2024,16,alonso,Fernando Alonso,aston_martin,Aston Martin,11.0,11,10.0,9.015686274509804,9.062992125984252,11.0,9.6,50.0,0,0,74.0,0,0,255,11
2024,16,bottas,Valtteri Bottas,sauber,Sauber,19.0,19,19.0,8.722689075630251,7.546218487394958,16.2,15.4,0.0,0,0,0.0,0,0,238,16
2024,16,colapinto,Franco Colapinto,williams,Williams,18.0,18,20.0,20.0,20.0,20.0,20.0,0.0,0,0,6.0,0,0,0,12
2024,16,gasly,Pierre Gasly,alpine,Alpine F1 Team,14.0,14,9.0,11.26206896551724,11.13888888888889,14.4,14.8,8.0,0,0,13.0,0,0,145,15
2024,16,hamilton,Lewis Hamilton,mercedes,Mercedes,6.0,6,8.0,4.708474576271186,3.7491525423728813,3.4,5.4,144.0,2,4,260.0,3,6,295,5
2024,16,hulkenberg,Nico Hülkenberg,haas,Haas F1 Team,10.0,10,11.0,11.93212669683258,10.636363636363637,10.8,11.0,20.0,0,0,25.0,0,0,221,17
2024,16,kevin_magnussen,Kevin Magnussen,haas,Haas F1 Team,13.0,13,18.0,13.631284916201118,13.53370786516854,13.4,15.0,5.0,0,0,25.0,0,0,179,10
2024,16,leclerc,Charles Leclerc,ferrari,Ferrari,4.0,4,3.0,7.857142857142857,6.242857142857143,7.0,6.2,178.0,1,7,344.0,2,12,140,1
2024,16,max_verstappen,Max Verstappen,red_bull,Red Bull,7.0,7,2.0,5.725,4.73,3.6,2.2,271.0,7,10,397.0,7,14,200,6
2024,16,norris,Lando Norris,mclaren,McLaren,1.0,1,1.0,8.134453781512605,7.487394957983193,6.2,2.4,216.0,2,9,383.0,3,13,119,3
2024,16,ocon,Esteban Ocon,alpine,Alpine F1 Team,15.0,15,15.0,11.074324324324325,11.435374149659864,14.0,14.6,5.0,0,0,13.0,0,0,148,14
2024,16,perez,Sergio Pérez,red_bull,Red Bull,8.0,8,6.0,9.211678832116789,9.846153846153847,8.8,10.2,126.0,0,4,405.0,7,14,274,8
2024,16,piastri,Oscar Piastri,mclaren,McLaren,2.0,2,4.0,8.54054054054054,7.945945945945946,2.6,4.6,167.0,1,4,399.0,3,14,37,2
2024,16,ricciardo,Daniel Ricciardo,rb,RB F1 Team,12.0,12,12.0,10.153543307086615,9.735177865612648,11.2,12.6,7.0,0,0,28.0,0,0,254,13
2024,16,russell,George Russell,mercedes,Mercedes,3.0,3,7.0,11.0,10.815126050420169,11.0,6.4,116.0,1,2,270.0,3,6,119,7
2024,16,sainz,Carlos Sainz,ferrari,Ferrari,5.0,5,5.0,9.396984924623116,8.656565656565656,5.0,6.6,160.0,1,5,369.0,3,13,199,4
2024,16,stroll,Lance Stroll,aston_martin,Aston Martin,17.0,17,13.0,12.163522012578616,13.968553459119496,10.8,11.2,24.0,0,0,74.0,0,0,159,19
2024,16,tsunoda,Yuki Tsunoda,rb,RB F1 Team,16.0,16,17.0,13.45679012345679,13.0,13.2,13.4,21.0,0,0,28.0,0,0,81,20
2024,16,zhou,Guanyu Zhou,sauber,Sauber,20.0,20,20.0,14.677966101694915,15.898305084745763,18.6,18.0,0.0,0,0,0.0,0,0,59,18
2024,17,albon,Alexander Albon,williams,Williams,10.0,9,9.0,11.608247422680412,11.791666666666666,11.6,10.4,6.0,0,0,6.0,0,0,97,7
2024,17,alonso,Fernando Alonso,aston_martin,Aston Martin,8.0,7,11.0,9.0234375,9.070588235294117,9.6,8.8,50.0,0,0,74.0,0,0,256,6
2024,17,bearman,Oliver Bearman,haas,Haas F1 Team,11.0,10,7.0,7.0,11.0,7.0,11.0,6.0,0,0,26.0,0,0,1,10
2024,17,bottas,Valtteri Bottas,sauber,Sauber,17.0,16,16.0,8.753138075313808,7.594142259414226,16.2,15.6,0.0,0,0,0.0,0,0,239,16
2024,17,colapinto,Franco Colapinto,williams,Williams,9.0,8,12.0,12.0,18.0,12.0,18.0,0.0,0,0,12.0,0,0,1,8
2024,17,gasly,Pierre Gasly,alpine,Alpine F1 Team,15.0,18,15.0,11.287671232876713,11.158620689655173,15.4,15.0,8.0,0,0,13.0,0,0,146,12
2024,17,hamilton,Lewis Hamilton,mercedes,Mercedes,7.0,19,5.0,4.70945945945946,3.7567567567567566,3.6,5.6,154.0,2,4,276.0,3,6,296,9
2024,17,hulkenberg,Nico Hülkenberg,haas,Haas F1 Team,13.0,12,17.0,11.954954954954955,10.633484162895927,13.0,11.2,20.0,0,0,27.0,0,0,222,11
2024,17,leclerc,Charles Leclerc,ferrari,Ferrari,1.0,1,1.0,7.808510638297872,6.226950354609929,5.0,5.8,203.0,2,8,381.0,3,13,141,2
2024,17,max_verstappen,Max Verstappen,red_bull,Red Bull,6.0,6,6.0,5.72636815920398,4.741293532338308,3.8,3.4,279.0,7,10,409.0,7,14,201,5
2024,17,norris,Lando Norris,mclaren,McLaren,16.0,15,3.0,8.091666666666667,7.433333333333334,2.8,2.2,232.0,2,10,417.0,3,15,120,4
2024,17,ocon,Esteban Ocon,alpine,Alpine F1 Team,19.0,20,14.0,11.093959731543624,11.45945945945946,14.4,15.6,5.0,0,0,13.0,0,0,149,15
2024,17,perez,Sergio Pérez,red_bull,Red Bull,4.0,4,8.0,9.207272727272727,9.83941605839416,9.0,10.2,130.0,0,4,419.0,7,14,275,17
2024,17,piastri,Oscar Piastri,mclaren,McLaren,2.0,2,2.0,8.368421052631579,7.7894736842105265,2.6,3.6,185.0,1,5,430.0,3,15,38,1
2024,17,ricciardo,Daniel Ricciardo,rb,RB F1 Team,15.0,14,13.0,10.16470588235294,9.744094488188976,12.0,12.8,7.0,0,0,28.0,0,0,255,13
2024,17,russell,George Russell,mercedes,Mercedes,5.0,5,7.0,10.966666666666667,10.75,12.2,6.4,122.0,1,2,278.0,3,6,120,3
2024,17,sainz,Carlos Sainz,ferrari,Ferrari,3.0,3,4.0,9.37,8.638190954773869,5.2,6.8,172.0,1,5,399.0,3,14,200,18
2024,17,stroll,Lance Stroll,aston_martin,Aston Martin,14.0,13,19.0,12.20625,13.9875,12.0,11.2,24.0,0,0,82.0,0,0,160,19
2024,17,tsunoda,Yuki Tsunoda,rb,RB F1 Team,12.0,11,20.0,13.536585365853659,13.036585365853659,14.4,13.8,21.0,0,0,28.0,0,0,82,20
2024,17,zhou,Guanyu Zhou,sauber,Sauber,18.0,17,18.0,14.733333333333333,15.966666666666667,18.8,18.0,0.0,0,0,0.0,0,0,60,14
2024,18,albon,Alexander Albon,williams,Williams,11.0,11,7.0,11.561224489795919,11.77319587628866,11.2,10.6,12.0,0,0,16.0,0,0,98,20
2024,18,alonso,Fernando Alonso,aston_martin,Aston Martin,7.0,7,6.0,9.011673151750973,9.06640625,9.2,8.4,58.0,0,0,82.0,0,0,257,8
2024,18,bottas,Valtteri Bottas,sauber,Sauber,19.0,19,16.0,8.783333333333333,7.633333333333334,16.4,15.8,0.0,0,0,0.0,0,0,240,16
2024,18,colapinto,Franco Colapinto,williams,Williams,12.0,12,8.0,10.0,13.5,10.0,13.5,4.0,0,0,16.0,0,0,2,11
2024,18,gasly,Pierre Gasly,alpine,Alpine F1 Team,18.0,18,12.0,11.29251700680272,11.184931506849315,13.8,14.0,8.0,0,0,13.0,0,0,147,17
2024,18,hamilton,Lewis Hamilton,mercedes,Mercedes,3.0,3,9.0,4.723905723905724,3.7676767676767677,5.2,6.6,156.0,2,4,293.0,3,7,297,6
2024,18,hulkenberg,Nico Hülkenberg,haas,Haas F1 Team,6.0,6,11.0,11.95067264573991,10.644144144144144,14.0,12.6,20.0,0,0,27.0,0,0,223,9
2024,18,kevin_magnussen,Kevin Magnussen,haas,Haas F1 Team,14.0,14,10.0,13.61111111111111,13.53072625698324,13.8,15.2,6.0,0,0,29.0,0,0,180,19
2024,18,leclerc,Charles Leclerc,ferrari,Ferrari,9.0,9,2.0,7.767605633802817,6.190140845070423,2.6,3.8,221.0,2,9,399.0,3,14,142,5
2024,18,max_verstappen,Max Verstappen,red_bull,Red Bull,2.0,2,5.0,5.7227722772277225,4.747524752475248,4.4,3.8,289.0,7,10,419.0,7,14,202,2
2024,18,norris,Lando Norris,mclaren,McLaren,1.0,1,4.0,8.057851239669422,7.5041322314049586,3.0,4.8,245.0,2,10,455.0,4,16,121,1
2024,18,ocon,Esteban Ocon,alpine,Alpine F1 Team,15.0,15,15.0,11.12,11.51006711409396,14.2,15.8,5.0,0,0,13.0,0,0,150,13
2024,18,perez,Sergio Pérez,red_bull,Red Bull,13.0,13,17.0,9.235507246376812,9.818181818181818,9.0,7.2,130.0,0,4,437.0,7,15,276,10
2024,18,piastri,Oscar Piastri,mclaren,McLaren,5.0,5,1.0,8.179487179487179,7.641025641025641,2.0,3.0,210.0,2,6,480.0,5,17,39,3
2024,18,ricciardo,Daniel Ricciardo,rb,RB F1 Team,16.0,16,13.0,10.17578125,9.764705882352942,12.0,12.8,7.0,0,0,28.0,0,0,256,18
2024,18,russell,George Russell,mercedes,Mercedes,4.0,4,3.0,10.900826446280991,10.702479338842975,9.0,7.2,137.0,1,3,301.0,3,7,121,4
2024,18,sainz,Carlos Sainz,ferrari,Ferrari,10.0,10,18.0,9.412935323383085,8.61,7.8,6.0,172.0,1,5,409.0,3,14,201,7
2024,18,stroll,Lance Stroll,aston_martin,Aston Martin,17.0,17,19.0,12.248447204968944,13.987577639751553,14.4,12.4,24.0,0,0,86.0,0,0,161,14
2024,18,tsunoda,Yuki Tsunoda,rb,RB F1 Team,8.0,8,20.0,13.614457831325302,13.024096385542169,16.4,13.6,21.0,0,0,28.0,0,0,83,12
2024,18,zhou,Guanyu Zhou,sauber,Sauber,20.0,20,14.0,14.721311475409836,16.0,18.0,18.8,0.0,0,0,0.0,0,0,61,15
2024,19,albon,Alexander Albon,williams,Williams,16.0,14,20.0,11.646464646464647,11.76530612244898,12.4,10.2,12.0,0,0,16.0,0,0,99,16
2024,19,alonso,Fernando Alonso,aston_martin,Aston Martin,8.0,7,8.0,9.007751937984496,9.058365758754864,8.6,8.4,62.0,0,0,86.0,0,0,258,13
2024,19,bottas,Valtteri Bottas,sauber,Sauber,18.0,16,16.0,8.813278008298756,7.680497925311204,16.4,17.2,0.0,0,0,0.0,0,0,241,17
2024,19,colapinto,Franco Colapinto,williams,Williams,17.0,15,11.0,10.333333333333334,13.0,10.333333333333334,13.0,4.0,0,0,16.0,0,0,3,10
2024,19,gasly,Pierre Gasly,alpine,Alpine F1 Team,7.0,6,17.0,11.33108108108108,11.231292517006803,13.2,13.6,8.0,0,0,13.0,0,0,148,12
2024,19,hamilton,Lewis Hamilton,mercedes,Mercedes,19.0,17,6.0,4.728187919463087,3.7651006711409396,5.8,6.2,164.0,2,4,313.0,3,7,298,20
2024,19,hulkenberg,Nico Hülkenberg,haas,Haas F1 Team,12.0,11,9.0,11.9375,10.623318385650224,13.2,11.6,22.0,0,0,29.0,0,0,224,8
2024,19,kevin_magnussen,Kevin Magnussen,haas,Haas F1 Team,9.0,8,19.0,13.640883977900552,13.533333333333333,15.2,14.6,6.0,0,0,33.0,0,0,181,11
2024,19,lawson,Liam Lawson,rb,RB F1 Team,15.0,19,17.0,12.2,14.2,12.2,14.2,0.0,0,0,28.0,0,0,5,9
2024,19,leclerc,Charles Leclerc,ferrari,Ferrari,4.0,4,5.0,7.748251748251748,6.20979020979021,2.8,4.4,231.0,2,9,415.0,3,14,143,1
2024,19,max_verstappen,Max Verstappen,red_bull,Red Bull,2.0,2,2.0,5.704433497536946,4.733990147783251,3.8,3.6,307.0,7,11,438.0,7,15,203,3
2024,19,norris,Lando Norris,mclaren,McLaren,1.0,1,1.0,8.0,7.450819672131147,2.8,4.8,270.0,3,11,495.0,5,18,122,4
2024,19,ocon,Esteban Ocon,alpine,Alpine F1 Team,13.0,12,13.0,11.132450331125828,11.533333333333333,13.2,15.0,5.0,0,0,13.0,0,0,151,18
2024,19,perez,Sergio Pérez,red_bull,Red Bull,10.0,9,10.0,9.23826714801444,9.829710144927537,9.6,6.6,131.0,0,4,453.0,7,16,277,7
2024,19,piastri,Oscar Piastri,mclaren,McLaren,5.0,5,3.0,8.05,7.575,2.4,3.6,225.0,2,7,507.0,5,18,40,5
2024,19,russell,George Russell,mercedes,Mercedes,6.0,20,4.0,10.844262295081966,10.647540983606557,8.2,4.6,149.0,1,3,313.0,3,7,122,6
2024,19,sainz,Carlos Sainz,ferrari,Ferrari,3.0,3,7.0,9.400990099009901,8.616915422885572,8.0,7.2,178.0,1,5,440.0,4,15,202,2
2024,19,stroll,Lance Stroll,aston_martin,Aston Martin,14.0,13,14.0,12.25925925925926,14.006172839506172,15.2,14.2,24.0,0,0,86.0,0,0,162,15
2024,19,tsunoda,Yuki Tsunoda,rb,RB F1 Team,11.0,10,12.0,13.595238095238095,12.964285714285714,17.0,13.2,21.0,0,0,30.0,0,0,84,14
2024,19,zhou,Guanyu Zhou,sauber,Sauber,20.0,18,15.0,14.725806451612904,16.06451612903226,17.2,19.2,0.0,0,0,0.0,0,0,62,19
2024,20,albon,Alexander Albon,williams,Williams,9.0,9,16.0,11.69,11.808080808080808,13.2,11.2,12.0,0,0,17.0,0,0,100,19
2024,20,alonso,Fernando Alonso,aston_martin,Aston Martin,13.0,13,13.0,9.023166023166024,9.054263565891473,9.6,8.2,62.0,0,0,86.0,0,0,259,18
2024,20,bottas,Valtteri Bottas,sauber,Sauber,15.0,15,17.0,8.847107438016529,7.723140495867769,16.8,18.0,0.0,0,0,0.0,0,0,242,14
2024,20,colapinto,Franco Colapinto,williams,Williams,16.0,16,10.0,10.25,14.0,10.25,14.0,5.0,0,0,17.0,0,0,4,12
2024,20,gasly,Pierre Gasly,alpine,Alpine F1 Team,8.0,8,12.0,11.335570469798657,11.202702702702704,13.0,12.6,8.0,0,0,13.0,0,0,149,10
2024,20,hamilton,Lewis Hamilton,mercedes,Mercedes,6.0,6,20.0,4.7792642140468224,3.8160535117056855,9.6,9.2,164.0,2,4,321.0,3,7,299,4
2024,20,hulkenberg,Nico Hülkenberg,haas,Haas F1 Team,10.0,10,8.0,11.92,10.629464285714286,11.2,10.8,26.0,0,0,33.0,0,0,225,9
2024,20,kevin_magnussen,Kevin Magnussen,haas,Haas F1 Team,7.0,7,11.0,13.626373626373626,13.508287292817679,14.4,13.4,6.0,0,0,35.0,0,0,182,7
2024,20,lawson,Liam Lawson,rb,RB F1 Team,12.0,12,9.0,11.666666666666666,14.333333333333334,11.4,13.2,2.0,0,0,30.0,0,0,6,16
2024,20,leclerc,Charles Leclerc,ferrari,Ferrari,4.0,4,1.0,7.701388888888889,6.194444444444445,2.4,4.8,256.0,3,10,458.0,4,16,144,3
2024,20,max_verstappen,Max Verstappen,red_bull,Red Bull,2.0,2,3.0,5.6911764705882355,4.720588235294118,3.6,3.8,322.0,7,12,459.0,7,16,204,6
2024,20,norris,Lando Norris,mclaren,McLaren,3.0,3,4.0,7.967479674796748,7.3983739837398375,2.6,4.0,282.0,3,11,517.0,5,18,123,2
2024,20,ocon,Esteban Ocon,alpine,Alpine F1 Team,19.0,0,18.0,11.177631578947368,11.543046357615895,15.0,15.6,5.0,0,0,14.0,0,0,152,13
2024,20,perez,Sergio Pérez,red_bull,Red Bull,18.0,18,7.0,9.23021582733813,9.830324909747292,9.6,8.0,137.0,0,4,467.0,7,16,278,17
2024,20,piastri,Oscar Piastri,mclaren,McLaren,17.0,17,5.0,7.975609756097561,7.512195121951219,3.0,3.4,235.0,2,7,535.0,5,19,41,8
2024,20,russell,George Russell,mercedes,Mercedes,5.0,5,6.0,10.804878048780488,10.609756097560975,5.4,4.4,157.0,1,3,333.0,3,7,123,5
2024,20,sainz,Carlos Sainz,ferrari,Ferrari,1.0,1,2.0,9.364532019704434,8.589108910891088,7.2,6.2,196.0,1,6,474.0,4,17,203,1
2024,20,stroll,Lance Stroll,aston_martin,Aston Martin,14.0,14,15.0,12.276073619631902,14.006134969325153,16.0,14.0,24.0,0,0,86.0,0,0,163,11
2024,20,tsunoda,Yuki Tsunoda,rb,RB F1 Team,11.0,11,14.0,13.6,12.941176470588236,16.6,11.8,21.0,0,0,30.0,0,0,85,20
2024,20,zhou,Guanyu Zhou,sauber,Sauber,20.0,19,19.0,14.793650793650794,16.126984126984127,17.2,19.2,0.0,0,0,0.0,0,0,63,15
2024,21,albon,Alexander Albon,williams,Williams,7.0,7,19.0,11.762376237623762,11.78,14.2,11.0,12.0,0,0,17.0,0,0,101,18
2024,21,alonso,Fernando Alonso,aston_martin,Aston Martin,9.0,9,18.0,9.057692307692308,9.069498069498069,11.2,9.4,62.0,0,0,86.0,0,0,260,14
2024,21,bearman,Oliver Bearman,haas,Haas F1 Team,17.0,15,10.0,8.5,11.0,8.5,11.0,7.0,0,0,41.0,0,0,2,12
2024,21,bottas,Valtteri Bottas,sauber,Sauber,11.0,11,14.0,8.868312757201647,7.753086419753086,15.8,17.6,0.0,0,0,0.0,0,0,243,13
2024,21,colapinto,Franco Colapinto,williams,Williams,18.0,16,12.0,10.6,14.4,10.6,14.4,5.0,0,0,17.0,0,0,5,17
2024,21,gasly,Pierre Gasly,alpine,Alpine F1 Team,15.0,13,10.0,11.326666666666666,11.181208053691275,13.2,12.4,9.0,0,0,14.0,0,0,150,3
2024,21,hamilton,Lewis Hamilton,mercedes,Mercedes,16.0,14,4.0,4.776666666666666,3.8233333333333333,8.8,8.2,176.0,2,4,343.0,3,7,300,10
2024,21,hulkenberg,Nico Hülkenberg,haas,Haas F1 Team,19.0,18,9.0,11.9070796460177,10.626666666666667,10.8,10.2,28.0,0,0,41.0,0,0,226,20
2024,21,lawson,Liam Lawson,rb,RB F1 Team,5.0,5,16.0,12.285714285714286,14.0,12.4,13.2,2.0,0,0,30.0,0,0,7,9
2024,21,leclerc,Charles Leclerc,ferrari,Ferrari,6.0,6,3.0,7.6689655172413795,6.179310344827586,2.4,4.4,272.0,3,11,499.0,5,18,145,5
2024,21,max_verstappen,Max Verstappen,red_bull,Red Bull,12.0,17,6.0,5.692682926829268,4.7073170731707314,4.4,3.8,330.0,7,12,467.0,7,16,205,1
2024,21,norris,Lando Norris,mclaren,McLaren,1.0,1,2.0,7.919354838709677,7.362903225806452,2.8,4.4,300.0,3,12,539.0,5,19,124,6
2024,21,ocon,Esteban Ocon,alpine,Alpine F1 Team,4.0,4,13.0,11.18954248366013,11.592105263157896,14.6,16.2,5.0,0,0,29.0,0,1,153,2
2024,21,perez,Sergio Pérez,red_bull,Red Bull,13.0,12,17.0,9.258064516129032,9.859712230215827,11.8,10.6,137.0,0,4,493.0,8,17,279,11
2024,21,piastri,Oscar Piastri,mclaren,McLaren,8.0,8,8.0,7.976190476190476,7.738095238095238,3.8,6.2,239.0,2,7,547.0,5,19,42,8
2024,21,russell,George Russell,mercedes,Mercedes,2.0,2,5.0,10.758064516129032,10.564516129032258,5.0,4.6,167.0,1,3,344.0,3,7,124,4
2024,21,sainz,Carlos Sainz,ferrari,Ferrari,14.0,20,1.0,9.323529411764707,8.551724137931034,6.4,4.4,221.0,2,7,509.0,5,18,204,16
2024,21,stroll,Lance Stroll,aston_martin,Aston Martin,10.0,10,11.0,12.268292682926829,14.00609756097561,15.6,15.2,24.0,0,0,86.0,0,0,164,19
2024,21,tsunoda,Yuki Tsunoda,rb,RB F1 Team,3.0,3,20.0,13.674418604651162,12.918604651162791,17.2,11.6,21.0,0,0,32.0,0,0,86,7
2024,21,zhou,Guanyu Zhou,sauber,Sauber,20.0,19,15.0,14.796875,16.1875,16.2,19.6,0.0,0,0,0.0,0,0,64,15
2024,22,albon,Alexander Albon,williams,Williams,18.0,17,18.0,11.823529411764707,11.732673267326733,16.0,10.6,12.0,0,0,17.0,0,0,102,19
2024,22,alonso,Fernando Alonso,aston_martin,Aston Martin,17.0,16,14.0,9.076628352490422,9.069230769230769,11.8,9.0,62.0,0,0,86.0,0,0,261,11
2024,22,bottas,Valtteri Bottas,sauber,Sauber,19.0,19,13.0,8.885245901639344,7.766393442622951,15.2,16.0,0.0,0,0,0.0,0,0,244,18
2024,22,colapinto,Franco Colapinto,williams,Williams,14.0,20,17.0,11.666666666666666,15.0,11.6,14.4,5.0,0,0,17.0,0,0,6,14
2024,22,gasly,Pierre Gasly,alpine,Alpine F1 Team,3.0,3,3.0,11.271523178807946,11.206666666666667,10.8,12.6,24.0,0,1,47.0,0,2,151,20
2024,22,hamilton,Lewis Hamilton,mercedes,Mercedes,10.0,10,10.0,4.794019933554817,3.8637873754152823,9.8,10.2,177.0,2,4,356.0,3,7,301,2
2024,22,hulkenberg,Nico Hülkenberg,haas,Haas F1 Team,9.0,9,20.0,11.94273127753304,10.663716814159292,11.4,12.0,28.0,0,0,41.0,0,0,227,8
2024,22,kevin_magnussen,Kevin Magnussen,haas,Haas F1 Team,12.0,12,7.0,13.59016393442623,13.472527472527473,13.0,11.4,12.0,0,0,45.0,0,0,183,12
2024,22,lawson,Liam Lawson,rb,RB F1 Team,15.0,14,9.0,11.875,12.875,12.4,12.2,4.0,0,0,38.0,0,0,8,16
2024,22,leclerc,Charles Leclerc,ferrari,Ferrari,4.0,4,5.0,7.6506849315068495,6.178082191780822,3.2,4.8,282.0,3,11,509.0,5,18,146,4
2024,22,max_verstappen,Max Verstappen,red_bull,Red Bull,5.0,5,1.0,5.669902912621359,4.742718446601942,3.4,4.8,356.0,8,13,493.0,8,17,206,5
2024,22,norris,Lando Norris,mclaren,McLaren,6.0,6,6.0,7.904,7.312,3.4,4.4,308.0,3,12,551.0,5,19,125,6
2024,22,ocon,Esteban Ocon,alpine,Alpine F1 Team,11.0,11,2.0,11.12987012987013,11.542483660130719,12.2,14.0,23.0,0,1,47.0,0,2,154,17
2024,22,perez,Sergio Pérez,red_bull,Red Bull,16.0,15,11.0,9.264285714285714,9.870967741935484,12.4,11.6,137.0,0,4,503.0,8,17,280,10
2024,22,piastri,Oscar Piastri,mclaren,McLaren,8.0,8,8.0,7.976744186046512,7.744186046511628,5.0,7.4,243.0,2,7,560.0,5,19,43,7
2024,22,russell,George Russell,mercedes,Mercedes,1.0,1,4.0,10.704,10.496,4.4,4.4,179.0,1,3,374.0,3,8,125,1
2024,22,sainz,Carlos Sainz,ferrari,Ferrari,2.0,2,16.0,9.35609756097561,8.57843137254902,8.8,6.2,221.0,2,7,521.0,5,18,205,3
2024,22,stroll,Lance Stroll,aston_martin,Aston Martin,20.0,18,19.0,12.309090909090909,13.981818181818182,15.6,13.8,24.0,0,0,86.0,0,0,165,15
2024,22,tsunoda,Yuki Tsunoda,rb,RB F1 Team,7.0,7,7.0,13.597701149425287,12.804597701149426,14.6,9.0,27.0,0,0,38.0,0,0,87,9
2024,22,zhou,Guanyu Zhou,sauber,Sauber,13.0,13,15.0,14.8,16.246153846153845,15.6,19.6,0.0,0,0,0.0,0,0,65,13
2024,23,albon,Alexander Albon,williams,Williams,16.0,16,19.0,11.893203883495145,11.794117647058824,18.4,12.2,12.0,0,0,17.0,0,0,103,15
2024,23,alonso,Fernando Alonso,aston_martin,Aston Martin,8.0,8,11.0,9.083969465648854,9.099616858237548,12.8,10.8,62.0,0,0,86.0,0,0,262,7
2024,23,bottas,Valtteri Bottas,sauber,Sauber,13.0,13,18.0,8.922448979591836,7.812244897959184,15.6,16.4,0.0,0,0,0.0,0,0,245,11
2024,23,colapinto,Franco Colapinto,williams,Williams,19.0,19,14.0,12.0,14.857142857142858,12.8,15.4,5.0,0,0,17.0,0,0,7,19
2024,23,gasly,Pierre Gasly,alpine,Alpine F1 Team,11.0,11,20.0,11.328947368421053,11.152317880794701,12.4,10.2,24.0,0,1,47.0,0,2,152,5
2024,23,hamilton,Lewis Hamilton,mercedes,Mercedes,6.0,6,2.0,4.78476821192053,3.884105960264901,8.4,10.8,195.0,2,5,399.0,4,9,302,12
2024,23,hulkenberg,Nico Hülkenberg,haas,Haas F1 Team,18.0,18,8.0,11.925438596491228,10.656387665198238,10.8,11.2,32.0,0,0,45.0,0,0,228,16
2024,23,kevin_magnussen,Kevin Magnussen,haas,Haas F1 Team,10.0,10,12.0,13.581521739130435,13.46448087431694,11.8,11.0,12.0,0,0,45.0,0,0,184,9
2024,23,lawson,Liam Lawson,rb,RB F1 Team,17.0,17,16.0,12.333333333333334,13.11111111111111,13.4,13.0,4.0,0,0,40.0,0,0,9,14
2024,23,leclerc,Charles Leclerc,ferrari,Ferrari,5.0,5,4.0,7.625850340136054,6.163265306122449,3.6,5.4,294.0,3,11,536.0,5,19,147,2
2024,23,max_verstappen,Max Verstappen,red_bull,Red Bull,1.0,2,5.0,5.666666666666667,4.743961352657005,3.4,4.6,366.0,8,13,504.0,8,17,207,1
2024,23,norris,Lando Norris,mclaren,McLaren,3.0,3,6.0,7.888888888888889,7.301587301587301,3.8,2.4,317.0,3,12,566.0,5,19,126,10
2024,23,ocon,Esteban Ocon,alpine,Alpine F1 Team,20.0,20,17.0,11.167741935483871,11.53896103896104,12.6,12.4,23.0,0,1,57.0,0,2,155,20
2024,23,perez,Sergio Pérez,red_bull,Red Bull,9.0,9,10.0,9.266903914590747,9.892857142857142,11.0,14.0,138.0,0,4,529.0,9,18,281,17
2024,23,piastri,Oscar Piastri,mclaren,McLaren,4.0,4,7.0,7.954545454545454,7.75,6.2,8.6,249.0,2,7,568.0,5,19,44,3
2024,23,russell,George Russell,mercedes,Mercedes,2.0,1,1.0,10.626984126984127,10.420634920634921,4.0,3.6,204.0,2,4,399.0,4,9,126,4
2024,23,sainz,Carlos Sainz,ferrari,Ferrari,7.0,7,3.0,9.325242718446601,8.546341463414635,5.8,6.0,236.0,2,8,554.0,5,20,206,6
2024,23,stroll,Lance Stroll,aston_martin,Aston Martin,15.0,15,15.0,12.325301204819278,14.018072289156626,14.8,15.0,24.0,0,0,92.0,0,0,166,18
2024,23,tsunoda,Yuki Tsunoda,rb,RB F1 Team,14.0,14,9.0,13.545454545454545,12.738636363636363,12.4,8.0,29.0,0,0,40.0,0,0,88,13
2024,23,zhou,Guanyu Zhou,sauber,Sauber,12.0,12,13.0,14.772727272727273,16.196969696969695,15.4,18.6,0.0,0,0,0.0,0,0,66,8
2024,24,albon,Alexander Albon,williams,Williams,16.0,18,15.0,11.923076923076923,11.83495145631068,17.4,13.2,12.0,0,0,17.0,0,0,104,11
2024,24,alonso,Fernando Alonso,aston_martin,Aston Martin,8.0,8,7.0,9.076045627376425,9.095419847328245,12.6,11.0,68.0,0,0,92.0,0,0,263,9
2024,24,bottas,Valtteri Bottas,sauber,Sauber,9.0,9,11.0,8.93089430894309,7.833333333333333,14.6,15.2,0.0,0,0,4.0,0,0,246,18
2024,24,colapinto,Franco Colapinto,williams,Williams,19.0,20,19.0,12.875,15.375,14.4,16.8,5.0,0,0,17.0,0,0,8,19
2024,24,doohan,Jack Doohan,alpine,Alpine F1 Team,20.0,17,20.0,20.0,20.0,20.0,20.0,0.0,0,0,57.0,0,2,0,15
2024,24,gasly,Pierre Gasly,alpine,Alpine F1 Team,6.0,5,5.0,11.287581699346406,11.151315789473685,10.0,8.8,34.0,0,1,57.0,0,2,153,7
2024,24,hamilton,Lewis Hamilton,mercedes,Mercedes,18.0,16,12.0,4.808580858085809,3.891089108910891,9.6,11.4,195.0,2,5,411.0,4,9,303,4
2024,24,hulkenberg,Nico Hülkenberg,haas,Haas F1 Team,4.0,7,16.0,11.943231441048034,10.68859649122807,12.2,13.6,32.0,0,0,47.0,0,0,229,8
2024,24,kevin_magnussen,Kevin Magnussen,haas,Haas F1 Team,15.0,14,9.0,13.556756756756757,13.445652173913043,11.6,10.4,14.0,0,0,51.0,0,0,185,16
2024,24,lawson,Liam Lawson,rb,RB F1 Team,12.0,12,14.0,12.5,13.5,12.8,12.8,4.0,0,0,40.0,0,0,10,17
2024,24,leclerc,Charles Leclerc,ferrari,Ferrari,14.0,19,2.0,7.587837837837838,6.155405405405405,3.0,4.6,312.0,3,12,562.0,5,20,148,3
2024,24,max_verstappen,Max Verstappen,red_bull,Red Bull,5.0,4,1.0,5.644230769230769,4.725961538461538,3.2,4.4,391.0,9,14,529.0,9,18,208,6
2024,24,norris,Lando Norris,mclaren,McLaren,1.0,1,10.0,7.905511811023622,7.267716535433071,5.6,2.8,319.0,3,12,583.0,5,20,127,1
2024,24,perez,Sergio Pérez,red_bull,Red Bull,10.0,10,17.0,9.294326241134751,9.88967971530249,12.4,13.2,138.0,0,4,537.0,9,18,282,20
2024,24,piastri,Oscar Piastri,mclaren,McLaren,2.0,2,3.0,7.844444444444444,7.666666666666667,6.2,8.4,264.0,2,8,608.0,6,21,45,10
2024,24,russell,George Russell,mercedes,Mercedes,7.0,6,4.0,10.5748031496063,10.354330708661417,4.0,3.2,216.0,2,4,423.0,4,9,127,5
2024,24,sainz,Carlos Sainz,ferrari,Ferrari,3.0,3,6.0,9.309178743961352,8.53883495145631,5.6,5.4,244.0,2,8,577.0,5,21,207,2
2024,24,stroll,Lance Stroll,aston_martin,Aston Martin,13.0,13,18.0,12.359281437125748,14.023952095808383,15.6,14.6,24.0,0,0,94.0,0,0,167,14
2024,24,tsunoda,Yuki Tsunoda,rb,RB F1 Team,11.0,11,13.0,13.539325842696629,12.752808988764045,12.6,9.2,29.0,0,0,40.0,0,0,89,12
2024,24,zhou,Guanyu Zhou,sauber,Sauber,17.0,15,8.0,14.671641791044776,16.134328358208954,14.0,17.0,4.0,0,0,4.0,0,0,67,13
2025,1,albon,Alexander Albon,williams,Williams,6.0,6,11.0,11.914285714285715,11.875,16.4,13.2,0.0,0,0,0.0,0,0,105,5
2025,1,alonso,Fernando Alonso,aston_martin,Aston Martin,12.0,12,9.0,9.075757575757576,9.091254752851711,11.8,11.0,0.0,0,0,0.0,0,0,264,17
2025,1,antonelli,Andrea Kimi Antonelli,mercedes,Mercedes,16.0,16,20.0,20.0,20.0,20.0,20.0,0.0,0,0,0.0,0,0,0,4
2025,1,bearman,Oliver Bearman,haas,Haas F1 Team,20.0,20,12.0,9.666666666666666,13.0,9.666666666666666,13.0,0.0,0,0,0.0,0,0,3,14
2025,1,bortoleto,Gabriel Bortoleto,sauber,Sauber,15.0,15,20.0,20.0,20.0,20.0,20.0,0.0,0,0,0.0,0,0,0,16
2025,1,doohan,Jack Doohan,alpine,Alpine F1 Team,14.0,14,15.0,15.0,20.0,15.0,20.0,0.0,0,0,0.0,0,0,1,19
2025,1,gasly,Pierre Gasly,alpine,Alpine F1 Team,9.0,9,7.0,11.25974025974026,11.117647058823529,9.0,8.6,0.0,0,0,0.0,0,0,154,11
2025,1,hadjar,Isack Hadjar,rb,RB F1 Team,11.0,11,20.0,20.0,20.0,20.0,20.0,0.0,0,0,0.0,0,0,0,20
2025,1,hamilton,Lewis Hamilton,ferrari,Ferrari,8.0,8,4.0,4.805921052631579,3.9375,6.4,11.2,0.0,0,0,0.0,0,0,304,10
2025,1,hulkenberg,Nico Hülkenberg,sauber,Sauber,17.0,17,8.0,11.92608695652174,10.65938864628821,12.2,12.0,0.0,0,0,0.0,0,0,230,7
2025,1,lawson,Liam Lawson,red_bull,Red Bull,18.0,18,17.0,12.909090909090908,13.363636363636363,14.4,12.2,0.0,0,0,0.0,0,0,11,15
2025,1,leclerc,Charles Leclerc,ferrari,Ferrari,7.0,7,3.0,7.557046979865772,6.208053691275167,3.4,6.6,0.0,0,0,1.0,0,0,149,8
2025,1,max_verstappen,Max Verstappen,red_bull,Red Bull,3.0,3,6.0,5.645933014354067,4.7272727272727275,3.8,5.0,0.0,0,0,0.0,0,0,209,2
2025,1,norris,Lando Norris,mclaren,McLaren,1.0,1,1.0,7.8515625,7.21875,5.0,2.8,0.0,0,0,0.0,0,0,128,1
2025,1,ocon,Esteban Ocon,haas,Haas F1 Team,19.0,19,20.0,11.224358974358974,11.593548387096774,14.0,13.4,0.0,0,0,0.0,0,0,156,13
2025,1,piastri,Oscar Piastri,mclaren,McLaren,2.0,2,10.0,7.891304347826087,7.543478260869565,7.2,7.8,0.0,0,0,25.0,1,1,46,9
2025,1,russell,George Russell,mercedes,Mercedes,4.0,4,5.0,10.53125,10.328125,3.8,3.4,0.0,0,0,12.0,0,0,128,3
2025,1,sainz,Carlos Sainz,williams,Williams,10.0,10,2.0,9.274038461538462,8.51207729468599,5.6,5.4,0.0,0,0,10.0,0,0,208,18
2025,1,stroll,Lance Stroll,aston_martin,Aston Martin,13.0,13,14.0,12.369047619047619,14.017857142857142,15.4,14.4,0.0,0,0,0.0,0,0,168,6
2025,1,tsunoda,Yuki Tsunoda,rb,RB F1 Team,5.0,5,12.0,13.522222222222222,12.733333333333333,12.2,9.2,0.0,0,0,0.0,0,0,90,12
2025,2,albon,Alexander Albon,williams,Williams,10.0,10,5.0,11.849056603773585,11.81904761904762,13.6,12.6,10.0,0,0,10.0,0,0,106,7
2025,2,alonso,Fernando Alonso,aston_martin,Aston Martin,13.0,13,17.0,9.105660377358491,9.102272727272727,11.6,10.8,0.0,0,0,8.0,0,0,265,17
2025,2,antonelli,Andrea Kimi Antonelli,mercedes,Mercedes,8.0,8,4.0,4.0,16.0,4.0,16.0,12.0,0,0,27.0,0,1,1,6
2025,2,bearman,Oliver Bearman,haas,Haas F1 Team,17.0,17,14.0,10.75,14.75,10.75,14.75,0.0,0,0,0.0,0,0,4,8
2025,2,bortoleto,Gabriel Bortoleto,sauber,Sauber,19.0,19,16.0,16.0,15.0,16.0,15.0,0.0,0,0,6.0,0,0,1,14
2025,2,doohan,Jack Doohan,alpine,Alpine F1 Team,18.0,18,19.0,17.0,17.0,17.0,17.0,0.0,0,0,0.0,0,0,2,13
2025,2,gasly,Pierre Gasly,alpine,Alpine F1 Team,16.0,16,11.0,11.258064516129032,11.103896103896103,9.2,8.8,0.0,0,0,0.0,0,0,155,20
2025,2,hadjar,Isack Hadjar,rb,RB F1 Team,7.0,7,20.0,20.0,11.0,20.0,11.0,0.0,0,0,0.0,0,0,1,11
2025,2,hamilton,Lewis Hamilton,ferrari,Ferrari,5.0,5,10.0,4.822950819672132,3.9508196721311477,7.6,11.6,1.0,0,0,5.0,0,0,305,19
2025,2,hulkenberg,Nico Hülkenberg,sauber,Sauber,12.0,12,7.0,11.904761904761905,10.68695652173913,11.8,13.4,6.0,0,0,6.0,0,0,231,15
2025,2,lawson,Liam Lawson,red_bull,Red Bull,20.0,20,15.0,13.083333333333334,13.75,14.2,13.4,0.0,0,0,18.0,0,1,12,12
2025,2,leclerc,Charles Leclerc,ferrari,Ferrari,6.0,6,8.0,7.56,6.213333333333333,4.4,7.2,4.0,0,0,5.0,0,0,150,18
2025,2,max_verstappen,Max Verstappen,red_bull,Red Bull,4.0,4,2.0,5.628571428571429,4.719047619047619,3.0,5.2,18.0,0,1,18.0,0,1,210,4
2025,2,norris,Lando Norris,mclaren,McLaren,3.0,3,1.0,7.7984496124031,7.170542635658915,4.8,2.4,25.0,1,1,27.0,1,1,129,2
2025,2,ocon,Esteban Ocon,haas,Haas F1 Team,11.0,11,13.0,11.235668789808917,11.64102564102564,13.0,14.6,0.0,0,0,4.0,0,0,157,5
2025,2,piastri,Oscar Piastri,mclaren,McLaren,1.0,1,9.0,7.914893617021277,7.425531914893617,7.4,4.8,2.0,0,0,45.0,1,2,47,1
2025,2,russell,George Russell,mercedes,Mercedes,2.0,2,3.0,10.472868217054264,10.279069767441861,3.4,3.2,15.0,0,1,35.0,0,1,129,3
2025,2,sainz,Carlos Sainz,williams,Williams,15.0,15,18.0,9.31578947368421,8.51923076923077,9.0,7.2,0.0,0,0,16.0,0,0,209,10
2025,2,stroll,Lance Stroll,aston_martin,Aston Martin,14.0,14,6.0,12.331360946745562,14.011834319526628,14.4,14.2,8.0,0,0,8.0,0,0,169,9
2025,2,tsunoda,Yuki Tsunoda,rb,RB F1 Team,9.0,9,12.0,13.505494505494505,12.648351648351648,10.6,8.0,0.0,0,0,0.0,0,0,91,16
2025,3,albon,Alexander Albon,williams,Williams,9.0,9,7.0,11.80373831775701,11.80188679245283,11.4,13.2,16.0,0,0,17.0,0,0,107,9
2025,3,alonso,Fernando Alonso,aston_martin,Aston Martin,13.0,12,17.0,9.135338345864662,9.116981132075471,12.2,11.6,0.0,0,0,10.0,0,0,266,11
2025,3,antonelli,Andrea Kimi Antonelli,mercedes,Mercedes,6.0,6,6.0,5.0,12.0,5.0,12.0,20.0,0,0,50.0,0,2,2,6
2025,3,bearman,Oliver Bearman,haas,Haas F1 Team,10.0,10,8.0,10.2,15.2,10.2,15.2,4.0,0,0,14.0,0,0,5,10
2025,3,bortoleto,Gabriel Bortoleto,sauber,Sauber,17.0,17,14.0,15.0,17.0,15.0,17.0,0.0,0,0,6.0,0,0,2,19
2025,3,doohan,Jack Doohan,alpine,Alpine F1 Team,19.0,19,13.0,15.666666666666666,17.333333333333332,15.666666666666666,17.333333333333332,0.0,0,0,0.0,0,0,3,15
2025,3,gasly,Pierre Gasly,alpine,Alpine F1 Team,11.0,11,20.0,11.314102564102564,11.135483870967741,12.6,9.0,0.0,0,0,0.0,0,0,156,13
2025,3,hadjar,Isack Hadjar,rb,RB F1 Team,7.0,7,11.0,15.5,9.0,15.5,9.0,0.0,0,0,0.0,0,0,2,8
2025,3,hamilton,Lewis Hamilton,ferrari,Ferrari,8.0,8,19.0,4.869281045751634,3.954248366013072,9.4,9.4,1.0,0,0,5.0,0,0,306,7
2025,3,hulkenberg,Nico Hülkenberg,sauber,Sauber,16.0,16,15.0,11.918103448275861,10.692640692640692,10.8,12.0,6.0,0,0,6.0,0,0,232,16
2025,3,lawson,Liam Lawson,rb,RB F1 Team,14.0,13,12.0,13.0,14.23076923076923,14.8,16.4,0.0,0,0,4.0,0,0,13,17
2025,3,leclerc,Charles Leclerc,ferrari,Ferrari,4.0,4,18.0,7.629139072847682,6.211920529801325,7.0,7.2,4.0,0,0,11.0,0,0,151,4
2025,3,max_verstappen,Max Verstappen,red_bull,Red Bull,1.0,1,4.0,5.62085308056872,4.7156398104265405,3.6,3.6,30.0,0,1,30.0,0,1,211,1
2025,3,norris,Lando Norris,mclaren,McLaren,2.0,2,2.0,7.753846153846154,7.138461538461539,4.0,2.8,43.0,1,2,70.0,2,3,130,2
2025,3,ocon,Esteban Ocon,haas,Haas F1 Team,18.0,18,5.0,11.19620253164557,11.636942675159236,11.4,13.0,10.0,0,0,15.0,0,0,158,18
2025,3,piastri,Oscar Piastri,mclaren,McLaren,3.0,3,1.0,7.770833333333333,7.291666666666667,6.0,3.4,27.0,1,1,88.0,2,4,48,3
2025,3,russell,George Russell,mercedes,Mercedes,5.0,5,3.0,10.415384615384616,10.215384615384615,3.2,3.2,30.0,0,2,58.0,0,2,130,5
2025,3,sainz,Carlos Sainz,williams,Williams,12.0,15,10.0,9.31904761904762,8.55023923444976,7.8,7.4,1.0,0,0,19.0,0,0,210,14
2025,3,stroll,Lance Stroll,aston_martin,Aston Martin,20.0,20,9.0,12.311764705882354,14.011764705882353,12.4,15.0,10.0,0,0,10.0,0,0,170,20
2025,3,tsunoda,Yuki Tsunoda,red_bull,Red Bull,15.0,14,16.0,13.532608695652174,12.608695652173912,12.4,9.2,0.0,0,0,55.0,1,2,92,12
2025,4,albon,Alexander Albon,williams,Williams,15.0,15,9.0,11.777777777777779,11.77570093457944,9.4,11.4,18.0,0,0,19.0,0,0,108,12
2025,4,alonso,Fernando Alonso,aston_martin,Aston Martin,13.0,13,11.0,9.142322097378278,9.131578947368421,12.2,10.8,0.0,0,0,10.0,0,0,267,15
2025,4,antonelli,Andrea Kimi Antonelli,mercedes,Mercedes,4.0,5,6.0,5.333333333333333,10.0,5.333333333333333,10.0,28.0,0,0,68.0,0,2,3,11
2025,4,bearman,Oliver Bearman,haas,Haas F1 Team,20.0,20,10.0,10.166666666666666,14.333333333333334,10.8,15.0,5.0,0,0,15.0,0,0,6,10
2025,4,bortoleto,Gabriel Bortoleto,sauber,Sauber,18.0,18,19.0,16.333333333333332,17.0,16.333333333333332,17.0,0.0,0,0,6.0,0,0,3,18
2025,4,doohan,Jack Doohan,alpine,Alpine F1 Team,11.0,11,15.0,15.5,17.75,15.5,17.75,0.0,0,0,0.0,0,0,4,14
2025,4,gasly,Pierre Gasly,alpine,Alpine F1 Team,5.0,4,13.0,11.32484076433121,11.134615384615385,11.2,10.6,0.0,0,0,0.0,0,0,157,7
2025,4,hadjar,Isack Hadjar,rb,RB F1 Team,12.0,12,8.0,13.0,8.333333333333334,13.0,8.333333333333334,4.0,0,0,4.0,0,0,3,13
2025,4,hamilton,Lewis Hamilton,ferrari,Ferrari,9.0,9,7.0,4.8762214983713354,3.96742671009772,10.4,9.0,7.0,0,0,23.0,0,0,307,5
2025,4,hulkenberg,Nico Hülkenberg,sauber,Sauber,16.0,16,16.0,11.935622317596566,10.71551724137931,12.4,13.4,6.0,0,0,6.0,0,0,233,20
2025,4,lawson,Liam Lawson,rb,RB F1 Team,17.0,17,17.0,13.285714285714286,14.214285714285714,15.0,16.2,0.0,0,0,4.0,0,0,14,16
2025,4,leclerc,Charles Leclerc,ferrari,Ferrari,3.0,2,4.0,7.605263157894737,6.197368421052632,7.0,7.2,16.0,0,0,33.0,0,0,152,4
2025,4,max_verstappen,Max Verstappen,red_bull,Red Bull,7.0,7,1.0,5.599056603773585,4.69811320754717,2.8,2.8,55.0,1,2,55.0,1,2,212,6
2025,4,norris,Lando Norris,mclaren,McLaren,6.0,6,2.0,7.709923664122138,7.099236641221374,3.2,2.0,61.0,1,3,103.0,2,5,131,3
2025,4,ocon,Esteban Ocon,haas,Haas F1 Team,14.0,14,18.0,11.238993710691824,11.677215189873417,14.6,15.8,10.0,0,0,16.0,0,0,159,8
2025,4,piastri,Oscar Piastri,mclaren,McLaren,1.0,1,3.0,7.673469387755102,7.204081632653061,5.2,2.4,42.0,1,2,118.0,2,6,49,1
2025,4,russell,George Russell,mercedes,Mercedes,2.0,3,5.0,10.374045801526718,10.17557251908397,4.0,4.0,40.0,0,2,68.0,0,2,131,2
2025,4,sainz,Carlos Sainz,williams,Williams,8.0,8,14.0,9.341232227488153,8.566666666666666,10.0,9.4,1.0,0,0,19.0,0,0,211,19
2025,4,stroll,Lance Stroll,aston_martin,Aston Martin,19.0,19,20.0,12.35672514619883,14.046783625730994,13.4,15.0,10.0,0,0,10.0,0,0,171,17
2025,4,tsunoda,Yuki Tsunoda,red_bull,Red Bull,10.0,10,12.0,13.516129032258064,12.634408602150538,13.0,10.8,0.0,0,0,63.0,1,2,93,9
2025,5,albon,Alexander Albon,williams,Williams,11.0,11,12.0,11.779816513761467,11.805555555555555,8.8,11.2,18.0,0,0,19.0,0,0,109,9
2025,5,alonso,Fernando Alonso,aston_martin,Aston Martin,13.0,13,15.0,9.164179104477611,9.146067415730338,13.8,11.8,0.0,0,0,10.0,0,0,268,11
2025,5,antonelli,Andrea Kimi Antonelli,mercedes,Mercedes,5.0,5,11.0,6.75,8.5,6.75,8.5,28.0,0,0,86.0,0,3,4,6
2025,5,bearman,Oliver Bearman,haas,Haas F1 Team,15.0,15,10.0,10.142857142857142,15.142857142857142,10.8,16.8,6.0,0,0,20.0,0,0,7,13
2025,5,bortoleto,Gabriel Bortoleto,sauber,Sauber,20.0,20,18.0,16.75,17.25,16.75,17.25,0.0,0,0,6.0,0,0,4,18
2025,5,doohan,Jack Doohan,alpine,Alpine F1 Team,17.0,17,14.0,15.2,16.4,15.2,16.4,0.0,0,0,6.0,0,0,5,17
2025,5,gasly,Pierre Gasly,alpine,Alpine F1 Team,9.0,9,7.0,11.29746835443038,11.095541401273886,11.6,9.4,6.0,0,0,6.0,0,0,158,20
2025,5,hadjar,Isack Hadjar,rb,RB F1 Team,14.0,14,13.0,13.0,9.25,13.0,9.25,4.0,0,0,4.0,0,0,4,10
2025,5,hamilton,Lewis Hamilton,ferrari,Ferrari,7.0,7,5.0,4.876623376623376,3.9837662337662336,9.0,9.6,17.0,0,0,45.0,0,0,308,7
2025,5,hulkenberg,Nico Hülkenberg,sauber,Sauber,18.0,18,20.0,11.97008547008547,10.738197424892704,13.2,13.0,6.0,0,0,6.0,0,0,234,15
2025,5,lawson,Liam Lawson,rb,RB F1 Team,12.0,12,16.0,13.466666666666667,14.4,15.4,16.2,0.0,0,0,5.0,0,0,15,12
2025,5,leclerc,Charles Leclerc,ferrari,Ferrari,4.0,4,4.0,7.5816993464052285,6.176470588235294,7.4,6.8,28.0,0,0,51.0,0,0,153,3
2025,5,max_verstappen,Max Verstappen,red_bull,Red Bull,1.0,1,6.0,5.60093896713615,4.708920187793427,3.8,4.0,63.0,1,2,65.0,1,2,213,2
2025,5,norris,Lando Norris,mclaren,McLaren,10.0,10,3.0,7.674242424242424,7.090909090909091,1.8,2.6,76.0,1,4,143.0,3,7,132,4
2025,5,ocon,Esteban Ocon,haas,Haas F1 Team,19.0,19,8.0,11.21875,11.69182389937107,12.8,16.4,14.0,0,0,20.0,0,0,160,14
2025,5,piastri,Oscar Piastri,mclaren,McLaren,2.0,2,1.0,7.54,7.08,4.8,1.8,67.0,2,3,155.0,3,7,50,1
2025,5,russell,George Russell,mercedes,Mercedes,3.0,3,2.0,10.31060606060606,10.113636363636363,3.6,4.0,58.0,0,3,94.0,0,3,132,5
2025,5,sainz,Carlos Sainz,williams,Williams,6.0,6,19.0,9.38679245283019,8.563981042654028,12.6,9.6,1.0,0,0,21.0,0,0,212,8
2025,5,stroll,Lance Stroll,aston_martin,Aston Martin,16.0,16,17.0,12.383720930232558,14.075581395348838,13.2,15.8,10.0,0,0,10.0,0,0,172,16
2025,5,tsunoda,Yuki Tsunoda,red_bull,Red Bull,8.0,8,9.0,13.46808510638298,12.606382978723405,12.2,10.0,2.0,0,0,83.0,1,3,94,19
2025,6,albon,Alexander Albon,williams,Williams,7.0,7,9.0,11.754545454545454,11.79816513761468,8.4,10.2,20.0,0,0,25.0,0,0,110,5
2025,6,alonso,Fernando Alonso,aston_martin,Aston Martin,17.0,17,11.0,9.17100371747212,9.16044776119403,14.2,12.8,0.0,0,0,10.0,0,0,269,15
2025,6,antonelli,Andrea Kimi Antonelli,mercedes,Mercedes,3.0,3,6.0,6.6,7.8,6.6,7.8,36.0,0,0,104.0,0,3,5,6
2025,6,bearman,Oliver Bearman,haas,Haas F1 Team,20.0,19,13.0,10.5,15.125,11.0,16.4,6.0,0,0,20.0,0,0,8,19
2025,6,bortoleto,Gabriel Bortoleto,sauber,Sauber,13.0,13,18.0,17.0,17.8,17.0,17.8,0.0,0,0,6.0,0,0,5,18
2025,6,doohan,Jack Doohan,alpine,Alpine F1 Team,14.0,14,17.0,15.5,16.5,15.6,15.8,0.0,0,0,6.0,0,0,6,20
2025,6,gasly,Pierre Gasly,alpine,Alpine F1 Team,18.0,20,20.0,11.352201257861635,11.082278481012658,14.2,10.0,6.0,0,0,6.0,0,0,159,13
2025,6,hadjar,Isack Hadjar,rb,RB F1 Team,11.0,11,10.0,12.4,10.2,12.4,10.2,5.0,0,0,5.0,0,0,5,11
2025,6,hamilton,Lewis Hamilton,ferrari,Ferrari,12.0,12,7.0,4.883495145631068,3.9935275080906147,9.6,7.4,23.0,0,0,66.0,0,1,309,8
2025,6,hulkenberg,Nico Hülkenberg,sauber,Sauber,16.0,16,15.0,11.982978723404255,10.76923076923077,14.6,15.8,6.0,0,0,6.0,0,0,235,14
2025,6,lawson,Liam Lawson,rb,RB F1 Team,15.0,15,12.0,13.375,14.25,14.4,16.2,0.0,0,0,5.0,0,0,16,17
2025,6,leclerc,Charles Leclerc,ferrari,Ferrari,8.0,8,3.0,7.5519480519480515,6.162337662337662,7.4,4.8,43.0,0,1,70.0,0,1,154,7
2025,6,max_verstappen,Max Verstappen,red_bull,Red Bull,1.0,1,2.0,5.58411214953271,4.691588785046729,3.0,3.2,81.0,1,3,83.0,1,3,214,4
2025,6,norris,Lando Norris,mclaren,McLaren,2.0,2,4.0,7.646616541353383,7.112781954887218,2.4,4.4,88.0,1,4,180.0,4,8,133,2
2025,6,ocon,Esteban Ocon,haas,Haas F1 Team,9.0,9,14.0,11.236024844720497,11.7375,11.6,16.2,14.0,0,0,20.0,0,0,161,12
2025,6,piastri,Oscar Piastri,mclaren,McLaren,4.0,4,1.0,7.411764705882353,6.980392156862745,3.0,1.8,92.0,3,4,198.0,4,9,51,1
2025,6,russell,George Russell,mercedes,Mercedes,5.0,5,5.0,10.270676691729323,10.06015037593985,3.6,3.2,68.0,0,3,112.0,0,3,133,3
2025,6,sainz,Carlos Sainz,williams,Williams,6.0,6,8.0,9.380281690140846,8.55188679245283,13.8,10.2,5.0,0,0,35.0,0,0,213,9
2025,6,stroll,Lance Stroll,aston_martin,Aston Martin,19.0,18,16.0,12.404624277456648,14.086705202312139,13.6,16.4,10.0,0,0,10.0,0,0,173,16
2025,6,tsunoda,Yuki Tsunoda,red_bull,Red Bull,10.0,10,19.0,13.526315789473685,12.557894736842105,13.6,9.4,2.0,0,0,95.0,1,3,95,10
2025,7,albon,Alexander Albon,williams,Williams,7.0,7,5.0,11.693693693693694,11.754545454545454,8.4,10.4,30.0,0,0,37.0,0,0,111,5
2025,7,alonso,Fernando Alonso,aston_martin,Aston Martin,5.0,5,15.0,9.192592592592593,9.189591078066915,13.8,13.8,0.0,0,0,10.0,0,0,270,11
2025,7,antonelli,Andrea Kimi Antonelli,mercedes,Mercedes,13.0,13,6.0,6.5,7.0,7.0,5.2,44.0,0,0,127.0,0,4,6,19
2025,7,bearman,Oliver Bearman,haas,Haas F1 Team,16.0,19,19.0,11.444444444444445,15.666666666666666,12.0,16.4,6.0,0,0,20.0,0,0,9,17
2025,7,bortoleto,Gabriel Bortoleto,sauber,Sauber,14.0,14,18.0,17.166666666666668,17.0,17.4,17.4,0.0,0,0,6.0,0,0,6,18
2025,7,colapinto,Franco Colapinto,alpine,Alpine F1 Team,15.0,16,19.0,13.555555555555555,15.777777777777779,16.2,17.2,0.0,0,0,6.0,0,0,9,16
2025,7,gasly,Pierre Gasly,alpine,Alpine F1 Team,10.0,10,13.0,11.3625,11.125786163522013,14.6,11.8,6.0,0,0,6.0,0,0,160,13
2025,7,hadjar,Isack Hadjar,rb,RB F1 Team,9.0,9,11.0,12.166666666666666,10.333333333333334,10.6,10.2,5.0,0,0,5.0,0,0,6,9
2025,7,hamilton,Lewis Hamilton,ferrari,Ferrari,12.0,12,8.0,4.893548387096774,4.019354838709678,9.2,8.2,27.0,0,0,76.0,0,1,310,4
2025,7,hulkenberg,Nico Hülkenberg,sauber,Sauber,17.0,17,14.0,11.991525423728813,10.791489361702128,16.0,15.6,6.0,0,0,6.0,0,0,236,12
2025,7,lawson,Liam Lawson,rb,RB F1 Team,16.0,15,17.0,13.588235294117647,14.294117647058824,14.8,15.6,0.0,0,0,7.0,0,0,17,14
2025,7,leclerc,Charles Leclerc,ferrari,Ferrari,11.0,11,7.0,7.548387096774194,6.174193548387096,7.2,5.0,49.0,0,1,88.0,0,1,155,6
2025,7,max_verstappen,Max Verstappen,red_bull,Red Bull,2.0,2,4.0,5.576744186046511,4.674418604651163,3.4,2.8,93.0,1,3,96.0,1,3,215,1
2025,7,norris,Lando Norris,mclaren,McLaren,4.0,4,2.0,7.604477611940299,7.074626865671642,2.6,4.6,106.0,1,5,223.0,5,10,134,2
2025,7,ocon,Esteban Ocon,haas,Haas F1 Team,18.0,18,12.0,11.24074074074074,11.720496894409937,11.4,14.2,14.0,0,0,20.0,0,0,162,20
2025,7,piastri,Oscar Piastri,mclaren,McLaren,1.0,1,1.0,7.288461538461538,6.923076923076923,1.4,2.2,117.0,4,5,241.0,5,11,52,3
2025,7,russell,George Russell,mercedes,Mercedes,3.0,3,3.0,10.216417910447761,10.022388059701493,3.6,3.4,83.0,0,4,127.0,0,4,134,7
2025,7,sainz,Carlos Sainz,williams,Williams,6.0,6,9.0,9.378504672897197,8.539906103286384,12.0,9.4,7.0,0,0,47.0,0,0,214,8
2025,7,stroll,Lance Stroll,aston_martin,Aston Martin,8.0,8,16.0,12.425287356321839,14.114942528735632,15.6,17.6,10.0,0,0,10.0,0,0,174,15
2025,7,tsunoda,Yuki Tsunoda,red_bull,Red Bull,20.0,20,10.0,13.489583333333334,12.53125,13.2,10.4,3.0,0,0,121.0,2,4,96,10
2025,8,albon,Alexander Albon,williams,Williams,10.0,10,5.0,11.633928571428571,11.711711711711711,8.0,9.8,40.0,0,0,51.0,0,0,112,9
2025,8,alonso,Fernando Alonso,aston_martin,Aston Martin,7.0,6,11.0,9.199261992619926,9.174074074074074,12.6,12.2,0.0,0,0,10.0,0,0,271,19
2025,8,antonelli,Andrea Kimi Antonelli,mercedes,Mercedes,15.0,15,19.0,8.285714285714286,7.857142857142857,9.6,6.2,44.0,0,0,133.0,0,4,7,18
2025,8,bearman,Oliver Bearman,haas,Haas F1 Team,17.0,20,17.0,12.0,15.7,13.8,16.2,6.0,0,0,20.0,0,0,10,12
2025,8,bortoleto,Gabriel Bortoleto,sauber,Sauber,16.0,16,18.0,17.285714285714285,16.571428571428573,18.2,16.4,0.0,0,0,6.0,0,0,7,14
2025,8,colapinto,Franco Colapinto,alpine,Alpine F1 Team,20.0,18,16.0,13.8,15.7,17.0,17.0,0.0,0,0,6.0,0,0,10,13
2025,8,gasly,Pierre Gasly,alpine,Alpine F1 Team,18.0,17,13.0,11.372670807453416,11.11875,13.2,10.6,6.0,0,0,6.0,0,0,161,20
2025,8,hadjar,Isack Hadjar,rb,RB F1 Team,6.0,5,9.0,11.714285714285714,10.142857142857142,10.2,10.6,7.0,0,0,7.0,0,0,7,6
2025,8,hamilton,Lewis Hamilton,ferrari,Ferrari,4.0,7,4.0,4.890675241157556,4.045016077170418,6.2,9.6,39.0,0,0,96.0,0,1,311,5
2025,8,hulkenberg,Nico Hülkenberg,sauber,Sauber,13.0,13,12.0,11.9915611814346,10.817796610169491,15.4,16.6,6.0,0,0,6.0,0,0,237,16
2025,8,lawson,Liam Lawson,rb,RB F1 Team,9.0,9,14.0,13.61111111111111,14.38888888888889,15.2,14.8,0.0,0,0,15.0,0,0,18,8
2025,8,leclerc,Charles Leclerc,ferrari,Ferrari,2.0,2,6.0,7.538461538461538,6.205128205128205,4.8,6.0,57.0,0,1,106.0,0,1,156,2
2025,8,max_verstappen,Max Verstappen,red_bull,Red Bull,5.0,4,1.0,5.555555555555555,4.662037037037037,2.8,2.4,118.0,2,4,122.0,2,4,216,4
2025,8,norris,Lando Norris,mclaren,McLaren,1.0,1,2.0,7.562962962962963,7.051851851851852,2.6,4.8,124.0,1,6,256.0,5,12,135,1
2025,8,ocon,Esteban Ocon,haas,Haas F1 Team,8.0,8,20.0,11.294478527607362,11.75925925925926,14.4,15.6,14.0,0,0,20.0,0,0,163,7
2025,8,piastri,Oscar Piastri,mclaren,McLaren,3.0,3,3.0,7.2075471698113205,6.811320754716981,1.8,2.2,132.0,4,6,281.0,6,13,53,3
2025,8,russell,George Russell,mercedes,Mercedes,14.0,14,7.0,10.192592592592593,9.97037037037037,4.4,3.6,89.0,0,4,133.0,0,4,135,11
2025,8,sainz,Carlos Sainz,williams,Williams,11.0,11,8.0,9.372093023255815,8.52803738317757,11.6,7.6,11.0,0,0,53.0,0,0,215,10
2025,8,stroll,Lance Stroll,aston_martin,Aston Martin,19.0,19,15.0,12.44,14.08,16.8,16.4,10.0,0,0,10.0,0,0,175,15
2025,8,tsunoda,Yuki Tsunoda,red_bull,Red Bull,12.0,12,10.0,13.45360824742268,12.608247422680412,12.0,12.6,4.0,0,0,134.0,2,4,97,17
2025,9,albon,Alexander Albon,williams,Williams,11.0,11,9.0,11.610619469026549,11.696428571428571,8.0,10.0,42.0,0,0,54.0,0,0,113,19
2025,9,alonso,Fernando Alonso,aston_martin,Aston Martin,10.0,10,19.0,9.235294117647058,9.166051660516604,14.2,11.0,0.0,0,0,10.0,0,0,272,9
2025,9,antonelli,Andrea Kimi Antonelli,mercedes,Mercedes,6.0,6,18.0,9.5,8.75,12.0,8.0,44.0,0,0,133.0,0,4,8,18
2025,9,bearman,Oliver Bearman,haas,Haas F1 Team,15.0,14,12.0,12.0,15.818181818181818,14.2,17.6,6.0,0,0,26.0,0,0,11,17
2025,9,bortoleto,Gabriel Bortoleto,sauber,Sauber,12.0,12,14.0,16.875,16.5,17.2,16.2,0.0,0,0,6.0,0,0,8,12
2025,9,colapinto,Franco Colapinto,alpine,Alpine F1 Team,19.0,18,13.0,13.727272727272727,16.09090909090909,16.2,17.4,0.0,0,0,6.0,0,0,11,15
2025,9,gasly,Pierre Gasly,alpine,Alpine F1 Team,8.0,8,20.0,11.425925925925926,11.161490683229813,14.6,12.0,6.0,0,0,6.0,0,0,162,8
2025,9,hadjar,Isack Hadjar,rb,RB F1 Team,9.0,9,6.0,11.0,9.625,9.8,10.4,15.0,0,0,19.0,0,0,8,7
2025,9,hamilton,Lewis Hamilton,ferrari,Ferrari,5.0,5,5.0,4.891025641025641,4.044871794871795,5.8,8.8,49.0,0,0,124.0,0,2,312,6
2025,9,hulkenberg,Nico Hülkenberg,sauber,Sauber,16.0,15,16.0,12.008403361344538,10.827004219409282,15.4,16.0,6.0,0,0,6.0,0,0,238,5
2025,9,lawson,Liam Lawson,rb,RB F1 Team,13.0,13,8.0,13.31578947368421,14.105263157894736,13.4,13.8,4.0,0,0,25.0,0,0,19,11
2025,9,leclerc,Charles Leclerc,ferrari,Ferrari,7.0,7,2.0,7.503184713375796,6.178343949044586,4.4,5.6,75.0,0,2,132.0,0,2,157,3
2025,9,max_verstappen,Max Verstappen,red_bull,Red Bull,3.0,3,4.0,5.548387096774194,4.663594470046083,3.4,3.2,130.0,2,4,134.0,2,4,217,10
2025,9,norris,Lando Norris,mclaren,McLaren,2.0,2,1.0,7.514705882352941,7.007352941176471,2.4,4.6,149.0,2,7,296.0,6,14,136,2
2025,9,ocon,Esteban Ocon,haas,Haas F1 Team,17.0,16,7.0,11.268292682926829,11.736196319018404,12.2,13.6,20.0,0,0,26.0,0,0,164,16
2025,9,piastri,Oscar Piastri,mclaren,McLaren,1.0,1,3.0,7.12962962962963,6.7407407407407405,1.8,2.2,147.0,4,7,314.0,6,15,54,1
2025,9,russell,George Russell,mercedes,Mercedes,4.0,4,11.0,10.198529411764707,10.0,5.6,5.4,89.0,0,4,133.0,0,4,136,4
2025,9,sainz,Carlos Sainz,williams,Williams,18.0,17,10.0,9.375,8.53953488372093,10.8,7.4,12.0,0,0,54.0,0,0,216,14
2025,9,tsunoda,Yuki Tsunoda,red_bull,Red Bull,20.0,19,17.0,13.489795918367347,12.60204081632653,13.0,12.0,4.0,0,0,135.0,2,4,98,13
2025,10,albon,Alexander Albon,williams,Williams,10.0,9,19.0,11.675438596491228,11.690265486725664,9.4,9.2,42.0,0,0,54.0,0,0,114,20
2025,10,alonso,Fernando Alonso,aston_martin,Aston Martin,6.0,6,9.0,9.234432234432234,9.169117647058824,13.0,10.4,2.0,0,0,12.0,0,0,273,7
2025,10,antonelli,Andrea Kimi Antonelli,mercedes,Mercedes,4.0,4,18.0,10.444444444444445,8.444444444444445,13.4,8.4,44.0,0,0,145.0,0,4,9,3
2025,10,bearman,Oliver Bearman,haas,Haas F1 Team,14.0,13,17.0,12.416666666666666,15.75,15.6,16.6,6.0,0,0,26.0,0,0,12,11
2025,10,bortoleto,Gabriel Bortoleto,sauber,Sauber,16.0,15,12.0,16.333333333333332,16.0,16.0,15.0,0.0,0,0,16.0,0,0,9,14
2025,10,colapinto,Franco Colapinto,alpine,Alpine F1 Team,12.0,10,15.0,13.833333333333334,16.333333333333332,16.4,18.4,0.0,0,0,10.0,0,0,12,13
2025,10,gasly,Pierre Gasly,alpine,Alpine F1 Team,20.0,20,8.0,11.404907975460123,11.141975308641975,14.8,12.6,10.0,0,0,10.0,0,0,163,15
2025,10,hadjar,Isack Hadjar,rb,RB F1 Team,9.0,12,7.0,10.555555555555555,9.555555555555555,8.6,9.8,21.0,0,0,25.0,0,0,9,16
2025,10,hamilton,Lewis Hamilton,ferrari,Ferrari,5.0,5,6.0,4.894568690095847,4.047923322683706,6.0,8.0,57.0,0,0,147.0,0,3,313,6
2025,10,hulkenberg,Nico Hülkenberg,sauber,Sauber,13.0,11,5.0,11.97907949790795,10.84873949579832,12.4,16.0,16.0,0,0,16.0,0,0,239,8
2025,10,lawson,Liam Lawson,rb,RB F1 Team,19.0,19,11.0,13.2,14.05,12.4,13.0,4.0,0,0,25.0,0,0,20,19
2025,10,leclerc,Charles Leclerc,ferrari,Ferrari,8.0,8,3.0,7.474683544303797,6.1835443037974684,4.2,6.4,90.0,0,3,155.0,0,3,158,5
2025,10,max_verstappen,Max Verstappen,red_bull,Red Bull,2.0,2,10.0,5.568807339449541,4.655963302752293,4.2,2.4,131.0,2,4,135.0,2,4,218,2
2025,10,norris,Lando Norris,mclaren,McLaren,7.0,7,2.0,7.474452554744525,6.970802919708029,2.2,3.8,167.0,2,8,339.0,7,16,137,18
2025,10,ocon,Esteban Ocon,haas,Haas F1 Team,15.0,14,16.0,11.296969696969697,11.768292682926829,13.8,14.2,20.0,0,0,26.0,0,0,165,9
2025,10,piastri,Oscar Piastri,mclaren,McLaren,3.0,3,1.0,7.0181818181818185,6.636363636363637,1.8,2.2,172.0,5,8,339.0,7,16,55,4
2025,10,russell,George Russell,mercedes,Mercedes,1.0,1,4.0,10.153284671532846,9.956204379562044,6.0,5.8,101.0,0,4,160.0,0,5,137,1
2025,10,sainz,Carlos Sainz,williams,Williams,17.0,16,14.0,9.396313364055299,8.583333333333334,9.8,9.4,12.0,0,0,54.0,0,0,217,10
2025,10,stroll,Lance Stroll,aston_martin,Aston Martin,18.0,17,15.0,12.454545454545455,14.107954545454545,15.8,16.2,10.0,0,0,18.0,0,0,176,17
2025,10,tsunoda,Yuki Tsunoda,red_bull,Red Bull,11.0,18,13.0,13.484848484848484,12.676767676767676,13.8,14.0,4.0,0,0,153.0,2,5,99,12
2025,11,albon,Alexander Albon,williams,Williams,12.0,12,20.0,11.747826086956522,11.675438596491228,11.6,9.0,42.0,0,0,55.0,0,0,115,17
2025,11,alonso,Fernando Alonso,aston_martin,Aston Martin,11.0,11,7.0,9.226277372262773,9.157509157509157,12.2,9.0,8.0,0,0,18.0,0,0,274,7
2025,11,antonelli,Andrea Kimi Antonelli,mercedes,Mercedes,9.0,9,3.0,9.7,8.0,12.8,8.2,59.0,0,1,185.0,1,6,10,19
2025,11,bearman,Oliver Bearman,haas,Haas F1 Team,15.0,15,11.0,12.307692307692308,15.615384615384615,15.2,16.4,6.0,0,0,28.0,0,0,13,11
2025,11,bortoleto,Gabriel Bortoleto,sauber,Sauber,8.0,8,14.0,16.1,16.0,15.2,14.2,0.0,0,0,20.0,0,0,10,8
2025,11,colapinto,Franco Colapinto,alpine,Alpine F1 Team,14.0,14,13.0,13.76923076923077,16.0,15.2,17.0,0.0,0,0,10.0,0,0,13,15
2025,11,gasly,Pierre Gasly,alpine,Alpine F1 Team,10.0,10,15.0,11.426829268292684,11.196319018404909,13.8,14.8,10.0,0,0,10.0,0,0,164,13
2025,11,hadjar,Isack Hadjar,rb,RB F1 Team,13.0,13,16.0,11.1,9.5,9.8,8.8,21.0,0,0,25.0,0,0,10,12
2025,11,hamilton,Lewis Hamilton,ferrari,Ferrari,4.0,4,6.0,4.898089171974522,4.050955414012739,5.8,7.6,65.0,0,0,165.0,0,3,314,4
2025,11,hulkenberg,Nico Hülkenberg,sauber,Sauber,20.0,20,8.0,11.9625,10.857740585774058,11.0,15.0,20.0,0,0,24.0,0,0,240,9
2025,11,lawson,Liam Lawson,rb,RB F1 Team,6.0,6,19.0,13.476190476190476,14.285714285714286,13.8,14.4,4.0,0,0,25.0,0,0,21,6
2025,11,leclerc,Charles Leclerc,ferrari,Ferrari,2.0,2,5.0,7.459119496855346,6.19496855345912,4.6,7.2,100.0,0,3,177.0,0,3,159,3
2025,11,max_verstappen,Max Verstappen,red_bull,Red Bull,7.0,7,2.0,5.552511415525114,4.6438356164383565,4.2,2.6,149.0,2,5,153.0,2,5,219,18
2025,11,norris,Lando Norris,mclaren,McLaren,1.0,1,18.0,7.550724637681159,6.971014492753623,5.0,3.2,167.0,2,8,351.0,7,16,138,1
2025,11,ocon,Esteban Ocon,haas,Haas F1 Team,17.0,17,9.0,11.283132530120483,11.787878787878787,12.8,13.4,22.0,0,0,28.0,0,0,166,10
2025,11,piastri,Oscar Piastri,mclaren,McLaren,3.0,3,4.0,6.964285714285714,6.571428571428571,2.4,2.4,184.0,5,8,376.0,8,17,56,2
2025,11,russell,George Russell,mercedes,Mercedes,5.0,5,1.0,10.08695652173913,9.891304347826088,5.2,5.4,126.0,1,5,185.0,1,6,138,5
2025,11,sainz,Carlos Sainz,williams,Williams,19.0,19,10.0,9.399082568807339,8.622119815668203,10.2,11.6,13.0,0,0,55.0,0,0,218,20
2025,11,stroll,Lance Stroll,aston_martin,Aston Martin,16.0,16,17.0,12.480225988700566,14.129943502824858,15.8,16.0,10.0,0,0,24.0,0,0,177,14
2025,11,tsunoda,Yuki Tsunoda,red_bull,Red Bull,18.0,18,12.0,13.47,12.66,12.4,14.6,4.0,0,0,153.0,2,5,100,16
2025,12,albon,Alexander Albon,williams,Williams,14.0,13,17.0,11.793103448275861,11.678260869565218,14.0,10.0,42.0,0,0,55.0,0,0,116,8
2025,12,alonso,Fernando Alonso,aston_martin,Aston Martin,9.0,7,7.0,9.218181818181819,9.164233576642335,10.6,7.8,14.0,0,0,24.0,0,0,275,9
2025,12,antonelli,Andrea Kimi Antonelli,mercedes,Mercedes,7.0,10,19.0,10.545454545454545,8.090909090909092,15.4,9.4,59.0,0,1,195.0,1,6,11,16
2025,12,bearman,Oliver Bearman,haas,Haas F1 Team,8.0,18,11.0,12.214285714285714,15.571428571428571,13.6,15.4,6.0,0,0,29.0,0,0,14,11
2025,12,bortoleto,Gabriel Bortoleto,sauber,Sauber,17.0,16,8.0,15.363636363636363,15.272727272727273,13.2,13.2,4.0,0,0,26.0,0,0,11,18
2025,12,colapinto,Franco Colapinto,alpine,Alpine F1 Team,20.0,20,15.0,13.857142857142858,15.857142857142858,14.4,16.0,0.0,0,0,10.0,0,0,14,20
2025,12,gasly,Pierre Gasly,alpine,Alpine F1 Team,10.0,8,13.0,11.436363636363636,11.189024390243903,13.8,13.2,10.0,0,0,10.0,0,0,165,6
2025,12,hadjar,Isack Hadjar,rb,RB F1 Team,13.0,12,12.0,11.181818181818182,9.818181818181818,10.0,9.2,21.0,0,0,33.0,0,0,11,17
2025,12,hamilton,Lewis Hamilton,ferrari,Ferrari,5.0,5,4.0,4.895238095238096,4.050793650793651,5.0,6.0,77.0,0,0,192.0,0,4,315,4
2025,12,hulkenberg,Nico Hülkenberg,sauber,Sauber,19.0,19,9.0,11.950207468879668,10.895833333333334,10.0,15.8,22.0,0,0,26.0,0,0,241,3
2025,12,lawson,Liam Lawson,rb,RB F1 Team,16.0,15,6.0,13.136363636363637,13.909090909090908,11.6,12.6,12.0,0,0,33.0,0,0,22,19
2025,12,leclerc,Charles Leclerc,ferrari,Ferrari,6.0,6,3.0,7.43125,6.16875,3.8,6.0,115.0,0,4,204.0,0,4,160,14
2025,12,max_verstappen,Max Verstappen,red_bull,Red Bull,1.0,1,18.0,5.609090909090909,4.654545454545454,7.0,3.8,149.0,2,5,153.0,2,5,220,5
2025,12,norris,Lando Norris,mclaren,McLaren,3.0,3,1.0,7.503597122302159,6.928057553956834,4.8,3.0,192.0,3,9,394.0,8,18,139,1
2025,12,ocon,Esteban Ocon,haas,Haas F1 Team,15.0,14,10.0,11.275449101796408,11.819277108433734,12.4,15.0,23.0,0,0,29.0,0,0,167,13
2025,12,piastri,Oscar Piastri,mclaren,McLaren,2.0,2,2.0,6.87719298245614,6.508771929824562,2.6,2.2,202.0,5,9,419.0,9,19,57,2
2025,12,russell,George Russell,mercedes,Mercedes,4.0,4,5.0,10.050359712230216,9.856115107913668,5.6,5.4,136.0,1,5,195.0,1,6,139,10
2025,12,sainz,Carlos Sainz,williams,Williams,11.0,9,20.0,9.447488584474886,8.669724770642201,12.4,14.2,13.0,0,0,59.0,0,0,219,12
2025,12,stroll,Lance Stroll,aston_martin,Aston Martin,18.0,17,14.0,12.48876404494382,14.140449438202246,15.4,16.0,10.0,0,0,26.0,0,0,178,7
2025,12,tsunoda,Yuki Tsunoda,red_bull,Red Bull,12.0,11,16.0,13.495049504950495,12.712871287128714,13.6,16.2,4.0,0,0,163.0,2,5,101,15
2025,13,albon,Alexander Albon,williams,Williams,5.0,5,8.0,11.760683760683762,11.698275862068966,14.6,11.4,46.0,0,0,59.0,0,0,117,6
2025,13,alonso,Fernando Alonso,aston_martin,Aston Martin,19.0,20,9.0,9.217391304347826,9.163636363636364,10.2,8.6,16.0,0,0,32.0,0,0,276,17
2025,13,antonelli,Andrea Kimi Antonelli,mercedes,Mercedes,18.0,19,16.0,11.0,8.0,14.8,8.2,59.0,0,1,196.0,1,6,12,16
2025,13,bearman,Oliver Bearman,haas,Haas F1 Team,12.0,12,11.0,12.133333333333333,15.066666666666666,12.4,13.8,6.0,0,0,29.0,0,0,15,11
2025,13,bortoleto,Gabriel Bortoleto,sauber,Sauber,10.0,10,18.0,15.583333333333334,15.416666666666666,13.2,13.8,4.0,0,0,41.0,0,1,12,9
2025,13,colapinto,Franco Colapinto,alpine,Alpine F1 Team,17.0,15,20.0,14.266666666666667,16.133333333333333,15.2,17.0,0.0,0,0,18.0,0,0,15,19
2025,13,gasly,Pierre Gasly,alpine,Alpine F1 Team,13.0,13,6.0,11.403614457831326,11.181818181818182,12.4,13.2,18.0,0,0,18.0,0,0,166,10
2025,13,hadjar,Isack Hadjar,rb,RB F1 Team,8.0,8,17.0,11.666666666666666,10.083333333333334,11.6,10.0,21.0,0,0,33.0,0,0,12,20
2025,13,hamilton,Lewis Hamilton,ferrari,Ferrari,16.0,18,4.0,4.8924050632911396,4.05379746835443,5.0,4.6,89.0,0,0,204.0,0,4,316,7
2025,13,hulkenberg,Nico Hülkenberg,sauber,Sauber,14.0,14,3.0,11.913223140495868,10.929460580912863,8.2,16.2,37.0,0,1,43.0,0,1,242,12
2025,13,lawson,Liam Lawson,rb,RB F1 Team,9.0,9,19.0,13.391304347826088,14.0,12.6,12.6,12.0,0,0,33.0,0,0,23,8
2025,13,leclerc,Charles Leclerc,ferrari,Ferrari,3.0,3,14.0,7.472049689440993,6.167701863354037,5.4,5.0,115.0,0,4,210.0,0,4,161,3
2025,13,max_verstappen,Max Verstappen,red_bull,Red Bull,4.0,4,5.0,5.606334841628959,4.638009049773756,7.8,3.6,159.0,2,5,163.0,2,5,221,4
2025,13,norris,Lando Norris,mclaren,McLaren,1.0,1,1.0,7.457142857142857,6.9,4.6,2.8,217.0,4,10,437.0,9,20,140,2
2025,13,ocon,Esteban Ocon,haas,Haas F1 Team,11.0,11,13.0,11.285714285714286,11.838323353293413,11.0,14.4,23.0,0,0,29.0,0,0,168,15
2025,13,piastri,Oscar Piastri,mclaren,McLaren,2.0,2,2.0,6.793103448275862,6.431034482758621,2.4,2.4,220.0,5,10,455.0,9,21,58,1
2025,13,russell,George Russell,mercedes,Mercedes,6.0,6,10.0,10.05,9.814285714285715,6.2,5.6,137.0,1,5,196.0,1,6,140,5
2025,13,sainz,Carlos Sainz,williams,Williams,15.0,17,12.0,9.459090909090909,8.680365296803654,13.2,15.2,13.0,0,0,67.0,0,0,220,18
2025,13,stroll,Lance Stroll,aston_martin,Aston Martin,20.0,16,7.0,12.458100558659218,14.162011173184357,13.6,15.8,16.0,0,0,32.0,0,0,179,14
2025,13,tsunoda,Yuki Tsunoda,red_bull,Red Bull,7.0,7,15.0,13.509803921568627,12.705882352941176,14.6,14.6,4.0,0,0,175.0,2,5,102,13
2025,14,albon,Alexander Albon,williams,Williams,20.0,19,6.0,11.711864406779661,11.64102564102564,14.0,10.4,54.0,0,0,67.0,0,0,118,15
2025,14,alonso,Fernando Alonso,aston_martin,Aston Martin,5.0,5,17.0,9.245487364620939,9.19927536231884,9.8,11.0,16.0,0,0,32.0,0,0,277,5
2025,14,antonelli,Andrea Kimi Antonelli,mercedes,Mercedes,15.0,15,16.0,11.384615384615385,8.76923076923077,14.4,8.8,59.0,0,1,206.0,1,6,13,10
2025,14,bearman,Oliver Bearman,haas,Haas F1 Team,11.0,11,11.0,12.0625,14.875,12.2,12.8,6.0,0,0,29.0,0,0,16,20
2025,14,bortoleto,Gabriel Bortoleto,sauber,Sauber,7.0,7,9.0,15.076923076923077,15.0,12.2,12.6,6.0,0,0,43.0,0,1,13,6
2025,14,colapinto,Franco Colapinto,alpine,Alpine F1 Team,14.0,14,19.0,14.5625,16.1875,16.4,16.4,0.0,0,0,19.0,0,0,16,18
2025,14,gasly,Pierre Gasly,alpine,Alpine F1 Team,17.0,16,10.0,11.395209580838323,11.19277108433735,10.4,12.2,19.0,0,0,19.0,0,0,167,19
2025,14,hadjar,Isack Hadjar,rb,RB F1 Team,10.0,10,20.0,12.307692307692308,9.923076923076923,14.4,10.4,21.0,0,0,37.0,0,0,13,11
2025,14,hamilton,Lewis Hamilton,ferrari,Ferrari,12.0,12,7.0,4.899053627760252,4.091482649842272,5.4,7.0,95.0,0,0,225.0,0,5,317,12
2025,14,hulkenberg,Nico Hülkenberg,sauber,Sauber,19.0,18,12.0,11.91358024691358,10.942148760330578,7.4,16.4,37.0,0,1,51.0,0,1,243,13
2025,14,lawson,Liam Lawson,rb,RB F1 Team,9.0,9,8.0,13.166666666666666,13.791666666666666,12.6,12.6,16.0,0,0,37.0,0,0,24,8
2025,14,leclerc,Charles Leclerc,ferrari,Ferrari,1.0,1,3.0,7.444444444444445,6.148148148148148,5.6,5.2,130.0,0,5,225.0,0,5,162,4
2025,14,max_verstappen,Max Verstappen,red_bull,Red Bull,8.0,8,4.0,5.599099099099099,4.635135135135135,7.8,3.4,171.0,2,5,175.0,2,5,222,9
2025,14,norris,Lando Norris,mclaren,McLaren,3.0,3,2.0,7.418439716312057,6.858156028368795,4.8,2.8,235.0,4,11,480.0,10,22,141,1
2025,14,ocon,Esteban Ocon,haas,Haas F1 Team,18.0,17,15.0,11.307692307692308,11.833333333333334,12.6,15.0,23.0,0,0,29.0,0,0,169,16
2025,14,piastri,Oscar Piastri,mclaren,McLaren,2.0,2,1.0,6.694915254237288,6.3559322033898304,2.0,2.2,245.0,6,11,505.0,11,23,59,2
2025,14,russell,George Russell,mercedes,Mercedes,4.0,4,5.0,10.01418439716312,9.787234042553191,5.0,4.0,147.0,1,5,207.0,1,6,141,3
2025,14,sainz,Carlos Sainz,williams,Williams,13.0,13,18.0,9.497737556561086,8.709090909090909,14.8,16.0,13.0,0,0,67.0,0,0,221,14
2025,14,stroll,Lance Stroll,aston_martin,Aston Martin,6.0,6,14.0,12.466666666666667,14.194444444444445,13.4,18.2,16.0,0,0,42.0,0,0,180,7
2025,14,tsunoda,Yuki Tsunoda,red_bull,Red Bull,16.0,20,13.0,13.504854368932039,12.650485436893204,13.8,13.6,4.0,0,0,177.0,2,5,103,17
2025,15,albon,Alexander Albon,williams,Williams,15.0,15,15.0,11.739495798319327,11.711864406779661,13.2,12.2,54.0,0,0,67.0,0,0,119,5
2025,15,alonso,Fernando Alonso,aston_martin,Aston Martin,10.0,10,5.0,9.23021582733813,9.184115523465705,9.0,10.0,26.0,0,0,48.0,0,0,278,8
2025,15,antonelli,Andrea Kimi Antonelli,mercedes,Mercedes,11.0,11,10.0,11.285714285714286,9.214285714285714,12.8,10.6,60.0,0,1,222.0,1,7,14,16
2025,15,bearman,Oliver Bearman,haas,Haas F1 Team,19.0,20,20.0,12.529411764705882,14.647058823529411,12.8,12.0,6.0,0,0,29.0,0,0,17,6
2025,15,bortoleto,Gabriel Bortoleto,sauber,Sauber,13.0,13,6.0,14.428571428571429,14.428571428571429,11.0,11.6,14.0,0,0,51.0,0,1,14,15
2025,15,colapinto,Franco Colapinto,alpine,Alpine F1 Team,16.0,16,18.0,14.764705882352942,16.058823529411764,17.0,15.4,0.0,0,0,19.0,0,0,17,11
2025,15,gasly,Pierre Gasly,alpine,Alpine F1 Team,14.0,14,19.0,11.44047619047619,11.22754491017964,12.6,14.0,19.0,0,0,19.0,0,0,168,17
2025,15,hadjar,Isack Hadjar,rb,RB F1 Team,4.0,4,11.0,12.214285714285714,9.928571428571429,15.2,10.6,21.0,0,0,41.0,0,0,14,3
2025,15,hamilton,Lewis Hamilton,ferrari,Ferrari,7.0,7,12.0,4.921383647798742,4.116352201257862,6.6,8.4,95.0,0,0,237.0,0,5,318,20
2025,15,hulkenberg,Nico Hülkenberg,sauber,Sauber,17.0,17,13.0,11.918032786885245,10.975308641975309,9.0,17.0,37.0,0,1,51.0,0,1,244,14
2025,15,lawson,Liam Lawson,rb,RB F1 Team,8.0,8,8.0,12.96,13.6,12.0,11.8,20.0,0,0,56.0,0,1,25,12
2025,15,leclerc,Charles Leclerc,ferrari,Ferrari,6.0,6,4.0,7.423312883435583,6.116564417177914,5.8,4.0,142.0,0,5,237.0,0,5,163,19
2025,15,max_verstappen,Max Verstappen,red_bull,Red Bull,3.0,3,9.0,5.614349775784754,4.650224215246637,7.6,4.4,173.0,2,5,177.0,2,5,223,2
2025,15,norris,Lando Norris,mclaren,McLaren,2.0,2,1.0,7.373239436619718,6.830985915492958,4.6,3.0,260.0,5,12,523.0,11,24,142,18
2025,15,ocon,Esteban Ocon,haas,Haas F1 Team,18.0,18,16.0,11.33529411764706,11.8698224852071,12.6,15.2,23.0,0,0,37.0,0,0,170,10
2025,15,piastri,Oscar Piastri,mclaren,McLaren,1.0,1,2.0,6.616666666666666,6.283333333333333,2.2,2.4,263.0,6,12,523.0,11,24,60,1
2025,15,russell,George Russell,mercedes,Mercedes,5.0,5,3.0,9.964788732394366,9.746478873239436,4.8,4.0,162.0,1,6,222.0,1,7,142,4
2025,15,sainz,Carlos Sainz,williams,Williams,9.0,9,14.0,9.518018018018019,8.728506787330316,14.8,15.0,13.0,0,0,77.0,0,0,222,13
2025,15,stroll,Lance Stroll,aston_martin,Aston Martin,20.0,19,7.0,12.43646408839779,14.149171270718233,11.8,15.6,22.0,0,0,52.0,0,0,181,7
2025,15,tsunoda,Yuki Tsunoda,red_bull,Red Bull,12.0,12,17.0,13.538461538461538,12.682692307692308,14.6,12.8,4.0,0,0,195.0,2,6,104,9
2025,16,albon,Alexander Albon,williams,Williams,14.0,14,5.0,11.683333333333334,11.739495798319327,10.2,13.2,64.0,0,0,77.0,0,0,120,7
2025,16,alonso,Fernando Alonso,aston_martin,Aston Martin,9.0,8,8.0,9.225806451612904,9.18705035971223,9.2,10.8,30.0,0,0,58.0,0,0,279,19
2025,16,antonelli,Andrea Kimi Antonelli,mercedes,Mercedes,7.0,6,16.0,11.6,9.333333333333334,15.4,12.0,60.0,0,1,234.0,1,7,15,9
2025,16,bearman,Oliver Bearman,haas,Haas F1 Team,11.0,11,6.0,12.166666666666666,14.88888888888889,11.8,13.0,14.0,0,0,38.0,0,0,18,12
2025,16,bortoleto,Gabriel Bortoleto,sauber,Sauber,8.0,7,15.0,14.466666666666667,14.333333333333334,11.2,11.0,14.0,0,0,51.0,0,1,15,8
2025,16,colapinto,Franco Colapinto,alpine,Alpine F1 Team,18.0,17,11.0,14.555555555555555,16.055555555555557,16.6,16.2,0.0,0,0,19.0,0,0,18,17
2025,16,gasly,Pierre Gasly,alpine,Alpine F1 Team,19.0,20,17.0,11.47337278106509,11.244047619047619,13.0,12.8,19.0,0,0,19.0,0,0,169,16
2025,16,hadjar,Isack Hadjar,rb,RB F1 Team,16.0,19,3.0,11.6,9.533333333333333,12.6,9.6,36.0,0,1,56.0,0,1,15,10
2025,16,hamilton,Lewis Hamilton,ferrari,Ferrari,5.0,10,20.0,4.968652037617555,4.12539184952978,9.4,8.8,95.0,0,0,237.0,0,5,319,6
2025,16,hulkenberg,Nico Hülkenberg,sauber,Sauber,12.0,12,14.0,11.926530612244898,11.0,10.2,17.8,37.0,0,1,55.0,0,1,245,20
2025,16,lawson,Liam Lawson,rb,RB F1 Team,20.0,18,12.0,12.923076923076923,13.384615384615385,10.6,9.6,20.0,0,0,57.0,0,1,26,14
2025,16,leclerc,Charles Leclerc,ferrari,Ferrari,4.0,4,19.0,7.4939024390243905,6.115853658536586,8.6,3.6,142.0,0,5,245.0,0,5,164,4
2025,16,max_verstappen,Max Verstappen,red_bull,Red Bull,1.0,1,2.0,5.598214285714286,4.642857142857143,7.6,4.6,191.0,2,6,197.0,2,6,224,1
2025,16,norris,Lando Norris,mclaren,McLaren,2.0,2,18.0,7.4475524475524475,6.7972027972027975,4.6,2.0,260.0,5,12,548.0,12,25,143,2
2025,16,ocon,Esteban Ocon,haas,Haas F1 Team,15.0,15,10.0,11.32748538011696,11.905882352941177,12.8,15.8,24.0,0,0,38.0,0,0,171,15
2025,16,piastri,Oscar Piastri,mclaren,McLaren,3.0,3,1.0,6.524590163934426,6.19672131147541,1.6,2.0,288.0,7,13,566.0,12,26,61,3
2025,16,russell,George Russell,mercedes,Mercedes,6.0,5,4.0,9.923076923076923,9.713286713286713,5.4,4.8,174.0,1,6,236.0,1,7,143,5
2025,16,sainz,Carlos Sainz,williams,Williams,13.0,13,13.0,9.533632286995516,8.72972972972973,15.4,13.4,13.0,0,0,83.0,0,0,223,11
2025,16,stroll,Lance Stroll,aston_martin,Aston Martin,17.0,16,7.0,12.406593406593407,14.18131868131868,9.8,16.0,28.0,0,0,58.0,0,0,182,18
2025,16,tsunoda,Yuki Tsunoda,red_bull,Red Bull,10.0,9,9.0,13.495238095238095,12.676190476190476,14.0,13.0,6.0,0,0,222.0,3,7,105,13
2025,17,albon,Alexander Albon,williams,Williams,19.0,19,7.0,11.644628099173554,11.758333333333333,8.2,13.6,70.0,0,0,83.0,0,0,121,13
2025,17,alonso,Fernando Alonso,aston_martin,Aston Martin,11.0,11,19.0,9.260714285714286,9.186379928315413,11.6,10.4,30.0,0,0,58.0,0,0,280,15
2025,17,antonelli,Andrea Kimi Antonelli,mercedes,Mercedes,4.0,4,9.0,11.4375,9.1875,13.4,11.6,62.0,0,1,246.0,1,7,16,4
2025,17,bearman,Oliver Bearman,haas,Haas F1 Team,15.0,15,12.0,12.157894736842104,14.68421052631579,12.0,12.2,14.0,0,0,38.0,0,0,19,12
2025,17,bortoleto,Gabriel Bortoleto,sauber,Sauber,13.0,13,8.0,14.0625,13.9375,11.2,11.0,18.0,0,0,55.0,0,1,16,11
2025,17,colapinto,Franco Colapinto,alpine,Alpine F1 Team,16.0,16,17.0,14.68421052631579,16.157894736842106,17.0,17.0,0.0,0,0,19.0,0,0,19,19
2025,17,gasly,Pierre Gasly,alpine,Alpine F1 Team,18.0,18,16.0,11.5,11.289940828402367,13.6,14.6,19.0,0,0,19.0,0,0,170,18
2025,17,hadjar,Isack Hadjar,rb,RB F1 Team,8.0,8,10.0,11.5,9.9375,12.2,10.2,37.0,0,1,57.0,0,1,16,10
2025,17,hamilton,Lewis Hamilton,ferrari,Ferrari,12.0,12,6.0,4.971875,4.128125,9.8,9.0,103.0,0,0,257.0,0,5,320,8
2025,17,hulkenberg,Nico Hülkenberg,sauber,Sauber,17.0,17,20.0,11.959349593495935,11.004081632653062,12.4,16.2,37.0,0,1,55.0,0,1,246,16
2025,17,lawson,Liam Lawson,rb,RB F1 Team,3.0,3,14.0,12.962962962962964,13.62962962962963,12.2,12.4,20.0,0,0,58.0,0,1,27,5
2025,17,leclerc,Charles Leclerc,ferrari,Ferrari,10.0,10,4.0,7.472727272727273,6.1030303030303035,8.8,4.0,154.0,0,5,261.0,0,5,165,9
2025,17,max_verstappen,Max Verstappen,red_bull,Red Bull,1.0,1,1.0,5.5777777777777775,4.626666666666667,4.2,3.4,216.0,3,7,222.0,3,7,225,1
2025,17,norris,Lando Norris,mclaren,McLaren,7.0,7,2.0,7.409722222222222,6.763888888888889,4.8,2.2,278.0,5,13,581.0,12,27,144,7
2025,17,ocon,Esteban Ocon,haas,Haas F1 Team,20.0,20,15.0,11.348837209302326,11.923976608187134,13.8,15.4,24.0,0,0,38.0,0,0,172,14
2025,17,piastri,Oscar Piastri,mclaren,McLaren,9.0,9,3.0,6.467741935483871,6.145161290322581,1.8,2.0,303.0,7,14,587.0,12,27,62,20
2025,17,russell,George Russell,mercedes,Mercedes,5.0,5,5.0,9.88888888888889,9.6875,5.4,5.0,184.0,1,6,258.0,1,7,144,2
2025,17,sainz,Carlos Sainz,williams,Williams,2.0,2,11.0,9.540178571428571,8.748878923766815,13.6,12.2,13.0,0,0,83.0,0,0,224,3
2025,17,stroll,Lance Stroll,aston_martin,Aston Martin,14.0,14,18.0,12.437158469945356,14.19672131147541,10.6,16.2,28.0,0,0,58.0,0,0,183,17
2025,17,tsunoda,Yuki Tsunoda,red_bull,Red Bull,6.0,6,13.0,13.49056603773585,12.650943396226415,13.4,11.4,6.0,0,0,247.0,4,8,106,6
2025,18,albon,Alexander Albon,williams,Williams,19.0,20,13.0,11.655737704918034,11.818181818181818,9.2,14.6,70.0,0,0,98.0,0,1,122,14
2025,18,alonso,Fernando Alonso,aston_martin,Aston Martin,10.0,10,15.0,9.281138790035588,9.192857142857143,12.8,10.8,30.0,0,0,58.0,0,0,281,7
2025,18,antonelli,Andrea Kimi Antonelli,mercedes,Mercedes,4.0,4,4.0,11.0,8.882352941176471,11.0,11.0,74.0,0,1,276.0,1,8,17,5
2025,18,bearman,Oliver Bearman,haas,Haas F1 Team,9.0,9,12.0,12.15,14.7,12.2,13.6,14.0,0,0,38.0,0,0,20,9
2025,18,bortoleto,Gabriel Bortoleto,sauber,Sauber,14.0,14,11.0,13.882352941176471,13.882352941176471,9.8,10.2,18.0,0,0,55.0,0,1,17,17
2025,18,colapinto,Franco Colapinto,alpine,Alpine F1 Team,16.0,16,19.0,14.9,16.15,16.8,16.2,0.0,0,0,19.0,0,0,20,16
2025,18,gasly,Pierre Gasly,alpine,Alpine F1 Team,18.0,19,18.0,11.538011695906432,11.329411764705883,16.0,16.2,19.0,0,0,19.0,0,0,171,19
2025,18,hadjar,Isack Hadjar,rb,RB F1 Team,8.0,8,10.0,11.411764705882353,9.823529411764707,10.8,9.2,38.0,0,1,68.0,0,1,17,11
2025,18,hamilton,Lewis Hamilton,ferrari,Ferrari,6.0,6,8.0,4.981308411214953,4.1526479750778815,10.6,10.4,107.0,0,0,263.0,0,5,321,8
2025,18,hulkenberg,Nico Hülkenberg,sauber,Sauber,11.0,11,16.0,11.975708502024291,11.028455284552846,15.0,15.8,37.0,0,1,55.0,0,1,247,20
2025,18,lawson,Liam Lawson,rb,RB F1 Team,12.0,12,5.0,12.678571428571429,13.25,9.4,9.8,30.0,0,0,68.0,0,1,28,15
2025,18,leclerc,Charles Leclerc,ferrari,Ferrari,7.0,7,9.0,7.481927710843373,6.126506024096385,7.8,4.8,156.0,0,5,267.0,0,5,166,6
2025,18,max_verstappen,Max Verstappen,red_bull,Red Bull,2.0,2,1.0,5.557522123893805,4.610619469026549,3.4,3.4,241.0,4,8,255.0,4,8,226,2
2025,18,norris,Lando Norris,mclaren,McLaren,5.0,5,7.0,7.406896551724138,6.76551724137931,6.0,3.0,284.0,5,13,587.0,12,27,145,3
2025,18,ocon,Esteban Ocon,haas,Haas F1 Team,17.0,17,14.0,11.364161849710984,11.970930232558139,14.0,16.4,24.0,0,0,40.0,0,0,173,18
2025,18,piastri,Oscar Piastri,mclaren,McLaren,3.0,3,20.0,6.682539682539683,6.190476190476191,5.4,3.4,303.0,7,14,602.0,12,28,63,4
2025,18,russell,George Russell,mercedes,Mercedes,1.0,1,2.0,9.83448275862069,9.655172413793103,3.8,5.2,202.0,1,7,286.0,1,8,145,1
2025,18,sainz,Carlos Sainz,williams,Williams,20.0,18,3.0,9.511111111111111,8.71875,11.8,10.4,28.0,0,1,98.0,0,1,225,10
2025,18,stroll,Lance Stroll,aston_martin,Aston Martin,15.0,15,17.0,12.46195652173913,14.195652173913043,12.6,15.4,28.0,0,0,64.0,0,0,184,13
2025,18,tsunoda,Yuki Tsunoda,red_bull,Red Bull,13.0,13,6.0,13.42056074766355,12.588785046728972,11.6,10.2,14.0,0,0,273.0,4,9,107,12
2025,19,albon,Alexander Albon,williams,Williams,19.0,18,14.0,11.674796747967479,11.87704918032787,10.8,17.4,70.0,0,0,99.0,0,1,123,14
2025,19,alonso,Fernando Alonso,aston_martin,Aston Martin,10.0,10,7.0,9.27304964539007,9.195729537366548,10.8,9.0,36.0,0,0,64.0,0,0,282,10
2025,19,antonelli,Andrea Kimi Antonelli,mercedes,Mercedes,7.0,7,5.0,10.666666666666666,8.61111111111111,8.8,8.2,84.0,0,1,311.0,2,9,18,13
2025,19,bearman,Oliver Bearman,haas,Haas F1 Team,8.0,8,9.0,12.0,14.428571428571429,11.8,13.0,16.0,0,0,40.0,0,0,21,9
2025,19,bortoleto,Gabriel Bortoleto,sauber,Sauber,16.0,16,17.0,14.055555555555555,13.88888888888889,11.4,11.0,18.0,0,0,55.0,0,1,18,18
2025,19,colapinto,Franco Colapinto,alpine,Alpine F1 Team,15.0,15,16.0,14.952380952380953,16.142857142857142,16.2,16.0,0.0,0,0,19.0,0,0,21,17
2025,19,gasly,Pierre Gasly,alpine,Alpine F1 Team,14.0,14,19.0,11.581395348837209,11.368421052631579,17.8,17.2,19.0,0,0,19.0,0,0,172,19
2025,19,hadjar,Isack Hadjar,rb,RB F1 Team,20.0,20,11.0,11.38888888888889,9.722222222222221,9.0,9.2,38.0,0,1,68.0,0,1,18,16
2025,19,hamilton,Lewis Hamilton,ferrari,Ferrari,5.0,5,8.0,4.990683229813665,4.158385093167702,10.8,8.4,111.0,0,0,275.0,0,5,322,4
2025,19,hulkenberg,Nico Hülkenberg,sauber,Sauber,11.0,11,20.0,12.008064516129032,11.02834008097166,16.6,15.2,37.0,0,1,55.0,0,1,248,8
2025,19,lawson,Liam Lawson,rb,RB F1 Team,12.0,12,15.0,12.758620689655173,13.206896551724139,10.8,10.4,30.0,0,0,68.0,0,1,29,11
2025,19,leclerc,Charles Leclerc,ferrari,Ferrari,3.0,3,6.0,7.473053892215569,6.131736526946108,8.4,5.6,164.0,0,5,287.0,0,5,167,3
2025,19,max_verstappen,Max Verstappen,red_bull,Red Bull,1.0,1,2.0,5.541850220264317,4.599118942731278,3.0,3.0,259.0,4,9,273.0,4,9,227,1
2025,19,norris,Lando Norris,mclaren,McLaren,2.0,2,3.0,7.376712328767123,6.7534246575342465,6.2,3.8,299.0,5,14,614.0,12,28,146,2
2025,19,ocon,Esteban Ocon,haas,Haas F1 Team,17.0,17,18.0,11.402298850574713,12.0,14.6,17.6,24.0,0,0,42.0,0,0,174,15
2025,19,piastri,Oscar Piastri,mclaren,McLaren,6.0,6,4.0,6.640625,6.140625,6.0,3.6,315.0,7,14,632.0,12,29,64,5
2025,19,russell,George Russell,mercedes,Mercedes,4.0,4,1.0,9.773972602739725,9.595890410958905,3.0,4.2,227.0,2,8,311.0,2,9,146,6
2025,19,sainz,Carlos Sainz,williams,Williams,9.0,9,10.0,9.513274336283185,8.768888888888888,10.2,11.4,29.0,0,1,99.0,0,1,226,20
2025,19,stroll,Lance Stroll,aston_martin,Aston Martin,18.0,19,13.0,12.464864864864865,14.2,12.4,14.4,28.0,0,0,65.0,0,0,185,12
2025,19,tsunoda,Yuki Tsunoda,red_bull,Red Bull,13.0,13,12.0,13.407407407407407,12.592592592592593,11.4,11.4,14.0,0,0,298.0,5,10,108,7
2025,20,albon,Alexander Albon,williams,Williams,17.0,17,14.0,11.693548387096774,11.934959349593496,10.6,17.2,70.0,0,0,99.0,0,1,124,12
2025,20,alonso,Fernando Alonso,aston_martin,Aston Martin,14.0,14,10.0,9.275618374558304,9.198581560283689,11.8,10.0,37.0,0,0,65.0,0,0,283,18
2025,20,antonelli,Andrea Kimi Antonelli,mercedes,Mercedes,6.0,6,13.0,10.789473684210526,8.526315789473685,9.4,6.6,84.0,0,1,319.0,2,9,19,6
2025,20,bearman,Oliver Bearman,haas,Haas F1 Team,10.0,9,9.0,11.863636363636363,14.136363636363637,9.6,12.4,18.0,0,0,42.0,0,0,22,4
2025,20,bortoleto,Gabriel Bortoleto,sauber,Sauber,16.0,16,18.0,14.263157894736842,14.0,13.8,12.8,18.0,0,0,59.0,0,1,19,10
2025,20,colapinto,Franco Colapinto,alpine,Alpine F1 Team,20.0,20,17.0,15.045454545454545,16.09090909090909,16.0,16.2,0.0,0,0,19.0,0,0,22,16
2025,20,gasly,Pierre Gasly,alpine,Alpine F1 Team,18.0,18,19.0,11.624277456647398,11.383720930232558,17.8,16.6,19.0,0,0,19.0,0,0,173,15
2025,20,hadjar,Isack Hadjar,rb,RB F1 Team,9.0,8,16.0,11.631578947368421,10.263157894736842,10.0,11.2,38.0,0,1,68.0,0,1,19,13
2025,20,hamilton,Lewis Hamilton,ferrari,Ferrari,3.0,3,4.0,4.987616099071207,4.1609907120743035,9.2,7.0,123.0,0,0,302.0,0,6,323,8
2025,20,hulkenberg,Nico Hülkenberg,sauber,Sauber,13.0,13,8.0,11.991967871485944,11.028225806451612,15.6,13.6,41.0,0,1,60.0,0,1,249,19
2025,20,lawson,Liam Lawson,rb,RB F1 Team,15.0,15,11.0,12.7,13.166666666666666,11.4,11.0,30.0,0,0,68.0,0,1,30,20
2025,20,leclerc,Charles Leclerc,ferrari,Ferrari,2.0,2,3.0,7.446428571428571,6.113095238095238,8.2,6.0,179.0,0,6,306.0,0,6,168,2
2025,20,max_verstappen,Max Verstappen,red_bull,Red Bull,5.0,5,1.0,5.521929824561403,4.583333333333333,1.4,1.6,284.0,5,10,304.0,5,10,228,3
2025,20,norris,Lando Norris,mclaren,McLaren,1.0,1,2.0,7.340136054421769,6.72108843537415,6.4,3.6,317.0,5,15,642.0,12,29,147,1
2025,20,ocon,Esteban Ocon,haas,Haas F1 Team,12.0,11,15.0,11.422857142857143,12.028735632183908,14.4,17.4,24.0,0,0,54.0,0,0,175,9
2025,20,piastri,Oscar Piastri,mclaren,McLaren,8.0,7,5.0,6.615384615384615,6.138461538461539,6.6,4.4,325.0,7,14,667.0,13,30,65,5
2025,20,russell,George Russell,mercedes,Mercedes,4.0,4,6.0,9.748299319727892,9.5578231292517,3.6,4.2,235.0,2,8,327.0,2,9,147,7
2025,20,sainz,Carlos Sainz,williams,Williams,7.0,12,20.0,9.559471365638766,8.769911504424778,11.4,10.6,29.0,0,1,99.0,0,1,227,17
2025,20,stroll,Lance Stroll,aston_martin,Aston Martin,19.0,19,12.0,12.46236559139785,14.220430107526882,13.4,16.8,28.0,0,0,65.0,0,0,186,14
2025,20,tsunoda,Yuki Tsunoda,red_bull,Red Bull,11.0,10,7.0,13.34862385321101,12.596330275229358,9.4,10.8,20.0,0,0,319.0,5,11,109,11
2025,21,albon,Alexander Albon,williams,Williams,12.0,12,12.0,11.696,11.975806451612904,12.0,17.6,70.0,0,0,99.0,0,1,125,11
2025,21,alonso,Fernando Alonso,aston_martin,Aston Martin,11.0,11,18.0,9.306338028169014,9.215547703180212,13.8,10.8,37.0,0,0,65.0,0,0,284,14
2025,21,antonelli,Andrea Kimi Antonelli,mercedes,Mercedes,2.0,2,6.0,10.55,8.4,7.4,5.6,92.0,0,1,333.0,2,9,20,2
2025,21,bearman,Oliver Bearman,haas,Haas F1 Team,8.0,8,4.0,11.521739130434783,13.956521739130435,9.2,10.6,30.0,0,0,56.0,0,0,23,6
2025,21,bortoleto,Gabriel Bortoleto,sauber,Sauber,,18,10.0,14.05,14.1,12.8,13.4,19.0,0,0,60.0,0,1,20,20
2025,21,colapinto,Franco Colapinto,alpine,Alpine F1 Team,18.0,16,16.0,15.08695652173913,16.26086956521739,17.0,17.0,0.0,0,0,19.0,0,0,23,15
2025,21,gasly,Pierre Gasly,alpine,Alpine F1 Team,9.0,9,15.0,11.64367816091954,11.421965317919074,17.4,17.4,19.0,0,0,19.0,0,0,174,10
2025,21,hadjar,Isack Hadjar,rb,RB F1 Team,5.0,5,13.0,11.7,10.2,12.0,12.2,38.0,0,1,68.0,0,1,20,8
2025,21,hamilton,Lewis Hamilton,ferrari,Ferrari,13.0,13,8.0,4.996913580246914,4.157407407407407,6.8,6.2,127.0,0,0,324.0,0,7,324,18
2025,21,hulkenberg,Nico Hülkenberg,sauber,Sauber,10.0,10,19.0,12.02,11.036144578313253,16.6,12.8,41.0,0,1,60.0,0,1,250,9
2025,21,lawson,Liam Lawson,rb,RB F1 Team,7.0,7,20.0,12.935483870967742,13.225806451612904,13.0,12.4,30.0,0,0,72.0,0,1,31,7
2025,21,leclerc,Charles Leclerc,ferrari,Ferrari,3.0,3,2.0,7.414201183431953,6.088757396449704,4.8,5.2,197.0,0,7,324.0,0,7,169,19
2025,21,max_verstappen,Max Verstappen,red_bull,Red Bull,16.0,19,3.0,5.510917030567685,4.585152838427947,1.6,2.0,299.0,5,11,319.0,5,11,229,3
2025,21,norris,Lando Norris,mclaren,McLaren,1.0,1,1.0,7.297297297297297,6.6824324324324325,3.0,3.4,342.0,6,16,677.0,13,30,148,1
2025,21,ocon,Esteban Ocon,haas,Haas F1 Team,17.0,20,9.0,11.409090909090908,12.028571428571428,14.2,16.2,26.0,0,0,64.0,0,0,176,12
2025,21,piastri,Oscar Piastri,mclaren,McLaren,4.0,4,5.0,6.590909090909091,6.166666666666667,7.4,5.8,335.0,7,14,702.0,14,31,66,5
2025,21,russell,George Russell,mercedes,Mercedes,6.0,6,7.0,9.72972972972973,9.52027027027027,4.2,4.0,241.0,2,8,351.0,2,10,148,4
2025,21,sainz,Carlos Sainz,williams,Williams,15.0,15,17.0,9.592105263157896,8.762114537444933,12.2,10.2,29.0,0,1,99.0,0,1,228,13
2025,21,stroll,Lance Stroll,aston_martin,Aston Martin,14.0,14,14.0,12.470588235294118,14.245989304812834,14.8,16.6,28.0,0,0,65.0,0,0,187,16
2025,21,tsunoda,Yuki Tsunoda,red_bull,Red Bull,19.0,17,11.0,13.327272727272728,12.581818181818182,9.8,10.6,20.0,0,0,334.0,5,12,110,17
2025,22,albon,Alexander Albon,williams,Williams,16.0,16,11.0,11.69047619047619,11.976,12.8,17.2,70.0,0,0,99.0,0,1,126,16
2025,22,alonso,Fernando Alonso,aston_martin,Aston Martin,7.0,7,14.0,9.322807017543859,9.221830985915492,12.8,11.2,37.0,0,0,65.0,0,0,285,11
2025,22,antonelli,Andrea Kimi Antonelli,mercedes,Mercedes,17.0,17,2.0,10.142857142857142,8.095238095238095,6.0,4.6,110.0,0,2,363.0,2,10,21,3
2025,22,bearman,Oliver Bearman,haas,Haas F1 Team,14.0,14,6.0,11.291666666666666,13.708333333333334,8.0,10.0,38.0,0,0,64.0,0,0,24,10
2025,22,bortoleto,Gabriel Bortoleto,sauber,Sauber,18.0,18,20.0,14.333333333333334,14.1,15.2,14.75,19.0,0,0,62.0,0,1,21,17
2025,22,colapinto,Franco Colapinto,alpine,Alpine F1 Team,15.0,15,15.0,15.083333333333334,16.333333333333332,16.6,17.0,0.0,0,0,20.0,0,0,24,15
2025,22,gasly,Pierre Gasly,alpine,Alpine F1 Team,10.0,10,10.0,11.634285714285713,11.408045977011493,16.2,15.4,20.0,0,0,20.0,0,0,175,13
2025,22,hadjar,Isack Hadjar,rb,RB F1 Team,8.0,8,8.0,11.523809523809524,9.952380952380953,11.6,10.0,42.0,0,1,78.0,0,1,21,6
2025,22,hamilton,Lewis Hamilton,ferrari,Ferrari,20.0,19,18.0,5.036923076923077,4.184615384615385,9.2,7.8,127.0,0,0,324.0,0,7,325,8
2025,22,hulkenberg,Nico Hülkenberg,sauber,Sauber,11.0,11,9.0,12.00796812749004,11.032,14.4,12.4,43.0,0,1,62.0,0,1,251,7
2025,22,lawson,Liam Lawson,rb,RB F1 Team,6.0,6,7.0,12.75,13.03125,11.6,9.8,36.0,0,0,86.0,0,1,32,14
2025,22,leclerc,Charles Leclerc,ferrari,Ferrari,9.0,9,19.0,7.482352941176471,6.070588235294117,7.8,5.0,197.0,0,7,328.0,0,7,170,4
2025,22,max_verstappen,Max Verstappen,red_bull,Red Bull,2.0,2,3.0,5.5,4.6347826086956525,2.0,5.0,314.0,5,12,334.0,5,12,230,1
2025,22,norris,Lando Norris,mclaren,McLaren,1.0,1,1.0,7.25503355704698,6.644295302013423,2.8,3.2,367.0,7,17,712.0,14,31,149,19
2025,22,ocon,Esteban Ocon,haas,Haas F1 Team,13.0,13,12.0,11.412429378531073,12.056818181818182,13.6,16.6,26.0,0,0,65.0,0,0,177,9
2025,22,piastri,Oscar Piastri,mclaren,McLaren,5.0,5,5.0,6.567164179104478,6.134328358208955,7.8,6.0,345.0,7,14,712.0,14,31,67,20
2025,22,russell,George Russell,mercedes,Mercedes,4.0,4,4.0,9.691275167785236,9.496644295302014,4.0,4.0,253.0,2,8,378.0,2,11,149,2
2025,22,sainz,Carlos Sainz,williams,Williams,3.0,3,13.0,9.606986899563319,8.789473684210526,12.6,10.6,29.0,0,1,99.0,0,1,229,5
2025,22,stroll,Lance Stroll,aston_martin,Aston Martin,12.0,12,16.0,12.48936170212766,14.24468085106383,14.4,16.0,28.0,0,0,65.0,0,0,188,18
2025,22,tsunoda,Yuki Tsunoda,red_bull,Red Bull,19.0,20,17.0,13.36036036036036,12.63963963963964,10.6,12.4,20.0,0,0,359.0,6,13,111,12
2025,23,albon,Alexander Albon,williams,Williams,15.0,14,16.0,11.724409448818898,12.007936507936508,13.4,16.6,70.0,0,0,109.0,0,1,127,11
2025,23,alonso,Fernando Alonso,aston_martin,Aston Martin,8.0,8,11.0,9.328671328671328,9.214035087719298,12.0,10.4,37.0,0,0,65.0,0,0,286,7
2025,23,antonelli,Andrea Kimi Antonelli,mercedes,Mercedes,5.0,5,3.0,9.818181818181818,8.5,5.8,7.2,125.0,0,3,396.0,2,12,22,5
2025,23,bearman,Oliver Bearman,haas,Haas F1 Team,13.0,13,10.0,11.24,13.72,7.6,9.8,39.0,0,0,67.0,0,0,25,19
2025,23,bortoleto,Gabriel Bortoleto,sauber,Sauber,14.0,19,17.0,14.454545454545455,14.285714285714286,16.4,16.0,19.0,0,0,68.0,0,1,22,13
2025,23,colapinto,Franco Colapinto,alpine,Alpine F1 Team,20.0,20,15.0,15.08,16.28,15.8,16.8,0.0,0,0,20.0,0,0,25,14
2025,23,gasly,Pierre Gasly,alpine,Alpine F1 Team,9.0,9,13.0,11.642045454545455,11.4,15.2,13.8,20.0,0,0,20.0,0,0,176,16
2025,23,hadjar,Isack Hadjar,rb,RB F1 Team,6.0,6,6.0,11.272727272727273,9.863636363636363,10.8,10.0,50.0,0,1,86.0,0,1,22,18
2025,23,hamilton,Lewis Hamilton,ferrari,Ferrari,18.0,17,8.0,5.04601226993865,4.233128834355829,9.2,9.4,131.0,0,0,340.0,0,7,326,12
2025,23,hulkenberg,Nico Hülkenberg,sauber,Sauber,11.0,11,7.0,11.988095238095237,11.03187250996016,12.6,11.2,49.0,0,1,68.0,0,1,252,20
2025,23,lawson,Liam Lawson,rb,RB F1 Team,12.0,12,14.0,12.787878787878787,12.818181818181818,13.4,10.4,36.0,0,0,86.0,0,1,33,9
2025,23,leclerc,Charles Leclerc,ferrari,Ferrari,10.0,10,4.0,7.461988304093567,6.087719298245614,6.8,4.8,209.0,0,7,340.0,0,7,171,8
2025,23,max_verstappen,Max Verstappen,red_bull,Red Bull,3.0,3,1.0,5.48051948051948,4.623376623376624,2.0,5.2,339.0,6,13,359.0,6,13,231,1
2025,23,norris,Lando Norris,mclaren,McLaren,2.0,2,19.0,7.333333333333333,6.6066666666666665,5.2,2.0,367.0,7,17,712.0,14,31,150,4
2025,23,ocon,Esteban Ocon,haas,Haas F1 Team,17.0,16,9.0,11.398876404494382,12.062146892655367,12.6,15.2,28.0,0,0,67.0,0,0,178,15
2025,23,piastri,Oscar Piastri,mclaren,McLaren,1.0,1,20.0,6.764705882352941,6.117647058823529,7.8,5.2,345.0,7,14,724.0,14,31,68,2
2025,23,russell,George Russell,mercedes,Mercedes,4.0,4,2.0,9.64,9.46,4.0,3.8,271.0,2,9,406.0,2,12,150,6
2025,23,sainz,Carlos Sainz,williams,Williams,7.0,7,5.0,9.58695652173913,8.764192139737991,13.0,10.8,39.0,0,1,109.0,0,1,230,3
2025,23,stroll,Lance Stroll,aston_martin,Aston Martin,19.0,18,18.0,12.518518518518519,14.232804232804233,14.6,15.6,28.0,0,0,71.0,0,0,189,17
2025,23,tsunoda,Yuki Tsunoda,red_bull,Red Bull,16.0,15,12.0,13.348214285714286,12.696428571428571,11.8,15.0,20.0,0,0,384.0,7,14,112,10
2025,24,albon,Alexander Albon,williams,Williams,17.0,17,11.0,11.71875,12.031496062992126,12.8,15.8,70.0,0,0,124.0,0,2,128,16
2025,24,alonso,Fernando Alonso,aston_martin,Aston Martin,6.0,6,7.0,9.320557491289199,9.20979020979021,12.0,10.0,43.0,0,0,71.0,0,0,287,6
2025,24,antonelli,Andrea Kimi Antonelli,mercedes,Mercedes,14.0,14,5.0,9.608695652173912,8.347826086956522,5.8,7.4,135.0,0,3,414.0,2,12,23,15
2025,24,bearman,Oliver Bearman,haas,Haas F1 Team,11.0,11,19.0,11.538461538461538,13.692307692307692,9.6,10.6,39.0,0,0,67.0,0,0,26,12
2025,24,bortoleto,Gabriel Bortoleto,sauber,Sauber,7.0,7,13.0,14.391304347826088,14.272727272727273,15.6,16.0,19.0,0,0,68.0,0,1,23,11
2025,24,colapinto,Franco Colapinto,alpine,Alpine F1 Team,20.0,20,14.0,15.038461538461538,16.423076923076923,15.4,17.6,0.0,0,0,20.0,0,0,26,20
2025,24,gasly,Pierre Gasly,alpine,Alpine F1 Team,19.0,19,16.0,11.666666666666666,11.386363636363637,14.6,12.0,20.0,0,0,20.0,0,0,177,19
2025,24,hadjar,Isack Hadjar,rb,RB F1 Team,9.0,9,18.0,11.565217391304348,9.695652173913043,12.2,9.6,50.0,0,1,88.0,0,1,23,17
2025,24,hamilton,Lewis Hamilton,ferrari,Ferrari,16.0,16,12.0,5.0672782874617734,4.275229357798165,10.0,11.8,131.0,0,0,344.0,0,7,327,8
2025,24,hulkenberg,Nico Hülkenberg,sauber,Sauber,18.0,18,20.0,12.019762845849803,11.031746031746032,12.6,11.2,49.0,0,1,68.0,0,1,253,9
2025,24,lawson,Liam Lawson,rb,RB F1 Team,13.0,13,9.0,12.676470588235293,12.794117647058824,12.2,10.4,38.0,0,0,88.0,0,1,34,18
2025,24,leclerc,Charles Leclerc,ferrari,Ferrari,5.0,5,8.0,7.465116279069767,6.1104651162790695,7.2,5.4,213.0,0,7,348.0,0,7,172,4
2025,24,max_verstappen,Max Verstappen,red_bull,Red Bull,1.0,1,1.0,5.461206896551724,4.616379310344827,1.8,5.4,364.0,7,14,385.0,7,14,232,1
2025,24,norris,Lando Norris,mclaren,McLaren,2.0,2,4.0,7.311258278145695,6.576158940397351,5.4,1.4,379.0,7,17,742.0,14,32,151,3
2025,24,ocon,Esteban Ocon,haas,Haas F1 Team,8.0,8,15.0,11.418994413407821,12.089887640449438,12.0,15.2,28.0,0,0,67.0,0,0,179,7
2025,24,piastri,Oscar Piastri,mclaren,McLaren,3.0,3,2.0,6.695652173913044,6.043478260869565,7.4,4.8,363.0,7,15,757.0,14,33,69,2
2025,24,russell,George Russell,mercedes,Mercedes,4.0,4,6.0,9.6158940397351,9.42384105960265,5.0,4.4,279.0,2,9,414.0,2,12,151,5
2025,24,sainz,Carlos Sainz,williams,Williams,12.0,12,3.0,9.558441558441558,8.756521739130434,11.6,8.2,54.0,0,2,124.0,0,2,231,13
2025,24,stroll,Lance Stroll,aston_martin,Aston Martin,15.0,15,17.0,12.542105263157895,14.257894736842106,15.4,16.4,28.0,0,0,79.0,0,0,190,10
2025,24,tsunoda,Yuki Tsunoda,red_bull,Red Bull,10.0,10,10.0,13.31858407079646,12.725663716814159,11.4,15.6,21.0,0,0,410.0,8,15,113,14
